wsi_name,sample_id,subject_id,n_clusters,total_cluster_area_mm2,wsi_til_area_total_um2,wsi_til_area_total_mm2,wsi_til_area_intratumoral_um2,wsi_til_fraction_intratumoral,wsi_til_area_extratumoral_um2,wsi_til_contact_area_um2,wsi_til_contact_fraction,wsi_til_pct_within_50um,wsi_til_pct_within_100um,wsi_til_pct_within_200um,wsi_til_extratumoral_distance_aw_median_um,wsi_dominant_immune_phenotype,contact_tolerance_um_used,proximity_thresholds_um,source_file,tcga_case_id,vital_status,days_to_death,diagnosis_days_to_last_follow_up,followup_days_to_follow_up,OS_event,OS_days,OS_months,OS_years,survival_match
TCGA-3C-AALJ-01Z-00-DX1.777C0957-255A-42F0-9EEB-A3606BCF0C96,TCGA-3C-AALJ-01,TCGA-3C-AALJ,18,195.0013811161989,1268977.5277640973,1.2689775277640973,4093.9375,0.0032261702121813003,1264883.5902640973,27609.923790228404,0.021757614446393164,43.53138532107659,66.21878081287176,96.80454704950759,47.35537192336261,margin-localized,5.0,50;100;200,/data1/deasy/Himangi/breast_feature_extraction/Ductal_outputs/TCGA-3C-AALJ-01/TCGA-3C-AALJ-01Z-00-DX1.777C0957-255A-42F0-9EEB-A3606BCF0C96__immune_proximity_wsi_summary.csv,TCGA-3C-AALJ,Alive,,,1474.0,0.0,,,,matched
TCGA-3C-AALJ-01Z-00-DX2.62DFE56B-B84C-40F9-9625-FCB55767B70D,TCGA-3C-AALJ-01,TCGA-3C-AALJ,11,207.48244898180326,1072915.8247617395,1.0729158247617394,68046.28125,0.06342182646538085,1004869.5435117395,41681.56097386841,0.038848864013283205,67.0958326867592,89.52072736189703,98.93683559783203,25.619587843093807,margin-localized,5.0,50;100;200,/data1/deasy/Himangi/breast_feature_extraction/Ductal_outputs/TCGA-3C-AALJ-01/TCGA-3C-AALJ-01Z-00-DX2.62DFE56B-B84C-40F9-9625-FCB55767B70D__immune_proximity_wsi_summary.csv,TCGA-3C-AALJ,Alive,,,1474.0,0.0,,,,matched
TCGA-3C-AALK-01Z-00-DX1.4E6EB156-BB19-410F-878F-FC0EA7BD0B53,TCGA-3C-AALK-01,TCGA-3C-AALK,12,86.93922085652963,1632459.7460687342,1.6324597460687342,11637.0625,0.007128544840400632,1620822.6835687344,11053.59375,0.006771127910883625,32.82009394675982,83.2155975891655,98.465353002147,73.81408762052133,peritumoral,5.0,50;100;200,/data1/deasy/Himangi/breast_feature_extraction/Ductal_outputs/TCGA-3C-AALK-01/immune_proximity_wsi_summary.csv,TCGA-3C-AALK,Alive,,,1448.0,0.0,,,,matched
TCGA-A1-A0SD-01Z-00-DX1.DB17BFA9-D951-42A8-91D2-F4C2EBC6EB9F,TCGA-A1-A0SD-01,TCGA-A1-A0SD,4,32.01889933550009,224958.58105774247,0.22495858105774247,6957.25,0.03092680424675247,218001.33105774247,4931.28125,0.021920840835736942,25.944873263144736,58.80554377059016,95.94948840053407,82.44865826682688,peritumoral,5.0,50;100;200,/data1/deasy/Himangi/breast_feature_extraction/Ductal_outputs/TCGA-A1-A0SD-01/immune_proximity_wsi_summary.csv,TCGA-A1-A0SD,Alive,,,437.0,0.0,,,,matched
TCGA-A1-A0SF-01Z-00-DX1.7F252D89-EA78-419F-A969-1B7313D77499,TCGA-A1-A0SF-01,TCGA-A1-A0SF,9,39.87387025271544,1662597.8192786842,1.662597819278684,1662.3125,0.0009998283894785763,1660935.5067786842,227237.6043424692,0.13667623144186242,69.38970707487243,92.40943683179746,97.42608001744125,20.55604001869037,margin-localized,5.0,50;100;200,/data1/deasy/Himangi/breast_feature_extraction/Ductal_outputs/TCGA-A1-A0SF-01/immune_proximity_wsi_summary.csv,TCGA-A1-A0SF,Alive,,,1463.0,0.0,,,,matched
TCGA-A1-A0SH-01Z-00-DX1.90E71B08-E1D9-4FC2-85AC-062E56DDF17C,TCGA-A1-A0SH-01,TCGA-A1-A0SH,1,61.172215000576024,335626.223851774,0.335626223851774,21669.40625,0.0645641034878433,313956.81760177395,44406.272562463884,0.132308709530622,59.34166041052818,77.54696319952473,98.19036801445536,40.1374591248624,margin-localized,5.0,50;100;200,/data1/deasy/Himangi/breast_feature_extraction/Ductal_outputs/TCGA-A1-A0SH-01/immune_proximity_wsi_summary.csv,TCGA-A1-A0SH,Alive,,,1437.0,0.0,,,,matched
TCGA-A1-A0SI-01Z-00-DX1.AB717348-F964-4F29-BBE2-972B7C640432,TCGA-A1-A0SI-01,TCGA-A1-A0SI,4,55.77395161302858,5077723.912915836,5.077723912915836,880281.1656635521,0.17336136835333743,4197442.747252285,224841.31509466603,0.044279940963854604,60.1189397707647,85.13576003156146,99.22526783195525,30.10658150637498,margin-localized,5.0,50;100;200,/data1/deasy/Himangi/breast_feature_extraction/Ductal_outputs/TCGA-A1-A0SI-01/immune_proximity_wsi_summary.csv,TCGA-A1-A0SI,Alive,,,635.0,0.0,,,,matched
TCGA-A1-A0SJ-01Z-00-DX1.C196FA66-C376-4016-86BC-3D8E745B3A51,TCGA-A1-A0SJ-01,TCGA-A1-A0SJ,7,77.91749824011283,989591.0612389739,0.9895910612389739,147215.25,0.1487637224771267,842375.8112389739,175773.85346088963,0.17762271744938735,56.80556756843591,78.42611241571564,95.7321696152927,47.18464395330328,margin-localized,5.0,50;100;200,/data1/deasy/Himangi/breast_feature_extraction/Ductal_outputs/TCGA-A1-A0SJ-01/immune_proximity_wsi_summary.csv,TCGA-A1-A0SJ,Alive,,,416.0,0.0,,,,matched
TCGA-A2-A04N-01Z-00-DX1.9E9B7DB0-1CF1-4631-8292-A9DBCA0BD37C,TCGA-A2-A04N-01,TCGA-A2-A04N,4,81.34572077543865,94464.56507581414,0.09446456507581415,1008.1875,0.010672652747523497,93456.37757581414,18092.479586275214,0.19152662770166556,81.42689328121563,98.89608712390405,99.96906908958238,10.87517959621817,margin-localized,5.0,50;100;200,/data1/deasy/Himangi/breast_feature_extraction/Ductal_outputs/TCGA-A2-A04N-01/immune_proximity_wsi_summary.csv,TCGA-A2-A04N,Alive,,,4354.0,0.0,,,,matched
TCGA-A2-A04P-01Z-00-DX1.5B481E02-D269-4732-8FDD-6494E6EE2B71,TCGA-A2-A04P-01,TCGA-A2-A04P,6,59.09802244982207,9129689.490499726,9.129689490499725,418476.59140418144,0.04583689202569753,8711212.899095543,580350.2583196261,0.06356735997686816,58.79051804204429,80.94384784533729,99.52877059189407,34.52557928550946,margin-localized,5.0,50;100;200,/data1/deasy/Himangi/breast_feature_extraction/Ductal_outputs/TCGA-A2-A04P-01/immune_proximity_wsi_summary.csv,TCGA-A2-A04P,Dead,548.0,,548.0,1.0,548.0,18.0041067761807,1.5003422313483916,matched
TCGA-A2-A04Q-01Z-00-DX1.DF7ED6B6-7701-486D-9007-F26B6F0682C4,TCGA-A2-A04Q-01,TCGA-A2-A04Q,7,15.70168535738569,1680360.2835777544,1.6803602835777545,14776.78125,0.008793817251225364,1665583.5023277542,26694.51804047366,0.015886187207208198,43.302959979435265,85.57564361224028,97.06969069225833,78.78860660812578,peritumoral,5.0,50;100;200,/data1/deasy/Himangi/breast_feature_extraction/Ductal_outputs/TCGA-A2-A04Q-01/immune_proximity_wsi_summary.csv,TCGA-A2-A04Q,Alive,,,2385.0,0.0,,,,matched
TCGA-A2-A04T-01Z-00-DX1.71444266-BD56-4183-9603-C7AC20C9DA1E,TCGA-A2-A04T-01,TCGA-A2-A04T,5,47.29463406250689,6965718.371143215,6.965718371143216,630015.2238208805,0.09044511854381536,6335703.147322335,363675.22382088046,0.052209291912729744,58.66167098020224,75.43608774725358,93.62050800064668,45.783197130419516,margin-localized,5.0,50;100;200,/data1/deasy/Himangi/breast_feature_extraction/Ductal_outputs/TCGA-A2-A04T-01/immune_proximity_wsi_summary.csv,TCGA-A2-A04T,Alive,,,2246.0,0.0,,,,matched
TCGA-A2-A04U-01Z-00-DX1.06D17357-46A8-4DC3-A22B-2F4EB6EE3F79,TCGA-A2-A04U-01,TCGA-A2-A04U,5,103.666658020741,1403472.7833390506,1.4034727833390506,366597.625,0.2612075056616452,1036875.1583390508,178283.875,0.12703051823765238,63.00822258826311,78.90785139765183,89.91568631996006,19.875,immune-penetrated,5.0,50;100;200,/data1/deasy/Himangi/breast_feature_extraction/Ductal_outputs/TCGA-A2-A04U-01/immune_proximity_wsi_summary.csv,TCGA-A2-A04U,Alive,,,2654.0,0.0,,,,matched
TCGA-A2-A04V-01Z-00-DX1.EB430DDB-8FE9-4302-8829-53DBAD09E79F,TCGA-A2-A04V-01,TCGA-A2-A04V,14,208.0057016805857,4495811.074056347,4.495811074056347,967140.8645487536,0.21512044181076997,3528670.209507593,973285.601582221,0.2164872112172796,82.27786677701538,97.03980585190017,99.9649620502067,10.507437841833754,margin-localized,5.0,50;100;200,/data1/deasy/Himangi/breast_feature_extraction/Ductal_outputs/TCGA-A2-A04V-01/immune_proximity_wsi_summary.csv,TCGA-A2-A04V,Dead,1920.0,,1920.0,1.0,1920.0,63.08008213552361,5.256673511293634,matched
TCGA-A2-A04X-01Z-00-DX1.E01A4522-67B3-4FEF-BD6B-99DFED9E7C85,TCGA-A2-A04X-01,TCGA-A2-A04X,8,81.2745244654636,24184821.916920006,24.184821916920008,3285224.913362881,0.1358382924897411,20899597.003557123,2860827.2358737136,0.11829019232398164,80.89270541037544,97.48089404220602,99.89880031734836,21.571556069277896,margin-localized,5.0,50;100;200,/data1/deasy/Himangi/breast_feature_extraction/Ductal_outputs/TCGA-A2-A04X-01/immune_proximity_wsi_summary.csv,TCGA-A2-A04X,Alive,,,1686.0,0.0,,,,matched
TCGA-A2-A0CL-01Z-00-DX1.5342E971-DCD2-42C4-B4FF-E6942A95829E,TCGA-A2-A0CL-01,TCGA-A2-A0CL,11,42.95918529139544,5061272.97827504,5.06127297827504,54888.961332507664,0.010844892494064737,5006384.016942534,253997.08466724603,0.050184427071509614,43.80323629546179,76.09396133421981,97.30160792679273,51.206574590085594,peritumoral,5.0,50;100;200,/data1/deasy/Himangi/breast_feature_extraction/Ductal_outputs/TCGA-A2-A0CL-01/immune_proximity_wsi_summary.csv,TCGA-A2-A0CL,Alive,,,3015.0,0.0,,,,matched
TCGA-A2-A0CM-01Z-00-DX1.AC4901DE-4B6D-4185-BB9F-156033839828,TCGA-A2-A0CM-01,TCGA-A2-A0CM,3,100.77985040911908,1455712.5364852776,1.4557125364852777,159528.0,0.10958757034899891,1296184.5364852776,32352.595944217264,0.02222457740340032,28.94496856942671,83.15627528141123,91.25051572997477,59.74885589908814,peritumoral,5.0,50;100;200,/data1/deasy/Himangi/breast_feature_extraction/Ductal_outputs/TCGA-A2-A0CM-01/immune_proximity_wsi_summary.csv,TCGA-A2-A0CM,Dead,754.0,,754.0,1.0,754.0,24.772073921971252,2.0643394934976045,matched
TCGA-A2-A0CP-01Z-00-DX1.ECFD263C-BB17-4ADA-8F2C-654C2AA4C45F,TCGA-A2-A0CP-01,TCGA-A2-A0CP,6,28.732064349689498,60999.39983176753,0.060999399831767526,205.5625,0.0033699102051319902,60793.83733176753,1677.5,0.02750027057030788,90.84917310686818,93.62416214297038,100.0,36.53978995560867,margin-localized,5.0,50;100;200,/data1/deasy/Himangi/breast_feature_extraction/Ductal_outputs/TCGA-A2-A0CP-01/immune_proximity_wsi_summary.csv,TCGA-A2-A0CP,Alive,,,2813.0,0.0,,,,matched
TCGA-A2-A0CQ-01Z-00-DX1.4E5FB4E5-A08C-4C87-A3BE-0640A95AE649,TCGA-A2-A0CQ-01,TCGA-A2-A0CQ,6,58.19632276250173,353942.44221657875,0.3539424422165788,127449.875,0.3600864428742709,226492.56721657873,78446.65625,0.22163676036907207,69.82272271511842,85.04955599045947,95.88961240169729,10.345590848279281,immune-penetrated,5.0,50;100;200,/data1/deasy/Himangi/breast_feature_extraction/Ductal_outputs/TCGA-A2-A0CQ-01/immune_proximity_wsi_summary.csv,TCGA-A2-A0CQ,Alive,,,2695.0,0.0,,,,matched
TCGA-A2-A0CV-01Z-00-DX1.B02D017A-61CD-45FE-BB31-705CD127DDAB,TCGA-A2-A0CV-01,TCGA-A2-A0CV,18,221.7988884339834,1519757.082211999,1.519757082211999,566261.5625,0.37260004847341066,953495.5197119989,44441.87245658245,0.029242747394799123,30.870936780441166,67.55978225623758,99.78231512860035,56.17967826536567,immune-penetrated,5.0,50;100;200,/data1/deasy/Himangi/breast_feature_extraction/Ductal_outputs/TCGA-A2-A0CV-01/immune_proximity_wsi_summary.csv,TCGA-A2-A0CV,Alive,,,3011.0,0.0,,,,matched
TCGA-A2-A0CW-01Z-00-DX1.8E313A22-B0E8-44CF-ADEA-8BF29BA23FFE,TCGA-A2-A0CW-01,TCGA-A2-A0CW,8,73.43784411813168,1959528.1794006017,1.9595281794006016,11380.21875,0.005807632097172027,1948147.9606506017,16905.95374360608,0.008627563472334154,56.113341283529294,93.00944093307876,99.89923604573684,43.91504582714221,margin-localized,5.0,50;100;200,/data1/deasy/Himangi/breast_feature_extraction/Ductal_outputs/TCGA-A2-A0CW-01/immune_proximity_wsi_summary.csv,TCGA-A2-A0CW,Alive,,,3283.0,0.0,,,,matched
TCGA-A2-A0CZ-01Z-00-DX1.A433A414-4F1B-4F99-8FD9-E64803F5E042,TCGA-A2-A0CZ-01,TCGA-A2-A0CZ,31,87.16388969974791,750460.2584276958,0.7504602584276958,21740.75,0.02896988848623307,728719.5084276958,30569.42300204389,0.04073423297069787,80.74758711639892,97.41599208643144,99.9034932617084,35.90808578857971,margin-localized,5.0,50;100;200,/data1/deasy/Himangi/breast_feature_extraction/Ductal_outputs/TCGA-A2-A0CZ-01/immune_proximity_wsi_summary.csv,TCGA-A2-A0CZ,Alive,,,1616.0,0.0,,,,matched
TCGA-A2-A0D0-01Z-00-DX1.4FF6B8E5-703B-400F-920A-104F56E0F874,TCGA-A2-A0D0-01,TCGA-A2-A0D0,9,33.90625100603904,3441716.8808121923,3.4417168808121925,328007.19624436065,0.09530336387429869,3113709.6845678315,9375.9375,0.0027242035950927556,34.2939274124864,80.7104217428374,98.27982203608171,64.86274571161785,peritumoral,5.0,50;100;200,/data1/deasy/Himangi/breast_feature_extraction/Ductal_outputs/TCGA-A2-A0D0-01/immune_proximity_wsi_summary.csv,TCGA-A2-A0D0,Alive,,,2048.0,0.0,,,,matched
TCGA-A2-A0D3-01Z-00-DX1.D18CE1C0-291D-41C1-8F71-2A0551F8C661,TCGA-A2-A0D3-01,TCGA-A2-A0D3,5,1.3258042562792502,512.0877531687734,0.0005120877531687734,0.0,0.0,512.0877531687734,146.96875,0.28699915022486816,100.0,100.0,100.0,21.86952933269104,immune-desert,5.0,50;100;200,/data1/deasy/Himangi/breast_feature_extraction/Ductal_outputs/TCGA-A2-A0D3-01/immune_proximity_wsi_summary.csv,TCGA-A2-A0D3,Alive,,,1873.0,0.0,,,,matched
TCGA-A2-A0EO-01Z-00-DX1.D7A09E23-2CAB-4B3B-814C-BF0BA75B7589,TCGA-A2-A0EO-01,TCGA-A2-A0EO,11,76.80684289010485,550632.5372659258,0.5506325372659258,27439.445980297183,0.04983259092632481,523193.0912856286,32348.36448252184,0.05874764437848562,42.47186483518478,80.83418620775251,99.6964440087112,63.08293771892682,peritumoral,5.0,50;100;200,/data1/deasy/Himangi/breast_feature_extraction/Ductal_outputs/TCGA-A2-A0EO-01/immune_proximity_wsi_summary.csv,TCGA-A2-A0EO,Alive,,,2442.0,0.0,,,,matched
TCGA-A2-A0EQ-01Z-00-DX1.5FCD8890-4594-4BE2-93B1-B8F698BFD2A0,TCGA-A2-A0EQ-01,TCGA-A2-A0EQ,9,67.9721850287259,9473418.739377612,9.473418739377612,430018.21750862,0.045392083823043536,9043400.521868994,94777.9045039003,0.010004614713159722,24.912650598190186,73.04329696013485,98.24316030567239,76.56260204074833,peritumoral,5.0,50;100;200,/data1/deasy/Himangi/breast_feature_extraction/Ductal_outputs/TCGA-A2-A0EQ-01/immune_proximity_wsi_summary.csv,TCGA-A2-A0EQ,Alive,,,2426.0,0.0,,,,matched
TCGA-A2-A0ET-01Z-00-DX1.41E86BB9-EA52-4615-94E7-0F09DDB094F4,TCGA-A2-A0ET-01,TCGA-A2-A0ET,5,95.93881519864584,1318905.332780196,1.318905332780196,312199.18906780216,0.23671083989758357,1006706.1437123942,96990.28571441013,0.07353847414503871,67.39670391462285,83.0810449627051,92.26400017978811,20.27352029125677,margin-localized,5.0,50;100;200,/data1/deasy/Himangi/breast_feature_extraction/Ductal_outputs/TCGA-A2-A0ET-01/immune_proximity_wsi_summary.csv,TCGA-A2-A0ET,Alive,,,1066.0,0.0,,,,matched
TCGA-A2-A0EU-01Z-00-DX1.13335BEB-63D4-469B-A389-8A079A096129,TCGA-A2-A0EU-01,TCGA-A2-A0EU,4,32.609972991408405,371804.1848768085,0.3718041848768085,14037.90625,0.03775618140137729,357766.27862680855,5572.316568101033,0.014987234664793602,24.82550750191036,56.748741913525706,98.10466764651822,90.0688105006389,peritumoral,5.0,50;100;200,/data1/deasy/Himangi/breast_feature_extraction/Ductal_outputs/TCGA-A2-A0EU-01/immune_proximity_wsi_summary.csv,TCGA-A2-A0EU,Alive,,,1043.0,0.0,,,,matched
TCGA-A2-A0EY-01Z-00-DX1.2F2428B3-0767-48E0-AC22-443C244CBD16,TCGA-A2-A0EY-01,TCGA-A2-A0EY,9,224.70259414582944,616973.9491565534,0.6169739491565533,67695.5625,0.109721913854782,549278.3866565534,17354.96591259836,0.02812917131480805,67.71174726088391,86.34190540921331,95.69896544760847,25.63262081801235,margin-localized,5.0,50;100;200,/data1/deasy/Himangi/breast_feature_extraction/Ductal_outputs/TCGA-A2-A0EY-01/immune_proximity_wsi_summary.csv,TCGA-A2-A0EY,Alive,,,1925.0,0.0,,,,matched
TCGA-A2-A0ST-01Z-00-DX1.AE05A5DB-4861-40DE-B0F5-7955FC903A96,TCGA-A2-A0ST-01,TCGA-A2-A0ST,5,3.581520978266534,2046574.639564906,2.046574639564906,1174523.171905579,0.5738970615580765,872051.4676593269,1885.96875,0.0009215245383871999,28.02649666468751,38.18730165282593,45.36400123069777,33.77545336483287,immune-penetrated,5.0,50;100;200,/data1/deasy/Himangi/breast_feature_extraction/Ductal_outputs/TCGA-A2-A0ST-01/immune_proximity_wsi_summary.csv,TCGA-A2-A0ST,Alive,,,3017.0,0.0,,,,matched
TCGA-A2-A0SV-01Z-00-DX1.F5645E47-3540-4753-AF5D-F5709BD8DFC1,TCGA-A2-A0SV-01,TCGA-A2-A0SV,8,179.11750770249907,917238.0485831286,0.9172380485831286,155220.0459418665,0.1692254766160619,762018.0026412621,107865.46901690119,0.11759811881280176,76.03736310274148,85.46713767721906,91.585421159837,11.746841330757814,margin-localized,5.0,50;100;200,/data1/deasy/Himangi/breast_feature_extraction/Ductal_outputs/TCGA-A2-A0SV-01/immune_proximity_wsi_summary.csv,TCGA-A2-A0SV,Dead,825.0,,825.0,1.0,825.0,27.104722792607802,2.2587268993839835,matched
TCGA-A2-A0SW-01Z-00-DX1.E1EA0407-B831-4D75-826E-80B82B821797,TCGA-A2-A0SW-01,TCGA-A2-A0SW,9,101.99375819327396,7181401.363068428,7.181401363068428,560800.023444379,0.07809061144087949,6620601.339624048,410396.54824557644,0.057147139882211595,69.79850668637334,87.26757684244834,97.61648021742035,29.228090084711315,margin-localized,5.0,50;100;200,/data1/deasy/Himangi/breast_feature_extraction/Ductal_outputs/TCGA-A2-A0SW-01/immune_proximity_wsi_summary.csv,TCGA-A2-A0SW,Dead,1365.0,,1365.0,1.0,1365.0,44.84599589322382,3.7371663244353184,matched
TCGA-A2-A0T1-01Z-00-DX1.CD1E9C46-18A3-466B-AA0B-24F3055FA851,TCGA-A2-A0T1-01,TCGA-A2-A0T1,3,88.46282358165806,1542901.6387637302,1.5429016387637302,14845.625,0.00962188685721745,1528056.0137637302,54527.80608733473,0.03534107730355762,75.78170207326282,93.26489746374313,99.94403638784205,28.610804340318712,margin-localized,5.0,50;100;200,/data1/deasy/Himangi/breast_feature_extraction/Ductal_outputs/TCGA-A2-A0T1-01/immune_proximity_wsi_summary.csv,TCGA-A2-A0T1,Alive,,,521.0,0.0,,,,matched
TCGA-A2-A0T2-01Z-00-DX1.29A5C4C8-6AE8-44EE-98C2-ACBCBFBE9D60,TCGA-A2-A0T2-01,TCGA-A2-A0T2,15,216.4766676655442,4658479.963421978,4.6584799634219785,297693.45298376755,0.06390355981376615,4360786.51043821,47240.94526581454,0.010140849727109864,34.92647932942088,73.30651592745619,96.30560507019113,64.2875619774152,peritumoral,5.0,50;100;200,/data1/deasy/Himangi/breast_feature_extraction/Ductal_outputs/TCGA-A2-A0T2-01/immune_proximity_wsi_summary.csv,TCGA-A2-A0T2,Dead,255.0,,255.0,1.0,255.0,8.37782340862423,0.6981519507186859,matched
TCGA-A2-A0T3-01Z-00-DX1.5E96BC87-F4FB-4ABA-8D81-FAB7F4A80661,TCGA-A2-A0T3-01,TCGA-A2-A0T3,10,61.19430185030647,908416.8203895115,0.9084168203895115,70575.02861023335,0.07769013852030189,837841.7917792782,87072.74553327097,0.09585109343961273,82.990371751671,92.02018884309948,97.27245818439833,15.94681100565251,margin-localized,5.0,50;100;200,/data1/deasy/Himangi/breast_feature_extraction/Ductal_outputs/TCGA-A2-A0T3-01/immune_proximity_wsi_summary.csv,TCGA-A2-A0T3,Alive,,,1516.0,0.0,,,,matched
TCGA-A2-A0T5-01Z-00-DX1.128C288B-B357-439B-A8D4-8E7DEBF73E4E,TCGA-A2-A0T5-01,TCGA-A2-A0T5,17,208.0525794869724,464669.9696475484,0.4646699696475484,20489.84375,0.044095476549822064,444180.1258975484,25423.02478934462,0.05471200303438579,53.69611529529532,72.92703024562121,99.58575437929419,73.98363416999736,peritumoral,5.0,50;100;200,/data1/deasy/Himangi/breast_feature_extraction/Ductal_outputs/TCGA-A2-A0T5-01/immune_proximity_wsi_summary.csv,TCGA-A2-A0T5,Alive,,,531.0,0.0,,,,matched
TCGA-A2-A0YC-01Z-00-DX1.F01F2268-17D8-45FD-8917-FD89454D0709,TCGA-A2-A0YC-01,TCGA-A2-A0YC,5,71.94001380590257,84572.81945013686,0.08457281945013685,2774.1875,0.03280235326239334,81798.63195013684,24541.811793261753,0.2901855696998646,86.32844880951839,93.22232459323476,100.0,11.125,margin-localized,5.0,50;100;200,/data1/deasy/Himangi/breast_feature_extraction/Ductal_outputs/TCGA-A2-A0YC-01/immune_proximity_wsi_summary.csv,TCGA-A2-A0YC,Alive,,,990.0,0.0,,,,matched
TCGA-A2-A0YE-01Z-00-DX1.8A2E3094-5755-42BC-969D-7F0A2ECA0F39,TCGA-A2-A0YE-01,TCGA-A2-A0YE,9,97.94566634680841,1648365.4563521845,1.6483654563521846,57288.03125,0.034754447825409915,1591077.4251021845,20657.46875,0.012532092728826508,37.36728296341241,69.68953545416632,99.31522794118732,61.81537531229589,peritumoral,5.0,50;100;200,/data1/deasy/Himangi/breast_feature_extraction/Ductal_outputs/TCGA-A2-A0YE-01/immune_proximity_wsi_summary.csv,TCGA-A2-A0YE,Alive,,,554.0,0.0,,,,matched
TCGA-A2-A0YF-01Z-00-DX1.6166E995-0669-43D6-B9C7-FE39BCE529CF,TCGA-A2-A0YF-01,TCGA-A2-A0YF,6,98.50375265924711,3024444.8055518377,3.0244448055518376,582962.597460699,0.19275028474336206,2441482.208091139,471100.74547537457,0.15576437189747885,79.40466637243188,92.25403699864587,97.75400674418358,10.990052320166633,margin-localized,5.0,50;100;200,/data1/deasy/Himangi/breast_feature_extraction/Ductal_outputs/TCGA-A2-A0YF-01/immune_proximity_wsi_summary.csv,TCGA-A2-A0YF,Alive,,,1535.0,0.0,,,,matched
TCGA-A2-A0YG-01Z-00-DX1.89A39319-F880-47DE-B311-DA1F6A64B6F3,TCGA-A2-A0YG-01,TCGA-A2-A0YG,3,85.08135489976694,322420.1398116242,0.3224201398116242,18501.375,0.057382814270875056,303918.7648116242,2669.03125,0.008278115788794697,42.06038693666138,89.32100538130503,97.37696709759905,58.308882524449054,peritumoral,5.0,50;100;200,/data1/deasy/Himangi/breast_feature_extraction/Ductal_outputs/TCGA-A2-A0YG-01/immune_proximity_wsi_summary.csv,TCGA-A2-A0YG,Alive,,,666.0,0.0,,,,matched
TCGA-A2-A0YH-01Z-00-DX1.FBA5E711-8275-45B3-BC20-5A786EE23548,TCGA-A2-A0YH-01,TCGA-A2-A0YH,2,53.62784312836486,1982957.2130272302,1.9829572130272302,768004.2202009005,0.3873024668184578,1214952.99282633,71208.31773748246,0.03591016350210307,47.945869215904494,65.91994476277743,83.07484091026784,38.465741657350115,immune-penetrated,5.0,50;100;200,/data1/deasy/Himangi/breast_feature_extraction/Ductal_outputs/TCGA-A2-A0YH-01/immune_proximity_wsi_summary.csv,TCGA-A2-A0YH,Alive,,,659.0,0.0,,,,matched
TCGA-A2-A0YJ-01Z-00-DX1.8135C74E-DAA8-4C8E-AF14-A4B5B57695BE,TCGA-A2-A0YJ-01,TCGA-A2-A0YJ,1,122.08074068962404,9372956.242772445,9.372956242772444,435769.8284214345,0.04649225037804479,8937186.41435101,214464.11565193115,0.02288116044682338,58.18486385666175,84.97830620255591,98.47973090169656,41.81749783284504,margin-localized,5.0,50;100;200,/data1/deasy/Himangi/breast_feature_extraction/Ductal_outputs/TCGA-A2-A0YJ-01/immune_proximity_wsi_summary.csv,TCGA-A2-A0YJ,Alive,,,566.0,0.0,,,,matched
TCGA-A2-A0YM-01Z-00-DX1.A48B4C96-2CC5-464C-98B7-F0F92AE56533,TCGA-A2-A0YM-01,TCGA-A2-A0YM,3,67.68511816989026,2979420.4096431662,2.9794204096431662,130911.15625,0.04393846394630784,2848509.2533931662,16610.849534139532,0.005575194920588246,40.7410748759059,82.94541810604592,98.47259180490924,57.226660089507234,peritumoral,5.0,50;100;200,/data1/deasy/Himangi/breast_feature_extraction/Ductal_outputs/TCGA-A2-A0YM-01/immune_proximity_wsi_summary.csv,TCGA-A2-A0YM,Alive,,,965.0,0.0,,,,matched
TCGA-A2-A0YT-01Z-00-DX1.63CA3E36-B3E4-4D3F-9F80-2703970DBE5B,TCGA-A2-A0YT-01,TCGA-A2-A0YT,16,82.83434277684857,262672.7830017583,0.2626727830017583,1245.40625,0.004741283949436298,261427.37675175827,41062.713214684,0.15632648630524137,73.9648986323498,90.62404996960436,99.70190628501894,28.634823641852588,margin-localized,5.0,50;100;200,/data1/deasy/Himangi/breast_feature_extraction/Ductal_outputs/TCGA-A2-A0YT-01/immune_proximity_wsi_summary.csv,TCGA-A2-A0YT,Dead,723.0,,723.0,1.0,723.0,23.753593429158112,1.9794661190965093,matched
TCGA-A2-A1FW-01Z-00-DX1.DC2BC5D7-E57B-444E-833F-9A1B6E11DE6D,TCGA-A2-A1FW-01,TCGA-A2-A1FW,9,92.1386810134866,5997995.697512852,5.997995697512852,236015.41422423907,0.03934904693614668,5761980.283288613,728778.6765461524,0.1215037011194173,79.74213185708984,96.64282854515038,99.63249429003062,29.389956298878705,margin-localized,5.0,50;100;200,/data1/deasy/Himangi/breast_feature_extraction/Ductal_outputs/TCGA-A2-A1FW-01/immune_proximity_wsi_summary.csv,TCGA-A2-A1FW,Alive,,,528.0,0.0,,,,matched
TCGA-A2-A1FX-01Z-00-DX1.35B93F3A-9959-4D72-A702-08B27563D24F,TCGA-A2-A1FX-01,TCGA-A2-A1FX,2,48.17223439920387,20261386.105338283,20.261386105338282,2626123.599792369,0.12961223808377367,17635262.505545914,4261561.111845221,0.21032919908290107,90.70602058786797,99.69439742182229,99.93164923227897,46.17894319446208,margin-localized,5.0,50;100;200,/data1/deasy/Himangi/breast_feature_extraction/Ductal_outputs/TCGA-A2-A1FX-01/immune_proximity_wsi_summary.csv,TCGA-A2-A1FX,Alive,,,1847.0,0.0,,,,matched
TCGA-A2-A1FZ-01Z-00-DX1.0BAAEF41-DCA4-4677-9A27-09E990033FA6,TCGA-A2-A1FZ-01,TCGA-A2-A1FZ,6,78.1364550777417,1392129.8322975968,1.3921298322975968,31768.157471345527,0.022819823793959484,1360361.674826251,49613.224529819956,0.03563836028708427,62.168976897767095,82.02296877960504,99.40050304398558,36.75,margin-localized,5.0,50;100;200,/data1/deasy/Himangi/breast_feature_extraction/Ductal_outputs/TCGA-A2-A1FZ-01/immune_proximity_wsi_summary.csv,TCGA-A2-A1FZ,Alive,,,683.0,0.0,,,,matched
TCGA-A2-A1G1-01Z-00-DX1.E52A474F-DE13-41CF-94D4-D00BAC46ECF4,TCGA-A2-A1G1-01,TCGA-A2-A1G1,6,50.58234900447594,1348251.3834514709,1.3482513834514709,2223.0,0.0016488023133410083,1346028.3834514709,1519.5065827702588,0.0011270202288837126,21.128993309617243,60.019694775545254,90.01834476104175,83.39673629705182,peritumoral,5.0,50;100;200,/data1/deasy/Himangi/breast_feature_extraction/Ductal_outputs/TCGA-A2-A1G1-01/immune_proximity_wsi_summary.csv,TCGA-A2-A1G1,Alive,,,584.0,0.0,,,,matched
TCGA-A2-A1G4-01Z-00-DX1.0274DF5B-5920-419A-B778-2F04D9C602F2,TCGA-A2-A1G4-01,TCGA-A2-A1G4,20,152.02988043888448,2670157.1999558867,2.6701571999558866,50506.0625,0.01891501462941373,2619651.1374558867,18124.924441239105,0.006787961563288688,19.53686292136625,50.489165331811655,96.58415361454816,108.9326949600073,immune-excluded,5.0,50;100;200,/data1/deasy/Himangi/breast_feature_extraction/Ductal_outputs/TCGA-A2-A1G4-01/immune_proximity_wsi_summary.csv,TCGA-A2-A1G4,Alive,,,595.0,0.0,,,,matched
TCGA-A2-A1G6-01Z-00-DX1.BCC3EC46-CEBF-4B37-BCF0-266D18170B54,TCGA-A2-A1G6-01,TCGA-A2-A1G6,4,73.70291249286396,223902.0416559272,0.2239020416559272,25543.65625,0.11408407025271,198358.3854059272,12427.38429569386,0.055503666709708535,43.807965829856904,73.79042049591101,98.90949799656042,72.32500432077416,peritumoral,5.0,50;100;200,/data1/deasy/Himangi/breast_feature_extraction/Ductal_outputs/TCGA-A2-A1G6-01/immune_proximity_wsi_summary.csv,TCGA-A2-A1G6,Alive,,,501.0,0.0,,,,matched
TCGA-A2-A259-01Z-00-DX1.7289CD72-CB74-41D4-B4AC-4EA5FDFEC666,TCGA-A2-A259-01,TCGA-A2-A259,10,91.59212313899693,329378.7587019534,0.3293787587019534,17955.125,0.054512091401276865,311423.6337019534,20206.75525012929,0.06134808246215378,63.238813651812556,79.67898678446049,99.6932387947596,29.080169359891975,margin-localized,5.0,50;100;200,/data1/deasy/Himangi/breast_feature_extraction/Ductal_outputs/TCGA-A2-A259-01/immune_proximity_wsi_summary.csv,TCGA-A2-A259,Alive,,,1596.0,0.0,,,,matched
TCGA-A2-A25B-01Z-00-DX1.58D7BEDE-5558-4A9E-A95E-DDF24C9267EF,TCGA-A2-A25B-01,TCGA-A2-A25B,16,195.44757397820396,1620528.383339419,1.620528383339419,116233.375,0.07172560270772806,1504295.008339419,133293.82468071755,0.082253310741796,63.05278727701757,94.01021944628337,98.99362641778485,26.55477828941526,margin-localized,5.0,50;100;200,/data1/deasy/Himangi/breast_feature_extraction/Ductal_outputs/TCGA-A2-A25B-01/immune_proximity_wsi_summary.csv,TCGA-A2-A25B,Alive,,,1291.0,0.0,,,,matched
TCGA-A2-A25C-01Z-00-DX1.F8E6044A-435E-42D5-94FF-C0F572F1ED99,TCGA-A2-A25C-01,TCGA-A2-A25C,7,161.3122750780279,1928614.1912597152,1.9286141912597152,46341.099892738515,0.02402818568003476,1882273.0913669765,62288.737238568145,0.0322971476207395,81.67259490600935,90.70996769328133,98.25987360068743,30.375257200557165,margin-localized,5.0,50;100;200,/data1/deasy/Himangi/breast_feature_extraction/Ductal_outputs/TCGA-A2-A25C-01/immune_proximity_wsi_summary.csv,TCGA-A2-A25C,Alive,,,523.0,0.0,,,,matched
TCGA-A2-A25E-01Z-00-DX1.46D1950B-0BAF-4A44-B58F-CD738E74CB27,TCGA-A2-A25E-01,TCGA-A2-A25E,7,144.69139674762692,2503837.014465398,2.503837014465398,120010.90625,0.047930798033842426,2383826.1082153977,526377.2818041801,0.21022825318227373,83.73701410439101,95.21446529989612,99.935408461192,14.111719420396652,margin-localized,5.0,50;100;200,/data1/deasy/Himangi/breast_feature_extraction/Ductal_outputs/TCGA-A2-A25E-01/immune_proximity_wsi_summary.csv,TCGA-A2-A25E,Alive,,,3204.0,0.0,,,,matched
TCGA-A2-A25F-01Z-00-DX1.87499CD4-E41C-46B1-AAF3-5CE881F2B8BC,TCGA-A2-A25F-01,TCGA-A2-A25F,9,60.61970522970372,4374934.777897418,4.374934777897417,172543.01443509583,0.039438991252349495,4202391.763462322,500937.20186850644,0.11450163883568924,60.157021482383875,87.87737421131757,99.30311163137844,34.5717098940738,margin-localized,5.0,50;100;200,/data1/deasy/Himangi/breast_feature_extraction/Ductal_outputs/TCGA-A2-A25F-01/immune_proximity_wsi_summary.csv,TCGA-A2-A25F,Alive,,,322.0,0.0,,,,matched
TCGA-A2-A3XS-01Z-00-DX1.867925C0-91D8-40A0-9FEA-25A635AC31E7,TCGA-A2-A3XS-01,TCGA-A2-A3XS,1,59.41623746749938,2127107.0772340754,2.127107077234075,10470.5625,0.0049224426038839125,2116636.514734075,163894.58831838125,0.07705046448883854,32.16616816083215,72.73055836106373,96.53188778750952,72.7619459693733,peritumoral,5.0,50;100;200,/data1/deasy/Himangi/breast_feature_extraction/Ductal_outputs/TCGA-A2-A3XS-01/immune_proximity_wsi_summary.csv,TCGA-A2-A3XS,Dead,1032.0,,1032.0,1.0,1032.0,33.90554414784394,2.8254620123203287,matched
TCGA-A2-A3XT-01Z-00-DX1.336D6C78-576A-481B-8C83-F3A0FC4B182C,TCGA-A2-A3XT-01,TCGA-A2-A3XT,7,135.97754368174049,9292427.447975308,9.292427447975308,2177019.7309417487,0.23427890539151763,7115407.717033557,1309061.43461121,0.14087400110898218,79.29601290919017,90.82459291401723,96.7488073514189,24.000325518625782,margin-localized,5.0,50;100;200,/data1/deasy/Himangi/breast_feature_extraction/Ductal_outputs/TCGA-A2-A3XT-01/immune_proximity_wsi_summary.csv,TCGA-A2-A3XT,Alive,,,2770.0,0.0,,,,matched
TCGA-A2-A3XU-01Z-00-DX1.174A92D4-50B2-4A59-AD31-D5EC5BBF2F65,TCGA-A2-A3XU-01,TCGA-A2-A3XU,5,178.1931393371356,523594.56334266224,0.5235945633426622,154723.04497072558,0.29550162626396165,368871.5183719367,40538.89806129259,0.07742421503097661,55.70635202800007,69.72920987411236,79.57030329591196,22.44829127684332,immune-penetrated,5.0,50;100;200,/data1/deasy/Himangi/breast_feature_extraction/Ductal_outputs/TCGA-A2-A3XU-01/immune_proximity_wsi_summary.csv,TCGA-A2-A3XU,Dead,912.0,,912.0,1.0,912.0,29.963039014373717,2.4969199178644765,matched
TCGA-A2-A3XV-01Z-00-DX1.4B58B7CD-B3F6-4C31-863F-924D291EF17C,TCGA-A2-A3XV-01,TCGA-A2-A3XV,6,153.90883470630703,495563.4995840784,0.49556349958407836,18791.25,0.03791895491853479,476772.24958407844,15948.775423478317,0.03218311162316024,54.4934319624788,96.28307264930832,99.68153542765133,43.35932713961323,margin-localized,5.0,50;100;200,/data1/deasy/Himangi/breast_feature_extraction/Ductal_outputs/TCGA-A2-A3XV-01/immune_proximity_wsi_summary.csv,TCGA-A2-A3XV,Alive,,,996.0,0.0,,,,matched
TCGA-A2-A3XW-01Z-00-DX1.45F5F36F-5503-4A38-AF37-E526915A8DBE,TCGA-A2-A3XW-01,TCGA-A2-A3XW,6,110.6093888373022,4012956.038619653,4.012956038619653,534944.7102210723,0.13330440330591775,3478011.32839858,203345.54766882857,0.050672258981130994,51.707616060596784,79.97301263551223,95.10211922324234,42.75,margin-localized,5.0,50;100;200,/data1/deasy/Himangi/breast_feature_extraction/Ductal_outputs/TCGA-A2-A3XW-01/immune_proximity_wsi_summary.csv,TCGA-A2-A3XW,Alive,,,1712.0,0.0,,,,matched
TCGA-A2-A3XX-01Z-00-DX1.03C6D70F-2833-4E97-91B7-DE70CD083D92,TCGA-A2-A3XX-01,TCGA-A2-A3XX,4,69.25274621291574,6704234.356043911,6.70423435604391,436373.25,0.06508919987360029,6267861.106043911,39378.24552143695,0.005873637977159496,45.61071008980339,83.49530358536985,96.4415814169618,50.663257149535895,peritumoral,5.0,50;100;200,/data1/deasy/Himangi/breast_feature_extraction/Ductal_outputs/TCGA-A2-A3XX-01/immune_proximity_wsi_summary.csv,TCGA-A2-A3XX,Dead,1439.0,,1439.0,1.0,1439.0,47.27720739219713,3.9397672826830936,matched
TCGA-A2-A3XY-01Z-00-DX1.E57FC9BF-411E-4028-AC10-8BCA5D0C8472,TCGA-A2-A3XY-01,TCGA-A2-A3XY,16,108.45454669909577,1391053.1837689634,1.3910531837689635,40056.625,0.02879589757414545,1350996.5587689637,13084.969712641967,0.009406520085155289,31.633939646031134,71.83903670664596,98.34739103430833,59.710611978223135,peritumoral,5.0,50;100;200,/data1/deasy/Himangi/breast_feature_extraction/Ductal_outputs/TCGA-A2-A3XY-01/immune_proximity_wsi_summary.csv,TCGA-A2-A3XY,Dead,1093.0,,1093.0,1.0,1093.0,35.90965092402464,2.9924709103353866,matched
TCGA-A2-A3XZ-01Z-00-DX1.B7A1344E-7015-4A21-B3D4-EB760161BE7C,TCGA-A2-A3XZ-01,TCGA-A2-A3XZ,6,82.5382729438457,3929612.891649443,3.9296128916494433,114604.6875,0.02916437080699189,3815008.2041494437,17361.9901010967,0.004418244386868615,27.293526633807115,81.78354664307142,97.99045998337188,87.1063883054366,peritumoral,5.0,50;100;200,/data1/deasy/Himangi/breast_feature_extraction/Ductal_outputs/TCGA-A2-A3XZ-01/immune_proximity_wsi_summary.csv,TCGA-A2-A3XZ,Alive,,,1532.0,0.0,,,,matched
TCGA-A2-A3Y0-01Z-00-DX1.A1EDDF82-FFAA-44A4-A749-7FB6F8133CC0,TCGA-A2-A3Y0-01,TCGA-A2-A3Y0,11,111.03172778286174,9111117.368099255,9.111117368099256,2352519.774038164,0.2582032125143112,6758597.594061092,151619.6875,0.016641173785211662,38.31891593764915,64.31262657298339,82.85205677831004,49.170144650997315,peritumoral,5.0,50;100;200,/data1/deasy/Himangi/breast_feature_extraction/Ductal_outputs/TCGA-A2-A3Y0-01/immune_proximity_wsi_summary.csv,TCGA-A2-A3Y0,Alive,,,1546.0,0.0,,,,matched
TCGA-A2-A4S3-01Z-00-DX1.50699E65-E536-4C9B-93A7-4C9894624A29,TCGA-A2-A4S3-01,TCGA-A2-A4S3,4,130.7103953414889,5545685.378240155,5.545685378240155,585929.7643367678,0.10565506774614473,4959755.6139033865,105303.07148312221,0.01898828806558418,46.5184911378271,75.66606262637083,97.14518978024641,55.06501838735732,peritumoral,5.0,50;100;200,/data1/deasy/Himangi/breast_feature_extraction/Ductal_outputs/TCGA-A2-A4S3-01/immune_proximity_wsi_summary.csv,TCGA-A2-A4S3,Alive,,,666.0,0.0,,,,matched
TCGA-A7-A0CD-01Z-00-DX1.F045B9C8-049C-41BF-8432-EF89F236D34D,TCGA-A7-A0CD-01,TCGA-A7-A0CD,2,22.644132891631937,207063.1983912829,0.2070631983912829,42682.17550795151,0.20613115145307434,164381.0228833314,49881.24847881433,0.24089866700771614,85.87969982176915,94.4371150501436,99.93222178006988,13.509834380924142,margin-localized,5.0,50;100;200,/data1/deasy/Himangi/breast_feature_extraction/Ductal_outputs/TCGA-A7-A0CD-01/immune_proximity_wsi_summary.csv,TCGA-A7-A0CD,Alive,,,1165.0,0.0,,,,matched
TCGA-A7-A0CE-01Z-00-DX2.5AD1DB65-10E7-4996-AB5E-13D7851EC5FA,TCGA-A7-A0CE-01,TCGA-A7-A0CE,7,100.20777503881311,691381.3410002022,0.6913813410002022,30273.65625,0.043787204621698265,661107.6847502022,45974.9375,0.06649722052592472,36.69467501903772,83.68787957835254,98.80684442342624,69.60617451957836,peritumoral,5.0,50;100;200,/data1/deasy/Himangi/breast_feature_extraction/Ductal_outputs/TCGA-A7-A0CE-01/immune_proximity_wsi_summary.csv,TCGA-A7-A0CE,Alive,,,1074.0,0.0,,,,matched
TCGA-A7-A0CJ-01Z-00-DX1.E26F2F62-D688-4373-BB7B-790A06734E49,TCGA-A7-A0CJ-01,TCGA-A7-A0CJ,7,8.369574668128447,1063317.2957270911,1.063317295727091,26175.5,0.024616828960824268,1037141.7957270911,67807.26646220547,0.06376955094653962,66.63962482234467,84.8190923499883,99.91260940245314,48.50144972060114,margin-localized,5.0,50;100;200,/data1/deasy/Himangi/breast_feature_extraction/Ductal_outputs/TCGA-A7-A0CJ-01/TCGA-A7-A0CJ-01Z-00-DX1.E26F2F62-D688-4373-BB7B-790A06734E49__immune_proximity_wsi_summary.csv,TCGA-A7-A0CJ,Alive,,,931.0,0.0,,,,matched
TCGA-A7-A0CJ-01Z-00-DX2.4B591117-5FC9-4B43-8A45-444CCCABC666,TCGA-A7-A0CJ-01,TCGA-A7-A0CJ,5,37.286384509720556,2512429.486888442,2.512429486888442,470523.46938477445,0.18727827859061694,2041906.0175036679,118084.48463064831,0.047000118907572566,62.23086978616635,92.52591319649773,98.12925847517216,27.31965009384271,margin-localized,5.0,50;100;200,/data1/deasy/Himangi/breast_feature_extraction/Ductal_outputs/TCGA-A7-A0CJ-01/TCGA-A7-A0CJ-01Z-00-DX2.4B591117-5FC9-4B43-8A45-444CCCABC666__immune_proximity_wsi_summary.csv,TCGA-A7-A0CJ,Alive,,,931.0,0.0,,,,matched
TCGA-A7-A0D9-01Z-00-DX1.FBC3B90F-C58B-4476-8354-0AF9248324E3,TCGA-A7-A0D9-01,TCGA-A7-A0D9,6,10.389391420925062,155836.6659972195,0.15583666599721951,980.28125,0.006290440338459824,154856.3847472195,8449.612358533781,0.05422095181813336,63.85375431595738,83.98950404462214,100.0,31.375249002995975,margin-localized,5.0,50;100;200,/data1/deasy/Himangi/breast_feature_extraction/Ductal_outputs/TCGA-A7-A0D9-01/TCGA-A7-A0D9-01Z-00-DX1.FBC3B90F-C58B-4476-8354-0AF9248324E3__immune_proximity_wsi_summary.csv,TCGA-A7-A0D9,Alive,,,1139.0,0.0,,,,matched
TCGA-A7-A0D9-01Z-00-DX2.66CD9ED8-223B-4AC8-AA1A-2481FB0C47B3,TCGA-A7-A0D9-01,TCGA-A7-A0D9,3,10.350614799119581,338684.9786912394,0.33868497869123937,13524.75,0.03993312621145143,325160.2286912394,69148.98133150532,0.2041690233759811,91.6969839734952,98.72189577331002,99.93724579371266,12.035916302882802,margin-localized,5.0,50;100;200,/data1/deasy/Himangi/breast_feature_extraction/Ductal_outputs/TCGA-A7-A0D9-01/TCGA-A7-A0D9-01Z-00-DX2.66CD9ED8-223B-4AC8-AA1A-2481FB0C47B3__immune_proximity_wsi_summary.csv,TCGA-A7-A0D9,Alive,,,1139.0,0.0,,,,matched
TCGA-A7-A0DB-01Z-00-DX2.6C6A5F9C-294F-4A86-A0F1-B68D4729B535,TCGA-A7-A0DB-01,TCGA-A7-A0DB,5,42.95163524044459,151439.22155208283,0.15143922155208284,46804.09375,0.3090619013377798,104635.12780208283,21983.55495753735,0.1451642099862273,88.02814572847373,98.97511166642165,100.0,8.75089281159357,immune-penetrated,5.0,50;100;200,/data1/deasy/Himangi/breast_feature_extraction/Ductal_outputs/TCGA-A7-A0DB-01/immune_proximity_wsi_summary.csv,TCGA-A7-A0DB,Alive,,,1007.0,0.0,,,,matched
TCGA-A7-A13F-01Z-00-DX1.AB4ADDD3-8E1C-4AB9-813E-D137A2CFB950,TCGA-A7-A13F-01,TCGA-A7-A13F,3,59.88146164352893,140014.17248511728,0.14001417248511727,792.875,0.005662819598382287,139221.29748511728,8116.425301206821,0.05796859815794399,34.796493097284106,68.69244855377175,100.0,99.34299799180614,peritumoral,5.0,50;100;200,/data1/deasy/Himangi/breast_feature_extraction/Ductal_outputs/TCGA-A7-A13F-01/TCGA-A7-A13F-01Z-00-DX1.AB4ADDD3-8E1C-4AB9-813E-D137A2CFB950__immune_proximity_wsi_summary.csv,TCGA-A7-A13F,Alive,,,765.0,0.0,,,,matched
TCGA-A7-A13F-01Z-00-DX2.8CC23BAD-B3CC-4BBC-832A-A3879D6EF62D,TCGA-A7-A13F-01,TCGA-A7-A13F,4,54.42011456329134,57009.18225688076,0.057009182256880765,768.0625,0.013472610368960311,56241.11975688076,5770.3125,0.1012172473199008,51.419985742268636,72.73017551215,100.0,36.637796399346946,margin-localized,5.0,50;100;200,/data1/deasy/Himangi/breast_feature_extraction/Ductal_outputs/TCGA-A7-A13F-01/TCGA-A7-A13F-01Z-00-DX2.8CC23BAD-B3CC-4BBC-832A-A3879D6EF62D__immune_proximity_wsi_summary.csv,TCGA-A7-A13F,Alive,,,765.0,0.0,,,,matched
TCGA-A7-A13G-01Z-00-DX1.C258C545-8C1F-41D4-846F-962A746CBDFB,TCGA-A7-A13G-01,TCGA-A7-A13G,2,13.262687135238156,332206.79457279993,0.33220679457279995,56146.46875,0.16901059721611456,276060.32582279993,39621.41040522462,0.11926730895488041,86.88302119065487,95.25798944893411,100.0,16.062986373959234,margin-localized,5.0,50;100;200,/data1/deasy/Himangi/breast_feature_extraction/Ductal_outputs/TCGA-A7-A13G-01/immune_proximity_wsi_summary.csv,TCGA-A7-A13G,Alive,,,718.0,0.0,,,,matched
TCGA-A7-A26H-01Z-00-DX1.3344CFD3-5A19-4B01-BEB2-AB89F83FD53A,TCGA-A7-A26H-01,TCGA-A7-A26H,14,20.51800910616553,387400.93641448,0.38740093641448,35639.6875,0.0919969059183407,351761.24891448,38510.055810242855,0.09940620218078403,77.92975471952394,90.97684183729659,99.77867729026791,17.00976282168567,margin-localized,5.0,50;100;200,/data1/deasy/Himangi/breast_feature_extraction/Ductal_outputs/TCGA-A7-A26H-01/immune_proximity_wsi_summary.csv,TCGA-A7-A26H,Alive,,,724.0,0.0,,,,matched
TCGA-A7-A2KD-01Z-00-DX1.BFF2DFC8-1D95-4DC2-98FC-5BD7D7C6CDF5,TCGA-A7-A2KD-01,TCGA-A7-A2KD,9,125.03888554882259,10661697.363613512,10.661697363613513,450329.1158141537,0.042238032130891966,10211368.24779936,847312.3662992533,0.07947255839309232,77.86204380069806,93.6691258413344,99.30790807817766,24.676025814543152,margin-localized,5.0,50;100;200,/data1/deasy/Himangi/breast_feature_extraction/Ductal_outputs/TCGA-A7-A2KD-01/immune_proximity_wsi_summary.csv,TCGA-A7-A2KD,Alive,,,679.0,0.0,,,,matched
TCGA-A7-A4SD-01Z-00-DX1.677152B3-17B2-42DB-AEEC-C9509ACCE831,TCGA-A7-A4SD-01,TCGA-A7-A4SD,4,64.31089802901673,11440704.317873735,11.440704317873735,1642806.5638466333,0.14359313187389064,9797897.754027102,185319.05946813722,0.016198221221276954,65.66266609182583,82.8577623866734,96.3115915373257,28.08170278401935,margin-localized,5.0,50;100;200,/data1/deasy/Himangi/breast_feature_extraction/Ductal_outputs/TCGA-A7-A4SD-01/immune_proximity_wsi_summary.csv,TCGA-A7-A4SD,Alive,,,441.0,0.0,,,,matched
TCGA-A7-A4SF-01Z-00-DX1.CDCFD4BC-4363-4CF2-95F5-4922E04C3B9D,TCGA-A7-A4SF-01,TCGA-A7-A4SF,2,16.03297724259512,484246.7480796153,0.4842467480796153,23640.0625,0.048818216319985126,460606.68557961535,8592.693592797546,0.01774445285770885,27.176278694573796,58.41462114270624,97.48858019217911,80.83136541424334,peritumoral,5.0,50;100;200,/data1/deasy/Himangi/breast_feature_extraction/Ductal_outputs/TCGA-A7-A4SF-01/immune_proximity_wsi_summary.csv,TCGA-A7-A4SF,Alive,,,545.0,0.0,,,,matched
TCGA-A7-A56D-01Z-00-DX1.87D9CCF4-04EE-46D2-B7FC-A83561D7752C,TCGA-A7-A56D-01,TCGA-A7-A56D,4,43.87944290364803,1050549.1752894076,1.0505491752894076,70164.75818287826,0.0667886471507144,980384.4171065292,112782.92768202169,0.10735616221958577,66.33655057084282,90.9997151288746,99.55701161294213,35.37373010088136,margin-localized,5.0,50;100;200,/data1/deasy/Himangi/breast_feature_extraction/Ductal_outputs/TCGA-A7-A56D-01/immune_proximity_wsi_summary.csv,TCGA-A7-A56D,Alive,,,448.0,0.0,,,,matched
TCGA-A7-A6VV-01Z-00-DX1.07AE0E16-A883-4C86-BC74-4E13081175F2,TCGA-A7-A6VV-01,TCGA-A7-A6VV,1,40.62151476860984,395671.1971081066,0.39567119710810655,18761.3125,0.04741642211291405,376909.8846081066,24850.424695903403,0.06280574597678812,64.79177578496423,87.21525869194102,99.6376647427262,30.982353848602273,margin-localized,5.0,50;100;200,/data1/deasy/Himangi/breast_feature_extraction/Ductal_outputs/TCGA-A7-A6VV-01/TCGA-A7-A6VV-01Z-00-DX1.07AE0E16-A883-4C86-BC74-4E13081175F2__immune_proximity_wsi_summary.csv,TCGA-A7-A6VV,Alive,,,313.0,0.0,,,,matched
TCGA-A7-A6VW-01Z-00-DX1.1BC4790C-DB45-4A3D-9C97-92C92C03FF60,TCGA-A7-A6VW-01,TCGA-A7-A6VW,4,34.802001410396635,356829.89980467816,0.35682989980467816,22267.21875,0.062402894942908786,334562.68105467816,5903.34375,0.016543859562305113,39.82611692821791,73.68597098368926,96.82454571105731,57.07167231867312,peritumoral,5.0,50;100;200,/data1/deasy/Himangi/breast_feature_extraction/Ductal_outputs/TCGA-A7-A6VW-01/immune_proximity_wsi_summary.csv,TCGA-A7-A6VW,Alive,,,285.0,0.0,,,,matched
TCGA-A7-A6VX-01Z-00-DX1.F74DA243-C65A-4997-BCA0-F1C89675978C,TCGA-A7-A6VX-01,TCGA-A7-A6VX,6,27.443686795607753,920271.5658838954,0.9202715658838954,114868.34375,0.12482005095927541,805403.2221338953,131306.21875,0.1426820338884251,69.53185245410107,83.55522527999493,98.66048371404801,16.959971255871867,margin-localized,5.0,50;100;200,/data1/deasy/Himangi/breast_feature_extraction/Ductal_outputs/TCGA-A7-A6VX-01/TCGA-A7-A6VX-01Z-00-DX1.F74DA243-C65A-4997-BCA0-F1C89675978C__immune_proximity_wsi_summary.csv,TCGA-A7-A6VX,Alive,,,317.0,0.0,,,,matched
TCGA-A7-A6VY-01Z-00-DX1.38D4EBD7-40B0-4EE3-960A-1F00E8F83ADB,TCGA-A7-A6VY-01,TCGA-A7-A6VY,4,20.8213438779042,3117001.585192684,3.117001585192684,662236.25,0.21245938826144756,2454765.3351926836,160726.71874989104,0.05156452903759283,61.42197920943995,88.57429409462826,96.48843918559528,22.683281288208722,margin-localized,5.0,50;100;200,/data1/deasy/Himangi/breast_feature_extraction/Ductal_outputs/TCGA-A7-A6VY-01/immune_proximity_wsi_summary.csv,TCGA-A7-A6VY,Alive,,,266.0,0.0,,,,matched
TCGA-A8-A06O-01Z-00-DX1.FA4495B2-5B13-4448-ADCB-EF5316E0955B,TCGA-A8-A06O-01,TCGA-A8-A06O,3,22.527635765636838,430654.18367845425,0.43065418367845426,19166.125,0.04450467620282145,411488.05867845425,9359.5625,0.021733360210400905,41.66034602005605,96.89030449766254,99.99263961940117,56.23569262488015,peritumoral,5.0,50;100;200,/data1/deasy/Himangi/breast_feature_extraction/Ductal_outputs/TCGA-A8-A06O-01/immune_proximity_wsi_summary.csv,TCGA-A8-A06O,Alive,,,396.0,0.0,,,,matched
TCGA-A8-A06P-01Z-00-DX1.37660D0F-1595-43C5-9D30-58D6CB93B52C,TCGA-A8-A06P-01,TCGA-A8-A06P,3,28.63125197257655,12761.4375,0.0127614375,1507.5,0.11812932516419095,11253.9375,2185.40625,0.17125078973273974,63.722738915580635,80.73199042035822,98.43204380384263,79.67365075732378,peritumoral,5.0,50;100;200,/data1/deasy/Himangi/breast_feature_extraction/Ductal_outputs/TCGA-A8-A06P-01/immune_proximity_wsi_summary.csv,TCGA-A8-A06P,Alive,,,396.0,0.0,,,,matched
TCGA-A8-A06Q-01Z-00-DX1.622AC6E4-DB1A-4C8D-8185-52D4FD1F30B4,TCGA-A8-A06Q-01,TCGA-A8-A06Q,1,26.452694588230752,172099.92129039144,0.17209992129039145,66032.375,0.3836862591504664,106067.54629039144,5461.9538291578765,0.03173710823459176,30.045042603087268,40.337063837141585,70.60000108040437,65.0530132372821,immune-penetrated,5.0,50;100;200,/data1/deasy/Himangi/breast_feature_extraction/Ductal_outputs/TCGA-A8-A06Q-01/immune_proximity_wsi_summary.csv,TCGA-A8-A06Q,Alive,,,31.0,0.0,,,,matched
TCGA-A8-A06R-01Z-00-DX1.41476D0D-BA72-4FB8-B143-9EB679F26D28,TCGA-A8-A06R-01,TCGA-A8-A06R,1,33.029606730446496,118591.42067978295,0.11859142067978296,5458.8125,0.046030416607789226,113132.60817978295,5361.5,0.04520984713115937,56.424223598434864,88.59791320026474,99.00522420320317,34.835775432735815,margin-localized,5.0,50;100;200,/data1/deasy/Himangi/breast_feature_extraction/Ductal_outputs/TCGA-A8-A06R-01/immune_proximity_wsi_summary.csv,TCGA-A8-A06R,Alive,,,547.0,0.0,,,,matched
TCGA-A8-A06T-01Z-00-DX1.BA8B8FC3-6169-48C1-BE1F-37F140CB4D3B,TCGA-A8-A06T-01,TCGA-A8-A06T,1,36.61314481922556,531121.4642050134,0.5311214642050134,87782.84375,0.16527828315391851,443338.62045501336,52632.0625,0.09909609392039931,80.51522181278914,90.91571970787909,96.16665487611678,18.381801462315927,margin-localized,5.0,50;100;200,/data1/deasy/Himangi/breast_feature_extraction/Ductal_outputs/TCGA-A8-A06T-01/immune_proximity_wsi_summary.csv,TCGA-A8-A06T,Alive,,,1614.0,0.0,,,,matched
TCGA-A8-A06U-01Z-00-DX1.56070AB9-A73E-44B8-8051-D93E8F881BBE,TCGA-A8-A06U-01,TCGA-A8-A06U,3,18.18501941214017,2566016.7115961416,2.5660167115961414,192325.25,0.07495089534329952,2373691.4615961416,42264.125,0.016470713074082207,26.90528120279252,54.55073263488198,71.96711654277853,87.37681060355774,peritumoral,5.0,50;100;200,/data1/deasy/Himangi/breast_feature_extraction/Ductal_outputs/TCGA-A8-A06U-01/immune_proximity_wsi_summary.csv,TCGA-A8-A06U,Dead,883.0,,883.0,1.0,883.0,29.010266940451746,2.4175222450376452,matched
TCGA-A8-A06X-01Z-00-DX1.21F19EDD-ABCB-4398-B210-D795BB7A34E3,TCGA-A8-A06X-01,TCGA-A8-A06X,2,36.909879566545186,158902.02756745392,0.15890202756745392,12478.34375,0.07852853699241152,146423.68381745392,1513.59375,0.009525326851839442,60.458223989129756,74.30232094519266,95.20181940613473,41.25,margin-localized,5.0,50;100;200,/data1/deasy/Himangi/breast_feature_extraction/Ductal_outputs/TCGA-A8-A06X-01/immune_proximity_wsi_summary.csv,TCGA-A8-A06X,Dead,943.0,,943.0,1.0,943.0,30.981519507186857,2.5817932922655715,matched
TCGA-A8-A06Z-01Z-00-DX1.2BC8B71D-E01B-4CC1-B5E7-09BB54A5E1F8,TCGA-A8-A06Z-01,TCGA-A8-A06Z,1,54.00255215190334,209407.61034345487,0.20940761034345487,106899.03125,0.5104830291252171,102508.57909345486,14328.4375,0.06842367131022391,49.906779407463816,59.77542919197313,68.45354025498303,13.210436215356403,immune-penetrated,5.0,50;100;200,/data1/deasy/Himangi/breast_feature_extraction/Ductal_outputs/TCGA-A8-A06Z-01/immune_proximity_wsi_summary.csv,TCGA-A8-A06Z,Alive,,,31.0,0.0,,,,matched
TCGA-A8-A075-01Z-00-DX1.8E06AF51-951F-48E8-934E-42A455F65E5F,TCGA-A8-A075-01,TCGA-A8-A075,1,42.266752259271996,2535548.4736788752,2.535548473678875,534152.8125,0.2106655889425721,2001395.6611788752,40882.34897646964,0.01612367083527008,50.649454161525796,85.2477860709368,93.28280620729683,36.62547994566078,margin-localized,5.0,50;100;200,/data1/deasy/Himangi/breast_feature_extraction/Ductal_outputs/TCGA-A8-A075-01/immune_proximity_wsi_summary.csv,TCGA-A8-A075,Alive,,,518.0,0.0,,,,matched
TCGA-A8-A076-01Z-00-DX1.BAAC4F9C-0C04-42FB-95F4-D765305089B8,TCGA-A8-A076-01,TCGA-A8-A076,1,42.911713146077,557444.548106432,0.557444548106432,24771.0625,0.04443681902378298,532673.485606432,7821.0625,0.014030207177677407,52.96379389193826,82.05490465051139,97.8300457045515,49.64026843198977,margin-localized,5.0,50;100;200,/data1/deasy/Himangi/breast_feature_extraction/Ductal_outputs/TCGA-A8-A076-01/immune_proximity_wsi_summary.csv,TCGA-A8-A076,Alive,,,1642.0,0.0,,,,matched
TCGA-A8-A079-01Z-00-DX1.DC32BC20-A3BC-43B3-B69F-1E71E289EA34,TCGA-A8-A079-01,TCGA-A8-A079,3,94.13936648436312,522116.0166824497,0.5221160166824498,72336.20265786006,0.13854430882524496,449779.81402458966,31109.991103495973,0.059584441215135196,32.56087110429548,57.92944070479904,94.97705626488177,67.46353181534451,peritumoral,5.0,50;100;200,/data1/deasy/Himangi/breast_feature_extraction/Ductal_outputs/TCGA-A8-A079-01/immune_proximity_wsi_summary.csv,TCGA-A8-A079,Alive,,,274.0,0.0,,,,matched
TCGA-A8-A07E-01Z-00-DX1.AC684481-979A-46F9-91D7-C56CE85992F2,TCGA-A8-A07E-01,TCGA-A8-A07E,11,17.909298972789045,143250.30957031803,0.14325030957031804,2421.78125,0.016905940777818755,140828.52832031803,21092.782040626596,0.14724423356497301,72.79910429227688,89.79933541977458,100.0,17.11724276862369,margin-localized,5.0,50;100;200,/data1/deasy/Himangi/breast_feature_extraction/Ductal_outputs/TCGA-A8-A07E-01/immune_proximity_wsi_summary.csv,TCGA-A8-A07E,Alive,,,608.0,0.0,,,,matched
TCGA-A8-A07F-01Z-00-DX1.E6FE5B3A-A412-4E7B-A710-7DFD3596F4E3,TCGA-A8-A07F-01,TCGA-A8-A07F,1,34.6139801900702,42504.53516625169,0.04250453516625169,1164.3125,0.027392665169632444,41340.22266625169,9800.878916251688,0.23058431007224656,93.87624170028175,100.0,100.0,9.070039966835868,margin-localized,5.0,50;100;200,/data1/deasy/Himangi/breast_feature_extraction/Ductal_outputs/TCGA-A8-A07F-01/immune_proximity_wsi_summary.csv,TCGA-A8-A07F,Alive,,,577.0,0.0,,,,matched
TCGA-A8-A07G-01Z-00-DX1.37E8A762-8141-4BE6-935A-B3DCB712BB4A,TCGA-A8-A07G-01,TCGA-A8-A07G,3,11.542134640125989,17465.9375,0.0174659375,0.0,0.0,17465.9375,378.75,0.021685065574063803,69.12597734876815,75.38226190263191,99.19056735431465,7.251077506136588,margin-localized,5.0,50;100;200,/data1/deasy/Himangi/breast_feature_extraction/Ductal_outputs/TCGA-A8-A07G-01/immune_proximity_wsi_summary.csv,TCGA-A8-A07G,Alive,,,577.0,0.0,,,,matched
TCGA-A8-A07J-01Z-00-DX1.FE16248C-D890-4750-A9FC-5F72BE8D8B85,TCGA-A8-A07J-01,TCGA-A8-A07J,4,15.081371541177923,44696.40625,0.04469640625,3004.84375,0.06722786018171203,41691.5625,4269.5625,0.0955236194185075,50.78344525741374,52.83849023096795,99.80024960060408,128.7561436640986,immune-excluded,5.0,50;100;200,/data1/deasy/Himangi/breast_feature_extraction/Ductal_outputs/TCGA-A8-A07J-01/immune_proximity_wsi_summary.csv,TCGA-A8-A07J,Alive,,,365.0,0.0,,,,matched
TCGA-A8-A07O-01Z-00-DX1.3D657129-F2A7-4BC1-A910-805FBDCE2212,TCGA-A8-A07O-01,TCGA-A8-A07O,2,36.63022319388905,5026315.542255539,5.0263155422555394,142829.15625,0.028416273321731404,4883486.386005539,158627.16327828748,0.03155933246624309,67.80805396277898,95.0154452274378,98.83698252435289,34.01883669380833,margin-localized,5.0,50;100;200,/data1/deasy/Himangi/breast_feature_extraction/Ductal_outputs/TCGA-A8-A07O-01/immune_proximity_wsi_summary.csv,TCGA-A8-A07O,Alive,,,304.0,0.0,,,,matched
TCGA-A8-A07P-01Z-00-DX1.2C7C75EF-EEE2-4A42-994C-A1A40850C87A,TCGA-A8-A07P-01,TCGA-A8-A07P,1,24.524292478007943,67223.29258308088,0.06722329258308088,371.5,0.005526358286316685,66851.79258308088,5894.25,0.08768166172038257,51.60696733231204,64.71049835783191,99.73525731459812,46.97905118241534,margin-localized,5.0,50;100;200,/data1/deasy/Himangi/breast_feature_extraction/Ductal_outputs/TCGA-A8-A07P-01/immune_proximity_wsi_summary.csv,TCGA-A8-A07P,Alive,,,334.0,0.0,,,,matched
TCGA-A8-A07R-01Z-00-DX1.D716752E-86AF-468B-A905-A7894B978F22,TCGA-A8-A07R-01,TCGA-A8-A07R,1,31.85520849266362,220201.40442346747,0.22020140442346747,11802.65625,0.05359936863664326,208398.74817346747,4069.59375,0.018481234307542373,38.9302222086743,95.35147151908487,97.63053566181345,63.33492322565805,peritumoral,5.0,50;100;200,/data1/deasy/Himangi/breast_feature_extraction/Ductal_outputs/TCGA-A8-A07R-01/immune_proximity_wsi_summary.csv,TCGA-A8-A07R,Alive,,,273.0,0.0,,,,matched
TCGA-A8-A07W-01Z-00-DX1.5970CF33-D675-4AF4-800F-7182AA1A44A6,TCGA-A8-A07W-01,TCGA-A8-A07W,1,50.269185830467364,541618.3162725915,0.5416183162725915,38105.605983948495,0.07035509110214488,503512.710288643,17949.562829454033,0.033140612660558885,67.23715749761146,92.40515023172232,99.03605434064154,33.985520814017256,margin-localized,5.0,50;100;200,/data1/deasy/Himangi/breast_feature_extraction/Ductal_outputs/TCGA-A8-A07W-01/immune_proximity_wsi_summary.csv,TCGA-A8-A07W,Alive,,,304.0,0.0,,,,matched
TCGA-A8-A07Z-01Z-00-DX1.713945D9-6855-456D-87FB-EF8AF8980F51,TCGA-A8-A07Z-01,TCGA-A8-A07Z,1,34.839088291906,141475.98933234205,0.14147598933234207,11429.77751924884,0.08078952176400113,130046.21181309322,22046.12126924884,0.15582941934733655,84.95207987393124,92.55942197543625,98.78620410208293,17.76627774746303,margin-localized,5.0,50;100;200,/data1/deasy/Himangi/breast_feature_extraction/Ductal_outputs/TCGA-A8-A07Z-01/immune_proximity_wsi_summary.csv,TCGA-A8-A07Z,Alive,,,1371.0,0.0,,,,matched
TCGA-A8-A081-01Z-00-DX1.06D727F7-4B41-419B-A251-3D804235ACE5,TCGA-A8-A081-01,TCGA-A8-A081,1,19.208578739992547,1526686.8266852465,1.5266868266852465,241551.15625,0.15821919206210588,1285135.6704352465,55429.011897886885,0.036306733593971435,50.52932272380287,80.57748650434115,87.35439858640957,39.4146625635689,margin-localized,5.0,50;100;200,/data1/deasy/Himangi/breast_feature_extraction/Ductal_outputs/TCGA-A8-A081-01/immune_proximity_wsi_summary.csv,TCGA-A8-A081,Alive,,,0.0,0.0,,,,matched
TCGA-A8-A082-01Z-00-DX1.5F82E38D-0DFD-4C2C-BC05-8F0EFEFC507C,TCGA-A8-A082-01,TCGA-A8-A082,1,31.95879506044597,130385.63350090726,0.13038563350090726,53169.78125,0.40778864835311807,77215.85225090725,7985.96875,0.06124883958127512,43.79283074638142,50.32856606388747,62.02886545787379,21.73742452545839,immune-penetrated,5.0,50;100;200,/data1/deasy/Himangi/breast_feature_extraction/Ductal_outputs/TCGA-A8-A082-01/immune_proximity_wsi_summary.csv,TCGA-A8-A082,Alive,,,549.0,0.0,,,,matched
TCGA-A8-A083-01Z-00-DX1.AD121BA9-B5FA-4A03-869B-8FE2C5014CE0,TCGA-A8-A083-01,TCGA-A8-A083,4,55.98156047290517,231100.87838968856,0.23110087838968857,51699.46875,0.22370952940656053,179401.40963968853,64125.65625,0.2774790675692266,81.26222775450421,87.50200823499391,94.39884755514734,9.318161031018942,margin-localized,5.0,50;100;200,/data1/deasy/Himangi/breast_feature_extraction/Ductal_outputs/TCGA-A8-A083-01/immune_proximity_wsi_summary.csv,TCGA-A8-A083,Alive,,,0.0,0.0,,,,matched
TCGA-A8-A085-01Z-00-DX1.0DA29016-AEA4-4E5F-B679-83095A79F5B3,TCGA-A8-A085-01,TCGA-A8-A085,3,40.40424625317655,1850853.603022431,1.850853603022431,388779.34375,0.21005407619226396,1462074.259272431,163118.38604917427,0.08813143610213313,81.72251307699963,89.2289630754992,93.97741062188975,15.062888999126297,margin-localized,5.0,50;100;200,/data1/deasy/Himangi/breast_feature_extraction/Ductal_outputs/TCGA-A8-A085-01/immune_proximity_wsi_summary.csv,TCGA-A8-A085,Alive,,,1124.0,0.0,,,,matched
TCGA-A8-A08A-01Z-00-DX1.3BB777A0-8652-4483-8DD6-8EB88AB0A8EF,TCGA-A8-A08A-01,TCGA-A8-A08A,2,35.16555155366654,20313.372283152057,0.020313372283152057,2313.90625,0.1139104929376575,17999.466033152057,1708.7472831520572,0.0841193308197918,85.98152507468284,100.0,100.0,23.950469723994978,margin-localized,5.0,50;100;200,/data1/deasy/Himangi/breast_feature_extraction/Ductal_outputs/TCGA-A8-A08A-01/immune_proximity_wsi_summary.csv,TCGA-A8-A08A,Alive,,,30.0,0.0,,,,matched
TCGA-A8-A08B-01Z-00-DX1.416316FD-E8BF-402C-939A-08920F08A181,TCGA-A8-A08B-01,TCGA-A8-A08B,2,31.353529811204275,1959533.4160606759,1.9595334160606759,125277.4076778352,0.06393226400276711,1834256.0083828408,12472.735720234392,0.006365155918243438,37.77043134319183,76.57275836577507,99.2326560706841,52.71444299240959,peritumoral,5.0,50;100;200,/data1/deasy/Himangi/breast_feature_extraction/Ductal_outputs/TCGA-A8-A08B-01/immune_proximity_wsi_summary.csv,TCGA-A8-A08B,Alive,,,1156.0,0.0,,,,matched
TCGA-A8-A08C-01Z-00-DX1.0602211C-1098-4711-AA41-8F56B11DB36F,TCGA-A8-A08C-01,TCGA-A8-A08C,2,37.910376509890405,334380.90542281733,0.33438090542281734,56762.625,0.16975438513220395,277618.28042281733,55314.051591520314,0.16542227948565696,90.9307389295648,98.13328799374653,100.0,13.33346354103089,margin-localized,5.0,50;100;200,/data1/deasy/Himangi/breast_feature_extraction/Ductal_outputs/TCGA-A8-A08C-01/immune_proximity_wsi_summary.csv,TCGA-A8-A08C,Alive,,,881.0,0.0,,,,matched
TCGA-A8-A08F-01Z-00-DX1.9D2222F6-1425-46FD-BC94-728EF835FAC2,TCGA-A8-A08F-01,TCGA-A8-A08F,1,35.08374511564019,1053436.189065737,1.0534361890657369,39560.9375,0.0375541849716455,1013875.251565737,113465.35148819501,0.10770975277470224,65.83293531744799,89.21332084762842,98.28243188698569,35.00758846307469,margin-localized,5.0,50;100;200,/data1/deasy/Himangi/breast_feature_extraction/Ductal_outputs/TCGA-A8-A08F-01/immune_proximity_wsi_summary.csv,TCGA-A8-A08F,Alive,,,1004.0,0.0,,,,matched
TCGA-A8-A08G-01Z-00-DX1.C3BB7FEC-91B7-4B45-8DFC-36CABCC0FD57,TCGA-A8-A08G-01,TCGA-A8-A08G,3,41.499643137938556,240043.05501828942,0.24004305501828943,24489.875,0.10202284335255632,215553.18001828942,31710.65625,0.1321040354514064,86.34765672477612,94.78131366371869,99.97638444486734,25.625,margin-localized,5.0,50;100;200,/data1/deasy/Himangi/breast_feature_extraction/Ductal_outputs/TCGA-A8-A08G-01/immune_proximity_wsi_summary.csv,TCGA-A8-A08G,Alive,,,607.0,0.0,,,,matched
TCGA-A8-A08H-01Z-00-DX1.6AA6A530-3BD3-4582-9D6B-8AE3B4A73948,TCGA-A8-A08H-01,TCGA-A8-A08H,1,35.986362828931604,43592.29018176191,0.04359229018176191,2235.84375,0.05128988958087431,41356.44643176191,3684.09375,0.08451250747870426,26.414791358719558,37.516185930103575,99.05731610271779,136.0308587462786,immune-excluded,5.0,50;100;200,/data1/deasy/Himangi/breast_feature_extraction/Ductal_outputs/TCGA-A8-A08H-01/immune_proximity_wsi_summary.csv,TCGA-A8-A08H,Alive,,,0.0,0.0,,,,matched
TCGA-A8-A08I-01Z-00-DX1.96A0065E-5430-40F6-835E-1A7238A79DDA,TCGA-A8-A08I-01,TCGA-A8-A08I,2,26.13532897802119,2438855.171748281,2.438855171748281,148998.75444569852,0.06109372798012008,2289856.4173025824,102948.80629637573,0.04221193922826397,61.30652742700686,93.80017365299416,99.61876178270902,39.07764706325088,margin-localized,5.0,50;100;200,/data1/deasy/Himangi/breast_feature_extraction/Ductal_outputs/TCGA-A8-A08I-01/immune_proximity_wsi_summary.csv,TCGA-A8-A08I,Alive,,,365.0,0.0,,,,matched
TCGA-A8-A08L-01Z-00-DX1.0FC652B1-336D-4198-93FE-58D2214866D3,TCGA-A8-A08L-01,TCGA-A8-A08L,3,57.352558110712366,2495822.499901625,2.495822499901625,225161.21875,0.09021523716485244,2270661.2811516253,218090.2473575317,0.08738211445971336,70.87027335244099,89.54237448187133,96.24697456036057,14.342354234922523,margin-localized,5.0,50;100;200,/data1/deasy/Himangi/breast_feature_extraction/Ductal_outputs/TCGA-A8-A08L-01/immune_proximity_wsi_summary.csv,TCGA-A8-A08L,Dead,30.0,,30.0,1.0,30.0,0.9856262833675564,0.08213552361396304,matched
TCGA-A8-A08O-01Z-00-DX1.BC87C01D-F081-41CA-939A-875C61588E88,TCGA-A8-A08O-01,TCGA-A8-A08O,1,21.399580625333556,77439.61096852657,0.07743961096852657,1519.90625,0.019626987158002752,75919.70471852657,613.6875,0.007924723437071736,14.184860557106086,65.70027909935199,100.0,55.84031361838864,peritumoral,5.0,50;100;200,/data1/deasy/Himangi/breast_feature_extraction/Ductal_outputs/TCGA-A8-A08O-01/immune_proximity_wsi_summary.csv,TCGA-A8-A08O,Alive,,,943.0,0.0,,,,matched
TCGA-A8-A08P-01Z-00-DX1.431A1290-9CF4-4CE7-A9F0-13F9ADA46ADA,TCGA-A8-A08P-01,TCGA-A8-A08P,4,51.81121115791429,1500546.240056513,1.500546240056513,72390.96875,0.048243077632365156,1428155.271306513,27469.324383219762,0.01830621652964538,53.09981890210674,76.81793554023925,89.4955820404819,53.488462541000374,peritumoral,5.0,50;100;200,/data1/deasy/Himangi/breast_feature_extraction/Ductal_outputs/TCGA-A8-A08P-01/immune_proximity_wsi_summary.csv,TCGA-A8-A08P,Alive,,,943.0,0.0,,,,matched
TCGA-A8-A08R-01Z-00-DX1.72FBD9A3-5EB9-4855-89EB-697883C2EA9B,TCGA-A8-A08R-01,TCGA-A8-A08R,2,16.863583213823535,25927.65625,0.02592765625,7814.71875,0.3014047499954802,18112.9375,2994.03125,0.11547635548431032,65.99215364867389,75.15177446862363,90.71370459873326,7.1556358906808555,margin-localized,5.0,50;100;200,/data1/deasy/Himangi/breast_feature_extraction/Ductal_outputs/TCGA-A8-A08R-01/immune_proximity_wsi_summary.csv,TCGA-A8-A08R,Alive,,,30.0,0.0,,,,matched
TCGA-A8-A08S-01Z-00-DX1.C0E044C2-FC3F-4E3D-A779-A725FF375F21,TCGA-A8-A08S-01,TCGA-A8-A08S,2,26.99307257427425,210005.10873780842,0.21000510873780842,37117.65625,0.1767464442797981,172887.45248780842,29896.235276924075,0.14235956190118002,64.9324197785969,87.70822430946016,96.35401726842777,15.656468311851176,margin-localized,5.0,50;100;200,/data1/deasy/Himangi/breast_feature_extraction/Ductal_outputs/TCGA-A8-A08S-01/immune_proximity_wsi_summary.csv,TCGA-A8-A08S,Alive,,,1004.0,0.0,,,,matched
TCGA-A8-A08T-01Z-00-DX1.ABA1ABF2-DDB1-4E31-89DC-0F7821311D11,TCGA-A8-A08T-01,TCGA-A8-A08T,2,42.79327912236646,12781.950108918152,0.012781950108918153,1054.90189786002,0.0825305910968937,11727.048211058132,2256.05814786002,0.17650343872692287,87.55556118194893,98.33638874157575,98.588830354813,9.0,margin-localized,5.0,50;100;200,/data1/deasy/Himangi/breast_feature_extraction/Ductal_outputs/TCGA-A8-A08T-01/immune_proximity_wsi_summary.csv,TCGA-A8-A08T,Dead,3409.0,,3409.0,1.0,3409.0,112.0,9.333333333333334,matched
TCGA-A8-A08X-01Z-00-DX1.01FB49CC-6B8E-4317-8C42-6B6D81187A40,TCGA-A8-A08X-01,TCGA-A8-A08X,2,28.056982015747167,4872290.3449483095,4.8722903449483095,133849.9324034869,0.027471665875221343,4738440.412544822,223858.0619424955,0.0459451399842368,32.148313825621535,80.66733662431916,99.80528368320553,70.20205214236974,peritumoral,5.0,50;100;200,/data1/deasy/Himangi/breast_feature_extraction/Ductal_outputs/TCGA-A8-A08X-01/immune_proximity_wsi_summary.csv,TCGA-A8-A08X,Alive,,,1308.0,0.0,,,,matched
TCGA-A8-A08Z-01Z-00-DX1.D0AADCA6-C27C-4FB8-89C1-94B5901146E7,TCGA-A8-A08Z-01,TCGA-A8-A08Z,2,41.429948190750764,368288.9377157452,0.36828893771574517,53915.63497567928,0.1463949346675537,314373.3027400659,91723.93577892028,0.24905427881658274,90.04030645925005,98.99169690704473,100.0,9.87579110755184,margin-localized,5.0,50;100;200,/data1/deasy/Himangi/breast_feature_extraction/Ductal_outputs/TCGA-A8-A08Z-01/immune_proximity_wsi_summary.csv,TCGA-A8-A08Z,Alive,,,1217.0,0.0,,,,matched
TCGA-A8-A090-01Z-00-DX1.01574070-D65E-486F-B69D-0F8E3816D057,TCGA-A8-A090-01,TCGA-A8-A090,1,14.894251228295934,23878.62927456356,0.023878629274563558,4157.03125,0.17409002846022786,19721.59802456356,1895.375,0.07937536858612847,41.7016451635581,91.98315582528349,100.0,56.632725742277316,peritumoral,5.0,50;100;200,/data1/deasy/Himangi/breast_feature_extraction/Ductal_outputs/TCGA-A8-A090-01/immune_proximity_wsi_summary.csv,TCGA-A8-A090,Alive,,,0.0,0.0,,,,matched
TCGA-A8-A091-01Z-00-DX1.1F38CADB-A093-416E-A8A8-31E61CD730BA,TCGA-A8-A091-01,TCGA-A8-A091,2,20.590932213977045,842974.8873008831,0.8429748873008831,236254.59375,0.28026290855052916,606720.2935508831,123779.81341787387,0.14683689310627487,77.51764510841589,86.07837610848922,91.17997153651126,11.787838012120798,margin-localized,5.0,50;100;200,/data1/deasy/Himangi/breast_feature_extraction/Ductal_outputs/TCGA-A8-A091-01/immune_proximity_wsi_summary.csv,TCGA-A8-A091,Alive,,,1004.0,0.0,,,,matched
TCGA-A8-A092-01Z-00-DX1.2A55EA0C-47CD-426B-9697-F2B761730585,TCGA-A8-A092-01,TCGA-A8-A092,4,45.88599540653356,323129.89163783647,0.32312989163783645,9473.09375,0.029316674177013096,313656.79788783647,13014.22341696046,0.040275516916728905,60.506923356864974,75.95723477519375,94.39188620124371,41.1570923414179,margin-localized,5.0,50;100;200,/data1/deasy/Himangi/breast_feature_extraction/Ductal_outputs/TCGA-A8-A092-01/immune_proximity_wsi_summary.csv,TCGA-A8-A092,Alive,,,942.0,0.0,,,,matched
TCGA-A8-A093-01Z-00-DX1.1C8056D1-11CD-482D-9A23-3A9D1B4E63F0,TCGA-A8-A093-01,TCGA-A8-A093,2,14.375491232174571,37393.79712829852,0.037393797128298524,1923.96875,0.05145154805752522,35469.82837829852,11319.43841028557,0.3027089859702788,95.6882488759271,100.0,100.0,8.300978857941995,margin-localized,5.0,50;100;200,/data1/deasy/Himangi/breast_feature_extraction/Ductal_outputs/TCGA-A8-A093-01/immune_proximity_wsi_summary.csv,TCGA-A8-A093,Alive,,,546.0,0.0,,,,matched
TCGA-A8-A095-01Z-00-DX1.97072E53-7323-4836-9D58-22B7C346A7CE,TCGA-A8-A095-01,TCGA-A8-A095,1,13.849975610452091,50525.55094372525,0.050525550943725246,455.03125,0.00900596315133324,50070.51969372525,595.78125,0.011791682403692619,57.097472390021956,91.28129063128539,100.0,48.45261860828577,margin-localized,5.0,50;100;200,/data1/deasy/Himangi/breast_feature_extraction/Ductal_outputs/TCGA-A8-A095-01/immune_proximity_wsi_summary.csv,TCGA-A8-A095,Alive,,,1277.0,0.0,,,,matched
TCGA-A8-A099-01Z-00-DX1.B19C28B5-FEBC-49B4-A60E-E6B85BB00DD7,TCGA-A8-A099-01,TCGA-A8-A099,2,49.67009865361755,400276.6751100741,0.4002766751100741,18182.1875,0.04542404949026817,382094.4876100741,66401.75343955061,0.16588963976302254,91.04101827632661,97.94986628084827,100.0,12.53058757600776,margin-localized,5.0,50;100;200,/data1/deasy/Himangi/breast_feature_extraction/Ductal_outputs/TCGA-A8-A099-01/immune_proximity_wsi_summary.csv,TCGA-A8-A099,Alive,,,304.0,0.0,,,,matched
TCGA-A8-A09A-01Z-00-DX1.78773A6C-BA8A-46BE-AC2A-9C6FDAB45622,TCGA-A8-A09A-01,TCGA-A8-A09A,3,33.04840645324539,148455.29473922745,0.14845529473922744,2515.34375,0.01694344249841937,145939.95098922745,5757.078086180294,0.03877987710908541,44.64715136697572,95.25866833218595,100.0,69.43828757429146,peritumoral,5.0,50;100;200,/data1/deasy/Himangi/breast_feature_extraction/Ductal_outputs/TCGA-A8-A09A-01/immune_proximity_wsi_summary.csv,TCGA-A8-A09A,Alive,,,304.0,0.0,,,,matched
TCGA-A8-A09B-01Z-00-DX1.97CCDA89-AB73-4F05-A900-668160227B78,TCGA-A8-A09B-01,TCGA-A8-A09B,2,33.71340665983476,18133.5625,0.0181335625,5399.03125,0.2977369311738937,12734.53125,2294.09375,0.12651092414962586,65.53369615043928,98.37628430706873,99.86833806098498,41.371223392595006,immune-penetrated,5.0,50;100;200,/data1/deasy/Himangi/breast_feature_extraction/Ductal_outputs/TCGA-A8-A09B-01/immune_proximity_wsi_summary.csv,TCGA-A8-A09B,Alive,,,365.0,0.0,,,,matched
TCGA-A8-A09C-01Z-00-DX1.19E0C0E9-0ED6-4E3A-95FE-A5778F5DDBCD,TCGA-A8-A09C-01,TCGA-A8-A09C,1,20.98831636840285,34783.749543827915,0.034783749543827916,1709.53125,0.04914741143262809,33074.218293827915,4542.5,0.13059259164330167,47.29399566102564,99.70043784613644,100.0,61.85517359122032,peritumoral,5.0,50;100;200,/data1/deasy/Himangi/breast_feature_extraction/Ductal_outputs/TCGA-A8-A09C-01/immune_proximity_wsi_summary.csv,TCGA-A8-A09C,Alive,,,31.0,0.0,,,,matched
TCGA-A8-A09D-01Z-00-DX1.66312A8A-88BA-4B58-96DF-1A7AC39F9E4A,TCGA-A8-A09D-01,TCGA-A8-A09D,5,40.49867649250752,171002.55380012465,0.17100255380012463,26866.71875,0.15711296792329202,144135.83505012465,26163.405393442732,0.15300008574154791,74.50265306531985,90.57737764420818,98.7950348631594,15.206521010737466,margin-localized,5.0,50;100;200,/data1/deasy/Himangi/breast_feature_extraction/Ductal_outputs/TCGA-A8-A09D-01/immune_proximity_wsi_summary.csv,TCGA-A8-A09D,Alive,,,1522.0,0.0,,,,matched
TCGA-A8-A09E-01Z-00-DX1.239A8E03-49EA-4C29-AF86-FC1BD8A9DB20,TCGA-A8-A09E-01,TCGA-A8-A09E,1,20.431773433127947,90566.44081396457,0.09056644081396457,3994.125,0.04410160059402644,86572.31581396457,385.28125,0.004254128201763152,66.8330130962451,94.96812786387282,99.79114090351796,39.61632397131263,margin-localized,5.0,50;100;200,/data1/deasy/Himangi/breast_feature_extraction/Ductal_outputs/TCGA-A8-A09E-01/immune_proximity_wsi_summary.csv,TCGA-A8-A09E,Alive,,,1492.0,0.0,,,,matched
TCGA-A8-A09G-01Z-00-DX1.B834728C-DAC5-4463-961D-7E3B220905C1,TCGA-A8-A09G-01,TCGA-A8-A09G,3,56.84601794507213,810398.1424305657,0.8103981424305656,220377.125,0.27193685851628385,590021.0174305656,101722.73065262634,0.12552191981528618,76.01706718640415,84.6790940827201,93.84026151635992,15.450020226523977,margin-localized,5.0,50;100;200,/data1/deasy/Himangi/breast_feature_extraction/Ductal_outputs/TCGA-A8-A09G-01/immune_proximity_wsi_summary.csv,TCGA-A8-A09G,Alive,,,0.0,0.0,,,,matched
TCGA-A8-A09N-01Z-00-DX1.A0E4EF10-5BFF-46A0-94C7-578EA3A88599,TCGA-A8-A09N-01,TCGA-A8-A09N,2,27.78377846039292,60236.907968627085,0.06023690796862709,585.09375,0.009713210218305556,59651.814218627085,11168.84375,0.18541528983886454,87.81591184069536,91.8855932892644,100.0,22.05957841845578,margin-localized,5.0,50;100;200,/data1/deasy/Himangi/breast_feature_extraction/Ductal_outputs/TCGA-A8-A09N-01/immune_proximity_wsi_summary.csv,TCGA-A8-A09N,Alive,,,31.0,0.0,,,,matched
TCGA-A8-A09Q-01Z-00-DX1.C7240AFB-5971-4577-812C-A255C249001A,TCGA-A8-A09Q-01,TCGA-A8-A09Q,1,30.817057649177183,2375407.5378365507,2.375407537836551,700903.5722756741,0.2950666616617862,1674503.9655608768,74983.00426811344,0.03156637464256162,65.8446123987915,83.3037498977285,93.45404562066777,30.188211689333304,margin-localized,5.0,50;100;200,/data1/deasy/Himangi/breast_feature_extraction/Ductal_outputs/TCGA-A8-A09Q-01/immune_proximity_wsi_summary.csv,TCGA-A8-A09Q,Alive,,,761.0,0.0,,,,matched
TCGA-A8-A09R-01Z-00-DX1.392580F3-0CE5-4EDB-91CF-814AAD0DB649,TCGA-A8-A09R-01,TCGA-A8-A09R,1,41.218206940034584,332379.79766967753,0.3323797976696775,5943.375,0.01788127630400265,326436.42266967753,22803.174102162713,0.06860577647027977,75.98394996004093,94.83018838945546,99.66355318288286,33.89436715739062,margin-localized,5.0,50;100;200,/data1/deasy/Himangi/breast_feature_extraction/Ductal_outputs/TCGA-A8-A09R-01/immune_proximity_wsi_summary.csv,TCGA-A8-A09R,Alive,,,273.0,0.0,,,,matched
TCGA-A8-A0A9-01Z-00-DX1.16524DDD-539D-4E47-9A8F-1B910D4FEC2D,TCGA-A8-A0A9-01,TCGA-A8-A0A9,1,17.273212785536934,94157.69763207715,0.09415769763207715,6821.59375,0.07244860400745456,87336.10388207715,10449.923116498469,0.11098320561460334,69.08828556681848,97.92823101567453,100.0,26.117821980402578,margin-localized,5.0,50;100;200,/data1/deasy/Himangi/breast_feature_extraction/Ductal_outputs/TCGA-A8-A0A9-01/immune_proximity_wsi_summary.csv,TCGA-A8-A0A9,Alive,,,822.0,0.0,,,,matched
TCGA-AC-A23C-01Z-00-DX1.0E67C785-83D3-49AF-B600-FB5B909AE6ED,TCGA-AC-A23C-01,TCGA-AC-A23C,1,9.708004746456476,142858.21953385178,0.14285821953385178,31.1875,0.00021831085464851246,142827.03203385178,32.5,0.0002274982854052635,61.02201366417774,68.32260864151372,68.84605810300077,39.21754231208274,margin-localized,5.0,50;100;200,/data1/deasy/Himangi/breast_feature_extraction/Ductal_outputs/TCGA-AC-A23C-01/immune_proximity_wsi_summary.csv,TCGA-AC-A23C,Alive,,,585.0,0.0,,,,matched
TCGA-AC-A23E-01Z-00-DX1.F12A5A87-72CF-42F8-A6EC-8E7FAD80B1F7,TCGA-AC-A23E-01,TCGA-AC-A23E,2,33.72915027989892,34519.65165344276,0.03451965165344276,3491.71875,0.10115162183717342,31027.932903442757,7942.65625,0.23009085751326963,81.79135014714693,91.35691596788625,100.0,7.0644355754723955,margin-localized,5.0,50;100;200,/data1/deasy/Himangi/breast_feature_extraction/Ductal_outputs/TCGA-AC-A23E-01/immune_proximity_wsi_summary.csv,TCGA-AC-A23E,Alive,,,698.0,0.0,,,,matched
TCGA-AC-A23H-01Z-00-DX1.8E0AE339-1047-4CA5-BFC5-37A3B10FD8B5,TCGA-AC-A23H-01,TCGA-AC-A23H,1,24.920549763723685,70061.54651988279,0.07006154651988279,524.125,0.0074809225036341215,69537.42151988279,10040.28125,0.1433065889738912,79.16585189565501,96.75659482460723,100.0,31.195264564513632,margin-localized,5.0,50;100;200,/data1/deasy/Himangi/breast_feature_extraction/Ductal_outputs/TCGA-AC-A23H-01/immune_proximity_wsi_summary.csv,TCGA-AC-A23H,Dead,0.0,,0.0,1.0,0.0,0.0,0.0,matched
TCGA-AC-A2BM-01Z-00-DX1.162A9FA9-6E61-48BF-B0A5-C6C7640ABD9B,TCGA-AC-A2BM-01,TCGA-AC-A2BM,4,76.85885259134605,1133219.9190907006,1.1332199190907006,192212.21875,0.1696159902521231,941007.7003407006,48016.28125,0.04237154716493902,63.93692042159408,80.9939418529504,93.3849406061669,36.431871349136046,margin-localized,5.0,50;100;200,/data1/deasy/Himangi/breast_feature_extraction/Ductal_outputs/TCGA-AC-A2BM-01/immune_proximity_wsi_summary.csv,TCGA-AC-A2BM,Alive,,,3022.0,0.0,,,,matched
TCGA-AC-A5EH-01Z-00-DX1.DF59B26B-379F-4047-B7AE-4493810D30A0,TCGA-AC-A5EH-01,TCGA-AC-A5EH,2,61.432750953742385,84731.54816201265,0.08473154816201266,2483.4375,0.029309478628332077,82248.11066201265,10301.10078838149,0.12157338101134495,51.363689982812545,90.31509444242475,100.0,50.828910326702854,peritumoral,5.0,50;100;200,/data1/deasy/Himangi/breast_feature_extraction/Ductal_outputs/TCGA-AC-A5EH-01/immune_proximity_wsi_summary.csv,TCGA-AC-A5EH,Alive,,,511.0,0.0,,,,matched
TCGA-AC-A5XU-01Z-00-DX1.1AEEFAAF-0906-4086-8022-13B689FAB9F5,TCGA-AC-A5XU-01,TCGA-AC-A5XU,2,79.76730282365233,1168562.5943582784,1.1685625943582785,32117.0,0.027484193106178622,1136445.5943582784,51021.12718798348,0.04366144135907582,38.74106587229174,73.22344225828718,96.04703104763414,64.59126295405595,peritumoral,5.0,50;100;200,/data1/deasy/Himangi/breast_feature_extraction/Ductal_outputs/TCGA-AC-A5XU-01/immune_proximity_wsi_summary.csv,TCGA-AC-A5XU,Alive,,,455.0,0.0,,,,matched
TCGA-AC-A62V-01Z-00-DX1.2D8994FD-58B8-43C1-B99D-AA964E7DFD60,TCGA-AC-A62V-01,TCGA-AC-A62V,1,18.924519197906022,98873.1406466724,0.0988731406466724,16640.59375,0.16830246962080336,82232.5468966724,21878.703146672393,0.22128055206476063,80.61047608621179,90.1764903628285,95.89069389985364,9.173671565954386,margin-localized,5.0,50;100;200,/data1/deasy/Himangi/breast_feature_extraction/Ductal_outputs/TCGA-AC-A62V-01/immune_proximity_wsi_summary.csv,TCGA-AC-A62V,Dead,348.0,,348.0,1.0,348.0,11.433264887063656,0.9527720739219713,matched
TCGA-AC-A6IW-01Z-00-DX1.C4514189-E64F-4603-8970-230FA2BB77FC,TCGA-AC-A6IW-01,TCGA-AC-A6IW,2,25.450231010487386,1900216.1213523184,1.9002161213523185,799249.7807128619,0.42060993574986794,1100966.3406394564,46719.03125,0.024586167186473332,35.04988808543206,77.9161589319756,88.33315997687365,37.360155915092214,peritumoral,5.0,50;100;200,/data1/deasy/Himangi/breast_feature_extraction/Ductal_outputs/TCGA-AC-A6IW-01/immune_proximity_wsi_summary.csv,TCGA-AC-A6IW,Alive,,,413.0,0.0,,,,matched
TCGA-AC-A6NO-01Z-00-DX1.61B7F48C-6D6E-4C1B-B236-DD130ECBDA9D,TCGA-AC-A6NO-01,TCGA-AC-A6NO,2,23.46863335586629,577697.2829908405,0.5776972829908404,86058.5,0.148968157777132,491638.78299084044,20186.125521326925,0.034942393041594036,53.49301127419272,86.96580172104976,97.35077995460875,48.71168366008303,peritumoral,5.0,50;100;200,/data1/deasy/Himangi/breast_feature_extraction/Ductal_outputs/TCGA-AC-A6NO-01/immune_proximity_wsi_summary.csv,TCGA-AC-A6NO,Alive,,,51.0,0.0,,,,matched
TCGA-AC-A7VB-01Z-00-DX1.62D7FDB3-280D-43B2-92EA-AB810384B0B7,TCGA-AC-A7VB-01,TCGA-AC-A7VB,2,14.150660705537733,319539.5632479013,0.3195395632479013,66952.1875,0.20952706706949453,252587.37574790124,22665.78125,0.07093262887267487,84.61144581695264,95.26369679458604,99.75047103967486,14.232033630159817,margin-localized,5.0,50;100;200,/data1/deasy/Himangi/breast_feature_extraction/Ductal_outputs/TCGA-AC-A7VB-01/immune_proximity_wsi_summary.csv,TCGA-AC-A7VB,Alive,,,250.0,0.0,,,,matched
TCGA-AN-A03Y-01Z-00-DX1.074C48E5-ED69-40AE-8709-444898122BF4,TCGA-AN-A03Y-01,TCGA-AN-A03Y,7,54.603754831778474,3851303.9361315947,3.8513039361315946,395166.7498798582,0.10260596318367428,3456137.1862517362,775496.7279839695,0.20135952416233077,89.14241642866695,95.83403241725466,98.86781731199554,12.51124494205113,margin-localized,5.0,50;100;200,/data1/deasy/Himangi/breast_feature_extraction/Ductal_outputs/TCGA-AN-A03Y-01/immune_proximity_wsi_summary.csv,TCGA-AN-A03Y,Alive,,,10.0,0.0,,,,matched
TCGA-AN-A041-01Z-00-DX1.96D3628B-FB6E-4A41-A5E8-8896B0657F1C,TCGA-AN-A041-01,TCGA-AN-A041,6,8.473479140896119,536024.779626417,0.5360247796264169,23298.393328243896,0.04346514231017778,512726.3862981731,106705.12330455253,0.1990675195630336,88.74801439874366,97.9533292877598,99.99008324763697,16.875,margin-localized,5.0,50;100;200,/data1/deasy/Himangi/breast_feature_extraction/Ductal_outputs/TCGA-AN-A041-01/immune_proximity_wsi_summary.csv,TCGA-AN-A041,Alive,,,7.0,0.0,,,,matched
TCGA-AN-A046-01Z-00-DX1.C529B94F-AFE3-4701-BC98-5D6EDF7B82C0,TCGA-AN-A046-01,TCGA-AN-A046,2,58.47230401573962,1797568.883928407,1.797568883928407,42459.15625,0.02362032221942436,1755109.7276784072,191915.049746986,0.10676366923284457,71.68008021229667,98.10050372276247,99.97061482568358,30.937752524221924,margin-localized,5.0,50;100;200,/data1/deasy/Himangi/breast_feature_extraction/Ductal_outputs/TCGA-AN-A046-01/immune_proximity_wsi_summary.csv,TCGA-AN-A046,Alive,,,10.0,0.0,,,,matched
TCGA-AN-A0AK-01Z-00-DX1.4B410152-8588-4000-870A-B31B21161015,TCGA-AN-A0AK-01,TCGA-AN-A0AK,7,190.57531621453322,8501892.951453375,8.501892951453375,1571322.1875,0.1848202743168375,6930570.763953375,910965.5806353512,0.10714855924875227,70.46262721423116,89.33347388701117,97.50893630465,22.68577817157701,margin-localized,5.0,50;100;200,/data1/deasy/Himangi/breast_feature_extraction/Ductal_outputs/TCGA-AN-A0AK-01/immune_proximity_wsi_summary.csv,TCGA-AN-A0AK,Alive,,,224.0,0.0,,,,matched
TCGA-AN-A0AM-01Z-00-DX1.169CE39A-DD54-46D8-8D03-60B69A473CDB,TCGA-AN-A0AM-01,TCGA-AN-A0AM,1,39.16544336945807,2366148.1664816225,2.3661481664816226,252582.125,0.10674822844064773,2113566.0414816225,335566.25491960574,0.1418196289113123,53.80995156355608,86.04659897798015,95.7939519772165,31.40586131600278,margin-localized,5.0,50;100;200,/data1/deasy/Himangi/breast_feature_extraction/Ductal_outputs/TCGA-AN-A0AM-01/immune_proximity_wsi_summary.csv,TCGA-AN-A0AM,Alive,,,5.0,0.0,,,,matched
TCGA-AN-A0AR-01Z-00-DX1.0CF1267E-C61B-4928-875E-59032F838F07,TCGA-AN-A0AR-01,TCGA-AN-A0AR,9,93.41625776506443,3683795.7401706353,3.6837957401706354,687066.895253009,0.1865105841132179,2996728.8449176266,48559.87464325128,0.013182021498564945,48.44921547099947,90.81933846238493,99.83099680545844,72.76782427694262,peritumoral,5.0,50;100;200,/data1/deasy/Himangi/breast_feature_extraction/Ductal_outputs/TCGA-AN-A0AR-01/immune_proximity_wsi_summary.csv,TCGA-AN-A0AR,Alive,,,10.0,0.0,,,,matched
TCGA-AN-A0AT-01Z-00-DX1.DFD68CD2-C25E-47BE-BC06-8CE3C657B9FD,TCGA-AN-A0AT-01,TCGA-AN-A0AT,16,112.99184908435736,6568550.452033008,6.5685504520330085,1403129.6235023546,0.2136132825269047,5165420.828530653,59555.46875,0.009066759734115646,49.507663232586566,79.5669248559613,93.91526571405834,38.788287536316936,peritumoral,5.0,50;100;200,/data1/deasy/Himangi/breast_feature_extraction/Ductal_outputs/TCGA-AN-A0AT-01/immune_proximity_wsi_summary.csv,TCGA-AN-A0AT,Alive,,,10.0,0.0,,,,matched
TCGA-AN-A0FF-01Z-00-DX1.A23982C3-E0EB-4DB2-84EE-26E0005E3F66,TCGA-AN-A0FF-01,TCGA-AN-A0FF,8,179.45182447809506,7093903.2510198755,7.093903251019875,696173.5661312685,0.09813688480050543,6397729.684888607,700405.4288063782,0.09873343405207596,78.97629669589541,93.66832402652354,98.28743953595934,20.014057559625435,margin-localized,5.0,50;100;200,/data1/deasy/Himangi/breast_feature_extraction/Ductal_outputs/TCGA-AN-A0FF-01/immune_proximity_wsi_summary.csv,TCGA-AN-A0FF,Alive,,,172.0,0.0,,,,matched
TCGA-AN-A0FK-01Z-00-DX1.8966A1D5-CE3A-4B08-A1F6-E613BEB1ABD1,TCGA-AN-A0FK-01,TCGA-AN-A0FK,6,188.9479687807727,884702.7972984882,0.8847027972984882,261071.59375,0.29509525068441433,623631.2035484882,173732.75067250902,0.19637413965799144,71.88599319575395,77.80619970661138,81.56015282780221,11.943388599974465,margin-localized,5.0,50;100;200,/data1/deasy/Himangi/breast_feature_extraction/Ductal_outputs/TCGA-AN-A0FK-01/immune_proximity_wsi_summary.csv,TCGA-AN-A0FK,Alive,,,213.0,0.0,,,,matched
TCGA-AN-A0FL-01Z-00-DX1.20A041C6-A306-4599-A7D1-65032A252AA9,TCGA-AN-A0FL-01,TCGA-AN-A0FL,3,135.77325392854854,5236637.57574453,5.23663757574453,4506444.375,0.8605606765442969,730193.2007445307,188250.75,0.03594878340864272,16.47651694347927,20.76243747461494,29.804843578899476,10.580790376904742,immune-penetrated,5.0,50;100;200,/data1/deasy/Himangi/breast_feature_extraction/Ductal_outputs/TCGA-AN-A0FL-01/immune_proximity_wsi_summary.csv,TCGA-AN-A0FL,Alive,,,231.0,0.0,,,,matched
TCGA-AN-A0FT-01Z-00-DX1.6F263AB3-FB1D-4056-AEC2-4F163017324F,TCGA-AN-A0FT-01,TCGA-AN-A0FT,3,89.7266522237525,95946.94149180662,0.09594694149180662,1147.75,0.011962340666148406,94799.19149180662,28546.212967381372,0.297520822691561,89.90181296225592,99.93505525133875,100.0,15.625,margin-localized,5.0,50;100;200,/data1/deasy/Himangi/breast_feature_extraction/Ductal_outputs/TCGA-AN-A0FT-01/immune_proximity_wsi_summary.csv,TCGA-AN-A0FT,Alive,,,214.0,0.0,,,,matched
TCGA-AN-A0FW-01Z-00-DX1.5EEDFC71-6ABE-4189-8C45-2127403A8F04,TCGA-AN-A0FW-01,TCGA-AN-A0FW,3,42.930538003768916,79734.73477665184,0.07973473477665184,129.625,0.0016257030309701009,79605.10977665184,8643.04835286234,0.10839753060034288,57.37282680277283,69.84920861822751,99.06396659863407,87.10670539631263,peritumoral,5.0,50;100;200,/data1/deasy/Himangi/breast_feature_extraction/Ductal_outputs/TCGA-AN-A0FW-01/immune_proximity_wsi_summary.csv,TCGA-AN-A0FW,Alive,,,11.0,0.0,,,,matched
TCGA-AN-A0FX-01Z-00-DX1.C9656600-F823-4044-972B-7059B39FC539,TCGA-AN-A0FX-01,TCGA-AN-A0FX,3,68.66739257091206,442065.25228325656,0.44206525228325655,16255.6875,0.036772144872368406,425809.5647832565,5873.707234078256,0.013286968843944863,28.34204700355724,87.33555522648308,97.2921771869258,69.80922664662602,peritumoral,5.0,50;100;200,/data1/deasy/Himangi/breast_feature_extraction/Ductal_outputs/TCGA-AN-A0FX-01/immune_proximity_wsi_summary.csv,TCGA-AN-A0FX,Alive,,,10.0,0.0,,,,matched
TCGA-AN-A0FY-01Z-00-DX1.25F5E2A1-F92C-4FE1-BD90-0CDDE50DC066,TCGA-AN-A0FY-01,TCGA-AN-A0FY,2,62.81009462678629,1179152.1888315128,1.1791521888315128,73744.78125,0.06254051169007944,1105407.4075815128,240569.79004342182,0.2040192880291523,84.4161532242457,98.51128248167164,99.99220043427209,12.53557437854365,margin-localized,5.0,50;100;200,/data1/deasy/Himangi/breast_feature_extraction/Ductal_outputs/TCGA-AN-A0FY-01/immune_proximity_wsi_summary.csv,TCGA-AN-A0FY,Alive,,,10.0,0.0,,,,matched
TCGA-AN-A0FZ-01Z-00-DX1.9555AF11-3A0D-4FE3-AE91-09DA77B175CA,TCGA-AN-A0FZ-01,TCGA-AN-A0FZ,2,62.08567386615726,88367.80929673855,0.08836780929673854,1206.375,0.013651747277665336,87161.43429673855,8149.787384212774,0.09222574882269446,57.879256644761554,99.89284842438263,100.0,43.762721364764325,margin-localized,5.0,50;100;200,/data1/deasy/Himangi/breast_feature_extraction/Ductal_outputs/TCGA-AN-A0FZ-01/immune_proximity_wsi_summary.csv,TCGA-AN-A0FZ,Alive,,,10.0,0.0,,,,matched
TCGA-AN-A0G0-01Z-00-DX1.BE0BB5DF-DEDA-48D8-B5D8-2735C767F28F,TCGA-AN-A0G0-01,TCGA-AN-A0G0,1,55.95637781668502,954369.4039952557,0.9543694039952557,58341.75,0.06113120323824843,896027.6539952557,15902.90625,0.01666326077033276,59.16128009372581,68.78947167714841,96.04958007738865,40.043921199103366,margin-localized,5.0,50;100;200,/data1/deasy/Himangi/breast_feature_extraction/Ductal_outputs/TCGA-AN-A0G0-01/immune_proximity_wsi_summary.csv,TCGA-AN-A0G0,Alive,,,16.0,0.0,,,,matched
TCGA-AN-A0XN-01Z-00-DX1.A8EB9F62-236E-4C59-A206-DF0C7654AC30,TCGA-AN-A0XN-01,TCGA-AN-A0XN,5,40.32123404418941,9388481.784011893,9.388481784011892,1355391.1539217401,0.14436744780502236,8033090.630090153,2520639.063470514,0.2684820742543309,95.05907705061968,99.45504394992234,99.98681194033995,16.179655435144472,margin-localized,5.0,50;100;200,/data1/deasy/Himangi/breast_feature_extraction/Ductal_outputs/TCGA-AN-A0XN-01/immune_proximity_wsi_summary.csv,TCGA-AN-A0XN,Alive,,,10.0,0.0,,,,matched
TCGA-AN-A0XO-01Z-00-DX1.204E554E-B1A8-41AD-8E39-62484DF4E3CD,TCGA-AN-A0XO-01,TCGA-AN-A0XO,6,16.991270167014584,162913.24415624674,0.16291324415624675,17587.318649219582,0.10795511893650553,145325.92550702716,37806.70613908284,0.23206649855197287,89.33908779910847,98.87860685696288,100.0,14.366845513194606,margin-localized,5.0,50;100;200,/data1/deasy/Himangi/breast_feature_extraction/Ductal_outputs/TCGA-AN-A0XO-01/immune_proximity_wsi_summary.csv,TCGA-AN-A0XO,Alive,,,375.0,0.0,,,,matched
TCGA-AN-A0XS-01Z-00-DX1.B4D4B73E-2912-4B2E-B18A-FBC35F8160D3,TCGA-AN-A0XS-01,TCGA-AN-A0XS,2,14.110081289355277,172140.28663735278,0.17214028663735279,3833.78125,0.022271260986549947,168306.50538735278,29473.9800297224,0.17122069798695705,76.53596286959305,94.0393703959447,100.0,22.403264271083355,margin-localized,5.0,50;100;200,/data1/deasy/Himangi/breast_feature_extraction/Ductal_outputs/TCGA-AN-A0XS-01/immune_proximity_wsi_summary.csv,TCGA-AN-A0XS,Alive,,,10.0,0.0,,,,matched
TCGA-AN-A0XT-01Z-00-DX1.882AF4CE-62A1-4808-9B4B-780066E5E602,TCGA-AN-A0XT-01,TCGA-AN-A0XT,1,46.35859653384511,1358935.6992547521,1.358935699254752,357226.3125,0.2628721231592524,1001709.3867547519,100722.31502859246,0.07411852899576421,65.81183205785602,85.0278556936494,95.64862827708266,21.634029906607783,margin-localized,5.0,50;100;200,/data1/deasy/Himangi/breast_feature_extraction/Ductal_outputs/TCGA-AN-A0XT-01/immune_proximity_wsi_summary.csv,TCGA-AN-A0XT,Alive,,,10.0,0.0,,,,matched
TCGA-AO-A03L-01Z-00-DX1.DE6561A9-E6B8-4BF0-AAA8-F91C87A66037,TCGA-AO-A03L-01,TCGA-AO-A03L,4,38.13771804331418,2828850.907660192,2.828850907660192,126492.7591975468,0.04471524421984186,2702358.1484626452,263828.6519861584,0.09326354077966491,85.3043290837164,99.06064919124573,99.77027995775943,24.66430872738987,margin-localized,5.0,50;100;200,/data1/deasy/Himangi/breast_feature_extraction/Ductal_outputs/TCGA-AO-A03L-01/immune_proximity_wsi_summary.csv,TCGA-AO-A03L,Alive,,,2442.0,0.0,,,,matched
TCGA-AO-A03M-01Z-00-DX1.9998A9A0-D0A6-48FC-80FB-AE597CB9E8AA,TCGA-AO-A03M-01,TCGA-AO-A03M,2,32.07928601789472,4165956.0639572726,4.165956063957273,223611.66996175275,0.053675954937782606,3942344.3939955197,366925.8498865887,0.08807722507232664,90.41061668555334,98.86293440315293,99.81443935362445,24.30342054115017,margin-localized,5.0,50;100;200,/data1/deasy/Himangi/breast_feature_extraction/Ductal_outputs/TCGA-AO-A03M-01/immune_proximity_wsi_summary.csv,TCGA-AO-A03M,Alive,,,1866.0,0.0,,,,matched
TCGA-AO-A03O-01Z-00-DX1.054BBC89-69F4-4311-814D-E343472CD2C0,TCGA-AO-A03O-01,TCGA-AO-A03O,5,45.914353483769894,739957.4862829866,0.7399574862829866,59435.65625,0.08032306903003567,680521.8300329866,81575.90710349035,0.11024404592927216,76.42569481203157,94.13782952682426,98.804115979523,29.1095049983678,margin-localized,5.0,50;100;200,/data1/deasy/Himangi/breast_feature_extraction/Ductal_outputs/TCGA-AO-A03O-01/immune_proximity_wsi_summary.csv,TCGA-AO-A03O,Dead,2483.0,,2483.0,1.0,2483.0,81.57700205338809,6.798083504449007,matched
TCGA-AO-A03P-01Z-00-DX1.D34DA321-D8E3-4D68-BCE2-4A8B72B3D0AE,TCGA-AO-A03P-01,TCGA-AO-A03P,1,36.22103014809569,585955.8614446535,0.5859558614446535,64743.375,0.11049189753026362,521212.4864446534,68417.98571904919,0.11676303663959783,65.76634227657885,93.53999677057392,98.87266999365549,31.968062675895766,margin-localized,5.0,50;100;200,/data1/deasy/Himangi/breast_feature_extraction/Ductal_outputs/TCGA-AO-A03P-01/immune_proximity_wsi_summary.csv,TCGA-AO-A03P,Dead,2911.0,,2911.0,1.0,2911.0,95.63860369609856,7.969883641341547,matched
TCGA-AO-A03R-01Z-00-DX1.DC317201-7F22-4C4A-86A5-ED82C37757C8,TCGA-AO-A03R-01,TCGA-AO-A03R,2,12.56991800672026,1901228.3660139954,1.9012283660139955,14343.625,0.0075443987983789705,1886884.7410139954,62645.21875,0.032949865397463175,87.72699129000539,97.02425812318907,99.9983398890652,14.275197021407445,margin-localized,5.0,50;100;200,/data1/deasy/Himangi/breast_feature_extraction/Ductal_outputs/TCGA-AO-A03R-01/immune_proximity_wsi_summary.csv,TCGA-AO-A03R,Alive,,,2091.0,0.0,,,,matched
TCGA-AO-A03V-01Z-00-DX1.52EBCB72-0C65-4E67-B9BB-DA15494327DE,TCGA-AO-A03V-01,TCGA-AO-A03V,2,29.26781662571048,235130.2030333394,0.2351302030333394,31699.4375,0.13481652757091905,203430.76553333938,15044.025843190724,0.0639816818473874,76.73544542893576,99.54754960476497,100.0,30.66483378807066,margin-localized,5.0,50;100;200,/data1/deasy/Himangi/breast_feature_extraction/Ductal_outputs/TCGA-AO-A03V-01/immune_proximity_wsi_summary.csv,TCGA-AO-A03V,Alive,,,1351.0,0.0,,,,matched
TCGA-AO-A0J2-01Z-00-DX1.7C9FEC7B-6040-4C58-9563-D10C0D7AC72E,TCGA-AO-A0J2-01,TCGA-AO-A0J2,1,9.533321727484143,548998.0318177214,0.5489980318177214,13330.71875,0.02428190626815593,535667.3130677214,18502.84375,0.0337029327568579,55.45649038937779,97.34381063035582,100.0,49.28393500929081,margin-localized,5.0,50;100;200,/data1/deasy/Himangi/breast_feature_extraction/Ductal_outputs/TCGA-AO-A0J2-01/immune_proximity_wsi_summary.csv,TCGA-AO-A0J2,Alive,,,997.0,0.0,,,,matched
TCGA-AO-A0J4-01Z-00-DX1.2EFC978E-8DF5-4254-9598-C0910B17C5C8,TCGA-AO-A0J4-01,TCGA-AO-A0J4,2,21.80315937658425,1086136.4262979405,1.0861364262979405,26303.78125,0.02421775074762528,1059832.6450479405,23366.849654815607,0.02151373353203955,51.96604873296263,95.20177207695485,98.29185822786218,42.875,margin-localized,5.0,50;100;200,/data1/deasy/Himangi/breast_feature_extraction/Ductal_outputs/TCGA-AO-A0J4-01/immune_proximity_wsi_summary.csv,TCGA-AO-A0J4,Alive,,,1587.0,0.0,,,,matched
TCGA-AO-A0J6-01Z-00-DX1.D0C003CE-E112-4375-953D-78404C9D62DA,TCGA-AO-A0J6-01,TCGA-AO-A0J6,1,72.21583498158316,3851987.8424381576,3.8519878424381577,1344222.84375,0.34896861016548786,2507764.9986881576,144265.6605766489,0.037452262695962815,48.06749189123859,67.9259154534671,76.77311351056363,27.952876081898978,immune-penetrated,5.0,50;100;200,/data1/deasy/Himangi/breast_feature_extraction/Ductal_outputs/TCGA-AO-A0J6-01/immune_proximity_wsi_summary.csv,TCGA-AO-A0J6,Alive,,,1140.0,0.0,,,,matched
TCGA-AO-A0JA-01Z-00-DX1.E3DDBAAF-6FFA-40BE-83FF-942857CFED5D,TCGA-AO-A0JA-01,TCGA-AO-A0JA,2,17.088874413137418,18048.40806249436,0.01804840806249436,26.53125,0.001470004994796936,18021.87681249436,736.15625,0.040787877105337364,84.05758796129409,96.97908769647735,100.0,39.630963667945295,margin-localized,5.0,50;100;200,/data1/deasy/Himangi/breast_feature_extraction/Ductal_outputs/TCGA-AO-A0JA-01/immune_proximity_wsi_summary.csv,TCGA-AO-A0JA,Alive,,,655.0,0.0,,,,matched
TCGA-AO-A0JB-01Z-00-DX1.250FE098-345B-4981-9236-0519E1C9058E,TCGA-AO-A0JB-01,TCGA-AO-A0JB,6,61.48209146313158,368065.0472078718,0.3680650472078718,36315.40625,0.09866572912991159,331749.6409578718,68717.6564029364,0.18669976115424722,89.15405948817472,95.95279072900172,99.69432203396251,13.504194950088657,margin-localized,5.0,50;100;200,/data1/deasy/Himangi/breast_feature_extraction/Ductal_outputs/TCGA-AO-A0JB-01/immune_proximity_wsi_summary.csv,TCGA-AO-A0JB,Alive,,,1542.0,0.0,,,,matched
TCGA-AO-A0JD-01Z-00-DX1.52E3DCE8-32E3-45C0-AB54-7FA0A2F3F722,TCGA-AO-A0JD-01,TCGA-AO-A0JD,7,61.27740819493388,1622945.1793604502,1.6229451793604504,214483.18664153304,0.13215676621070704,1408461.9927189173,100192.78298930134,0.06173516164531451,83.40438122104345,94.71644897788234,98.12864327543288,25.84788736531479,margin-localized,5.0,50;100;200,/data1/deasy/Himangi/breast_feature_extraction/Ductal_outputs/TCGA-AO-A0JD-01/immune_proximity_wsi_summary.csv,TCGA-AO-A0JD,Alive,,,2190.0,0.0,,,,matched
TCGA-AO-A0JE-01Z-00-DX1.82D33053-E305-47D8-9B02-B55511EBB06D,TCGA-AO-A0JE-01,TCGA-AO-A0JE,3,45.18177840141173,1927251.7124314264,1.9272517124314263,211713.5625,0.10985257459333195,1715538.1499314264,139169.2444956185,0.07221124443575778,76.48277252987474,93.0638637834742,98.77406225156795,15.6875,margin-localized,5.0,50;100;200,/data1/deasy/Himangi/breast_feature_extraction/Ductal_outputs/TCGA-AO-A0JE-01/immune_proximity_wsi_summary.csv,TCGA-AO-A0JE,Alive,,,2335.0,0.0,,,,matched
TCGA-AO-A0JI-01Z-00-DX1.4DCDA545-B7E3-49DF-AB10-963E84BEB105,TCGA-AO-A0JI-01,TCGA-AO-A0JI,1,15.532701510807511,1149884.9156819514,1.1498849156819515,398489.5,0.34654728883339736,751395.4156819514,391959.9947087547,0.3408688898891231,76.79788843274144,86.16715577772753,94.99573833735585,5.125,immune-penetrated,5.0,50;100;200,/data1/deasy/Himangi/breast_feature_extraction/Ductal_outputs/TCGA-AO-A0JI-01/immune_proximity_wsi_summary.csv,TCGA-AO-A0JI,Alive,,,1528.0,0.0,,,,matched
TCGA-AO-A0JL-01Z-00-DX1.473CC200-221A-4777-B19E-ADC41D10FC94,TCGA-AO-A0JL-01,TCGA-AO-A0JL,4,44.063898082515365,1651269.0491245836,1.6512690491245836,94015.21875,0.05693513046819472,1557253.830374584,26920.42401822641,0.016302869621699873,59.34286527205547,89.24115625945868,98.08979304331284,44.283356072005205,margin-localized,5.0,50;100;200,/data1/deasy/Himangi/breast_feature_extraction/Ductal_outputs/TCGA-AO-A0JL-01/immune_proximity_wsi_summary.csv,TCGA-AO-A0JL,Alive,,,1683.0,0.0,,,,matched
TCGA-AO-A0JM-01Z-00-DX1.94E75EFD-E5F5-4DF8-93A0-ED94CB4D203A,TCGA-AO-A0JM-01,TCGA-AO-A0JM,2,30.23713368570136,462480.991103412,0.462480991103412,20957.25,0.045314835427071425,441523.741103412,43890.86904704526,0.09490307686447406,65.41313177755008,92.05454817638585,99.8854412375445,35.37549690463725,margin-localized,5.0,50;100;200,/data1/deasy/Himangi/breast_feature_extraction/Ductal_outputs/TCGA-AO-A0JM-01/immune_proximity_wsi_summary.csv,TCGA-AO-A0JM,Alive,,,2184.0,0.0,,,,matched
TCGA-AO-A126-01Z-00-DX1.D9D6AA15-32F0-44BD-AF30-36191784FFA2,TCGA-AO-A126-01,TCGA-AO-A126,1,31.117964997994036,492609.7177539279,0.4926097177539279,375629.34215840325,0.7625292977797901,116980.3755955247,34193.96751034433,0.06941391182101112,55.59575393532668,80.52464957706673,96.78635678926905,7.689786245403704,immune-penetrated,5.0,50;100;200,/data1/deasy/Himangi/breast_feature_extraction/Ductal_outputs/TCGA-AO-A126-01/immune_proximity_wsi_summary.csv,TCGA-AO-A126,Alive,,,3307.0,0.0,,,,matched
TCGA-AO-A129-01Z-00-DX1.BF485416-BF57-4F39-866B-4B1E201876FA,TCGA-AO-A129-01,TCGA-AO-A129,1,17.938665080748375,4114584.3973293984,4.1145843973293985,432078.27156630217,0.10501140087119024,3682506.1257630964,11555.09375,0.0028083258560694293,51.96615392962316,95.80439097564496,99.0884301091419,48.325232798197675,margin-localized,5.0,50;100;200,/data1/deasy/Himangi/breast_feature_extraction/Ductal_outputs/TCGA-AO-A129-01/immune_proximity_wsi_summary.csv,TCGA-AO-A129,Alive,,,3286.0,0.0,,,,matched
TCGA-AO-A12A-01Z-00-DX1.4E9609A7-9AAD-40A8-8344-8369DF998006,TCGA-AO-A12A-01,TCGA-AO-A12A,4,56.895641464635986,963558.2866232638,0.9635582866232638,73856.40876671067,0.0766496534688486,889701.8778565532,153011.9314366856,0.1587988329931834,89.77708169724788,99.36089930831807,99.99128879890658,26.01832287062331,margin-localized,5.0,50;100;200,/data1/deasy/Himangi/breast_feature_extraction/Ductal_outputs/TCGA-AO-A12A-01/immune_proximity_wsi_summary.csv,TCGA-AO-A12A,Alive,,,3112.0,0.0,,,,matched
TCGA-AO-A12C-01Z-00-DX1.F4105027-FA10-48AF-BA8F-C7A0181C4A1D,TCGA-AO-A12C-01,TCGA-AO-A12C,2,41.74122707274974,262694.41326830117,0.2626944132683012,7212.675987545388,0.02745652599843747,255481.73728075583,17678.986251047387,0.06729867617318178,82.83608388640201,98.89747907687607,100.0,25.875,margin-localized,5.0,50;100;200,/data1/deasy/Himangi/breast_feature_extraction/Ductal_outputs/TCGA-AO-A12C-01/immune_proximity_wsi_summary.csv,TCGA-AO-A12C,Alive,,,2372.0,0.0,,,,matched
TCGA-AO-A12D-01Z-00-DX1.BA006BAD-5C6E-4099-BC99-3888E69F506E,TCGA-AO-A12D-01,TCGA-AO-A12D,2,54.62794724877827,10066608.197826732,10.066608197826731,1323090.2642484833,0.1314335710943954,8743517.933578249,634079.78741795,0.06298842419980552,91.86585864821126,98.8833865998648,99.93912845385205,21.492458706485863,margin-localized,5.0,50;100;200,/data1/deasy/Himangi/breast_feature_extraction/Ductal_outputs/TCGA-AO-A12D-01/immune_proximity_wsi_summary.csv,TCGA-AO-A12D,Alive,,,2515.0,0.0,,,,matched
TCGA-AO-A12F-01Z-00-DX1.847C8E4F-3F37-4B1D-8E6E-ACD14391AD89,TCGA-AO-A12F-01,TCGA-AO-A12F,13,66.70579306109336,217682.55588894562,0.2176825558889456,35203.09375,0.1617175689905049,182479.46213894562,70929.44320566184,0.3258388937781844,87.1959618918572,95.1074201319533,99.88740772130356,7.115261985689635,margin-localized,5.0,50;100;200,/data1/deasy/Himangi/breast_feature_extraction/Ductal_outputs/TCGA-AO-A12F-01/immune_proximity_wsi_summary.csv,TCGA-AO-A12F,Alive,,,1842.0,0.0,,,,matched
TCGA-AO-A1KP-01Z-00-DX1.612442AB-24E2-489B-9838-7CEE82BCD605,TCGA-AO-A1KP-01,TCGA-AO-A1KP,1,38.14615736689236,692014.2571384434,0.6920142571384434,203038.02489745858,0.2934015055369576,488976.2322409848,216803.2010861774,0.31329296882217855,83.68105378232148,95.15376135534696,99.29728687670273,5.706356105256663,margin-localized,5.0,50;100;200,/data1/deasy/Himangi/breast_feature_extraction/Ductal_outputs/TCGA-AO-A1KP-01/immune_proximity_wsi_summary.csv,TCGA-AO-A1KP,Alive,,,2953.0,0.0,,,,matched
TCGA-AO-A1KQ-01Z-00-DX1.CAB7D9A5-7030-4A33-BE51-9B04D67A7676,TCGA-AO-A1KQ-01,TCGA-AO-A1KQ,1,33.689070811022674,2771833.044288825,2.7718330442888246,134335.59375,0.04846453289341847,2637497.4505388252,102743.3515625,0.037066933657564895,60.609457347126025,94.16684146573128,98.9008616044616,41.10680638592592,margin-localized,5.0,50;100;200,/data1/deasy/Himangi/breast_feature_extraction/Ductal_outputs/TCGA-AO-A1KQ-01/immune_proximity_wsi_summary.csv,TCGA-AO-A1KQ,Alive,,,1882.0,0.0,,,,matched
TCGA-AO-A1KR-01Z-00-DX1.BFB2E69B-E23C-4542-9CBF-EDD040B985AC,TCGA-AO-A1KR-01,TCGA-AO-A1KR,11,71.4827516250721,4940270.228913793,4.940270228913794,651975.0742748869,0.13197154083982876,4288295.15463891,385336.3143598493,0.07799903578241557,68.8126668605712,89.46221990712846,93.62247208995073,26.6875,margin-localized,5.0,50;100;200,/data1/deasy/Himangi/breast_feature_extraction/Ductal_outputs/TCGA-AO-A1KR-01/immune_proximity_wsi_summary.csv,TCGA-AO-A1KR,Alive,,,2513.0,0.0,,,,matched
TCGA-AO-A1KT-01Z-00-DX1.47878910-4359-4795-B0BB-FAC147C8D932,TCGA-AO-A1KT-01,TCGA-AO-A1KT,1,31.40319257329509,143731.65662238194,0.14373165662238194,1838.03125,0.012787936166553451,141893.62537238194,6342.456122758278,0.044127064780318054,61.04945672320111,91.60525797988532,100.0,32.53963928810521,margin-localized,5.0,50;100;200,/data1/deasy/Himangi/breast_feature_extraction/Ductal_outputs/TCGA-AO-A1KT-01/immune_proximity_wsi_summary.csv,TCGA-AO-A1KT,Alive,,,541.0,0.0,,,,matched
TCGA-AQ-A04H-01Z-00-DX1.5AC1E459-EF27-401D-98FD-0AC16559AF17,TCGA-AQ-A04H-01,TCGA-AQ-A04H,3,75.85229053446612,726050.7882061272,0.7260507882061272,162188.109375,0.22338397259470294,563862.6788311271,26549.3125,0.03656674289355995,48.52482674047292,72.46020280919548,84.53270896523321,33.71247914348632,peritumoral,5.0,50;100;200,/data1/deasy/Himangi/breast_feature_extraction/Ductal_outputs/TCGA-AQ-A04H-01/immune_proximity_wsi_summary.csv,TCGA-AQ-A04H,Alive,,,754.0,0.0,,,,matched
TCGA-AQ-A04J-01Z-00-DX1.6A4E16D4-2696-4E5F-BCA8-708556FC3A8C,TCGA-AQ-A04J-01,TCGA-AQ-A04J,8,87.23513856557886,5698859.4882912785,5.698859488291278,343041.28347790183,0.06019472566093358,5355818.204813376,327269.90625,0.05742726363448684,64.12792547724551,86.43587863086535,99.7593604337791,35.59796459104826,margin-localized,5.0,50;100;200,/data1/deasy/Himangi/breast_feature_extraction/Ductal_outputs/TCGA-AQ-A04J-01/immune_proximity_wsi_summary.csv,TCGA-AQ-A04J,Alive,,,819.0,0.0,,,,matched
TCGA-AQ-A04L-01Z-00-DX1.F35BF4DD-896A-43C2-8DA6-C67945C003BE,TCGA-AQ-A04L-01,TCGA-AQ-A04L,3,32.68202002485995,2023292.5974720998,2.0232925974721,304532.15625,0.15051315693562178,1718760.4412220998,349017.83220336365,0.17249993038052244,81.85527485251478,89.90329367074037,99.17809635253487,12.914381518291924,margin-localized,5.0,50;100;200,/data1/deasy/Himangi/breast_feature_extraction/Ductal_outputs/TCGA-AQ-A04L-01/immune_proximity_wsi_summary.csv,TCGA-AQ-A04L,Alive,,,3957.0,0.0,,,,matched
TCGA-AQ-A0Y5-01Z-00-DX1.f68f5b49-30fa-4fb6-bec6-5da9f6809d02,TCGA-AQ-A0Y5-01,TCGA-AQ-A0Y5,4,52.21321119020573,157449.8609046659,0.1574498609046659,14355.90625,0.09117763691574385,143093.95465466587,2846.96875,0.018081748269843233,69.16175566557222,99.66350428280474,100.0,30.079322216433003,margin-localized,5.0,50;100;200,/data1/deasy/Himangi/breast_feature_extraction/Ductal_outputs/TCGA-AQ-A0Y5-01/immune_proximity_wsi_summary.csv,TCGA-AQ-A0Y5,Dead,172.0,,172.0,1.0,172.0,5.650924024640657,0.47091033538672145,matched
TCGA-AR-A0TP-01Z-00-DX1.58E6A3A6-D1D7-4AE5-87A5-E823F04CBB2F,TCGA-AR-A0TP-01,TCGA-AR-A0TP,4,161.8432917838918,2549084.463352785,2.549084463352785,358314.3125,0.14056588459556685,2190770.1508527845,312876.1552525071,0.12274059951743782,81.1923388620238,92.44272247841288,98.23979781515621,18.75,margin-localized,5.0,50;100;200,/data1/deasy/Himangi/breast_feature_extraction/Ductal_outputs/TCGA-AR-A0TP-01/immune_proximity_wsi_summary.csv,TCGA-AR-A0TP,Alive,,,4275.0,0.0,,,,matched
TCGA-AR-A0TQ-01Z-00-DX1.2BEA298C-6B3D-4133-ADBC-769E62CEFFA0,TCGA-AR-A0TQ-01,TCGA-AR-A0TQ,2,70.48923859770491,4880269.232193651,4.88026923219365,57616.59375,0.011806027702308075,4822652.63844365,51362.027851201055,0.010524425069088687,45.134188643171505,86.39881629582501,99.67323609949229,56.36959508458438,peritumoral,5.0,50;100;200,/data1/deasy/Himangi/breast_feature_extraction/Ductal_outputs/TCGA-AR-A0TQ-01/immune_proximity_wsi_summary.csv,TCGA-AR-A0TQ,Alive,,,2991.0,0.0,,,,matched
TCGA-AR-A0TR-01Z-00-DX1.BBCE653F-7DD0-4830-BAD3-C06207A93853,TCGA-AR-A0TR-01,TCGA-AR-A0TR,10,99.19951107557452,5499929.653844353,5.499929653844353,560590.39364701,0.10192682978320773,4939339.260197343,980313.3855545006,0.17824107711437345,80.5505206335883,93.65422524353137,98.00277853691263,12.948968346937914,margin-localized,5.0,50;100;200,/data1/deasy/Himangi/breast_feature_extraction/Ductal_outputs/TCGA-AR-A0TR-01/immune_proximity_wsi_summary.csv,TCGA-AR-A0TR,Dead,160.0,,160.0,1.0,160.0,5.256673511293634,0.4380561259411362,matched
TCGA-AR-A0TS-01Z-00-DX1.2DB81A2E-16C1-4EE0-8175-65FA46768277,TCGA-AR-A0TS-01,TCGA-AR-A0TS,15,85.31572891984408,4986792.446354573,4.986792446354572,73667.50858458744,0.014772523496228443,4913124.937769986,189784.34852464273,0.03805739873200021,33.519531643541775,78.40029592706544,95.74034842134495,68.48562805435897,peritumoral,5.0,50;100;200,/data1/deasy/Himangi/breast_feature_extraction/Ductal_outputs/TCGA-AR-A0TS-01/immune_proximity_wsi_summary.csv,TCGA-AR-A0TS,Alive,,,2558.0,0.0,,,,matched
TCGA-AR-A0TT-01Z-00-DX1.127C2A4F-62AC-4E83-99DB-13519BD2949D,TCGA-AR-A0TT-01,TCGA-AR-A0TT,4,100.92880197282044,8658354.741788693,8.658354741788692,1006776.0625,0.1162779872763696,7651578.679288692,291046.66430509114,0.033614546063859364,63.72124920121256,86.90033326611697,95.83666617081518,29.887811060698304,margin-localized,5.0,50;100;200,/data1/deasy/Himangi/breast_feature_extraction/Ductal_outputs/TCGA-AR-A0TT-01/immune_proximity_wsi_summary.csv,TCGA-AR-A0TT,Alive,,,3316.0,0.0,,,,matched
TCGA-AR-A0TU-01Z-00-DX1.2CBBDDAB-C1DD-4205-A555-431542F9C069,TCGA-AR-A0TU-01,TCGA-AR-A0TU,5,92.32711396423579,10211752.361093983,10.211752361093984,1531504.8439098191,0.14997473398833472,8680247.517184163,1070907.2504466423,0.10487007641575008,63.482003317085514,86.06332814625783,95.28394180164125,26.375000000000004,margin-localized,5.0,50;100;200,/data1/deasy/Himangi/breast_feature_extraction/Ductal_outputs/TCGA-AR-A0TU-01/immune_proximity_wsi_summary.csv,TCGA-AR-A0TU,Alive,,,709.0,0.0,,,,matched
TCGA-AR-A0TW-01Z-00-DX1.0C1EAE07-6BA6-4908-89E1-0133F3640174,TCGA-AR-A0TW-01,TCGA-AR-A0TW,15,292.882805058435,38881348.494442314,38.881348494442314,3850103.4563811678,0.09902186023541597,35031245.03806114,1421655.3650164222,0.03656394184012504,65.17832873018952,90.8468804732119,97.90601604654266,33.602744742266474,margin-localized,5.0,50;100;200,/data1/deasy/Himangi/breast_feature_extraction/Ductal_outputs/TCGA-AR-A0TW-01/immune_proximity_wsi_summary.csv,TCGA-AR-A0TW,Alive,,,3009.0,0.0,,,,matched
TCGA-AR-A0TX-01Z-00-DX1.5BEA4E65-8CEC-49B2-9F29-DBE53E8ED46E,TCGA-AR-A0TX-01,TCGA-AR-A0TX,3,2.257913945567014,38935.4375,0.0389354375,268.65625,0.006900044464634564,38666.78125,3326.5,0.08543630722012563,99.84630004478568,99.84630004478568,100.0,14.368476780786473,margin-localized,5.0,50;100;200,/data1/deasy/Himangi/breast_feature_extraction/Ductal_outputs/TCGA-AR-A0TX-01/immune_proximity_wsi_summary.csv,TCGA-AR-A0TX,Alive,,,1972.0,0.0,,,,matched
TCGA-AR-A0TY-01Z-00-DX1.089EB6B4-9921-441D-84F3-C64C97AFC3B4,TCGA-AR-A0TY-01,TCGA-AR-A0TY,5,74.28027606347302,1690453.8274659305,1.6904538274659304,151810.94807267765,0.08980484743570274,1538642.879393253,212237.49645981932,0.12555060245447416,71.93298683021146,84.09224184261737,99.22693143807425,28.375,margin-localized,5.0,50;100;200,/data1/deasy/Himangi/breast_feature_extraction/Ductal_outputs/TCGA-AR-A0TY-01/immune_proximity_wsi_summary.csv,TCGA-AR-A0TY,Dead,1699.0,,1699.0,1.0,1699.0,55.81930184804928,4.65160848733744,matched
TCGA-AR-A0TZ-01Z-00-DX1.2D58BE38-03F6-4310-8E06-F1A523FB0904,TCGA-AR-A0TZ-01,TCGA-AR-A0TZ,3,46.67077954909797,1266179.9684042777,1.2661799684042776,70883.5,0.055982168229475306,1195296.4684042777,129565.6061817049,0.10232795448895934,83.1681190653457,93.96090633050068,98.78052841732192,16.283619069482068,margin-localized,5.0,50;100;200,/data1/deasy/Himangi/breast_feature_extraction/Ductal_outputs/TCGA-AR-A0TZ-01/immune_proximity_wsi_summary.csv,TCGA-AR-A0TZ,Dead,3262.0,,3262.0,1.0,3262.0,107.17043121149898,8.930869267624914,matched
TCGA-AR-A0U0-01Z-00-DX1.C8BECD9F-68D9-47B1-B31E-C1C6CAE456B6,TCGA-AR-A0U0-01,TCGA-AR-A0U0,5,15.06511795294663,1159216.1421389654,1.1592161421389655,32665.46875,0.028178928469479596,1126550.6733889654,27588.314109804265,0.02379911140548715,62.62654514943905,81.27079018840013,99.5899358970217,38.89027031276589,margin-localized,5.0,50;100;200,/data1/deasy/Himangi/breast_feature_extraction/Ductal_outputs/TCGA-AR-A0U0-01/immune_proximity_wsi_summary.csv,TCGA-AR-A0U0,Alive,,,1988.0,0.0,,,,matched
TCGA-AR-A0U1-01Z-00-DX1.276433E7-E841-42D2-AF21-762F2FEA3B9B,TCGA-AR-A0U1-01,TCGA-AR-A0U1,5,87.47197578145366,3885150.1420814563,3.8851501420814563,158416.15625,0.04077478358793338,3726733.9858314563,23014.963985527247,0.005923828718031746,37.9499446995761,78.42715772890007,96.66046107513957,63.285192778405914,peritumoral,5.0,50;100;200,/data1/deasy/Himangi/breast_feature_extraction/Ductal_outputs/TCGA-AR-A0U1-01/immune_proximity_wsi_summary.csv,TCGA-AR-A0U1,Alive,,,4052.0,0.0,,,,matched
TCGA-AR-A0U2-01Z-00-DX1.03E2ADD9-F20F-44DA-93D1-D10BBD3844A5,TCGA-AR-A0U2-01,TCGA-AR-A0U2,5,93.26023781983116,3641729.8102974286,3.6417298102974285,350374.1225972051,0.09621090548960556,3291355.687700223,382270.47725184157,0.104969478013148,85.41842497699179,94.12773020592034,97.93718019641264,19.118462935079275,margin-localized,5.0,50;100;200,/data1/deasy/Himangi/breast_feature_extraction/Ductal_outputs/TCGA-AR-A0U2-01/immune_proximity_wsi_summary.csv,TCGA-AR-A0U2,Dead,2551.0,,2551.0,1.0,2551.0,83.81108829568788,6.98425735797399,matched
TCGA-AR-A0U3-01Z-00-DX1.9BB87F9D-459F-4A18-B591-29822EA5AE18,TCGA-AR-A0U3-01,TCGA-AR-A0U3,14,144.00630930425615,28411039.074292533,28.411039074292532,4104548.5101923435,0.14447020045480513,24306490.564100187,4086459.7425276507,0.14383351949366913,80.19908051021962,94.31133209518927,99.20475840829855,15.830770077605195,margin-localized,5.0,50;100;200,/data1/deasy/Himangi/breast_feature_extraction/Ductal_outputs/TCGA-AR-A0U3-01/immune_proximity_wsi_summary.csv,TCGA-AR-A0U3,Alive,,,4080.0,0.0,,,,matched
TCGA-AR-A0U4-01Z-00-DX1.DE722DC5-859D-4866-ADCC-ED98EDBFB588,TCGA-AR-A0U4-01,TCGA-AR-A0U4,10,163.25162684268352,11517457.209747586,11.517457209747587,4942239.752686619,0.4291085838377455,6575217.4570609685,628170.3757838354,0.05454071713435107,46.20285357558113,66.2416918718184,81.21404745263735,26.2898507032657,immune-penetrated,5.0,50;100;200,/data1/deasy/Himangi/breast_feature_extraction/Ductal_outputs/TCGA-AR-A0U4-01/immune_proximity_wsi_summary.csv,TCGA-AR-A0U4,Alive,,,3261.0,0.0,,,,matched
TCGA-AR-A1AJ-01Z-00-DX1.34B9FCF0-74D8-4328-9B5A-698AD57EDA85,TCGA-AR-A1AJ-01,TCGA-AR-A1AJ,7,43.77885776957796,8731462.661105009,8.73146266110501,239557.03125,0.027436071199974977,8491905.629855009,517690.0769852402,0.05929018963699308,54.46036613189476,82.87021804794426,98.72897700611095,43.41676663456182,margin-localized,5.0,50;100;200,/data1/deasy/Himangi/breast_feature_extraction/Ductal_outputs/TCGA-AR-A1AJ-01/immune_proximity_wsi_summary.csv,TCGA-AR-A1AJ,Alive,,,2383.0,0.0,,,,matched
TCGA-AR-A1AP-01Z-00-DX1.F163EED5-0385-41AA-BA35-54E4910CD99E,TCGA-AR-A1AP-01,TCGA-AR-A1AP,13,49.40884880999055,2360250.5948776207,2.3602505948776207,109303.65625,0.046310191166657626,2250946.9386276207,75418.70234673884,0.03195368428692179,52.60602917111391,84.82501375793498,97.19627357844094,52.50231175301133,peritumoral,5.0,50;100;200,/data1/deasy/Himangi/breast_feature_extraction/Ductal_outputs/TCGA-AR-A1AP-01/immune_proximity_wsi_summary.csv,TCGA-AR-A1AP,Alive,,,2856.0,0.0,,,,matched
TCGA-AR-A1AQ-01Z-00-DX1.09D5D7FC-0FA8-4176-94B2-995F44D8ED4C,TCGA-AR-A1AQ-01,TCGA-AR-A1AQ,6,72.09961196362775,16799378.60803224,16.799378608032242,3821904.4998607514,0.2275027302517841,12977474.108171495,193537.9379731333,0.011520541472920762,29.688036732087436,90.28727669678254,97.60577881470415,54.69589221321835,peritumoral,5.0,50;100;200,/data1/deasy/Himangi/breast_feature_extraction/Ductal_outputs/TCGA-AR-A1AQ-01/immune_proximity_wsi_summary.csv,TCGA-AR-A1AQ,Alive,,,3021.0,0.0,,,,matched
TCGA-AR-A1AR-01Z-00-DX1.E7B7F6F0-9CC0-4D4F-8C9F-443A74D2BE40,TCGA-AR-A1AR-01,TCGA-AR-A1AR,3,25.396117834798037,5251383.220772727,5.251383220772728,304835.375,0.05804858685501613,4946547.845772727,225967.51439359513,0.043030094147336787,60.13672225980415,90.98283380013166,99.0199433458166,33.890233284373835,margin-localized,5.0,50;100;200,/data1/deasy/Himangi/breast_feature_extraction/Ductal_outputs/TCGA-AR-A1AR-01/immune_proximity_wsi_summary.csv,TCGA-AR-A1AR,Dead,524.0,,524.0,1.0,524.0,17.215605749486652,1.434633812457221,matched
TCGA-AR-A1AS-01Z-00-DX1.72979519-0A90-42AD-9F23-1991F75C8CE7,TCGA-AR-A1AS-01,TCGA-AR-A1AS,12,163.2854216991574,770902.086304899,0.770902086304899,62062.15625,0.08050588700243035,708839.930054899,187899.14355409844,0.2437393112460492,84.1876734446988,97.03298858494506,99.07185845944511,10.423081358216484,margin-localized,5.0,50;100;200,/data1/deasy/Himangi/breast_feature_extraction/Ductal_outputs/TCGA-AR-A1AS-01/immune_proximity_wsi_summary.csv,TCGA-AR-A1AS,Alive,,,1150.0,0.0,,,,matched
TCGA-AR-A1AU-01Z-00-DX1.F06647D1-E5A3-46FE-8537-01A10A08A4EC,TCGA-AR-A1AU-01,TCGA-AR-A1AU,7,170.2933498347458,2574801.8256523665,2.5748018256523664,142606.1875,0.05538530619297991,2432195.638152366,625718.2800332591,0.2430160930442573,89.02798813175036,97.6320054688226,99.44169368272226,10.961580634196876,margin-localized,5.0,50;100;200,/data1/deasy/Himangi/breast_feature_extraction/Ductal_outputs/TCGA-AR-A1AU-01/immune_proximity_wsi_summary.csv,TCGA-AR-A1AU,Alive,,,2868.0,0.0,,,,matched
TCGA-AR-A1AV-01Z-00-DX1.93698893-7C5C-44C1-A488-ED358D523693,TCGA-AR-A1AV-01,TCGA-AR-A1AV,6,67.72721614244846,629908.691686788,0.629908691686788,69756.97915297674,0.11074141391219647,560151.7125338113,90472.14008491262,0.14362738803086472,75.88510833602761,91.6528509169309,99.810799798103,16.46824596002865,margin-localized,5.0,50;100;200,/data1/deasy/Himangi/breast_feature_extraction/Ductal_outputs/TCGA-AR-A1AV-01/immune_proximity_wsi_summary.csv,TCGA-AR-A1AV,Alive,,,1864.0,0.0,,,,matched
TCGA-AR-A1AW-01Z-00-DX1.E527CA46-D83F-4055-8C7E-AEFEF13C1E29,TCGA-AR-A1AW-01,TCGA-AR-A1AW,9,108.7872270987891,39190880.42056249,39.19088042056249,7115167.139394413,0.18155160238914306,32075713.281168077,3813715.5966740325,0.09731130190872338,50.21030391210224,78.62225150502029,98.326462511679,51.76256640903733,peritumoral,5.0,50;100;200,/data1/deasy/Himangi/breast_feature_extraction/Ductal_outputs/TCGA-AR-A1AW-01/immune_proximity_wsi_summary.csv,TCGA-AR-A1AW,Alive,,,2632.0,0.0,,,,matched
TCGA-AR-A1AX-01Z-00-DX1.2389D54F-545E-499E-B392-DD731834460A,TCGA-AR-A1AX-01,TCGA-AR-A1AX,4,59.22986871292334,2780734.394902684,2.7807343949026837,45178.77652616103,0.01624706646164318,2735555.6183765233,123144.07653555834,0.04428473167422665,50.28663796041036,82.47661038836824,97.51362250817532,50.315411406446835,margin-localized,5.0,50;100;200,/data1/deasy/Himangi/breast_feature_extraction/Ductal_outputs/TCGA-AR-A1AX-01/immune_proximity_wsi_summary.csv,TCGA-AR-A1AX,Alive,,,2629.0,0.0,,,,matched
TCGA-AR-A1AY-01Z-00-DX1.6AC0BE3B-FFC5-4EDA-9E40-B18CAAC52B81,TCGA-AR-A1AY-01,TCGA-AR-A1AY,7,87.3896934078811,1230256.4428212144,1.2302564428212144,83256.75,0.06767430521158359,1146999.6928212144,207062.80579407062,0.16830865386019506,85.51070816382818,97.26321870823249,99.1356197472444,19.605882408093752,margin-localized,5.0,50;100;200,/data1/deasy/Himangi/breast_feature_extraction/Ductal_outputs/TCGA-AR-A1AY-01/immune_proximity_wsi_summary.csv,TCGA-AR-A1AY,Alive,,,1026.0,0.0,,,,matched
TCGA-AR-A24L-01Z-00-DX1.218A0AE1-D070-4A16-A277-31185F10724D,TCGA-AR-A24L-01,TCGA-AR-A24L,2,88.88547769967839,289151.6821131597,0.28915168211315967,41109.46875,0.1421726771553478,248042.21336315968,38995.538704239974,0.134861877403774,70.52090773922326,89.32543242552825,99.95827233335866,27.672752844630402,margin-localized,5.0,50;100;200,/data1/deasy/Himangi/breast_feature_extraction/Ductal_outputs/TCGA-AR-A24L-01/immune_proximity_wsi_summary.csv,TCGA-AR-A24L,Dead,2866.0,,2866.0,1.0,2866.0,94.16016427104722,7.846680355920602,matched
TCGA-AR-A24N-01Z-00-DX1.563E9160-9E09-4E3F-8CE9-FFED0AA52927,TCGA-AR-A24N-01,TCGA-AR-A24N,12,145.9508165817523,17138085.65627758,17.13808565627758,2616839.3090773877,0.15269145933570796,14521246.347200193,1840614.3848514261,0.10739906555299658,74.77861150700379,97.0615435063324,99.79334367115581,34.56357367229263,margin-localized,5.0,50;100;200,/data1/deasy/Himangi/breast_feature_extraction/Ductal_outputs/TCGA-AR-A24N-01/immune_proximity_wsi_summary.csv,TCGA-AR-A24N,Alive,,,3035.0,0.0,,,,matched
TCGA-AR-A24P-01Z-00-DX1.08BE8830-C55E-4E2B-9378-371A670C75FD,TCGA-AR-A24P-01,TCGA-AR-A24P,8,52.472810007048416,689182.02513158,0.68918202513158,20800.629315896193,0.030181619017014983,668381.3958156838,82851.6374550433,0.12021735105355527,61.65798099214073,89.87705551354183,99.82510970163943,31.88112686214212,margin-localized,5.0,50;100;200,/data1/deasy/Himangi/breast_feature_extraction/Ductal_outputs/TCGA-AR-A24P-01/immune_proximity_wsi_summary.csv,TCGA-AR-A24P,Alive,,,84.0,0.0,,,,matched
TCGA-AR-A24R-01Z-00-DX1.47D79205-63E7-43E6-A513-2CD10DFA53C9,TCGA-AR-A24R-01,TCGA-AR-A24R,7,153.61641207274604,9686750.183399176,9.686750183399177,1548465.0795117225,0.15985392935655857,8138285.103887454,1134686.5856526839,0.11713800440495216,75.81916579823734,94.15523517668046,97.7508391130592,34.029628634470875,margin-localized,5.0,50;100;200,/data1/deasy/Himangi/breast_feature_extraction/Ductal_outputs/TCGA-AR-A24R-01/immune_proximity_wsi_summary.csv,TCGA-AR-A24R,Alive,,,3430.0,0.0,,,,matched
TCGA-AR-A24U-01Z-00-DX1.220FD0D0-0DB6-4E3C-92A0-66CD6509F0AD,TCGA-AR-A24U-01,TCGA-AR-A24U,6,53.34500676426847,8290534.307471288,8.290534307471288,579750.4795889768,0.069929205777065,7710783.82788231,516890.49203700805,0.06234706628874271,64.14487388781981,91.1632913290707,99.86053764862632,36.71453433246839,margin-localized,5.0,50;100;200,/data1/deasy/Himangi/breast_feature_extraction/Ductal_outputs/TCGA-AR-A24U-01/immune_proximity_wsi_summary.csv,TCGA-AR-A24U,Alive,,,3128.0,0.0,,,,matched
TCGA-AR-A24V-01Z-00-DX1.E749C2FE-E26B-4306-80B4-8269EEB23270,TCGA-AR-A24V-01,TCGA-AR-A24V,2,131.79509079947545,980067.989090287,0.980067989090287,73220.21875,0.07470932584785678,906847.7703402871,39948.41271198351,0.04076085859009046,53.5688372186778,90.35154431977905,95.07221687295096,39.00360560255936,margin-localized,5.0,50;100;200,/data1/deasy/Himangi/breast_feature_extraction/Ductal_outputs/TCGA-AR-A24V-01/immune_proximity_wsi_summary.csv,TCGA-AR-A24V,Alive,,,3203.0,0.0,,,,matched
TCGA-AR-A24Z-01Z-00-DX1.C88AFF18-A8E4-426A-BEA3-70566DE39C46,TCGA-AR-A24Z-01,TCGA-AR-A24Z,1,24.82505901014771,378344.1536931363,0.3783441536931363,39007.03125,0.10309933659405095,339337.1224431363,95677.37300591699,0.2528845023029431,95.72117605098572,99.20033758667189,99.9496820558368,9.12585612422199,margin-localized,5.0,50;100;200,/data1/deasy/Himangi/breast_feature_extraction/Ductal_outputs/TCGA-AR-A24Z-01/immune_proximity_wsi_summary.csv,TCGA-AR-A24Z,Alive,,,3001.0,0.0,,,,matched
TCGA-AR-A250-01Z-00-DX1.572A2F73-6BF5-4932-BFEF-4B8904755ACF,TCGA-AR-A250-01,TCGA-AR-A250,8,144.89725133722993,8173761.80348576,8.17376180348576,486575.60797550343,0.05952896838368837,7687186.195510257,613946.6408667791,0.07511188307505573,59.59529866313997,82.9528592442086,99.80952385653336,43.633774189267655,margin-localized,5.0,50;100;200,/data1/deasy/Himangi/breast_feature_extraction/Ductal_outputs/TCGA-AR-A250-01/immune_proximity_wsi_summary.csv,TCGA-AR-A250,Alive,,,2707.0,0.0,,,,matched
TCGA-AR-A251-01Z-00-DX1.E91E357A-3AD4-4F79-A698-05F0B21A37EC,TCGA-AR-A251-01,TCGA-AR-A251,2,73.65026318274246,1310003.3649794112,1.3100033649794112,58449.75,0.04461801516129588,1251553.6149794112,146986.05617301716,0.1122028081014336,66.51440294997481,93.26074004588074,99.3542693113515,38.46899116496298,margin-localized,5.0,50;100;200,/data1/deasy/Himangi/breast_feature_extraction/Ductal_outputs/TCGA-AR-A251-01/immune_proximity_wsi_summary.csv,TCGA-AR-A251,Alive,,,3030.0,0.0,,,,matched
TCGA-AR-A254-01Z-00-DX1.EA5CD008-1106-41EC-998A-04EF08EEEC9D,TCGA-AR-A254-01,TCGA-AR-A254,3,144.53897299037803,2336778.5755997533,2.3367785755997534,166385.35901696637,0.07120287765145322,2170393.2165827868,321989.304917165,0.13779196209659011,74.91328736044626,93.68369104647641,99.49720177287297,18.344788088173708,margin-localized,5.0,50;100;200,/data1/deasy/Himangi/breast_feature_extraction/Ductal_outputs/TCGA-AR-A254-01/immune_proximity_wsi_summary.csv,TCGA-AR-A254,Alive,,,2605.0,0.0,,,,matched
TCGA-AR-A255-01Z-00-DX1.E67C081D-50C9-451C-814B-F097B2671300,TCGA-AR-A255-01,TCGA-AR-A255,4,16.376608908111574,2204664.0233104597,2.2046640233104595,137798.6875,0.06250325947310806,2066865.3358104597,87523.20128551249,0.03969911077611281,72.07349606448963,92.44390342099422,99.04081756782847,24.475114912906946,margin-localized,5.0,50;100;200,/data1/deasy/Himangi/breast_feature_extraction/Ductal_outputs/TCGA-AR-A255-01/immune_proximity_wsi_summary.csv,TCGA-AR-A255,Alive,,,2161.0,0.0,,,,matched
TCGA-AR-A256-01Z-00-DX1.950D4546-4BF4-4380-9877-51D86A93D755,TCGA-AR-A256-01,TCGA-AR-A256,4,52.966768358452214,864497.277844048,0.864497277844048,20211.25,0.023379194496024814,844286.0278440481,58690.3125,0.06788952840472391,57.83190081830857,79.48344034894735,97.74782907589281,33.38816453850077,margin-localized,5.0,50;100;200,/data1/deasy/Himangi/breast_feature_extraction/Ductal_outputs/TCGA-AR-A256-01/immune_proximity_wsi_summary.csv,TCGA-AR-A256,Dead,2854.0,,2854.0,1.0,2854.0,93.7659137577002,7.813826146475017,matched
TCGA-B6-A0I1-01Z-00-DX1.86BEC5E4-A2D1-4039-8D08-0598FA8BCC2B,TCGA-B6-A0I1-01,TCGA-B6-A0I1,3,168.6757035997648,5069378.722866923,5.069378722866922,272811.6046012972,0.05381558954565779,4796567.118265626,27030.89666902288,0.005332191210550531,23.157192926314714,57.31288736737271,97.212818881669,90.40542364814182,peritumoral,5.0,50;100;200,/data1/deasy/Himangi/breast_feature_extraction/Ductal_outputs/TCGA-B6-A0I1-01/immune_proximity_wsi_summary.csv,TCGA-B6-A0I1,Dead,2361.0,,2361.0,1.0,2361.0,77.56878850102669,6.464065708418891,matched
TCGA-B6-A0I5-01Z-00-DX1.47A30509-4BA0-4BA5-AD9B-F2C2DB701159,TCGA-B6-A0I5-01,TCGA-B6-A0I5,5,87.10218512754744,1289960.1945999588,1.2899601945999588,102605.9375,0.07954194085176407,1187354.2570999588,27621.75,0.021412870037099112,52.42021955844781,83.63510964172721,97.50733227717696,42.9740110415586,margin-localized,5.0,50;100;200,/data1/deasy/Himangi/breast_feature_extraction/Ductal_outputs/TCGA-B6-A0I5-01/immune_proximity_wsi_summary.csv,TCGA-B6-A0I5,Alive,,,8556.0,0.0,,,,matched
TCGA-B6-A0I8-01Z-00-DX1.E576652B-C3F6-4A01-83BC-6DD154C75605,TCGA-B6-A0I8-01,TCGA-B6-A0I8,15,234.27670122620353,1263478.792671713,1.263478792671713,262810.5794740115,0.20800553281807002,1000668.2131977016,294763.8621022393,0.23329545680694866,86.47532276298031,92.55939512335556,98.87086849411708,7.823242614159425,margin-localized,5.0,50;100;200,/data1/deasy/Himangi/breast_feature_extraction/Ductal_outputs/TCGA-B6-A0I8-01/immune_proximity_wsi_summary.csv,TCGA-B6-A0I8,Dead,749.0,,749.0,1.0,749.0,24.607802874743328,2.0506502395619437,matched
TCGA-B6-A0I9-01Z-00-DX1.78E1D43A-507E-482E-B988-AF13B12B4497,TCGA-B6-A0I9-01,TCGA-B6-A0I9,12,361.9764290967998,9270258.568293978,9.270258568293977,904769.8141755732,0.09759919936538293,8365488.754118406,168959.47326656434,0.01822597201813091,52.71896032196349,85.50623283925749,96.04977114337679,44.960051712603715,margin-localized,5.0,50;100;200,/data1/deasy/Himangi/breast_feature_extraction/Ductal_outputs/TCGA-B6-A0I9-01/immune_proximity_wsi_summary.csv,TCGA-B6-A0I9,Dead,362.0,,362.0,1.0,362.0,11.893223819301848,0.9911019849418207,matched
TCGA-B6-A0IB-01Z-00-DX1.BAA1D655-1B80-49E2-B1EB-2ECC83DED989,TCGA-B6-A0IB-01,TCGA-B6-A0IB,2,128.07748160652378,2040206.6150029483,2.0402066150029485,268881.53125,0.13179132411038252,1771325.0837529483,200147.38842469442,0.09810152900832801,81.95402477199464,89.977171807447,96.54160338955042,17.875,margin-localized,5.0,50;100;200,/data1/deasy/Himangi/breast_feature_extraction/Ductal_outputs/TCGA-B6-A0IB-01/immune_proximity_wsi_summary.csv,TCGA-B6-A0IB,Dead,3941.0,,3941.0,1.0,3941.0,129.47843942505133,10.789869952087612,matched
TCGA-B6-A0IG-01Z-00-DX1.4238CB6E-0561-49FD-9C49-9B8AEAFC4618,TCGA-B6-A0IG-01,TCGA-B6-A0IG,7,208.74302158717308,10403697.456705378,10.403697456705379,1530925.2074266889,0.14715203068885657,8872772.249278689,1773648.1734728457,0.17048248287244225,80.58409246126234,97.61220829920971,99.8193531836408,14.066388351314632,margin-localized,5.0,50;100;200,/data1/deasy/Himangi/breast_feature_extraction/Ductal_outputs/TCGA-B6-A0IG-01/immune_proximity_wsi_summary.csv,TCGA-B6-A0IG,Dead,4456.0,,4456.0,1.0,4456.0,146.39835728952772,12.199863107460644,matched
TCGA-B6-A0IJ-01Z-00-DX1.BF2E062F-06DA-4CA8-86C4-36674C035CAA,TCGA-B6-A0IJ-01,TCGA-B6-A0IJ,6,31.65419656605163,3514292.5188452876,3.514292518845288,395286.09375,0.1124795649850689,3119006.425095288,75327.04525015593,0.02143448356851825,64.20809647908563,85.89916606118807,96.7962719552727,33.77799764639698,margin-localized,5.0,50;100;200,/data1/deasy/Himangi/breast_feature_extraction/Ductal_outputs/TCGA-B6-A0IJ-01/immune_proximity_wsi_summary.csv,TCGA-B6-A0IJ,Alive,,,7106.0,0.0,,,,matched
TCGA-B6-A0IK-01Z-00-DX1.1640DB44-4AC0-4A34-9E21-4673C4289A99,TCGA-B6-A0IK-01,TCGA-B6-A0IK,11,29.425724362822482,1217585.1972540284,1.2175851972540284,40360.1875,0.033147731748893405,1177225.0097540284,53257.89460400274,0.043740589754304796,53.11153440956039,91.83505565844754,99.97381964414855,53.625,peritumoral,5.0,50;100;200,/data1/deasy/Himangi/breast_feature_extraction/Ductal_outputs/TCGA-B6-A0IK-01/immune_proximity_wsi_summary.csv,TCGA-B6-A0IK,Dead,571.0,,571.0,1.0,571.0,18.759753593429156,1.5633127994524298,matched
TCGA-B6-A0IO-01Z-00-DX1.D8898C30-4016-4983-9359-5C1507C01715,TCGA-B6-A0IO-01,TCGA-B6-A0IO,6,70.72908470307951,742218.3563962642,0.7422183563962642,43942.625,0.059204443842317746,698275.7313962642,36682.22383608264,0.04942241527707286,44.86941886326005,83.31158771372111,99.7007848819974,58.441343456494906,peritumoral,5.0,50;100;200,/data1/deasy/Himangi/breast_feature_extraction/Ductal_outputs/TCGA-B6-A0IO-01/immune_proximity_wsi_summary.csv,TCGA-B6-A0IO,Alive,,,5042.0,0.0,,,,matched
TCGA-B6-A0IQ-01Z-00-DX1.662EA039-825E-41FF-91D6-021EB0E099BD,TCGA-B6-A0IQ-01,TCGA-B6-A0IQ,6,247.22851942236278,15775302.552330934,15.775302552330933,4158084.5641208594,0.2635819218254212,11617217.988210075,351961.8225423432,0.022310939607959396,40.166629199949845,71.26624027559619,84.9126638527737,47.742309590131896,peritumoral,5.0,50;100;200,/data1/deasy/Himangi/breast_feature_extraction/Ductal_outputs/TCGA-B6-A0IQ-01/immune_proximity_wsi_summary.csv,TCGA-B6-A0IQ,Alive,,,4285.0,0.0,,,,matched
TCGA-B6-A0RE-01Z-00-DX1.8933BDB4-EF8D-41FA-9A50-05BB3AB976E5,TCGA-B6-A0RE-01,TCGA-B6-A0RE,6,96.05973883813465,1996263.399783072,1.996263399783072,107353.6875,0.05377731591515719,1888909.712283072,59396.53897489432,0.029753858624742988,50.07010000275154,87.85542201556503,97.01153033151968,45.17500691754236,margin-localized,5.0,50;100;200,/data1/deasy/Himangi/breast_feature_extraction/Ductal_outputs/TCGA-B6-A0RE-01/immune_proximity_wsi_summary.csv,TCGA-B6-A0RE,Alive,,,7777.0,0.0,,,,matched
TCGA-B6-A0RG-01Z-00-DX1.C83D21A0-EC61-459C-9776-EA3D91469E72,TCGA-B6-A0RG-01,TCGA-B6-A0RG,12,403.7623822452413,6775533.445134198,6.775533445134198,1347221.1494492318,0.1988361743556486,5428312.295684965,679755.6832266039,0.1003250428517574,75.71767684477967,86.58395007354757,91.89725029537557,17.47229950521682,margin-localized,5.0,50;100;200,/data1/deasy/Himangi/breast_feature_extraction/Ductal_outputs/TCGA-B6-A0RG-01/immune_proximity_wsi_summary.csv,TCGA-B6-A0RG,Alive,,,2082.0,0.0,,,,matched
TCGA-B6-A0RL-01Z-00-DX1.B5B6709B-5F38-4561-A0E7-C78F97B33F22,TCGA-B6-A0RL-01,TCGA-B6-A0RL,7,153.67821259389956,4992716.520864339,4.992716520864339,1692036.7925117966,0.3389010342247253,3300679.728352542,571676.6603372456,0.11450212683781152,81.2921834844201,95.348984840786,98.9020490095863,22.412677773974266,immune-penetrated,5.0,50;100;200,/data1/deasy/Himangi/breast_feature_extraction/Ductal_outputs/TCGA-B6-A0RL-01/immune_proximity_wsi_summary.csv,TCGA-B6-A0RL,Dead,2469.0,,2469.0,1.0,2469.0,81.11704312114989,6.759753593429158,matched
TCGA-B6-A0RM-01Z-00-DX1.31DE3E32-7996-4D30-BB5F-72C94409C940,TCGA-B6-A0RM-01,TCGA-B6-A0RM,6,93.13395567946294,3523181.4812465706,3.5231814812465707,675281.7834612544,0.19166818032386074,2847899.697785316,455401.1381006979,0.12925849563093414,75.19509615675625,84.91566994298618,93.38657240446231,17.25328320204592,margin-localized,5.0,50;100;200,/data1/deasy/Himangi/breast_feature_extraction/Ductal_outputs/TCGA-B6-A0RM-01/immune_proximity_wsi_summary.csv,TCGA-B6-A0RM,Dead,2373.0,,2373.0,1.0,2373.0,77.96303901437372,6.496919917864476,matched
TCGA-B6-A0RN-01Z-00-DX1.0D02A3FB-D694-4A5B-80C1-CF1469E29BFD,TCGA-B6-A0RN-01,TCGA-B6-A0RN,6,15.699242819230072,1452142.3779086666,1.4521423779086666,49964.125,0.03440718056307735,1402178.2529086666,199344.0601466936,0.13727583684582165,88.93730387807466,97.83133175822753,100.0,14.374999999999998,margin-localized,5.0,50;100;200,/data1/deasy/Himangi/breast_feature_extraction/Ductal_outputs/TCGA-B6-A0RN-01/immune_proximity_wsi_summary.csv,TCGA-B6-A0RN,Alive,,,8008.0,0.0,,,,matched
TCGA-B6-A0RS-01Z-00-DX1.F72B766D-FC49-4876-A93D-D88B05702267,TCGA-B6-A0RS-01,TCGA-B6-A0RS,10,127.3889993557124,8385536.489071636,8.385536489071637,467091.7694682781,0.0557020734543354,7918444.71960336,153033.7043782883,0.01824972135983522,55.07121191480544,87.20843023195543,98.31669081244794,49.89441977816758,margin-localized,5.0,50;100;200,/data1/deasy/Himangi/breast_feature_extraction/Ductal_outputs/TCGA-B6-A0RS-01/immune_proximity_wsi_summary.csv,TCGA-B6-A0RS,Dead,3063.0,,3063.0,1.0,3063.0,100.63244353182752,8.386036960985626,matched
TCGA-B6-A0RT-01Z-00-DX1.6C2BA663-D61B-404B-B62C-B81747B6A3AC,TCGA-B6-A0RT-01,TCGA-B6-A0RT,4,67.58218918692576,9711180.310449772,9.711180310449771,2030138.6856356978,0.20905169307289612,7681041.624814073,1392699.1497618384,0.14341193400180371,81.16577761938689,92.37187727543714,96.14403736554382,18.908496767326586,margin-localized,5.0,50;100;200,/data1/deasy/Himangi/breast_feature_extraction/Ductal_outputs/TCGA-B6-A0RT-01/immune_proximity_wsi_summary.csv,TCGA-B6-A0RT,Alive,,,2721.0,0.0,,,,matched
TCGA-B6-A0WS-01Z-00-DX1.020ED7BF-9497-4F13-AA07-FE0E839F9A06,TCGA-B6-A0WS-01,TCGA-B6-A0WS,2,70.36369851558335,5045875.077762636,5.045875077762636,108864.53461918417,0.0215749563636552,4937010.543143452,176783.0234956615,0.03503515659251079,48.69095299888868,82.42009515808454,98.80492588019571,45.92865271611007,margin-localized,5.0,50;100;200,/data1/deasy/Himangi/breast_feature_extraction/Ductal_outputs/TCGA-B6-A0WS-01/immune_proximity_wsi_summary.csv,TCGA-B6-A0WS,Dead,2965.0,,2965.0,1.0,2965.0,97.41273100616016,8.11772758384668,matched
TCGA-B6-A0WT-01Z-00-DX1.7ED21DA2-A3D8-4DCA-9742-963879A658D8,TCGA-B6-A0WT-01,TCGA-B6-A0WT,6,139.7949393884543,1145418.8660766778,1.1454188660766778,215874.1875,0.18846746277143014,929544.6785766778,26030.922786350588,0.022726116669889038,47.927743612875425,74.44921190289095,97.17250540654989,83.10829249389016,peritumoral,5.0,50;100;200,/data1/deasy/Himangi/breast_feature_extraction/Ductal_outputs/TCGA-B6-A0WT-01/immune_proximity_wsi_summary.csv,TCGA-B6-A0WT,Alive,,,5739.0,0.0,,,,matched
TCGA-B6-A0WW-01Z-00-DX1.64048633-1D1A-4074-8C50-7641159355DB,TCGA-B6-A0WW-01,TCGA-B6-A0WW,22,130.26382950035477,980401.7201768875,0.9804017201768874,277956.88214829646,0.2835132542384223,702444.8380285909,188038.48964894167,0.19179738853886866,71.76229534513341,85.82889845172733,94.58532962970521,22.913304677632166,immune-penetrated,5.0,50;100;200,/data1/deasy/Himangi/breast_feature_extraction/Ductal_outputs/TCGA-B6-A0WW-01/immune_proximity_wsi_summary.csv,TCGA-B6-A0WW,Dead,558.0,,558.0,1.0,558.0,18.33264887063655,1.5277207392197125,matched
TCGA-B6-A0WZ-01Z-00-DX1.6CFB236E-36F5-43D6-8DE3-C4ECBD3C14C6,TCGA-B6-A0WZ-01,TCGA-B6-A0WZ,5,92.50535617861995,530755.5720509493,0.5307555720509494,58291.9375,0.10982821579196596,472463.6345509492,80074.21139350219,0.1508683386668535,78.29725636403867,93.42462829743164,99.98122958942946,19.415280708761333,margin-localized,5.0,50;100;200,/data1/deasy/Himangi/breast_feature_extraction/Ductal_outputs/TCGA-B6-A0WZ-01/immune_proximity_wsi_summary.csv,TCGA-B6-A0WZ,Alive,,,6292.0,0.0,,,,matched
TCGA-B6-A0X1-01Z-00-DX1.2A41630E-A8BF-4966-99F5-D5D8036B1759,TCGA-B6-A0X1-01,TCGA-B6-A0X1,31,364.71970256165946,19142723.077374965,19.142723077374963,2196247.4514214057,0.11473014798073213,16946475.62595356,710149.7063291268,0.037097632529013706,39.89022473974686,75.4724615037549,94.84476651277582,54.02805983930943,peritumoral,5.0,50;100;200,/data1/deasy/Himangi/breast_feature_extraction/Ductal_outputs/TCGA-B6-A0X1-01/immune_proximity_wsi_summary.csv,TCGA-B6-A0X1,Dead,7455.0,,7455.0,1.0,7455.0,244.92813141683777,20.410677618069816,matched
TCGA-B6-A0X4-01Z-00-DX1.4B7914DE-3436-4D69-9BC6-F6419D3CC518,TCGA-B6-A0X4-01,TCGA-B6-A0X4,12,145.4559325729496,10335643.590233726,10.335643590233726,2157521.593917611,0.2087457423508952,8178121.9963161135,1246588.5147599343,0.12061063289158411,76.06347390728433,94.12996311659232,98.67918088449765,20.803019612546635,margin-localized,5.0,50;100;200,/data1/deasy/Himangi/breast_feature_extraction/Ductal_outputs/TCGA-B6-A0X4-01/immune_proximity_wsi_summary.csv,TCGA-B6-A0X4,Dead,860.0,,860.0,1.0,860.0,28.254620123203285,2.3545516769336072,matched
TCGA-B6-A0X5-01Z-00-DX1.02A9FF1E-EA20-4F2D-A2BB-427A287DE3FD,TCGA-B6-A0X5-01,TCGA-B6-A0X5,11,73.41468647265538,8587263.03804034,8.58726303804034,2708260.484259676,0.3153811024842807,5879002.553780662,1735385.1330410063,0.20208827019196918,73.91366985283858,82.80103656526553,89.02467728363543,10.772686816667418,immune-penetrated,5.0,50;100;200,/data1/deasy/Himangi/breast_feature_extraction/Ductal_outputs/TCGA-B6-A0X5-01/immune_proximity_wsi_summary.csv,TCGA-B6-A0X5,Dead,2097.0,,2097.0,1.0,2097.0,68.8952772073922,5.7412731006160165,matched
TCGA-B6-A1KC-01Z-00-DX1.4DD3E48B-F434-499F-9FF1-0FFD2883A375,TCGA-B6-A1KC-01,TCGA-B6-A1KC,7,103.18618099436351,11602554.179491881,11.60255417949188,2157829.61103182,0.18597884376578877,9444724.568460055,2956586.8979067276,0.2548220721203482,91.41166493884789,95.80161663442969,99.14729714124081,8.75,margin-localized,5.0,50;100;200,/data1/deasy/Himangi/breast_feature_extraction/Ductal_outputs/TCGA-B6-A1KC-01/immune_proximity_wsi_summary.csv,TCGA-B6-A1KC,Alive,,,1326.0,0.0,,,,matched
TCGA-B6-A1KF-01Z-00-DX1.2E08E830-4216-4CD0-9646-1F489300E11D,TCGA-B6-A1KF-01,TCGA-B6-A1KF,8,63.605390694079894,405305.7259179465,0.4053057259179465,30143.46875,0.07437217592159677,375162.25716794643,3536.90625,0.008726514391055115,16.22958604917171,47.46377508641427,91.9486351440922,91.4211793363551,peritumoral,5.0,50;100;200,/data1/deasy/Himangi/breast_feature_extraction/Ductal_outputs/TCGA-B6-A1KF-01/immune_proximity_wsi_summary.csv,TCGA-B6-A1KF,Alive,,,3088.0,0.0,,,,matched
TCGA-B6-A1KI-01Z-00-DX1.EFAA08A8-02EC-4A9B-AC6B-79BF2DC5A2AA,TCGA-B6-A1KI-01,TCGA-B6-A1KI,6,57.60319090595125,302292.3717449594,0.3022923717449594,31072.1875,0.10278852661957097,271220.1842449594,58794.98323833368,0.1944970787682937,83.19779380808377,93.59548776972461,96.44172494817717,12.25382593315247,margin-localized,5.0,50;100;200,/data1/deasy/Himangi/breast_feature_extraction/Ductal_outputs/TCGA-B6-A1KI-01/immune_proximity_wsi_summary.csv,TCGA-B6-A1KI,Alive,,,2236.0,0.0,,,,matched
TCGA-B6-A1KN-01Z-00-DX1.E769FD65-E5CE-4CA4-8BBE-6FC54A2ED870,TCGA-B6-A1KN-01,TCGA-B6-A1KN,14,142.58628633274412,4979385.362577915,4.979385362577915,549711.5824592827,0.11039747728516584,4429673.780118633,479478.53827553,0.09629271553854903,57.5181888750289,85.7073631478512,97.50207176645709,33.2272596108978,margin-localized,5.0,50;100;200,/data1/deasy/Himangi/breast_feature_extraction/Ductal_outputs/TCGA-B6-A1KN-01/immune_proximity_wsi_summary.csv,TCGA-B6-A1KN,Alive,,,4233.0,0.0,,,,matched
TCGA-BH-A0AU-01Z-00-DX1.E852F218-B15C-4CF8-8FD0-F284043834C4,TCGA-BH-A0AU-01,TCGA-BH-A0AU,2,122.14580091387283,6071809.5361015145,6.071809536101514,1568371.40625,0.2583037885040435,4503438.129851514,192407.50398266801,0.031688659342599505,60.36569402307348,78.9264756444571,89.34516613369632,28.00948500062077,margin-localized,5.0,50;100;200,/data1/deasy/Himangi/breast_feature_extraction/Ductal_outputs/TCGA-BH-A0AU-01/immune_proximity_wsi_summary.csv,TCGA-BH-A0AU,Alive,,,1914.0,0.0,,,,matched
TCGA-BH-A0AV-01Z-00-DX1.5A686DA4-A29D-4BA7-9BCA-B707F8755E83,TCGA-BH-A0AV-01,TCGA-BH-A0AV,7,55.276733518270746,1627865.6499095014,1.6278656499095014,137034.65625,0.08418056874510389,1490830.9936595014,82318.102501529,0.05056811814052674,57.47214735022798,90.92267273828469,97.41902221838855,35.25,margin-localized,5.0,50;100;200,/data1/deasy/Himangi/breast_feature_extraction/Ductal_outputs/TCGA-BH-A0AV-01/immune_proximity_wsi_summary.csv,TCGA-BH-A0AV,Alive,,,1820.0,0.0,,,,matched
TCGA-BH-A0AW-01Z-00-DX1.9D50A0D2-B103-411C-831E-8520C3D50173,TCGA-BH-A0AW-01,TCGA-BH-A0AW,10,57.824701815658855,8673270.170376994,8.673270170376993,222145.7763401914,0.02561268955957538,8451124.394036803,751672.6768440392,0.08666542861899192,64.47888835354561,85.21395290238601,96.56849093780674,23.431082454722404,margin-localized,5.0,50;100;200,/data1/deasy/Himangi/breast_feature_extraction/Ductal_outputs/TCGA-BH-A0AW-01/immune_proximity_wsi_summary.csv,TCGA-BH-A0AW,Alive,,,622.0,0.0,,,,matched
TCGA-BH-A0AY-01Z-00-DX1.A1153465-D9B3-4D83-BE85-F2524B071EE5,TCGA-BH-A0AY-01,TCGA-BH-A0AY,8,113.58823051578686,2385216.9216699256,2.3852169216699255,301744.59375,0.12650614332332683,2083472.327919925,86876.05020492655,0.03642270412206507,62.285373446185055,82.02765158131746,95.1560629475532,29.439025968941294,margin-localized,5.0,50;100;200,/data1/deasy/Himangi/breast_feature_extraction/Ductal_outputs/TCGA-BH-A0AY-01/immune_proximity_wsi_summary.csv,TCGA-BH-A0AY,Alive,,,777.0,0.0,,,,matched
TCGA-BH-A0B0-01Z-00-DX1.316D35DB-7F13-4AE5-82A7-5716D2519669,TCGA-BH-A0B0-01,TCGA-BH-A0B0,7,31.318597731622244,238710.32933688496,0.23871032933688496,751.5,0.0031481670780129077,237958.82933688496,5317.741362799743,0.022276963789426008,56.776537700076936,76.3816166170143,99.86143024694498,66.22239991120829,peritumoral,5.0,50;100;200,/data1/deasy/Himangi/breast_feature_extraction/Ductal_outputs/TCGA-BH-A0B0-01/immune_proximity_wsi_summary.csv,TCGA-BH-A0B0,Alive,,,2477.0,0.0,,,,matched
TCGA-BH-A0B1-01Z-00-DX1.CC60D284-04FB-4B73-90AA-FCE9185DADB6,TCGA-BH-A0B1-01,TCGA-BH-A0B1,1,53.79400489826084,1587945.0893429378,1.5879450893429379,1064161.375,0.6701499832342,523783.714342938,72461.36849015193,0.04563216258323838,32.875156061953305,41.512016033387646,56.57199522938177,11.732700030257314,immune-penetrated,5.0,50;100;200,/data1/deasy/Himangi/breast_feature_extraction/Ductal_outputs/TCGA-BH-A0B1-01/immune_proximity_wsi_summary.csv,TCGA-BH-A0B1,Alive,,,1148.0,0.0,,,,matched
TCGA-BH-A0B4-01Z-00-DX1.A2CB0BF4-32F9-48FD-9B96-A744013BADDB,TCGA-BH-A0B4-01,TCGA-BH-A0B4,13,84.55020496186464,952684.2485274967,0.9526842485274967,52210.79044549911,0.054803877072805596,900473.4580819975,168597.60472911625,0.17697112657179628,63.87732598235417,91.30980555207293,98.12766532798562,23.764798021443397,margin-localized,5.0,50;100;200,/data1/deasy/Himangi/breast_feature_extraction/Ductal_outputs/TCGA-BH-A0B4-01/immune_proximity_wsi_summary.csv,TCGA-BH-A0B4,Alive,,,1191.0,0.0,,,,matched
TCGA-BH-A0B6-01Z-00-DX1.4D982935-F600-4F37-ABB5-13AF74F4FDC4,TCGA-BH-A0B6-01,TCGA-BH-A0B6,4,42.52128871642282,2822545.6503510177,2.822545650351018,283233.2152808075,0.10034672610010188,2539312.4350702106,355787.4462920731,0.12605197235616955,81.49733621846545,96.69243243425889,98.92414030441991,19.6783708992894,margin-localized,5.0,50;100;200,/data1/deasy/Himangi/breast_feature_extraction/Ductal_outputs/TCGA-BH-A0B6-01/immune_proximity_wsi_summary.csv,TCGA-BH-A0B6,Alive,,,2483.0,0.0,,,,matched
TCGA-BH-A0B7-01Z-00-DX1.6950CDDF-8A81-4B10-BFFF-BE0E33A2C6CC,TCGA-BH-A0B7-01,TCGA-BH-A0B7,5,84.76116940430164,4540981.1276436895,4.54098112764369,365226.3569529487,0.08042895283787808,4175754.7706907406,110788.81827755753,0.02439755091760219,56.93435331121063,81.71561851834917,97.17379342163547,34.39885535886332,margin-localized,5.0,50;100;200,/data1/deasy/Himangi/breast_feature_extraction/Ductal_outputs/TCGA-BH-A0B7-01/immune_proximity_wsi_summary.csv,TCGA-BH-A0B7,Alive,,,2559.0,0.0,,,,matched
TCGA-BH-A0B9-01Z-00-DX1.C23ADB4C-52D4-4DFD-B8E3-156E43F0E645,TCGA-BH-A0B9-01,TCGA-BH-A0B9,14,92.76339228804845,18417500.147017207,18.417500147017208,2142085.2626237087,0.1163070582611413,16275414.884393498,539379.739537972,0.029286262263194654,67.0601218791573,89.58457769083097,94.93280609352817,33.57500930751919,margin-localized,5.0,50;100;200,/data1/deasy/Himangi/breast_feature_extraction/Ductal_outputs/TCGA-BH-A0B9-01/immune_proximity_wsi_summary.csv,TCGA-BH-A0B9,Alive,,,1572.0,0.0,,,,matched
TCGA-BH-A0BC-01Z-00-DX1.7A91831D-9625-49FC-B783-C633F80F898C,TCGA-BH-A0BC-01,TCGA-BH-A0BC,6,49.495114466199794,1383404.3996477965,1.3834043996477965,276108.5297812135,0.1995862741592469,1107295.869866583,292425.1959961223,0.21138084863006898,49.89075177556354,77.09140192986507,92.41592865481229,56.97929996937484,peritumoral,5.0,50;100;200,/data1/deasy/Himangi/breast_feature_extraction/Ductal_outputs/TCGA-BH-A0BC-01/immune_proximity_wsi_summary.csv,TCGA-BH-A0BC,Alive,,,974.0,0.0,,,,matched
TCGA-BH-A0BD-01Z-00-DX1.CD4A6FC2-BA8C-4E30-972A-E6CD1BEAD8AD,TCGA-BH-A0BD-01,TCGA-BH-A0BD,8,67.51061193101809,1882993.1020671823,1.8829931020671824,84572.93907419052,0.04491409925046719,1798420.1629929917,68775.44890339609,0.03652453576590016,67.96815099011073,89.22282592644277,99.11875341010102,25.145203319917698,margin-localized,5.0,50;100;200,/data1/deasy/Himangi/breast_feature_extraction/Ductal_outputs/TCGA-BH-A0BD-01/immune_proximity_wsi_summary.csv,TCGA-BH-A0BD,Alive,,,554.0,0.0,,,,matched
TCGA-BH-A0BG-01Z-00-DX1.0838FB7F-8C85-4687-9F70-D136A1063383,TCGA-BH-A0BG-01,TCGA-BH-A0BG,5,77.82515871828036,2284927.840623041,2.284927840623041,116977.05327290526,0.05119507548256256,2167950.787350136,386093.3983497278,0.16897400061633897,70.74956078298341,90.40979408997818,99.97942481360495,37.321659261077876,margin-localized,5.0,50;100;200,/data1/deasy/Himangi/breast_feature_extraction/Ductal_outputs/TCGA-BH-A0BG-01/immune_proximity_wsi_summary.csv,TCGA-BH-A0BG,Alive,,,1871.0,0.0,,,,matched
TCGA-BH-A0BP-01Z-00-DX1.63A87C1D-87FA-494D-9836-74290B5DC30D,TCGA-BH-A0BP-01,TCGA-BH-A0BP,6,40.59349742722228,313291.66609897476,0.31329166609897474,4605.4375,0.014700159622327954,308686.22859897476,23501.65625,0.0750152614738733,71.56054969769691,90.04178292668573,100.0,39.68809054678746,margin-localized,5.0,50;100;200,/data1/deasy/Himangi/breast_feature_extraction/Ductal_outputs/TCGA-BH-A0BP-01/immune_proximity_wsi_summary.csv,TCGA-BH-A0BP,Dead,2296.0,,2296.0,1.0,2296.0,75.43326488706366,6.286105407255304,matched
TCGA-BH-A0BR-01Z-00-DX1.F7912887-8AE9-4391-9B83-9AC7B4FF38EF,TCGA-BH-A0BR-01,TCGA-BH-A0BR,2,59.80712340233299,1759483.2543351818,1.7594832543351817,89930.14029083084,0.05111167728891561,1669553.114044351,83854.23977910368,0.047658447201754064,51.89399280443643,88.21823170083559,98.56416531723193,49.924474208548254,margin-localized,5.0,50;100;200,/data1/deasy/Himangi/breast_feature_extraction/Ductal_outputs/TCGA-BH-A0BR-01/immune_proximity_wsi_summary.csv,TCGA-BH-A0BR,Alive,,,2330.0,0.0,,,,matched
TCGA-BH-A0BS-01Z-00-DX1.FEE32127-4D0B-4560-A39C-4EAA5B189B70,TCGA-BH-A0BS-01,TCGA-BH-A0BS,15,63.73929845546319,2422561.867047008,2.422561867047008,138410.90629232975,0.05713410591286418,2284150.9607546786,244004.93543977753,0.10072185926760598,62.602868241845066,79.86077120933463,94.64378626273094,19.99267443965414,margin-localized,5.0,50;100;200,/data1/deasy/Himangi/breast_feature_extraction/Ductal_outputs/TCGA-BH-A0BS-01/immune_proximity_wsi_summary.csv,TCGA-BH-A0BS,Alive,,,2612.0,0.0,,,,matched
TCGA-BH-A0BT-01Z-00-DX1.9087B9E7-C0CD-4179-AF57-AD9255785169,TCGA-BH-A0BT-01,TCGA-BH-A0BT,6,149.77922163519096,1078433.2091376078,1.0784332091376079,316487.90625,0.29347010419225344,761945.3028876081,53055.408774765296,0.049196749808170494,68.92070596241832,87.48176497339446,96.51071344231963,22.00639111712777,margin-localized,5.0,50;100;200,/data1/deasy/Himangi/breast_feature_extraction/Ductal_outputs/TCGA-BH-A0BT-01/immune_proximity_wsi_summary.csv,TCGA-BH-A0BT,Alive,,,2365.0,0.0,,,,matched
TCGA-BH-A0BV-01Z-00-DX1.3C9CD4F7-A001-430D-AA8D-80CAD61C344E,TCGA-BH-A0BV-01,TCGA-BH-A0BV,9,184.35560196632366,7247731.06895799,7.24773106895799,150467.01154006078,0.020760567701595678,7097264.05741793,315675.2229540518,0.043555040874252056,70.44769248476875,96.01043848995926,99.82336036922025,35.59538242525286,margin-localized,5.0,50;100;200,/data1/deasy/Himangi/breast_feature_extraction/Ductal_outputs/TCGA-BH-A0BV-01/immune_proximity_wsi_summary.csv,TCGA-BH-A0BV,Alive,,,1519.0,0.0,,,,matched
TCGA-BH-A0BZ-01Z-00-DX1.45EB3E93-A871-49C6-9EAE-90D98AE01913,TCGA-BH-A0BZ-01,TCGA-BH-A0BZ,5,91.3100235866479,8420840.09824432,8.420840098244321,325649.96931020904,0.0386719098701452,8095190.128934111,1419178.2494238438,0.1685316705775866,89.18940627350767,96.06983773795146,99.53488908499024,17.397018422706807,margin-localized,5.0,50;100;200,/data1/deasy/Himangi/breast_feature_extraction/Ductal_outputs/TCGA-BH-A0BZ-01/immune_proximity_wsi_summary.csv,TCGA-BH-A0BZ,Alive,,,2255.0,0.0,,,,matched
TCGA-BH-A0DE-01Z-00-DX1.64A0340A-8146-48E8-AAF7-4035988B9152,TCGA-BH-A0DE-01,TCGA-BH-A0DE,11,27.00506443298932,539630.8129461142,0.5396308129461143,232285.03125,0.43045175641813327,307345.7816961143,138024.79931605075,0.2557763493202036,64.52549802674675,92.08025553076197,99.58092876727078,29.468468317847808,immune-penetrated,5.0,50;100;200,/data1/deasy/Himangi/breast_feature_extraction/Ductal_outputs/TCGA-BH-A0DE-01/immune_proximity_wsi_summary.csv,TCGA-BH-A0DE,Alive,,,2372.0,0.0,,,,matched
TCGA-BH-A0DK-01Z-00-DX1.0CFED53C-BAD9-4E35-B12F-57E64F3FEF1C,TCGA-BH-A0DK-01,TCGA-BH-A0DK,4,128.61298357814317,4470578.741571981,4.470578741571981,1176215.18847606,0.2631013245641815,3294363.553095922,468845.33936313377,0.1048735223033505,69.2289907443092,86.72093485672013,94.3503241620509,22.3125,margin-localized,5.0,50;100;200,/data1/deasy/Himangi/breast_feature_extraction/Ductal_outputs/TCGA-BH-A0DK-01/immune_proximity_wsi_summary.csv,TCGA-BH-A0DK,Alive,,,423.0,0.0,,,,matched
TCGA-BH-A0DO-01Z-00-DX1.1684557E-A5D4-4828-B2D5-FA899993A019,TCGA-BH-A0DO-01,TCGA-BH-A0DO,3,71.73947576033609,159013.91105959006,0.15901391105959006,3097.15625,0.019477266041455634,155916.75480959006,6751.233033567824,0.04245687052523233,34.721468501043304,48.91586551883937,100.0,109.36344581828976,immune-excluded,5.0,50;100;200,/data1/deasy/Himangi/breast_feature_extraction/Ductal_outputs/TCGA-BH-A0DO-01/immune_proximity_wsi_summary.csv,TCGA-BH-A0DO,Alive,,,1644.0,0.0,,,,matched
TCGA-BH-A0DQ-01Z-00-DX1.5A98747C-52D9-45AD-BC84-934A96F069EB,TCGA-BH-A0DQ-01,TCGA-BH-A0DQ,13,145.56363948209764,2227482.7368310313,2.2274827368310315,265045.4001743288,0.11898875613797145,1962437.3366567027,299825.0168534379,0.13460262200729303,88.0320260931495,96.35055098643318,99.39113106493458,16.06870016522805,margin-localized,5.0,50;100;200,/data1/deasy/Himangi/breast_feature_extraction/Ductal_outputs/TCGA-BH-A0DQ-01/immune_proximity_wsi_summary.csv,TCGA-BH-A0DQ,Alive,,,98.0,0.0,,,,matched
TCGA-BH-A0DS-01Z-00-DX1.38E82A1F-21B9-4B97-A304-15B886EA68A0,TCGA-BH-A0DS-01,TCGA-BH-A0DS,3,59.35313314342732,451592.60739388794,0.45159260739388796,59475.78125,0.1317022915703402,392116.82614388794,54747.870208291366,0.12123287518863035,71.89426105001851,85.14345468349043,98.1826401078305,16.202454482269037,margin-localized,5.0,50;100;200,/data1/deasy/Himangi/breast_feature_extraction/Ductal_outputs/TCGA-BH-A0DS-01/immune_proximity_wsi_summary.csv,TCGA-BH-A0DS,Alive,,,78.0,0.0,,,,matched
TCGA-BH-A0DT-01Z-00-DX1.73AFCEBB-06B1-4870-ADA2-881511B1BE2D,TCGA-BH-A0DT-01,TCGA-BH-A0DT,5,40.53558110362678,556803.5799625894,0.5568035799625894,56239.34375,0.10100391910874318,500564.2362125894,77363.38166149285,0.1389419616639152,67.93109886560154,93.11881880182855,98.87626347617747,24.179666044013096,margin-localized,5.0,50;100;200,/data1/deasy/Himangi/breast_feature_extraction/Ductal_outputs/TCGA-BH-A0DT-01/immune_proximity_wsi_summary.csv,TCGA-BH-A0DT,Alive,,,2403.0,0.0,,,,matched
TCGA-BH-A0DV-01Z-00-DX1.2F0B5FB3-40F0-4D27-BFAC-390FB9A42B39,TCGA-BH-A0DV-01,TCGA-BH-A0DV,12,16.216035509502028,107465.79469613993,0.10746579469613993,1408.34375,0.013105041971560337,106057.45094613993,10094.43626959204,0.09393162073694342,79.1458530786518,91.06344147607398,100.0,22.769565762218654,margin-localized,5.0,50;100;200,/data1/deasy/Himangi/breast_feature_extraction/Ductal_outputs/TCGA-BH-A0DV-01/immune_proximity_wsi_summary.csv,TCGA-BH-A0DV,Alive,,,2064.0,0.0,,,,matched
TCGA-BH-A0DX-01Z-00-DX1.45C27E71-9A0A-400E-93A9-5CE7780F3C5E,TCGA-BH-A0DX-01,TCGA-BH-A0DX,5,18.68374728661612,195527.16098392184,0.19552716098392184,2846.65625,0.01455887885690766,192680.50473392184,29566.21875,0.151212847367181,62.89080259532057,94.85834864051374,99.46212274082062,55.42833915290986,peritumoral,5.0,50;100;200,/data1/deasy/Himangi/breast_feature_extraction/Ductal_outputs/TCGA-BH-A0DX-01/immune_proximity_wsi_summary.csv,TCGA-BH-A0DX,Alive,,,2156.0,0.0,,,,matched
TCGA-BH-A0DZ-01Z-00-DX1.138BAEC2-589E-4960-B94E-DF48DDAA5490,TCGA-BH-A0DZ-01,TCGA-BH-A0DZ,10,110.3295331319859,1157410.7914620722,1.1574107914620722,79458.828125,0.06865222677302454,1077951.9633370722,41381.928604266344,0.03575388177605601,46.95412326709442,78.88933240139717,97.63273576977576,57.70303826489555,peritumoral,5.0,50;100;200,/data1/deasy/Himangi/breast_feature_extraction/Ductal_outputs/TCGA-BH-A0DZ-01/immune_proximity_wsi_summary.csv,TCGA-BH-A0DZ,Alive,,,495.0,0.0,,,,matched
TCGA-BH-A0E1-01Z-00-DX1.257EB36A-1008-4890-927B-204EF05DBE90,TCGA-BH-A0E1-01,TCGA-BH-A0E1,6,255.79539652822834,8643750.56893139,8.64375056893139,5183848.0,0.5997220718784426,3459902.568931392,590821.875,0.06835249007804747,41.63497002785262,68.63161535759129,85.68915531648751,16.604310434342043,immune-penetrated,5.0,50;100;200,/data1/deasy/Himangi/breast_feature_extraction/Ductal_outputs/TCGA-BH-A0E1-01/immune_proximity_wsi_summary.csv,TCGA-BH-A0E1,Alive,,,477.0,0.0,,,,matched
TCGA-BH-A0E2-01Z-00-DX1.5F6FA19C-D59F-45BE-80CE-F738CAB1EF0B,TCGA-BH-A0E2-01,TCGA-BH-A0E2,10,99.04118844474684,701875.3597294118,0.7018753597294117,169288.55143506054,0.2411946068320805,532586.8082943514,102516.90668219907,0.14606141284361596,69.07780389619347,84.44735321876192,96.07668945514543,21.231609689328785,margin-localized,5.0,50;100;200,/data1/deasy/Himangi/breast_feature_extraction/Ductal_outputs/TCGA-BH-A0E2-01/immune_proximity_wsi_summary.csv,TCGA-BH-A0E2,Alive,,,435.0,0.0,,,,matched
TCGA-BH-A0E7-01Z-00-DX1.7FEE54C4-3795-403C-85B9-FF932BE56788,TCGA-BH-A0E7-01,TCGA-BH-A0E7,3,54.40320265392557,553872.9816676201,0.5538729816676201,237898.8125,0.42951871705986805,315974.16916762013,63954.03125,0.11546696330527799,61.19281609899745,69.71988395809412,86.47931204831,10.841183053523263,immune-penetrated,5.0,50;100;200,/data1/deasy/Himangi/breast_feature_extraction/Ductal_outputs/TCGA-BH-A0E7-01/immune_proximity_wsi_summary.csv,TCGA-BH-A0E7,Alive,,,1363.0,0.0,,,,matched
TCGA-BH-A0EA-01Z-00-DX1.85FF2B48-2AF7-4C15-A7E6-FCA68CAB76C7,TCGA-BH-A0EA-01,TCGA-BH-A0EA,8,46.212655476636904,1448883.9479139599,1.44888394791396,193059.40877825502,0.1332469788599795,1255824.5391357047,265271.34289629455,0.18308667390388353,79.55604912034798,95.51731306005472,99.66731737039575,15.470233514721102,margin-localized,5.0,50;100;200,/data1/deasy/Himangi/breast_feature_extraction/Ductal_outputs/TCGA-BH-A0EA-01/immune_proximity_wsi_summary.csv,TCGA-BH-A0EA,Dead,991.0,,991.0,1.0,991.0,32.558521560574945,2.7132101300479126,matched
TCGA-BH-A0EE-01Z-00-DX1.872EA586-25C8-4835-A138-152DFA1EBF30,TCGA-BH-A0EE-01,TCGA-BH-A0EE,12,199.38773437674357,8125868.046396745,8.125868046396745,2865036.5898767333,0.3525822193417449,5260831.456520012,12317.442407959346,0.001515830965704799,11.703294331883448,58.647356728464025,88.77005388753348,83.42005903857897,immune-penetrated,5.0,50;100;200,/data1/deasy/Himangi/breast_feature_extraction/Ductal_outputs/TCGA-BH-A0EE-01/immune_proximity_wsi_summary.csv,TCGA-BH-A0EE,Alive,,,943.0,0.0,,,,matched
TCGA-BH-A0EI-01Z-00-DX1.929E126A-C9F8-4240-BF00-B6C4A57B7FF6,TCGA-BH-A0EI-01,TCGA-BH-A0EI,9,43.541191958705056,1240423.5577098895,1.2404235577098894,61847.95415069755,0.04986035114076942,1178575.603559192,209907.50481508713,0.16922244301988687,89.2340200120206,97.64988110125442,99.97492288032853,10.007809450624048,margin-localized,5.0,50;100;200,/data1/deasy/Himangi/breast_feature_extraction/Ductal_outputs/TCGA-BH-A0EI-01/immune_proximity_wsi_summary.csv,TCGA-BH-A0EI,Alive,,,1926.0,0.0,,,,matched
TCGA-BH-A0GY-01Z-00-DX1.E1AEAA36-94FA-41ED-851F-7BB11DD3C06D,TCGA-BH-A0GY-01,TCGA-BH-A0GY,10,106.90922262656571,1714238.5265125688,1.7142385265125688,40232.47002821619,0.023469586878358612,1674006.0564843528,193293.85261271405,0.11275785115269185,86.10217824049538,97.32121197599915,99.99550638672457,19.17232706272246,margin-localized,5.0,50;100;200,/data1/deasy/Himangi/breast_feature_extraction/Ductal_outputs/TCGA-BH-A0GY-01/immune_proximity_wsi_summary.csv,TCGA-BH-A0GY,Alive,,,923.0,0.0,,,,matched
TCGA-BH-A0GZ-01Z-00-DX1.9AD4F493-A0A9-499D-B667-B33333FC1A51,TCGA-BH-A0GZ-01,TCGA-BH-A0GZ,1,50.736802841874926,92800.10016896634,0.09280010016896634,11522.125,0.12416069572145959,81277.97516896634,6438.96875,0.06938536422133391,57.31196669309846,83.57607690898207,98.92355989036523,31.129015805193713,margin-localized,5.0,50;100;200,/data1/deasy/Himangi/breast_feature_extraction/Ductal_outputs/TCGA-BH-A0GZ-01/immune_proximity_wsi_summary.csv,TCGA-BH-A0GZ,Alive,,,328.0,0.0,,,,matched
TCGA-BH-A0H0-01Z-00-DX1.B3B394DD-1F4E-42CA-BB51-C002E423B3D0,TCGA-BH-A0H0-01,TCGA-BH-A0H0,3,32.52193470722951,549806.2443580676,0.5498062443580677,221987.765625,0.40375635581255404,327818.4787330677,50911.51706532369,0.09259901572192218,41.63776867739198,60.94741678619939,76.05648533513627,33.39395529133978,immune-penetrated,5.0,50;100;200,/data1/deasy/Himangi/breast_feature_extraction/Ductal_outputs/TCGA-BH-A0H0-01/immune_proximity_wsi_summary.csv,TCGA-BH-A0H0,Alive,,,461.0,0.0,,,,matched
TCGA-BH-A0H3-01Z-00-DX1.C6D4DFB9-A4FA-40B2-90EF-75294CBC4523,TCGA-BH-A0H3-01,TCGA-BH-A0H3,4,31.08909346476468,482130.56690515147,0.4821305669051515,24025.1875,0.04983128876109285,458105.37940515147,18424.891868083312,0.03821556468894867,43.970018048054996,74.49445662223854,98.3090055326037,62.60615984070577,peritumoral,5.0,50;100;200,/data1/deasy/Himangi/breast_feature_extraction/Ductal_outputs/TCGA-BH-A0H3-01/immune_proximity_wsi_summary.csv,TCGA-BH-A0H3,Alive,,,1928.0,0.0,,,,matched
TCGA-BH-A0H7-01Z-00-DX1.21502FEA-DB37-4630-BA42-778DDF3A6D17,TCGA-BH-A0H7-01,TCGA-BH-A0H7,3,46.287988719354665,1928245.5270062783,1.9282455270062784,83595.54649756807,0.043353165002464895,1844649.9805087103,159922.06070800556,0.08293656511486613,78.5967223594288,93.27886969967597,99.70383098379543,37.6760969481978,margin-localized,5.0,50;100;200,/data1/deasy/Himangi/breast_feature_extraction/Ductal_outputs/TCGA-BH-A0H7-01/immune_proximity_wsi_summary.csv,TCGA-BH-A0H7,Alive,,,702.0,0.0,,,,matched
TCGA-BH-A0H9-01Z-00-DX1.8AE869C6-5C78-4D52-AC8B-5B6FD5FD91AA,TCGA-BH-A0H9-01,TCGA-BH-A0H9,3,113.92739534980439,679354.1237978825,0.6793541237978825,16237.34375,0.02390114843084524,663116.7800478825,3903.2024867611367,0.005745460798766558,36.243508310644785,79.99750538129759,97.60660078736232,65.0,peritumoral,5.0,50;100;200,/data1/deasy/Himangi/breast_feature_extraction/Ductal_outputs/TCGA-BH-A0H9-01/immune_proximity_wsi_summary.csv,TCGA-BH-A0H9,Alive,,,1247.0,0.0,,,,matched
TCGA-BH-A0HB-01Z-00-DX1.F90F7139-B804-4548-9FAF-9B475BF225EB,TCGA-BH-A0HB-01,TCGA-BH-A0HB,8,114.41810186321128,10886009.15012425,10.88600915012425,2115860.664832172,0.19436513745792894,8770148.485292079,338706.7833987515,0.031113953582786177,50.46946228251896,80.28282613806653,99.25728153068533,37.78992094461167,margin-localized,5.0,50;100;200,/data1/deasy/Himangi/breast_feature_extraction/Ductal_outputs/TCGA-BH-A0HB-01/immune_proximity_wsi_summary.csv,TCGA-BH-A0HB,Alive,,,806.0,0.0,,,,matched
TCGA-BH-A0HF-01Z-00-DX1.1EB2F7CE-54F4-4E41-A3CF-78209770B7CE,TCGA-BH-A0HF-01,TCGA-BH-A0HF,6,51.82023314363848,852166.9166419815,0.8521669166419814,152349.8125,0.17877930898836608,699817.1041419816,141922.64602893637,0.16654324787471414,76.8858401553197,92.52401580539103,99.93994911876257,15.044205695217013,margin-localized,5.0,50;100;200,/data1/deasy/Himangi/breast_feature_extraction/Ductal_outputs/TCGA-BH-A0HF-01/immune_proximity_wsi_summary.csv,TCGA-BH-A0HF,Alive,,,727.0,0.0,,,,matched
TCGA-BH-A0HI-01Z-00-DX1.89DB9F79-0DCC-4C65-831E-96AE026C2C4E,TCGA-BH-A0HI-01,TCGA-BH-A0HI,7,72.32757441425424,240863.80842661558,0.2408638084266156,39451.3125,0.16379095206418154,201412.4959266156,14479.875,0.060116441297620726,51.77959287525835,75.72576000669207,99.25617976328483,43.53034142985786,margin-localized,5.0,50;100;200,/data1/deasy/Himangi/breast_feature_extraction/Ductal_outputs/TCGA-BH-A0HI-01/immune_proximity_wsi_summary.csv,TCGA-BH-A0HI,Alive,,,620.0,0.0,,,,matched
TCGA-BH-A0HL-01Z-00-DX1.972DE96D-51F4-4A2D-B074-8D965023DC01,TCGA-BH-A0HL-01,TCGA-BH-A0HL,12,123.58956184044588,25282416.053546876,25.282416053546875,4272309.723575247,0.16898344345440372,21010106.32997163,4425096.3138519,0.17502663924522763,86.06120707614,94.75409998034425,97.88355076956763,17.729938205935934,margin-localized,5.0,50;100;200,/data1/deasy/Himangi/breast_feature_extraction/Ductal_outputs/TCGA-BH-A0HL-01/immune_proximity_wsi_summary.csv,TCGA-BH-A0HL,Alive,,,72.0,0.0,,,,matched
TCGA-BH-A0HO-01Z-00-DX1.D3D66547-F5D4-40F5-B737-2FECEEB35ACB,TCGA-BH-A0HO-01,TCGA-BH-A0HO,3,94.51773262272452,2334846.4382533976,2.3348464382533978,624931.40625,0.2676541788835952,1709915.0320033976,170319.21090032047,0.07294664356073423,62.6857315216071,74.89285353377636,92.62252255094792,17.838358423633046,margin-localized,5.0,50;100;200,/data1/deasy/Himangi/breast_feature_extraction/Ductal_outputs/TCGA-BH-A0HO-01/immune_proximity_wsi_summary.csv,TCGA-BH-A0HO,Alive,,,76.0,0.0,,,,matched
TCGA-BH-A0HU-01Z-00-DX1.73B38904-E4F8-4F45-BD75-A27EC833B6DE,TCGA-BH-A0HU-01,TCGA-BH-A0HU,10,111.91507615383024,840759.1846030221,0.840759184603022,43042.140625,0.05119437457626233,797717.0439780221,58568.064835185,0.0696609277754591,50.861639993336475,72.21268087010473,98.5064868843879,44.66000027989252,margin-localized,5.0,50;100;200,/data1/deasy/Himangi/breast_feature_extraction/Ductal_outputs/TCGA-BH-A0HU-01/immune_proximity_wsi_summary.csv,TCGA-BH-A0HU,Alive,,,392.0,0.0,,,,matched
TCGA-BH-A0HW-01Z-00-DX1.44DCCE00-133F-4469-A4DA-5057C011B4AC,TCGA-BH-A0HW-01,TCGA-BH-A0HW,2,120.64081691508572,1091633.7295699152,1.0916337295699152,550377.28125,0.5041776067755245,541256.4483199151,152484.53125,0.13968470112230433,50.940578073744604,64.6239718338817,78.93733915012756,10.677809934626108,immune-penetrated,5.0,50;100;200,/data1/deasy/Himangi/breast_feature_extraction/Ductal_outputs/TCGA-BH-A0HW-01/immune_proximity_wsi_summary.csv,TCGA-BH-A0HW,Alive,,,1561.0,0.0,,,,matched
TCGA-BH-A0HX-01Z-00-DX1.44EBA39E-383D-4820-915E-4E5FDA1D43DA,TCGA-BH-A0HX-01,TCGA-BH-A0HX,8,153.13675342151853,554309.4699580162,0.5543094699580162,38350.40625,0.06918591207345724,515959.0637080162,30992.8125,0.055912471606064065,61.59470807477811,88.82495683584372,95.76935011224299,41.021716809514444,margin-localized,5.0,50;100;200,/data1/deasy/Himangi/breast_feature_extraction/Ductal_outputs/TCGA-BH-A0HX-01/immune_proximity_wsi_summary.csv,TCGA-BH-A0HX,Alive,,,829.0,0.0,,,,matched
TCGA-BH-A0HY-01Z-00-DX1.D7A1BF42-F268-4220-B71B-354CE2AF32D8,TCGA-BH-A0HY-01,TCGA-BH-A0HY,10,83.3992108901381,1421006.219438222,1.421006219438222,13975.25,0.009834756392216882,1407030.969438222,19378.56323218794,0.013637212115685901,37.02982190731781,84.7932746414754,99.9580549328261,90.86339334407448,peritumoral,5.0,50;100;200,/data1/deasy/Himangi/breast_feature_extraction/Ductal_outputs/TCGA-BH-A0HY-01/immune_proximity_wsi_summary.csv,TCGA-BH-A0HY,Alive,,,1545.0,0.0,,,,matched
TCGA-BH-A0RX-01Z-00-DX1.B4ABAFB9-6696-4F22-9468-DA56E1AD32D3,TCGA-BH-A0RX-01,TCGA-BH-A0RX,4,130.224804462235,10608633.616011769,10.608633616011769,1418824.4039197909,0.13374242671349665,9189809.212091977,14851.10533274319,0.0013999074593666987,23.678579779626237,65.05216321561109,92.24088748035363,74.8228376316349,peritumoral,5.0,50;100;200,/data1/deasy/Himangi/breast_feature_extraction/Ductal_outputs/TCGA-BH-A0RX-01/immune_proximity_wsi_summary.csv,TCGA-BH-A0RX,Alive,,,170.0,0.0,,,,matched
TCGA-BH-A0W3-01Z-00-DX1.38DCA2B7-1A54-4FFA-BABA-29F80974BB17,TCGA-BH-A0W3-01,TCGA-BH-A0W3,13,105.62000382079677,1765850.2161741785,1.7658502161741785,183196.72623415515,0.10374420466479992,1582653.4899400233,123581.28182718901,0.06998401149500401,79.32559412823036,93.48427030725084,96.24695659954757,33.81059375402923,margin-localized,5.0,50;100;200,/data1/deasy/Himangi/breast_feature_extraction/Ductal_outputs/TCGA-BH-A0W3-01/immune_proximity_wsi_summary.csv,TCGA-BH-A0W3,Alive,,,728.0,0.0,,,,matched
TCGA-BH-A0W4-01Z-00-DX1.23E017DC-15CB-4838-AC91-CFB11B932AB0,TCGA-BH-A0W4-01,TCGA-BH-A0W4,7,65.96097605863055,562017.0967576408,0.5620170967576408,33655.25,0.0598829647606133,528361.846757641,35651.293127623525,0.0634345348803463,58.692266647367106,82.91254277593757,99.1534200624866,38.6549236837948,margin-localized,5.0,50;100;200,/data1/deasy/Himangi/breast_feature_extraction/Ductal_outputs/TCGA-BH-A0W4-01/immune_proximity_wsi_summary.csv,TCGA-BH-A0W4,Alive,,,759.0,0.0,,,,matched
TCGA-BH-A0W5-01Z-00-DX1.84EA3913-667B-4694-A0F0-E629CAC615C8,TCGA-BH-A0W5-01,TCGA-BH-A0W5,7,56.767851883381184,2545578.117822298,2.545578117822298,51759.03176216438,0.02033291824744448,2493819.0860601333,103087.06474362248,0.040496523764830226,30.134097030021888,51.14828357084256,96.33927922460953,117.51868202545499,immune-excluded,5.0,50;100;200,/data1/deasy/Himangi/breast_feature_extraction/Ductal_outputs/TCGA-BH-A0W5-01/immune_proximity_wsi_summary.csv,TCGA-BH-A0W5,Alive,,,1288.0,0.0,,,,matched
TCGA-BH-A0W7-01Z-00-DX1.93F11232-A1FB-4682-B744-3531D4DF11AF,TCGA-BH-A0W7-01,TCGA-BH-A0W7,7,54.75799257523704,2219508.225557057,2.2195082255570573,348523.64612521965,0.157027418106435,1870984.5794318377,182778.9107111927,0.08235108507665856,62.51080943601697,90.83725381695074,98.92210297042193,22.507377262799857,margin-localized,5.0,50;100;200,/data1/deasy/Himangi/breast_feature_extraction/Ductal_outputs/TCGA-BH-A0W7-01/immune_proximity_wsi_summary.csv,TCGA-BH-A0W7,Alive,,,1363.0,0.0,,,,matched
TCGA-BH-A18F-01Z-00-DX1.81A81589-2D77-4CD6-BD34-76E292AA031D,TCGA-BH-A18F-01,TCGA-BH-A18F,8,56.42215672568023,1469742.9256779428,1.4697429256779428,17870.5,0.012158929080578456,1451872.4256779428,30183.56632360739,0.020536629771281074,44.735829381168266,75.68831908535516,89.6575218289431,57.31628259055188,peritumoral,5.0,50;100;200,/data1/deasy/Himangi/breast_feature_extraction/Ductal_outputs/TCGA-BH-A18F-01/immune_proximity_wsi_summary.csv,TCGA-BH-A18F,Alive,,,1001.0,0.0,,,,matched
TCGA-BH-A18G-01Z-00-DX1.DB2B5819-CE83-4E07-BD03-2CD9CF2E246C,TCGA-BH-A18G-01,TCGA-BH-A18G,1,53.506199403941366,1242942.1231829063,1.2429421231829063,215897.75,0.17369895667155644,1027044.3731829064,86791.28125,0.06982729093430858,67.371210273982,76.22708172392936,90.37417468855115,30.66400577224052,margin-localized,5.0,50;100;200,/data1/deasy/Himangi/breast_feature_extraction/Ductal_outputs/TCGA-BH-A18G-01/immune_proximity_wsi_summary.csv,TCGA-BH-A18G,Alive,,,149.0,0.0,,,,matched
TCGA-BH-A18H-01Z-00-DX1.4EC9108F-04C2-4B28-BD74-97A414C9A536,TCGA-BH-A18H-01,TCGA-BH-A18H,2,7.211871896587672,359092.0250915787,0.3590920250915787,19661.125,0.054752329837973575,339430.9000915787,34436.714617288155,0.09589941355145888,76.53244627889644,85.09771525455206,88.09945549776505,19.048150336712485,margin-localized,5.0,50;100;200,/data1/deasy/Himangi/breast_feature_extraction/Ductal_outputs/TCGA-BH-A18H-01/immune_proximity_wsi_summary.csv,TCGA-BH-A18H,Alive,,,652.0,0.0,,,,matched
TCGA-BH-A18I-01Z-00-DX1.EE699DE3-EBF4-4AB4-8319-9911F027FA18,TCGA-BH-A18I-01,TCGA-BH-A18I,5,70.52311606251725,2918279.8058561194,2.9182798058561192,72841.48573436207,0.024960418664512866,2845438.320121757,273471.6285693115,0.0937098725148066,54.852003208910546,88.07330836642834,99.5966332032458,57.52241410963208,peritumoral,5.0,50;100;200,/data1/deasy/Himangi/breast_feature_extraction/Ductal_outputs/TCGA-BH-A18I-01/immune_proximity_wsi_summary.csv,TCGA-BH-A18I,Alive,,,1093.0,0.0,,,,matched
TCGA-BH-A18J-01Z-00-DX1.AE20ADB6-050C-405D-BF17-1EE4A1A4979A,TCGA-BH-A18J-01,TCGA-BH-A18J,7,199.41266910415223,614546.5117202838,0.6145465117202837,50380.0625,0.08197925061680429,564166.4492202837,25798.041528285168,0.041978989443889926,78.98226671792757,95.6349598859728,99.52724794712977,33.58803730496916,margin-localized,5.0,50;100;200,/data1/deasy/Himangi/breast_feature_extraction/Ductal_outputs/TCGA-BH-A18J-01/immune_proximity_wsi_summary.csv,TCGA-BH-A18J,Dead,612.0,,612.0,1.0,612.0,20.10677618069815,1.675564681724846,matched
TCGA-BH-A18M-01Z-00-DX1.56E6935A-62CB-4CBE-BDCA-60DA56422CE0,TCGA-BH-A18M-01,TCGA-BH-A18M,13,162.58272772092252,964195.2146683513,0.9641952146683513,77044.65625,0.07990566129961618,887150.5584183513,60020.364523621036,0.062249183163874025,67.46416443796885,91.55674619462857,99.76670310474692,30.533281022517052,margin-localized,5.0,50;100;200,/data1/deasy/Himangi/breast_feature_extraction/Ductal_outputs/TCGA-BH-A18M-01/immune_proximity_wsi_summary.csv,TCGA-BH-A18M,Dead,2207.0,,2207.0,1.0,2207.0,72.50924024640658,6.0424366872005475,matched
TCGA-BH-A18P-01Z-00-DX1.C66642D3-BE44-4D65-B4AE-C1C3D959D22C,TCGA-BH-A18P-01,TCGA-BH-A18P,4,127.9773092095853,4919397.339809374,4.9193973398093735,683237.9456354218,0.13888651361955184,4236159.394173952,816117.1885965792,0.16589779849500907,84.58014401243204,93.10107908397597,97.51913208936423,11.614242334306617,margin-localized,5.0,50;100;200,/data1/deasy/Himangi/breast_feature_extraction/Ductal_outputs/TCGA-BH-A18P-01/immune_proximity_wsi_summary.csv,TCGA-BH-A18P,Dead,921.0,,921.0,1.0,921.0,30.258726899383984,2.521560574948665,matched
TCGA-BH-A18Q-01Z-00-DX1.E89E49C7-D62A-4408-A3D9-19E79FCB249E,TCGA-BH-A18Q-01,TCGA-BH-A18Q,3,198.15601685729808,7466605.4749174565,7.466605474917457,1004563.9414961445,0.13454091619957328,6462041.5334213115,287147.4606504579,0.03845756436644087,64.61741158928271,84.3669298152085,96.72453639797172,32.51231737741867,margin-localized,5.0,50;100;200,/data1/deasy/Himangi/breast_feature_extraction/Ductal_outputs/TCGA-BH-A18Q-01/immune_proximity_wsi_summary.csv,TCGA-BH-A18Q,Dead,1692.0,,1692.0,1.0,1692.0,55.58932238193019,4.632443531827516,matched
TCGA-BH-A18T-01Z-00-DX1.90123A74-F631-4538-AB2E-4076486ADF88,TCGA-BH-A18T-01,TCGA-BH-A18T,11,246.13529940601376,5549575.47357827,5.54957547357827,1212832.6304016882,0.218545118662865,4336742.84317658,252418.31850452535,0.045484257256487116,46.25864026952476,72.48976885596376,90.050912712261,42.49742639266524,peritumoral,5.0,50;100;200,/data1/deasy/Himangi/breast_feature_extraction/Ductal_outputs/TCGA-BH-A18T-01/immune_proximity_wsi_summary.csv,TCGA-BH-A18T,Dead,224.0,,224.0,1.0,224.0,7.359342915811088,0.6132785763175906,matched
TCGA-BH-A18U-01Z-00-DX1.63940315-59BC-462B-87A8-2BBB33C9503E,TCGA-BH-A18U-01,TCGA-BH-A18U,5,113.99556509133204,9051099.858940732,9.051099858940733,457138.53188817436,0.05050640684696569,8593961.327052558,593574.3114470381,0.06558035163656953,64.32676991252352,90.24074163248001,98.61747346546498,32.901605204001825,margin-localized,5.0,50;100;200,/data1/deasy/Himangi/breast_feature_extraction/Ductal_outputs/TCGA-BH-A18U-01/immune_proximity_wsi_summary.csv,TCGA-BH-A18U,Dead,1563.0,,1563.0,1.0,1563.0,51.351129363449694,4.2792607802874745,matched
TCGA-BH-A18V-01Z-00-DX1.7797760A-05CD-436E-97DA-31D6201F943B,TCGA-BH-A18V-01,TCGA-BH-A18V,6,109.20160923039076,20664465.026223656,20.664465026223656,5268653.393991307,0.25496200299912297,15395811.632232353,555591.3810564403,0.026886318148153496,45.66738293267091,70.72259425207707,88.56609480645027,53.743895002130245,peritumoral,5.0,50;100;200,/data1/deasy/Himangi/breast_feature_extraction/Ductal_outputs/TCGA-BH-A18V-01/immune_proximity_wsi_summary.csv,TCGA-BH-A18V,Dead,1556.0,,1556.0,1.0,1556.0,51.121149897330596,4.26009582477755,matched
TCGA-BH-A1EN-01Z-00-DX1.F535657F-E2FA-4283-87AE-7DAB663B196B,TCGA-BH-A1EN-01,TCGA-BH-A1EN,3,306.57928481911506,7215412.914515215,7.215412914515215,919552.96875,0.12744287536201002,6295859.945765214,1201771.8958423017,0.16655621931555745,88.49400335267026,93.76529272640155,98.1701188600802,11.075028216668343,margin-localized,5.0,50;100;200,/data1/deasy/Himangi/breast_feature_extraction/Ductal_outputs/TCGA-BH-A1EN-01/immune_proximity_wsi_summary.csv,TCGA-BH-A1EN,Dead,2127.0,,2127.0,1.0,2127.0,69.88090349075975,5.823408624229979,matched
TCGA-BH-A1EV-01Z-00-DX1.106CF220-1D7D-40DD-88B2-A7F00B758F8F,TCGA-BH-A1EV-01,TCGA-BH-A1EV,11,158.0170586377278,1099460.0047850828,1.0994600047850829,80885.9375,0.07356878572023291,1018574.0672850828,18167.27427770294,0.01652381550819049,40.764231271207976,74.31974893933442,96.20192970408598,54.18977071366883,peritumoral,5.0,50;100;200,/data1/deasy/Himangi/breast_feature_extraction/Ductal_outputs/TCGA-BH-A1EV-01/immune_proximity_wsi_summary.csv,TCGA-BH-A1EV,Dead,365.0,,365.0,1.0,365.0,11.991786447638603,0.999315537303217,matched
TCGA-BH-A1EW-01Z-00-DX1.A6A5F9C5-FB97-4DA3-A1EA-1F84BC006681,TCGA-BH-A1EW-01,TCGA-BH-A1EW,11,164.54555764244225,1637913.4776939251,1.637913477693925,131148.55805753655,0.08007050423822455,1506764.9196363885,185139.8990120081,0.11303399204741446,71.80723709653961,89.74278573139868,99.18897982286515,13.193866946426283,margin-localized,5.0,50;100;200,/data1/deasy/Himangi/breast_feature_extraction/Ductal_outputs/TCGA-BH-A1EW-01/immune_proximity_wsi_summary.csv,TCGA-BH-A1EW,Dead,1694.0,,1694.0,1.0,1694.0,55.65503080082136,4.63791923340178,matched
TCGA-BH-A1EX-01Z-00-DX1.16B6A817-6729-446E-9FCF-A4A333C5295D,TCGA-BH-A1EX-01,TCGA-BH-A1EX,8,131.62723366339068,3703690.0212402605,3.7036900212402606,683561.3013568604,0.18456223318817463,3020128.7198834,190276.56654265505,0.051374862758880896,65.80209860477642,90.70417915583201,99.89723973175602,31.958224684734915,margin-localized,5.0,50;100;200,/data1/deasy/Himangi/breast_feature_extraction/Ductal_outputs/TCGA-BH-A1EX-01/immune_proximity_wsi_summary.csv,TCGA-BH-A1EX,Dead,1508.0,,1508.0,1.0,1508.0,49.544147843942504,4.128678986995209,matched
TCGA-BH-A1EY-01Z-00-DX1.25C3DE1F-C702-4959-8DFA-69EF78AD9307,TCGA-BH-A1EY-01,TCGA-BH-A1EY,8,152.42759511207205,1017303.1096047132,1.0173031096047132,83156.99537866712,0.08174259430994849,934146.114226046,53021.464696892435,0.052119632974969125,57.65616652335142,95.22092049396116,99.81907125490699,33.48810423120425,margin-localized,5.0,50;100;200,/data1/deasy/Himangi/breast_feature_extraction/Ductal_outputs/TCGA-BH-A1EY-01/immune_proximity_wsi_summary.csv,TCGA-BH-A1EY,Dead,538.0,,538.0,1.0,538.0,17.675564681724847,1.4729637234770705,matched
TCGA-BH-A1F5-01Z-00-DX1.9A1AA3BB-80B1-473D-B075-8D65A94C4E0B,TCGA-BH-A1F5-01,TCGA-BH-A1F5,6,122.31670417509888,2014316.5543041255,2.0143165543041257,912722.8472389083,0.453117880250069,1101593.7070652172,306132.8354297285,0.1519785133948256,57.890834353972345,65.51814862435126,75.27395145358462,9.194087774216646,immune-penetrated,5.0,50;100;200,/data1/deasy/Himangi/breast_feature_extraction/Ductal_outputs/TCGA-BH-A1F5-01/immune_proximity_wsi_summary.csv,TCGA-BH-A1F5,Dead,2712.0,,2712.0,1.0,2712.0,89.10061601642711,7.425051334702259,matched
TCGA-BH-A1FB-01Z-00-DX1.9D778D1A-07F6-450D-B7AA-0E17B4D0A88C,TCGA-BH-A1FB-01,TCGA-BH-A1FB,18,100.4680755596406,4219615.460483378,4.219615460483378,94724.23642665966,0.022448547104291946,4124891.224056719,89088.96960337761,0.021113054124882753,63.11028444595445,90.11044586864902,99.46029694079566,36.842411447270926,margin-localized,5.0,50;100;200,/data1/deasy/Himangi/breast_feature_extraction/Ductal_outputs/TCGA-BH-A1FB-01/immune_proximity_wsi_summary.csv,TCGA-BH-A1FB,Dead,3669.0,,3669.0,1.0,3669.0,120.54209445585215,10.04517453798768,matched
TCGA-BH-A1FE-01Z-00-DX1.8FB57ECF-350B-44E4-8612-63E8374D3C4B,TCGA-BH-A1FE-01,TCGA-BH-A1FE,7,25.57432498873549,722287.2106471153,0.7222872106471152,24382.001411066205,0.03375665670339332,697905.2092360491,39316.94182729391,0.05443394434752468,50.297285068425715,76.67666658958716,99.27578545107872,25.16973629182475,margin-localized,5.0,50;100;200,/data1/deasy/Himangi/breast_feature_extraction/Ductal_outputs/TCGA-BH-A1FE-01/immune_proximity_wsi_summary.csv,TCGA-BH-A1FE,Dead,2273.0,,2273.0,1.0,2273.0,74.6776180698152,6.223134839151267,matched
TCGA-BH-A1FG-01Z-00-DX1.DA665FB6-9DD9-4B18-A925-2EFD9BC4C43B,TCGA-BH-A1FG-01,TCGA-BH-A1FG,2,70.76779779426671,607059.9933805834,0.6070599933805834,125829.52554488144,0.20727691977223625,481230.46783570194,84438.38861929752,0.1390939767733313,82.75940677905929,90.07773022265634,94.42674008847277,13.63015957353398,margin-localized,5.0,50;100;200,/data1/deasy/Himangi/breast_feature_extraction/Ductal_outputs/TCGA-BH-A1FG-01/immune_proximity_wsi_summary.csv,TCGA-BH-A1FG,Dead,577.0,,577.0,1.0,577.0,18.95687885010267,1.5797399041752225,matched
TCGA-BH-A1FJ-01Z-00-DX1.BCED4CEF-2B33-45BA-ABC7-29BEE818F4A3,TCGA-BH-A1FJ-01,TCGA-BH-A1FJ,8,114.13782586050364,18996247.017511,18.996247017511,5336664.973924903,0.2809325952123855,13659582.043586098,4028298.443626295,0.21205759431918075,91.40285855032786,98.50165559863294,99.33178138370916,15.875,immune-penetrated,5.0,50;100;200,/data1/deasy/Himangi/breast_feature_extraction/Ductal_outputs/TCGA-BH-A1FJ-01/immune_proximity_wsi_summary.csv,TCGA-BH-A1FJ,Dead,1927.0,,1927.0,1.0,1927.0,63.31006160164271,5.27583846680356,matched
TCGA-BH-A1FM-01Z-00-DX1.860C5169-FE2B-43A6-A13D-E736374303DD,TCGA-BH-A1FM-01,TCGA-BH-A1FM,5,103.98163706851005,1732231.1009140846,1.7322311009140845,208972.9600742129,0.1206380372479974,1523258.140839872,354549.9276912639,0.20467819074728003,80.65917257378327,88.85225990968272,98.22693697972213,10.179060921813956,margin-localized,5.0,50;100;200,/data1/deasy/Himangi/breast_feature_extraction/Ductal_outputs/TCGA-BH-A1FM-01/immune_proximity_wsi_summary.csv,TCGA-BH-A1FM,Dead,1388.0,,1388.0,1.0,1388.0,45.60164271047228,3.800136892539357,matched
TCGA-BH-A1FU-01Z-00-DX1.3D195750-8C9E-48C6-92EC-44AC6AB56267,TCGA-BH-A1FU-01,TCGA-BH-A1FU,9,26.532717657926284,2118154.849139662,2.118154849139662,922.34375,0.0004354467995456666,2117232.505389662,180353.41375606164,0.08514647256753508,28.22733844270372,74.49053037075487,95.92706368743406,59.91374007688053,peritumoral,5.0,50;100;200,/data1/deasy/Himangi/breast_feature_extraction/Ductal_outputs/TCGA-BH-A1FU-01/immune_proximity_wsi_summary.csv,TCGA-BH-A1FU,Dead,1688.0,,1688.0,1.0,1688.0,55.45790554414784,4.621492128678987,matched
TCGA-BH-A201-01Z-00-DX1.6D6E3224-50A0-45A2-B231-EEF27CA7EFD2,TCGA-BH-A201-01,TCGA-BH-A201,5,49.37366564354657,269987.2416045502,0.26998724160455023,2053.4375,0.007605683467842032,267933.8041045502,8064.505873392839,0.029869951726107506,34.37286089666077,54.234507452285406,98.47366630159662,98.25962103020753,peritumoral,5.0,50;100;200,/data1/deasy/Himangi/breast_feature_extraction/Ductal_outputs/TCGA-BH-A201-01/immune_proximity_wsi_summary.csv,TCGA-BH-A201,Alive,,,856.0,0.0,,,,matched
TCGA-BH-A202-01Z-00-DX1.8CECDB74-5E6F-4CE8-B52C-A89E574F38FB,TCGA-BH-A202-01,TCGA-BH-A202,8,130.7569647810842,4737215.210258143,4.737215210258143,552944.4402676141,0.11672352125152506,4184270.7699905285,181029.40629502092,0.03821430909514372,58.94067471703646,83.09607964443275,94.98509956280392,27.772794691928286,margin-localized,5.0,50;100;200,/data1/deasy/Himangi/breast_feature_extraction/Ductal_outputs/TCGA-BH-A202-01/immune_proximity_wsi_summary.csv,TCGA-BH-A202,Alive,,,795.0,0.0,,,,matched
TCGA-BH-A203-01Z-00-DX1.FAE40A13-0C4A-415F-9396-01041FF6B855,TCGA-BH-A203-01,TCGA-BH-A203,15,137.50624006064683,2695350.039300222,2.695350039300222,36436.96875,0.013518455198293991,2658913.070550222,143971.72022219913,0.05341485080712473,59.69846582445052,85.4520845653838,98.87821688479958,39.49035681340446,margin-localized,5.0,50;100;200,/data1/deasy/Himangi/breast_feature_extraction/Ductal_outputs/TCGA-BH-A203-01/immune_proximity_wsi_summary.csv,TCGA-BH-A203,Dead,1174.0,,1174.0,1.0,1174.0,38.57084188911704,3.2142368240930868,matched
TCGA-BH-A42V-01Z-00-DX1.B6D78256-05D1-45FA-826A-1B8554D60B7D,TCGA-BH-A42V-01,TCGA-BH-A42V,1,33.767216151739476,590259.1713605943,0.5902591713605944,20478.9375,0.03469482304323103,569780.2338605945,21300.90243220122,0.03608737223531986,54.79519207048522,80.44108815596928,100.0,47.89494525782444,margin-localized,5.0,50;100;200,/data1/deasy/Himangi/breast_feature_extraction/Ductal_outputs/TCGA-BH-A42V-01/immune_proximity_wsi_summary.csv,TCGA-BH-A42V,Alive,,,635.0,0.0,,,,matched
TCGA-BH-A5J0-01Z-00-DX1.73CFBC85-8449-48FF-86F8-D4D49A90498B,TCGA-BH-A5J0-01,TCGA-BH-A5J0,3,67.01274634671195,873399.6874936926,0.8733996874936926,22488.9375,0.025748735455280784,850910.7499936926,28401.475134055338,0.032518302377181056,66.41303117573055,91.20009011736872,99.84483527684183,30.875,margin-localized,5.0,50;100;200,/data1/deasy/Himangi/breast_feature_extraction/Ductal_outputs/TCGA-BH-A5J0-01/immune_proximity_wsi_summary.csv,TCGA-BH-A5J0,Alive,,,715.0,0.0,,,,matched
TCGA-C8-A12K-01Z-00-DX1.D71C7974-65F7-4EF0-8FFB-9F27CEC85242,TCGA-C8-A12K-01,TCGA-C8-A12K,1,152.7764880980148,19700962.323401973,19.700962323401974,5127808.275067464,0.26028212180155025,14573154.04833451,3956848.638988261,0.20084544978232263,80.11517078264964,86.99165586552,92.17723619434915,12.80746852426349,margin-localized,5.0,50;100;200,/data1/deasy/Himangi/breast_feature_extraction/Ductal_outputs/TCGA-C8-A12K-01/immune_proximity_wsi_summary.csv,TCGA-C8-A12K,Alive,,,0.0,0.0,,,,matched
TCGA-C8-A12L-01Z-00-DX1.01863BE4-F4AB-45DE-894A-46544777C519,TCGA-C8-A12L-01,TCGA-C8-A12L,1,110.73786635322485,7451812.784950104,7.4518127849501035,799326.0307883981,0.10726598397677678,6652486.754161706,308778.0601325003,0.04143663683501515,57.24871304649861,83.31192493168518,98.20174687230386,36.68382647707297,margin-localized,5.0,50;100;200,/data1/deasy/Himangi/breast_feature_extraction/Ductal_outputs/TCGA-C8-A12L-01/immune_proximity_wsi_summary.csv,TCGA-C8-A12L,Alive,,,363.0,0.0,,,,matched
TCGA-C8-A12M-01Z-00-DX1.0C5F2DED-873F-4C86-97A2-2AA76A6236DF,TCGA-C8-A12M-01,TCGA-C8-A12M,1,154.23285416548072,6659466.213784568,6.659466213784568,3557493.8849315764,0.5342010561699143,3101972.328852991,302461.8753833438,0.04541833619596592,43.2478021080378,54.08178814626958,58.968443756888846,25.011559827407805,immune-penetrated,5.0,50;100;200,/data1/deasy/Himangi/breast_feature_extraction/Ductal_outputs/TCGA-C8-A12M-01/immune_proximity_wsi_summary.csv,TCGA-C8-A12M,Alive,,,358.0,0.0,,,,matched
TCGA-C8-A12O-01Z-00-DX1.A77E552B-7B69-45B7-B341-A03571F2A06C,TCGA-C8-A12O-01,TCGA-C8-A12O,5,88.99888576268197,750411.6883023771,0.7504116883023771,62901.40625,0.08382252999323483,687510.2820523772,83785.3110800728,0.11165246009109556,63.570375601971875,86.09613319903715,98.81309234420755,30.12662080702049,margin-localized,5.0,50;100;200,/data1/deasy/Himangi/breast_feature_extraction/Ductal_outputs/TCGA-C8-A12O-01/immune_proximity_wsi_summary.csv,TCGA-C8-A12O,Alive,,,385.0,0.0,,,,matched
TCGA-C8-A12P-01Z-00-DX1.670B5DE8-07B0-4E4C-93FA-FA3DFFCCE50D,TCGA-C8-A12P-01,TCGA-C8-A12P,5,15.162144222205635,3460854.14255481,3.4608541425548096,228322.0924747978,0.06597275790023614,3232532.0500800125,282615.1909386993,0.08166053213963885,65.94560604905982,92.5314745621786,99.61431292639806,30.444878469128433,margin-localized,5.0,50;100;200,/data1/deasy/Himangi/breast_feature_extraction/Ductal_outputs/TCGA-C8-A12P-01/immune_proximity_wsi_summary.csv,TCGA-C8-A12P,Alive,,,358.0,0.0,,,,matched
TCGA-C8-A12Q-01Z-00-DX1.CE74E5B7-FD30-4CBE-8716-ECCF2213AAC3,TCGA-C8-A12Q-01,TCGA-C8-A12Q,2,114.73719429805183,882038.1332023573,0.8820381332023574,56309.5625,0.06384028125355602,825728.5707023573,149133.66614681482,0.16907847918702235,77.47903470413472,85.40720790284408,97.15435557935874,19.18047509839107,margin-localized,5.0,50;100;200,/data1/deasy/Himangi/breast_feature_extraction/Ductal_outputs/TCGA-C8-A12Q-01/immune_proximity_wsi_summary.csv,TCGA-C8-A12Q,Dead,385.0,,385.0,1.0,385.0,12.648870636550308,1.054072553045859,matched
TCGA-C8-A12W-01Z-00-DX1.3727E7BB-831E-42DB-B5CB-F2D7C649290F,TCGA-C8-A12W-01,TCGA-C8-A12W,2,106.34951943016927,4938321.70335094,4.9383217033509395,12126.0625,0.0024555027453500564,4926195.64085094,57150.18608488324,0.01157279527700747,30.451969645866956,71.96201844919659,96.0598182481743,75.48023333959694,peritumoral,5.0,50;100;200,/data1/deasy/Himangi/breast_feature_extraction/Ductal_outputs/TCGA-C8-A12W-01/immune_proximity_wsi_summary.csv,TCGA-C8-A12W,Alive,,,385.0,0.0,,,,matched
TCGA-C8-A12Y-01Z-00-DX1.A15CB3E2-E145-4C75-8FEA-1DD503CD7C20,TCGA-C8-A12Y-01,TCGA-C8-A12Y,2,88.60291553432903,1772344.201083574,1.772344201083574,187306.24961889017,0.10568277285212153,1585037.9514646837,249328.07508614124,0.14067700559163807,81.24312759034892,94.88942618542518,99.91785465655298,18.375,margin-localized,5.0,50;100;200,/data1/deasy/Himangi/breast_feature_extraction/Ductal_outputs/TCGA-C8-A12Y-01/immune_proximity_wsi_summary.csv,TCGA-C8-A12Y,Alive,,,1476.0,0.0,,,,matched
TCGA-C8-A12Z-01Z-00-DX1.22616420-7C80-42DE-9C44-0F00327681C6,TCGA-C8-A12Z-01,TCGA-C8-A12Z,9,133.1014509462125,7681381.662730416,7.681381662730416,1322875.6572979705,0.17221845175542838,6358506.005432446,405033.50560114044,0.05272925150514753,57.28044543152138,69.41557352849979,90.40606406262228,42.093651491082575,margin-localized,5.0,50;100;200,/data1/deasy/Himangi/breast_feature_extraction/Ductal_outputs/TCGA-C8-A12Z-01/immune_proximity_wsi_summary.csv,TCGA-C8-A12Z,Alive,,,382.0,0.0,,,,matched
TCGA-C8-A130-01Z-00-DX1.F6810204-C35A-4461-A18A-0A117739B988,TCGA-C8-A130-01,TCGA-C8-A130,5,102.39357130099421,2068788.6759121318,2.0687886759121317,340565.84375,0.16462089517182998,1728222.8321621316,230204.5214702783,0.11127502975565197,78.02077167370047,90.56645717149897,95.32498317125804,15.007940606558916,margin-localized,5.0,50;100;200,/data1/deasy/Himangi/breast_feature_extraction/Ductal_outputs/TCGA-C8-A130-01/immune_proximity_wsi_summary.csv,TCGA-C8-A130,Alive,,,370.0,0.0,,,,matched
TCGA-C8-A131-01Z-00-DX1.5CB27A29-9951-40B9-B4DB-26A4D2EA89B8,TCGA-C8-A131-01,TCGA-C8-A131,1,126.07470839551898,18884381.02535729,18.884381025357293,5349343.251083481,0.28326812744884616,13535037.774273809,311240.43990463496,0.016481368358682878,41.002599016024476,59.49185564453426,85.55102101028714,42.94564151342951,peritumoral,5.0,50;100;200,/data1/deasy/Himangi/breast_feature_extraction/Ductal_outputs/TCGA-C8-A131-01/immune_proximity_wsi_summary.csv,TCGA-C8-A131,Alive,,,411.0,0.0,,,,matched
TCGA-C8-A135-01Z-00-DX1.B69A605E-B577-4F43-9471-2C95312B05D9,TCGA-C8-A135-01,TCGA-C8-A135,9,166.39587876485538,4486465.299050279,4.486465299050279,785738.2224673779,0.17513525015644443,3700727.076582901,237267.1446558365,0.05288509524548481,76.29762607971242,89.22466831511333,94.88332440577231,21.009670392464514,margin-localized,5.0,50;100;200,/data1/deasy/Himangi/breast_feature_extraction/Ductal_outputs/TCGA-C8-A135-01/immune_proximity_wsi_summary.csv,TCGA-C8-A135,Alive,,,393.0,0.0,,,,matched
TCGA-C8-A137-01Z-00-DX1.87F3775D-A401-4D5E-843F-8FB1D4BE97F8,TCGA-C8-A137-01,TCGA-C8-A137,5,85.62151097161673,1385181.3915407443,1.3851813915407443,189460.3767953188,0.13677658244064414,1195721.0147454257,136085.04302329686,0.09824348193988426,71.89255078439255,83.85268383045798,95.7007570734316,17.469856761247932,margin-localized,5.0,50;100;200,/data1/deasy/Himangi/breast_feature_extraction/Ductal_outputs/TCGA-C8-A137-01/immune_proximity_wsi_summary.csv,TCGA-C8-A137,Alive,,,379.0,0.0,,,,matched
TCGA-C8-A138-01Z-00-DX1.845A0680-23A4-4A58-A9C4-2EE17BDBD371,TCGA-C8-A138-01,TCGA-C8-A138,12,120.35463021112919,2581635.0599026787,2.5816350599026787,154676.4581832767,0.059914145335904924,2426958.601719402,95315.13207744434,0.036920451522314504,55.45714067876111,88.25685204184109,99.15128268269459,47.965034465222686,margin-localized,5.0,50;100;200,/data1/deasy/Himangi/breast_feature_extraction/Ductal_outputs/TCGA-C8-A138-01/immune_proximity_wsi_summary.csv,TCGA-C8-A138,Alive,,,380.0,0.0,,,,matched
TCGA-C8-A1HF-01Z-00-DX1.81EF9A57-54E1-4750-9816-5571FD18A297,TCGA-C8-A1HF-01,TCGA-C8-A1HF,3,133.3005113506465,39455423.45101043,39.455423451010425,13800792.058003273,0.34978187663196514,25654631.39300715,7652920.088696144,0.19396370433581436,83.30840504588635,94.75921008032032,98.677300328952,24.15736171439257,immune-penetrated,5.0,50;100;200,/data1/deasy/Himangi/breast_feature_extraction/Ductal_outputs/TCGA-C8-A1HF-01/immune_proximity_wsi_summary.csv,TCGA-C8-A1HF,Alive,,,332.0,0.0,,,,matched
TCGA-C8-A1HG-01Z-00-DX1.F2AB6D0F-4D6B-491F-915B-92E838E79D67,TCGA-C8-A1HG-01,TCGA-C8-A1HG,12,146.75396444972424,6821843.772207657,6.821843772207657,637119.96875,0.09339410136386309,6184723.803457657,590748.7761018189,0.08659664393203235,77.01809596007726,92.41102894144652,97.83750103680437,19.20489846367327,margin-localized,5.0,50;100;200,/data1/deasy/Himangi/breast_feature_extraction/Ductal_outputs/TCGA-C8-A1HG-01/immune_proximity_wsi_summary.csv,TCGA-C8-A1HG,Alive,,,345.0,0.0,,,,matched
TCGA-C8-A1HI-01Z-00-DX1.C6D0F8B8-55ED-477F-BAF7-AA05D0449CC8,TCGA-C8-A1HI-01,TCGA-C8-A1HI,8,53.71778285183042,936049.5505733716,0.9360495505733716,12085.03125,0.012910674699429518,923964.5193233715,194823.48908756857,0.20813373498040846,87.2960421970306,97.85339938028976,100.0,13.276653616405001,margin-localized,5.0,50;100;200,/data1/deasy/Himangi/breast_feature_extraction/Ductal_outputs/TCGA-C8-A1HI-01/immune_proximity_wsi_summary.csv,TCGA-C8-A1HI,Alive,,,343.0,0.0,,,,matched
TCGA-C8-A1HJ-01Z-00-DX1.745159F1-85E7-4CC0-B088-E1CA91916FB8,TCGA-C8-A1HJ-01,TCGA-C8-A1HJ,4,131.35596043216336,13671342.983458629,13.67134298345863,3686707.0185461296,0.26966677838503417,9984635.964912498,117914.80210009345,0.008624961149958869,27.272799432796376,70.4900637244136,87.40229860961448,72.567317884844,immune-penetrated,5.0,50;100;200,/data1/deasy/Himangi/breast_feature_extraction/Ductal_outputs/TCGA-C8-A1HJ-01/immune_proximity_wsi_summary.csv,TCGA-C8-A1HJ,Alive,,,5.0,0.0,,,,matched
TCGA-C8-A1HM-01Z-00-DX1.F93C3F56-3AA6-4D38-B51E-4694CBEA3830,TCGA-C8-A1HM-01,TCGA-C8-A1HM,2,51.137782900455264,12685073.288668834,12.685073288668834,3996181.90625,0.3150302576351419,8688891.382418834,412125.69835318835,0.032489027771035975,63.33752623777732,75.04339670005126,85.03109890717388,27.689404562034195,immune-penetrated,5.0,50;100;200,/data1/deasy/Himangi/breast_feature_extraction/Ductal_outputs/TCGA-C8-A1HM-01/immune_proximity_wsi_summary.csv,TCGA-C8-A1HM,Alive,,,375.0,0.0,,,,matched
TCGA-C8-A1HN-01Z-00-DX1.7EBBEAB1-EBB7-456F-8848-AFE2263242B7,TCGA-C8-A1HN-01,TCGA-C8-A1HN,4,92.58878671190115,3127761.9796959106,3.1277619796959106,320795.58492762677,0.10256393773250462,2806966.3947682837,357465.6637476677,0.11428800083515993,76.53724808995162,93.53427755225067,97.85517709031373,19.35513577133206,margin-localized,5.0,50;100;200,/data1/deasy/Himangi/breast_feature_extraction/Ductal_outputs/TCGA-C8-A1HN-01/immune_proximity_wsi_summary.csv,TCGA-C8-A1HN,Alive,,,394.0,0.0,,,,matched
TCGA-C8-A1HO-01Z-00-DX1.0C702CEE-C373-4D00-A706-32206D41AC17,TCGA-C8-A1HO-01,TCGA-C8-A1HO,4,118.88006295244075,3795902.951715869,3.795902951715869,603860.1506645088,0.15908208359003087,3192042.8010513596,478180.2106894191,0.12597271763053544,74.71829144783683,93.73042548565364,98.75067283188805,19.402500644246864,margin-localized,5.0,50;100;200,/data1/deasy/Himangi/breast_feature_extraction/Ductal_outputs/TCGA-C8-A1HO-01/immune_proximity_wsi_summary.csv,TCGA-C8-A1HO,Alive,,,375.0,0.0,,,,matched
TCGA-C8-A26W-01Z-00-DX1.CFF07941-6CD1-4CF9-BE5F-387DA67B66CC,TCGA-C8-A26W-01,TCGA-C8-A26W,4,167.49935563432587,7683567.080425394,7.6835670804253935,2310120.729849059,0.30065732564947706,5373446.350576334,628623.3359287134,0.08181399724226918,66.14367467617215,80.97245126055675,89.46960770256864,22.6470886649918,immune-penetrated,5.0,50;100;200,/data1/deasy/Himangi/breast_feature_extraction/Ductal_outputs/TCGA-C8-A26W-01/immune_proximity_wsi_summary.csv,TCGA-C8-A26W,Alive,,,381.0,0.0,,,,matched
TCGA-C8-A26X-01Z-00-DX1.FBD86F91-BAD7-4484-8D50-202340FBF242,TCGA-C8-A26X-01,TCGA-C8-A26X,3,31.698574884352738,5464324.928750015,5.464324928750015,1235706.3877909598,0.22614072257844892,4228618.540959056,812681.6134487783,0.14872497958035638,61.95086034774858,82.50735716986092,97.07947758319048,35.005579912351116,margin-localized,5.0,50;100;200,/data1/deasy/Himangi/breast_feature_extraction/Ductal_outputs/TCGA-C8-A26X-01/immune_proximity_wsi_summary.csv,TCGA-C8-A26X,Alive,,,376.0,0.0,,,,matched
TCGA-C8-A26Z-01Z-00-DX1.1A15D951-F3BD-4024-91DD-E7633C09A837,TCGA-C8-A26Z-01,TCGA-C8-A26Z,4,190.8801158683296,1123561.324395121,1.123561324395121,429490.765625,0.3822584101995679,694070.5587701211,150450.1032229244,0.13390466542083987,63.747698118331456,79.71387360372029,94.81398071239293,13.130356050008697,immune-penetrated,5.0,50;100;200,/data1/deasy/Himangi/breast_feature_extraction/Ductal_outputs/TCGA-C8-A26Z-01/immune_proximity_wsi_summary.csv,TCGA-C8-A26Z,Alive,,,470.0,0.0,,,,matched
TCGA-C8-A273-01Z-00-DX1.6E5D581F-DF80-478D-82D1-6D6525EED1B5,TCGA-C8-A273-01,TCGA-C8-A273,4,114.6351897870624,2425632.7131378767,2.4256327131378765,430678.65625,0.17755312002403703,1994954.0568878767,503997.7210806286,0.20777989938494887,71.11369576536049,86.34573096156292,94.01842020582308,10.235508047967135,margin-localized,5.0,50;100;200,/data1/deasy/Himangi/breast_feature_extraction/Ductal_outputs/TCGA-C8-A273-01/immune_proximity_wsi_summary.csv,TCGA-C8-A273,Alive,,,513.0,0.0,,,,matched
TCGA-C8-A274-01Z-00-DX1.B667DAB1-C944-4285-A312-5E4DDAE0EE78,TCGA-C8-A274-01,TCGA-C8-A274,4,138.63286243086114,4468188.626721105,4.468188626721105,638121.0688199959,0.14281426370494768,3830067.5579011077,763985.2193758637,0.17098320666388242,87.24411901402995,93.3718802844692,96.77043065870086,12.625,margin-localized,5.0,50;100;200,/data1/deasy/Himangi/breast_feature_extraction/Ductal_outputs/TCGA-C8-A274-01/immune_proximity_wsi_summary.csv,TCGA-C8-A274,Alive,,,508.0,0.0,,,,matched
TCGA-C8-A275-01Z-00-DX1.44D27E67-4DD6-4893-B38A-01E48F5A358A,TCGA-C8-A275-01,TCGA-C8-A275,4,174.58992861351769,17466013.003758926,17.466013003758928,3548113.1692534927,0.20314385249168715,13917899.834505439,1336549.9364329467,0.07652289827937851,64.07145484148128,84.11528929808104,96.53573113586096,28.560516889580274,margin-localized,5.0,50;100;200,/data1/deasy/Himangi/breast_feature_extraction/Ductal_outputs/TCGA-C8-A275-01/immune_proximity_wsi_summary.csv,TCGA-C8-A275,Alive,,,1.0,0.0,,,,matched
TCGA-C8-A27A-01Z-00-DX1.0E26C46D-CD65-40F3-8976-EB4415582934,TCGA-C8-A27A-01,TCGA-C8-A27A,4,104.7353972443923,12968056.79991907,12.96805679991907,7558736.165392982,0.5828734622322254,5409320.634526089,796885.0207893096,0.061449840410498724,48.7480029512453,68.11748595706214,84.63047086260616,13.325844250928345,immune-penetrated,5.0,50;100;200,/data1/deasy/Himangi/breast_feature_extraction/Ductal_outputs/TCGA-C8-A27A-01/immune_proximity_wsi_summary.csv,TCGA-C8-A27A,Alive,,,747.0,0.0,,,,matched
TCGA-C8-A27B-01Z-00-DX1.5A8A14E8-6430-4147-9C71-805024E098CB,TCGA-C8-A27B-01,TCGA-C8-A27B,3,147.28748434314917,14041413.954600569,14.04141395460057,5961298.367621598,0.42455114469924315,8080115.586978973,374475.4384328466,0.02666935392999737,44.90201356580295,62.4518966285452,82.75588712458706,31.063254517999237,immune-penetrated,5.0,50;100;200,/data1/deasy/Himangi/breast_feature_extraction/Ductal_outputs/TCGA-C8-A27B-01/immune_proximity_wsi_summary.csv,TCGA-C8-A27B,Alive,,,439.0,0.0,,,,matched
TCGA-D8-A13Y-01Z-00-DX1.02321E77-A11E-41A5-95FE-BB897EA5CE58,TCGA-D8-A13Y-01,TCGA-D8-A13Y,6,176.49413828808875,1184002.101508596,1.184002101508596,695857.59375,0.5877165191374012,488144.50775859604,159053.00571991416,0.13433507045068316,49.19901426509438,64.8184971775119,86.30329711464431,8.140370077582467,immune-penetrated,5.0,50;100;200,/data1/deasy/Himangi/breast_feature_extraction/Ductal_outputs/TCGA-D8-A13Y-01/TCGA-D8-A13Y-01Z-00-DX1.02321E77-A11E-41A5-95FE-BB897EA5CE58__immune_proximity_wsi_summary.csv,TCGA-D8-A13Y,Alive,,,1728.0,0.0,,,,matched
TCGA-D8-A13Y-01Z-00-DX2.0043D2BB-B04D-4A44-AAB1-1CAAD97AC246,TCGA-D8-A13Y-01,TCGA-D8-A13Y,2,131.64540263095367,1133513.9221361687,1.1335139221361688,387329.6875,0.3417070403247065,746184.2346361687,394741.25819353387,0.3482456196476374,74.59897894012019,82.1809891519148,89.48974367024243,5.779814010848446,immune-penetrated,5.0,50;100;200,/data1/deasy/Himangi/breast_feature_extraction/Ductal_outputs/TCGA-D8-A13Y-01/TCGA-D8-A13Y-01Z-00-DX2.0043D2BB-B04D-4A44-AAB1-1CAAD97AC246__immune_proximity_wsi_summary.csv,TCGA-D8-A13Y,Alive,,,1728.0,0.0,,,,matched
TCGA-D8-A140-01Z-00-DX1.5B9382C0-332C-4FBF-82CD-B9453D02B815,TCGA-D8-A140-01,TCGA-D8-A140,2,29.703696504154305,920463.1251528275,0.9204631251528275,545904.0625,0.5930754286429039,374559.06265282753,25706.163185124547,0.027927423144578953,36.911800727274816,47.976582617127704,69.81847725105189,22.41346205408705,immune-penetrated,5.0,50;100;200,/data1/deasy/Himangi/breast_feature_extraction/Ductal_outputs/TCGA-D8-A140-01/TCGA-D8-A140-01Z-00-DX1.5B9382C0-332C-4FBF-82CD-B9453D02B815__immune_proximity_wsi_summary.csv,TCGA-D8-A140,Alive,,,403.0,0.0,,,,matched
TCGA-D8-A140-01Z-00-DX2.0C0A62BB-1FB8-47D8-8FAF-112D221F18BE,TCGA-D8-A140-01,TCGA-D8-A140,1,38.794571686601536,2356348.459186342,2.356348459186342,675702.1761473466,0.28675817174369433,1680646.2830389952,163146.50489644706,0.06923700281272588,69.9863268975763,87.07417140379127,99.28556199994115,23.940437156618508,margin-localized,5.0,50;100;200,/data1/deasy/Himangi/breast_feature_extraction/Ductal_outputs/TCGA-D8-A140-01/TCGA-D8-A140-01Z-00-DX2.0C0A62BB-1FB8-47D8-8FAF-112D221F18BE__immune_proximity_wsi_summary.csv,TCGA-D8-A140,Alive,,,403.0,0.0,,,,matched
TCGA-D8-A141-01Z-00-DX1.10F6EEB2-C920-43FF-B5A7-B5A651CBDBE3,TCGA-D8-A141-01,TCGA-D8-A141,4,50.27894234020111,8431086.988067884,8.431086988067884,205976.875,0.024430642844927263,8225110.113067884,660765.0523806829,0.07837246292391861,67.7143885619673,89.86678862952175,98.25092069625344,41.38123064868903,margin-localized,5.0,50;100;200,/data1/deasy/Himangi/breast_feature_extraction/Ductal_outputs/TCGA-D8-A141-01/TCGA-D8-A141-01Z-00-DX1.10F6EEB2-C920-43FF-B5A7-B5A651CBDBE3__immune_proximity_wsi_summary.csv,TCGA-D8-A141,Alive,,,626.0,0.0,,,,matched
TCGA-D8-A141-01Z-00-DX2.DBD0D81E-28FC-4466-BDE3-94753BD6CBEB,TCGA-D8-A141-01,TCGA-D8-A141,6,88.67365889238447,7302353.243386099,7.302353243386099,146169.40625,0.02001675369270705,7156183.837136099,159702.53531749395,0.021870009570153295,57.81079193813281,84.21091019737318,99.2072125755627,44.410373225182425,margin-localized,5.0,50;100;200,/data1/deasy/Himangi/breast_feature_extraction/Ductal_outputs/TCGA-D8-A141-01/TCGA-D8-A141-01Z-00-DX2.DBD0D81E-28FC-4466-BDE3-94753BD6CBEB__immune_proximity_wsi_summary.csv,TCGA-D8-A141,Alive,,,626.0,0.0,,,,matched
TCGA-D8-A142-01Z-00-DX1.F6D58989-9120-40C9-918D-6B1650C1A8E8,TCGA-D8-A142-01,TCGA-D8-A142,11,101.34897472294165,768713.8874185319,0.768713887418532,64015.412180556596,0.08327599283464347,704698.4752379752,11536.076863597695,0.015006983810761822,27.612665664352843,63.27907906326732,93.47283148432271,66.3270778038653,peritumoral,5.0,50;100;200,/data1/deasy/Himangi/breast_feature_extraction/Ductal_outputs/TCGA-D8-A142-01/immune_proximity_wsi_summary.csv,TCGA-D8-A142,Alive,,,425.0,0.0,,,,matched
TCGA-D8-A143-01Z-00-DX1.4697FB2F-91D5-4506-AF23-7DE304D44A3F,TCGA-D8-A143-01,TCGA-D8-A143,15,103.93373702252836,10956368.484788928,10.956368484788928,571830.65625,0.052191623259466906,10384537.828538928,128261.25371273549,0.011706548012765784,36.85898137056727,74.902319576635,99.0871355819959,66.32648886380161,peritumoral,5.0,50;100;200,/data1/deasy/Himangi/breast_feature_extraction/Ductal_outputs/TCGA-D8-A143-01/immune_proximity_wsi_summary.csv,TCGA-D8-A143,Alive,,,431.0,0.0,,,,matched
TCGA-D8-A145-01Z-00-DX1.34D4EC27-7FD7-4BE2-95A4-CA521CB5590E,TCGA-D8-A145-01,TCGA-D8-A145,11,130.81399058160108,2057011.147802968,2.0570111478029682,139719.96875,0.06792377809873841,1917291.1790529683,124069.87221313838,0.060315605166094355,81.21046783142509,91.70573055246342,98.10477297161765,22.85723353776655,margin-localized,5.0,50;100;200,/data1/deasy/Himangi/breast_feature_extraction/Ductal_outputs/TCGA-D8-A145-01/TCGA-D8-A145-01Z-00-DX1.34D4EC27-7FD7-4BE2-95A4-CA521CB5590E__immune_proximity_wsi_summary.csv,TCGA-D8-A145,Alive,,,410.0,0.0,,,,matched
TCGA-D8-A145-01Z-00-DX2.B834BF47-1CD6-45EA-BB88-D8ECE1FDDC6A,TCGA-D8-A145-01,TCGA-D8-A145,6,49.53909898433384,3539149.5679220255,3.5391495679220255,292375.8073382192,0.08261188224093184,3246773.7605838063,664352.3356463634,0.1877152470943552,87.27504187484001,99.84297543741928,99.99910488524925,10.217937658842903,margin-localized,5.0,50;100;200,/data1/deasy/Himangi/breast_feature_extraction/Ductal_outputs/TCGA-D8-A145-01/TCGA-D8-A145-01Z-00-DX2.B834BF47-1CD6-45EA-BB88-D8ECE1FDDC6A__immune_proximity_wsi_summary.csv,TCGA-D8-A145,Alive,,,410.0,0.0,,,,matched
TCGA-D8-A146-01Z-00-DX1.D93FB315-E5D7-49BA-8380-38B16B70361B,TCGA-D8-A146-01,TCGA-D8-A146,5,49.53460487400025,292302.2415782374,0.29230224157823737,11618.78125,0.039749203383683686,280683.4603282374,13430.03125,0.045945700510152704,54.3666960121809,72.52304439095157,95.89257307546752,52.04144982607614,peritumoral,5.0,50;100;200,/data1/deasy/Himangi/breast_feature_extraction/Ductal_outputs/TCGA-D8-A146-01/immune_proximity_wsi_summary.csv,TCGA-D8-A146,Alive,,,643.0,0.0,,,,matched
TCGA-D8-A147-01Z-00-DX1.159094F2-BB78-4910-B7AE-3D7CAAB1DAD9,TCGA-D8-A147-01,TCGA-D8-A147,2,181.34184241331408,8393919.592901768,8.393919592901769,2805547.0990732,0.3342356414094891,5588372.493828569,128565.49350019447,0.015316502865826183,45.94209220245029,67.34194062829016,81.65474692076225,39.303705296065914,immune-penetrated,5.0,50;100;200,/data1/deasy/Himangi/breast_feature_extraction/Ductal_outputs/TCGA-D8-A147-01/immune_proximity_wsi_summary.csv,TCGA-D8-A147,Alive,,,584.0,0.0,,,,matched
TCGA-D8-A1J8-01Z-00-DX1.EADAB43A-87C6-47FA-9120-25B69E23366D,TCGA-D8-A1J8-01,TCGA-D8-A1J8,2,184.96230074152547,9563629.388040403,9.563629388040402,4133519.488498941,0.43221242906673357,5430109.899541463,88336.375,0.009236699940554703,42.5131394016391,63.72677634550982,78.55110252474064,42.27606444549918,immune-penetrated,5.0,50;100;200,/data1/deasy/Himangi/breast_feature_extraction/Ductal_outputs/TCGA-D8-A1J8-01/TCGA-D8-A1J8-01Z-00-DX1.EADAB43A-87C6-47FA-9120-25B69E23366D__immune_proximity_wsi_summary.csv,TCGA-D8-A1J8,Alive,,,431.0,0.0,,,,matched
TCGA-D8-A1J8-01Z-00-DX2.5DCB3447-548D-442C-86B1-CEF79B8689DF,TCGA-D8-A1J8-01,TCGA-D8-A1J8,8,264.1938113466445,18948084.465979107,18.948084465979107,502898.8125,0.026540878757583354,18445185.653479107,341098.87428914313,0.01800176027827927,66.48911767959336,92.62008318550399,99.6871952855123,35.6784686470706,margin-localized,5.0,50;100;200,/data1/deasy/Himangi/breast_feature_extraction/Ductal_outputs/TCGA-D8-A1J8-01/TCGA-D8-A1J8-01Z-00-DX2.5DCB3447-548D-442C-86B1-CEF79B8689DF__immune_proximity_wsi_summary.csv,TCGA-D8-A1J8,Alive,,,431.0,0.0,,,,matched
TCGA-D8-A1J9-01Z-00-DX1.F81FA9EF-8129-4E17-A9AD-2B850782CC18,TCGA-D8-A1J9-01,TCGA-D8-A1J9,6,173.6272119932754,3071842.3298917226,3.0718423298917226,198948.53125,0.06476521575149093,2872893.7986417226,134219.8292096938,0.043693593223720184,70.7805180506853,84.69079801280859,97.78937145951002,37.586826565300775,margin-localized,5.0,50;100;200,/data1/deasy/Himangi/breast_feature_extraction/Ductal_outputs/TCGA-D8-A1J9-01/TCGA-D8-A1J9-01Z-00-DX1.F81FA9EF-8129-4E17-A9AD-2B850782CC18__immune_proximity_wsi_summary.csv,TCGA-D8-A1J9,Alive,,,532.0,0.0,,,,matched
TCGA-D8-A1J9-01Z-00-DX2.E1C59487-9563-4501-845F-2067A0C5C59B,TCGA-D8-A1J9-01,TCGA-D8-A1J9,4,56.99648878488847,2921553.216242878,2.921553216242878,216024.9375,0.07394181160177818,2705528.278742878,78814.59715368159,0.026976950724531823,58.49158389482535,79.36546926401867,96.1800413564165,38.90473139606544,margin-localized,5.0,50;100;200,/data1/deasy/Himangi/breast_feature_extraction/Ductal_outputs/TCGA-D8-A1J9-01/TCGA-D8-A1J9-01Z-00-DX2.E1C59487-9563-4501-845F-2067A0C5C59B__immune_proximity_wsi_summary.csv,TCGA-D8-A1J9,Alive,,,532.0,0.0,,,,matched
TCGA-D8-A1JA-01Z-00-DX1.BD43F94A-D5A8-490E-AED4-5F3AB24080FA,TCGA-D8-A1JA-01,TCGA-D8-A1JA,5,211.0091276428861,2301006.8706468684,2.3010068706468685,971310.188718711,0.42212398455188116,1329696.6819281578,180720.20071582613,0.07853961803470032,50.177961798777936,72.09900020381767,87.27072278117255,25.194555463432966,immune-penetrated,5.0,50;100;200,/data1/deasy/Himangi/breast_feature_extraction/Ductal_outputs/TCGA-D8-A1JA-01/immune_proximity_wsi_summary.csv,TCGA-D8-A1JA,Alive,,,502.0,0.0,,,,matched
TCGA-D8-A1JC-01Z-00-DX2.854ABF5D-40F1-48AE-802F-97D75497F1FD,TCGA-D8-A1JC-01,TCGA-D8-A1JC,6,77.26429799784243,1045862.3854832307,1.0458623854832307,10498.125,0.01003776897010159,1035364.2604832307,16198.300480195812,0.0154879845618614,36.90697370916396,79.56885987000327,89.30532672656673,59.9063396582532,peritumoral,5.0,50;100;200,/data1/deasy/Himangi/breast_feature_extraction/Ductal_outputs/TCGA-D8-A1JC-01/TCGA-D8-A1JC-01Z-00-DX2.854ABF5D-40F1-48AE-802F-97D75497F1FD__immune_proximity_wsi_summary.csv,TCGA-D8-A1JC,Alive,,,480.0,0.0,,,,matched
TCGA-D8-A1JD-01Z-00-DX1.6D215B14-DD90-4635-8645-AF06EBD9BA3F,TCGA-D8-A1JD-01,TCGA-D8-A1JD,11,145.98143473136184,9348066.385065807,9.348066385065808,677623.964856818,0.0724881421402152,8670442.420208989,1401039.2132718526,0.149874760785836,52.97143985846594,70.29140994871015,99.71091447590996,56.42043623546348,peritumoral,5.0,50;100;200,/data1/deasy/Himangi/breast_feature_extraction/Ductal_outputs/TCGA-D8-A1JD-01/TCGA-D8-A1JD-01Z-00-DX1.6D215B14-DD90-4635-8645-AF06EBD9BA3F__immune_proximity_wsi_summary.csv,TCGA-D8-A1JD,Alive,,,552.0,0.0,,,,matched
TCGA-D8-A1JD-01Z-00-DX2.C6A7667E-25C9-48BD-A4E7-F4BB740FE589,TCGA-D8-A1JD-01,TCGA-D8-A1JD,3,101.8089050190705,11662153.174912577,11.662153174912577,216427.29695686334,0.01855809074969432,11445725.877955712,642377.0948507341,0.05508220353618787,54.136619177917275,79.04829794390692,91.54285099415462,48.967982205212415,margin-localized,5.0,50;100;200,/data1/deasy/Himangi/breast_feature_extraction/Ductal_outputs/TCGA-D8-A1JD-01/TCGA-D8-A1JD-01Z-00-DX2.C6A7667E-25C9-48BD-A4E7-F4BB740FE589__immune_proximity_wsi_summary.csv,TCGA-D8-A1JD,Alive,,,552.0,0.0,,,,matched
TCGA-D8-A1JE-01Z-00-DX1.714805A1-E337-46DA-88D9-6CE4B4E3C2D0,TCGA-D8-A1JE-01,TCGA-D8-A1JE,11,258.95050605351486,1603935.946955193,1.603935946955193,129685.78125,0.08085471336694398,1474250.1657051933,295228.6316169112,0.1840651007151214,79.21603793906483,90.86777066438044,99.79599106899695,13.920533394952939,margin-localized,5.0,50;100;200,/data1/deasy/Himangi/breast_feature_extraction/Ductal_outputs/TCGA-D8-A1JE-01/TCGA-D8-A1JE-01Z-00-DX1.714805A1-E337-46DA-88D9-6CE4B4E3C2D0__immune_proximity_wsi_summary.csv,TCGA-D8-A1JE,Alive,,,575.0,0.0,,,,matched
TCGA-D8-A1JE-01Z-00-DX2.CCF3DFEF-E851-425A-BCD0-0F7B377A00BC,TCGA-D8-A1JE-01,TCGA-D8-A1JE,6,49.61775882367929,413953.7586366957,0.4139537586366957,3553.34375,0.008583914690622663,410400.4148866957,39788.73899502341,0.09611880110972439,52.96130828186889,82.64102957281335,99.99578757297496,69.75011200707853,peritumoral,5.0,50;100;200,/data1/deasy/Himangi/breast_feature_extraction/Ductal_outputs/TCGA-D8-A1JE-01/TCGA-D8-A1JE-01Z-00-DX2.CCF3DFEF-E851-425A-BCD0-0F7B377A00BC__immune_proximity_wsi_summary.csv,TCGA-D8-A1JE,Alive,,,575.0,0.0,,,,matched
TCGA-D8-A1JF-01Z-00-DX1.224EDA43-F822-4A88-814A-BA7D4C60F8CC,TCGA-D8-A1JF-01,TCGA-D8-A1JF,13,187.50504184588442,1124489.9831908494,1.1244899831908495,36286.53125,0.032269323686666775,1088203.4519408494,37923.754083877524,0.03372529293348189,45.93259451910755,81.3178052859745,96.3068772567619,46.68545008886602,margin-localized,5.0,50;100;200,/data1/deasy/Himangi/breast_feature_extraction/Ductal_outputs/TCGA-D8-A1JF-01/immune_proximity_wsi_summary.csv,TCGA-D8-A1JF,Alive,,,366.0,0.0,,,,matched
TCGA-D8-A1JG-01Z-00-DX1.BA6D5CC7-3A9B-4D17-A86A-B159D345A216,TCGA-D8-A1JG-01,TCGA-D8-A1JG,10,126.07145032711605,10060167.283545766,10.060167283545766,1049872.1342524607,0.10435931179490555,9010295.149293307,489723.7790869536,0.04867948666101579,29.2077562274207,54.74812321150977,97.05094607444624,99.08526946524393,peritumoral,5.0,50;100;200,/data1/deasy/Himangi/breast_feature_extraction/Ductal_outputs/TCGA-D8-A1JG-01/immune_proximity_wsi_summary.csv,TCGA-D8-A1JG,Alive,,,1612.0,0.0,,,,matched
TCGA-D8-A1JH-01Z-00-DX1.4A4F2502-612C-421D-9F64-444BF2C85620,TCGA-D8-A1JH-01,TCGA-D8-A1JH,9,80.18700694753764,565638.3297847193,0.5656383297847193,47102.6875,0.08327350715063313,518535.6422847192,35460.9375,0.06269189273912247,42.04954947182724,95.96581955189299,99.95500414092375,62.7512536527797,peritumoral,5.0,50;100;200,/data1/deasy/Himangi/breast_feature_extraction/Ductal_outputs/TCGA-D8-A1JH-01/immune_proximity_wsi_summary.csv,TCGA-D8-A1JH,Alive,,,426.0,0.0,,,,matched
TCGA-D8-A1JI-01Z-00-DX1.9BDB647F-EEAB-4235-BE44-A3815A48CCE0,TCGA-D8-A1JI-01,TCGA-D8-A1JI,8,84.57759372864447,74585.56138295076,0.07458556138295076,2287.125,0.030664447080541855,72298.43638295076,5264.59375,0.07058462324858782,66.38279309401351,97.88072900533535,99.96967959089932,28.581298518436842,margin-localized,5.0,50;100;200,/data1/deasy/Himangi/breast_feature_extraction/Ductal_outputs/TCGA-D8-A1JI-01/TCGA-D8-A1JI-01Z-00-DX1.9BDB647F-EEAB-4235-BE44-A3815A48CCE0__immune_proximity_wsi_summary.csv,TCGA-D8-A1JI,Alive,,,577.0,0.0,,,,matched
TCGA-D8-A1JI-01Z-00-DX2.E688E270-26C9-43EC-BC26-86BF8B74A31D,TCGA-D8-A1JI-01,TCGA-D8-A1JI,2,89.18004630195483,1896523.4192474943,1.8965234192474942,665538.3087976375,0.3509254365346624,1230985.1104498568,210284.2137877818,0.11087878570527683,64.40510974706885,80.22010764538805,95.90831978909307,37.58890502861183,immune-penetrated,5.0,50;100;200,/data1/deasy/Himangi/breast_feature_extraction/Ductal_outputs/TCGA-D8-A1JI-01/TCGA-D8-A1JI-01Z-00-DX2.E688E270-26C9-43EC-BC26-86BF8B74A31D__immune_proximity_wsi_summary.csv,TCGA-D8-A1JI,Alive,,,577.0,0.0,,,,matched
TCGA-D8-A1JJ-01Z-00-DX1.a986b48f-b295-4d7a-b778-ce829cdf9c38,TCGA-D8-A1JJ-01,TCGA-D8-A1JJ,11,125.06690972610402,3126357.774898355,3.126357774898355,46581.84375,0.014899716252569488,3079775.931148355,194907.03457681782,0.062343163710095434,47.98651565370786,77.54366880052451,94.3710001988456,48.07188627462001,margin-localized,5.0,50;100;200,/data1/deasy/Himangi/breast_feature_extraction/Ductal_outputs/TCGA-D8-A1JJ-01/TCGA-D8-A1JJ-01Z-00-DX1.a986b48f-b295-4d7a-b778-ce829cdf9c38__immune_proximity_wsi_summary.csv,TCGA-D8-A1JJ,Alive,,,611.0,0.0,,,,matched
TCGA-D8-A1JJ-01Z-00-DX2.7D20F308-7DC6-4367-9459-3AC4C654E7F7,TCGA-D8-A1JJ-01,TCGA-D8-A1JJ,10,169.78205227211848,4298760.531037432,4.298760531037432,24859.53125,0.005782953265368466,4273900.999787432,179748.38597029587,0.041814003053321204,46.99369865173077,80.5093409494664,97.24277626390668,57.725914890974224,peritumoral,5.0,50;100;200,/data1/deasy/Himangi/breast_feature_extraction/Ductal_outputs/TCGA-D8-A1JJ-01/TCGA-D8-A1JJ-01Z-00-DX2.7D20F308-7DC6-4367-9459-3AC4C654E7F7__immune_proximity_wsi_summary.csv,TCGA-D8-A1JJ,Alive,,,611.0,0.0,,,,matched
TCGA-D8-A1JK-01Z-00-DX1.3190C919-A403-460D-9F6C-D2AB5FD3FD05,TCGA-D8-A1JK-01,TCGA-D8-A1JK,21,143.94323950806194,1872208.6218620029,1.8722086218620029,79593.71875,0.0425132743330923,1792614.9031120029,47009.92640804996,0.025109341907258335,54.93805575277003,85.39325182761998,98.99026959585584,41.36522732017799,margin-localized,5.0,50;100;200,/data1/deasy/Himangi/breast_feature_extraction/Ductal_outputs/TCGA-D8-A1JK-01/immune_proximity_wsi_summary.csv,TCGA-D8-A1JK,Alive,,,0.0,0.0,,,,matched
TCGA-D8-A1JL-01Z-00-DX1.FE3F0C6B-F98A-4036-BF9A-25A8CC66B1FD,TCGA-D8-A1JL-01,TCGA-D8-A1JL,3,311.00855129337293,30812067.103893846,30.812067103893845,6290836.769218401,0.20416795627526732,24521230.334675446,286866.10063395934,0.009310186806574458,53.851909814800734,83.72788273237374,92.16507186234962,38.97059187708085,margin-localized,5.0,50;100;200,/data1/deasy/Himangi/breast_feature_extraction/Ductal_outputs/TCGA-D8-A1JL-01/immune_proximity_wsi_summary.csv,TCGA-D8-A1JL,Alive,,,611.0,0.0,,,,matched
TCGA-D8-A1JM-01Z-00-DX1.3CD15BC8-08B3-4BEE-9FD7-A8BEED33268E,TCGA-D8-A1JM-01,TCGA-D8-A1JM,5,168.24502784368082,4265524.222350479,4.2655242223504795,941365.4103953599,0.2206916105323694,3324158.81195512,8129.875,0.0019059497909778846,25.896555804481906,60.77149492964543,77.98652464686906,73.82094045729843,peritumoral,5.0,50;100;200,/data1/deasy/Himangi/breast_feature_extraction/Ductal_outputs/TCGA-D8-A1JM-01/immune_proximity_wsi_summary.csv,TCGA-D8-A1JM,Alive,,,590.0,0.0,,,,matched
TCGA-D8-A1JP-01Z-00-DX1.B02959C4-6AAD-4ACA-9838-61D224D838E4,TCGA-D8-A1JP-01,TCGA-D8-A1JP,2,90.14446123351573,1024647.8559566463,1.0246478559566463,200463.375,0.1956412379478807,824184.4809566463,83334.46458037588,0.08132985795648981,61.57633837946357,74.22917270129606,95.29704126063872,34.87858404522753,margin-localized,5.0,50;100;200,/data1/deasy/Himangi/breast_feature_extraction/Ductal_outputs/TCGA-D8-A1JP-01/immune_proximity_wsi_summary.csv,TCGA-D8-A1JP,Alive,,,639.0,0.0,,,,matched
TCGA-D8-A1JU-01Z-00-DX1.355D93B4-E69E-417C-B3D1-3E1AAF1E02FE,TCGA-D8-A1JU-01,TCGA-D8-A1JU,1,62.26523319683302,312464.95184873143,0.3124649518487314,26202.28125,0.08385670487192715,286262.67059873143,26469.629717092175,0.08471231592689629,59.01629136019353,86.82130160210816,99.45842378709996,38.125,margin-localized,5.0,50;100;200,/data1/deasy/Himangi/breast_feature_extraction/Ductal_outputs/TCGA-D8-A1JU-01/immune_proximity_wsi_summary.csv,TCGA-D8-A1JU,Alive,,,447.0,0.0,,,,matched
TCGA-D8-A1X6-01Z-00-DX1.ABF237D4-708C-46A5-AEF8-58712E5DCC04,TCGA-D8-A1X6-01,TCGA-D8-A1X6,5,187.49120801354107,3232764.528248162,3.232764528248162,206410.77713901043,0.06384961704923947,3026353.7511091516,474895.04150023265,0.1469005977238864,71.74125935406857,93.88252033515569,99.31200156438723,23.9220740112558,margin-localized,5.0,50;100;200,/data1/deasy/Himangi/breast_feature_extraction/Ductal_outputs/TCGA-D8-A1X6-01/TCGA-D8-A1X6-01Z-00-DX1.ABF237D4-708C-46A5-AEF8-58712E5DCC04__immune_proximity_wsi_summary.csv,TCGA-D8-A1X6,Alive,,,541.0,0.0,,,,matched
TCGA-D8-A1X6-01Z-00-DX2.F36D68F2-70C3-4E0E-ABE6-6969170BA6DC,TCGA-D8-A1X6-01,TCGA-D8-A1X6,4,147.39873614613833,2314933.0352527257,2.3149330352527255,557551.625,0.24085000149437627,1757381.4102527257,210233.07858818196,0.09081605186269694,54.819795740320444,79.67830015315458,89.30951178102137,24.45699350390395,margin-localized,5.0,50;100;200,/data1/deasy/Himangi/breast_feature_extraction/Ductal_outputs/TCGA-D8-A1X6-01/TCGA-D8-A1X6-01Z-00-DX2.F36D68F2-70C3-4E0E-ABE6-6969170BA6DC__immune_proximity_wsi_summary.csv,TCGA-D8-A1X6,Alive,,,541.0,0.0,,,,matched
TCGA-D8-A1X9-01Z-00-DX1.28CE7849-EEC5-4ABB-A319-A977A1FD3CD1,TCGA-D8-A1X9-01,TCGA-D8-A1X9,4,138.1236855414663,2496956.515536541,2.496956515536541,266322.59375,0.10665888336176056,2230633.921786541,99636.28985071286,0.03990309371859574,54.967448630268876,75.54503674311415,96.72853469996512,37.232588212478596,margin-localized,5.0,50;100;200,/data1/deasy/Himangi/breast_feature_extraction/Ductal_outputs/TCGA-D8-A1X9-01/immune_proximity_wsi_summary.csv,TCGA-D8-A1X9,Alive,,,727.0,0.0,,,,matched
TCGA-D8-A1XA-01Z-00-DX1.36A807F0-2D35-4CE3-8A27-CC59181B1A3D,TCGA-D8-A1XA-01,TCGA-D8-A1XA,3,11.52244022992143,36610.84748145251,0.03661084748145251,1429.28125,0.039039829676821625,35181.56623145251,1427.03125,0.038978372481624494,17.174896055562527,54.42521684336016,97.38832527576861,112.682213547658,immune-excluded,5.0,50;100;200,/data1/deasy/Himangi/breast_feature_extraction/Ductal_outputs/TCGA-D8-A1XA-01/immune_proximity_wsi_summary.csv,TCGA-D8-A1XA,Alive,,,839.0,0.0,,,,matched
TCGA-D8-A1XB-01Z-00-DX1.DA8E2FA4-DBBA-4157-8052-B90FB3BB58F1,TCGA-D8-A1XB-01,TCGA-D8-A1XB,4,91.63866680874567,2926639.4068058706,2.9266394068058705,22603.3125,0.007723299442847733,2904036.0943058706,226646.60525605432,0.07744261378049852,66.57918102949975,89.84359036104811,99.53612798154344,27.320436489924536,margin-localized,5.0,50;100;200,/data1/deasy/Himangi/breast_feature_extraction/Ductal_outputs/TCGA-D8-A1XB-01/TCGA-D8-A1XB-01Z-00-DX1.DA8E2FA4-DBBA-4157-8052-B90FB3BB58F1__immune_proximity_wsi_summary.csv,TCGA-D8-A1XB,Alive,,,552.0,0.0,,,,matched
TCGA-D8-A1XB-01Z-00-DX2.B262C269-F22B-4306-8195-079C0874EF8E,TCGA-D8-A1XB-01,TCGA-D8-A1XB,2,118.79445640955026,1681207.9015843535,1.6812079015843535,44618.31335739395,0.026539438290378064,1636589.5882269596,86140.10067519727,0.051237030586175396,41.80701514832161,85.02064973503215,99.92456500865632,55.45451401824742,peritumoral,5.0,50;100;200,/data1/deasy/Himangi/breast_feature_extraction/Ductal_outputs/TCGA-D8-A1XB-01/TCGA-D8-A1XB-01Z-00-DX2.B262C269-F22B-4306-8195-079C0874EF8E__immune_proximity_wsi_summary.csv,TCGA-D8-A1XB,Alive,,,552.0,0.0,,,,matched
TCGA-D8-A1XD-01Z-00-DX1.E500D561-1F49-4F08-99AE-E8345F21B406,TCGA-D8-A1XD-01,TCGA-D8-A1XD,8,166.48804601656937,5552280.892485258,5.552280892485258,2690144.5571942627,0.4845116105050165,2862136.335290996,141204.40625000003,0.025431783619073257,24.45714564551853,56.71191727167444,93.12493042315803,59.32170114544818,immune-penetrated,5.0,50;100;200,/data1/deasy/Himangi/breast_feature_extraction/Ductal_outputs/TCGA-D8-A1XD-01/immune_proximity_wsi_summary.csv,TCGA-D8-A1XD,Alive,,,522.0,0.0,,,,matched
TCGA-D8-A1XF-01Z-00-DX1.8B9AB4A1-DEC5-4587-B022-3077CCD220F9,TCGA-D8-A1XF-01,TCGA-D8-A1XF,9,94.00172807592823,1995190.0357450359,1.9951900357450358,352150.42614625505,0.1764996916771171,1643039.609598781,75541.34022520947,0.0378617268890886,55.39162880683811,78.52407173594251,94.93427685897754,34.85892326578662,margin-localized,5.0,50;100;200,/data1/deasy/Himangi/breast_feature_extraction/Ductal_outputs/TCGA-D8-A1XF-01/TCGA-D8-A1XF-01Z-00-DX1.8B9AB4A1-DEC5-4587-B022-3077CCD220F9__immune_proximity_wsi_summary.csv,TCGA-D8-A1XF,Alive,,,463.0,0.0,,,,matched
TCGA-D8-A1XF-01Z-00-DX2.1460E522-5B87-4690-8B6B-3183C5D282D6,TCGA-D8-A1XF-01,TCGA-D8-A1XF,7,121.08422534316014,3169789.503113874,3.169789503113874,634617.0625,0.20020795130925184,2535172.4406138742,339550.54072210885,0.10712084836817967,70.12744705749846,88.56976210887221,97.0973790112865,23.799290955824713,margin-localized,5.0,50;100;200,/data1/deasy/Himangi/breast_feature_extraction/Ductal_outputs/TCGA-D8-A1XF-01/TCGA-D8-A1XF-01Z-00-DX2.1460E522-5B87-4690-8B6B-3183C5D282D6__immune_proximity_wsi_summary.csv,TCGA-D8-A1XF,Alive,,,463.0,0.0,,,,matched
TCGA-D8-A1XG-01Z-00-DX1.0A58EF43-B97E-4111-8DC3-2F8D9BDBE7D6,TCGA-D8-A1XG-01,TCGA-D8-A1XG,11,114.83599936783317,16802906.768729888,16.802906768729887,2351769.5216262215,0.13996206454009796,14451137.247103665,2224837.2033849517,0.13240787644703003,86.73665190911886,97.19368355812873,99.61102061298325,14.85608040500589,margin-localized,5.0,50;100;200,/data1/deasy/Himangi/breast_feature_extraction/Ductal_outputs/TCGA-D8-A1XG-01/immune_proximity_wsi_summary.csv,TCGA-D8-A1XG,Alive,,,448.0,0.0,,,,matched
TCGA-D8-A1XK-01Z-00-DX1.41EB1BBC-F230-4E3F-8C4E-CE331CAF1935,TCGA-D8-A1XK-01,TCGA-D8-A1XK,16,104.48020541805892,7226301.389003865,7.226301389003865,2051952.8598085432,0.28395616918648914,5174348.529195323,160104.47852687692,0.02215579864555678,40.24046587352284,65.59998928972864,89.20942183216438,50.73849161386255,peritumoral,5.0,50;100;200,/data1/deasy/Himangi/breast_feature_extraction/Ductal_outputs/TCGA-D8-A1XK-01/immune_proximity_wsi_summary.csv,TCGA-D8-A1XK,Alive,,,441.0,0.0,,,,matched
TCGA-D8-A1XM-01Z-00-DX1.5F6A140E-5D20-45F6-B76F-0F98AB27AD08,TCGA-D8-A1XM-01,TCGA-D8-A1XM,4,56.723276659097635,477572.02357641363,0.47757202357641365,42262.15625,0.08849378557292703,435309.8673264136,61341.493332495666,0.12844448649467582,51.37834425044808,72.62844305000456,99.39739309185806,67.99931065827064,margin-localized,5.0,50;100;200,/data1/deasy/Himangi/breast_feature_extraction/Ductal_outputs/TCGA-D8-A1XM-01/immune_proximity_wsi_summary.csv,TCGA-D8-A1XM,Alive,,,538.0,0.0,,,,matched
TCGA-D8-A1XQ-01Z-00-DX1.1A17A5C7-F14B-4AD2-AD5F-D3400D86A366,TCGA-D8-A1XQ-01,TCGA-D8-A1XQ,3,92.2815576254554,8346386.078410894,8.346386078410895,819788.7138206749,0.09822079953156902,7526597.364590219,586918.2403092731,0.07032004448337467,54.682098622433614,80.06212722224161,98.40774686449105,51.91353990049224,peritumoral,5.0,50;100;200,/data1/deasy/Himangi/breast_feature_extraction/Ductal_outputs/TCGA-D8-A1XQ-01/immune_proximity_wsi_summary.csv,TCGA-D8-A1XQ,Alive,,,499.0,0.0,,,,matched
TCGA-D8-A1XR-01Z-00-DX1.7F443346-C564-47B6-9736-6944230CAF46,TCGA-D8-A1XR-01,TCGA-D8-A1XR,18,298.16976680041154,610970.5892615344,0.6109705892615344,161792.71875,0.2648126138863002,449177.87051153433,96158.7264459338,0.15738683356617636,57.17131223604375,75.52049643577531,91.82150178286072,18.41237695138789,margin-localized,5.0,50;100;200,/data1/deasy/Himangi/breast_feature_extraction/Ductal_outputs/TCGA-D8-A1XR-01/TCGA-D8-A1XR-01Z-00-DX1.7F443346-C564-47B6-9736-6944230CAF46__immune_proximity_wsi_summary.csv,TCGA-D8-A1XR,Alive,,,482.0,0.0,,,,matched
TCGA-D8-A1XR-01Z-00-DX2.A103FB8B-4397-4DD4-8587-90A736407484,TCGA-D8-A1XR-01,TCGA-D8-A1XR,5,145.62004425517574,237203.21225974115,0.23720321225974114,86822.96875,0.3660277949985244,150380.24350974115,35600.131875362255,0.15008284051558107,59.812942879102884,81.20317156689295,91.7756963263052,13.925022441633622,immune-penetrated,5.0,50;100;200,/data1/deasy/Himangi/breast_feature_extraction/Ductal_outputs/TCGA-D8-A1XR-01/TCGA-D8-A1XR-01Z-00-DX2.A103FB8B-4397-4DD4-8587-90A736407484__immune_proximity_wsi_summary.csv,TCGA-D8-A1XR,Alive,,,482.0,0.0,,,,matched
TCGA-D8-A1XT-01Z-00-DX1.9E4DEEEB-AB0A-45F6-A69B-65B3E6F22D46,TCGA-D8-A1XT-01,TCGA-D8-A1XT,7,156.4413122006656,1268101.1434866234,1.2681011434866234,134227.40625,0.10584913272843831,1133873.7372366234,98670.48657088108,0.07780963456872864,58.09738681328093,78.79186603986142,96.86701333752411,28.69151660334462,margin-localized,5.0,50;100;200,/data1/deasy/Himangi/breast_feature_extraction/Ductal_outputs/TCGA-D8-A1XT-01/immune_proximity_wsi_summary.csv,TCGA-D8-A1XT,Alive,,,506.0,0.0,,,,matched
TCGA-D8-A1XU-01Z-00-DX1.769DBC38-6F0D-425B-A904-79EBA1C119EF,TCGA-D8-A1XU-01,TCGA-D8-A1XU,5,90.99575581956523,217079.17651322478,0.21707917651322478,21814.25,0.10048983209898553,195264.92651322478,23356.4375,0.10759409481441944,24.53047931880094,33.85478280412776,57.67617598082726,217.51454692732622,immune-excluded,5.0,50;100;200,/data1/deasy/Himangi/breast_feature_extraction/Ductal_outputs/TCGA-D8-A1XU-01/immune_proximity_wsi_summary.csv,TCGA-D8-A1XU,Alive,,,395.0,0.0,,,,matched
TCGA-D8-A1XY-01Z-00-DX1.AC051FB4-1D51-449B-BF2D-9DDB4382414C,TCGA-D8-A1XY-01,TCGA-D8-A1XY,8,122.40847227707079,140028.5000211595,0.1400285000211595,6879.385412387241,0.04912846607189041,133149.11460877227,11420.552108772263,0.08155876915803939,72.84068511463508,99.79653695500777,99.97904444452696,37.03482313985042,margin-localized,5.0,50;100;200,/data1/deasy/Himangi/breast_feature_extraction/Ductal_outputs/TCGA-D8-A1XY-01/TCGA-D8-A1XY-01Z-00-DX1.AC051FB4-1D51-449B-BF2D-9DDB4382414C__immune_proximity_wsi_summary.csv,TCGA-D8-A1XY,Alive,,,503.0,0.0,,,,matched
TCGA-D8-A1XY-01Z-00-DX2.33D96E5C-5291-4864-B282-8BACA2043586,TCGA-D8-A1XY-01,TCGA-D8-A1XY,3,4.942313214739559,50010.88951758147,0.05001088951758147,1064.34375,0.021282239933481426,48946.54576758146,2602.25,0.052033667569243526,83.94437176091982,100.0,100.0,23.26545185462771,margin-localized,5.0,50;100;200,/data1/deasy/Himangi/breast_feature_extraction/Ductal_outputs/TCGA-D8-A1XY-01/TCGA-D8-A1XY-01Z-00-DX2.33D96E5C-5291-4864-B282-8BACA2043586__immune_proximity_wsi_summary.csv,TCGA-D8-A1XY,Alive,,,503.0,0.0,,,,matched
TCGA-D8-A1XZ-01Z-00-DX1.8E51A61D-B01C-4A52-8F5D-44D2ABCA46FC,TCGA-D8-A1XZ-01,TCGA-D8-A1XZ,7,89.24149082077298,8164901.782684039,8.164901782684039,550503.974866593,0.06742322069741132,7614397.807817446,1737108.0025411008,0.21275308004624438,85.5229884466075,94.94221242851603,99.99752042777453,15.56689195054684,margin-localized,5.0,50;100;200,/data1/deasy/Himangi/breast_feature_extraction/Ductal_outputs/TCGA-D8-A1XZ-01/TCGA-D8-A1XZ-01Z-00-DX1.8E51A61D-B01C-4A52-8F5D-44D2ABCA46FC__immune_proximity_wsi_summary.csv,TCGA-D8-A1XZ,Alive,,,466.0,0.0,,,,matched
TCGA-D8-A1XZ-01Z-00-DX2.73D59546-C003-4DED-80D5-866E7055EC79,TCGA-D8-A1XZ-01,TCGA-D8-A1XZ,3,67.52337984619179,5258778.845953498,5.258778845953498,363907.28553857876,0.069199959952413,4894871.56041492,379615.74874271767,0.0721870532804061,70.66580801719155,93.91180923710039,99.87069048111347,29.838432117824155,margin-localized,5.0,50;100;200,/data1/deasy/Himangi/breast_feature_extraction/Ductal_outputs/TCGA-D8-A1XZ-01/TCGA-D8-A1XZ-01Z-00-DX2.73D59546-C003-4DED-80D5-866E7055EC79__immune_proximity_wsi_summary.csv,TCGA-D8-A1XZ,Alive,,,466.0,0.0,,,,matched
TCGA-D8-A1Y0-01Z-00-DX1.10F40197-4174-43CC-AAD3-8CB85154FB2D,TCGA-D8-A1Y0-01,TCGA-D8-A1Y0,3,26.97041790853352,1012690.6832215355,1.0126906832215354,22560.96875,0.022278242630049534,990129.7144715356,257092.13226713665,0.25387034415018445,67.15691864796298,93.23694598573672,99.742039322245,30.550483322690656,margin-localized,5.0,50;100;200,/data1/deasy/Himangi/breast_feature_extraction/Ductal_outputs/TCGA-D8-A1Y0-01/TCGA-D8-A1Y0-01Z-00-DX1.10F40197-4174-43CC-AAD3-8CB85154FB2D__immune_proximity_wsi_summary.csv,TCGA-D8-A1Y0,Alive,,,472.0,0.0,,,,matched
TCGA-D8-A1Y0-01Z-00-DX2.7C25E941-12A6-46CE-B1A5-488D08E35684,TCGA-D8-A1Y0-01,TCGA-D8-A1Y0,5,25.285926737036487,855946.8398677026,0.8559468398677026,1246.3125,0.0014560629725470257,854700.5273677027,13353.324798575626,0.015600647349360565,27.654817776455047,70.49027557176568,99.27509742967393,62.20646695682049,peritumoral,5.0,50;100;200,/data1/deasy/Himangi/breast_feature_extraction/Ductal_outputs/TCGA-D8-A1Y0-01/TCGA-D8-A1Y0-01Z-00-DX2.7C25E941-12A6-46CE-B1A5-488D08E35684__immune_proximity_wsi_summary.csv,TCGA-D8-A1Y0,Alive,,,472.0,0.0,,,,matched
TCGA-D8-A1Y1-01Z-00-DX1.477390C8-2141-4ADD-813E-25220D2A71FC,TCGA-D8-A1Y1-01,TCGA-D8-A1Y1,13,269.0119278232207,10966426.219511332,10.966426219511332,3854436.0059344526,0.35147603501646574,7111990.213576876,855846.585565699,0.0780424331896737,50.75662219972541,70.70112774184196,79.30991502235256,22.013446855608578,immune-penetrated,5.0,50;100;200,/data1/deasy/Himangi/breast_feature_extraction/Ductal_outputs/TCGA-D8-A1Y1-01/TCGA-D8-A1Y1-01Z-00-DX1.477390C8-2141-4ADD-813E-25220D2A71FC__immune_proximity_wsi_summary.csv,TCGA-D8-A1Y1,Dead,302.0,,302.0,1.0,302.0,9.921971252566735,0.8268309377138946,matched
TCGA-D8-A1Y1-01Z-00-DX2.B58DC955-F864-4E78-8B1A-8156E2F7D554,TCGA-D8-A1Y1-01,TCGA-D8-A1Y1,9,112.58066476255142,31400865.308935273,31.400865308935273,11198728.037698269,0.35663756165699084,20202137.27123701,9572529.140393566,0.3048492150205063,94.7746030050169,97.5408100397409,98.7917337375044,19.762791271446932,immune-penetrated,5.0,50;100;200,/data1/deasy/Himangi/breast_feature_extraction/Ductal_outputs/TCGA-D8-A1Y1-01/TCGA-D8-A1Y1-01Z-00-DX2.B58DC955-F864-4E78-8B1A-8156E2F7D554__immune_proximity_wsi_summary.csv,TCGA-D8-A1Y1,Dead,302.0,,302.0,1.0,302.0,9.921971252566735,0.8268309377138946,matched
TCGA-D8-A1Y2-01Z-00-DX1.77451A0F-00FD-44A9-A0D0-CB7A39CE74CC,TCGA-D8-A1Y2-01,TCGA-D8-A1Y2,8,78.56963761679283,1669368.4861547563,1.6693684861547562,101625.99999724451,0.06087691294049229,1567742.4861575116,201945.66726245664,0.12097129479640577,66.62652446900367,93.75137219371214,99.0253089742119,32.00244131312485,margin-localized,5.0,50;100;200,/data1/deasy/Himangi/breast_feature_extraction/Ductal_outputs/TCGA-D8-A1Y2-01/TCGA-D8-A1Y2-01Z-00-DX1.77451A0F-00FD-44A9-A0D0-CB7A39CE74CC__immune_proximity_wsi_summary.csv,TCGA-D8-A1Y2,Alive,,,433.0,0.0,,,,matched
TCGA-D8-A1Y2-01Z-00-DX2.A563ABFE-18DE-4D78-BB66-9CD18D3CBE3A,TCGA-D8-A1Y2-01,TCGA-D8-A1Y2,9,59.808200424680095,651958.703274213,0.651958703274213,11430.59375,0.017532696001440303,640528.109524213,85591.41804527625,0.13128349635556075,62.792950297321816,81.86149448734065,96.84371569693133,34.609653638833194,margin-localized,5.0,50;100;200,/data1/deasy/Himangi/breast_feature_extraction/Ductal_outputs/TCGA-D8-A1Y2-01/TCGA-D8-A1Y2-01Z-00-DX2.A563ABFE-18DE-4D78-BB66-9CD18D3CBE3A__immune_proximity_wsi_summary.csv,TCGA-D8-A1Y2,Alive,,,433.0,0.0,,,,matched
TCGA-D8-A1Y3-01Z-00-DX1.8AA5F695-A06C-4DEA-AD71-16254A48B218,TCGA-D8-A1Y3-01,TCGA-D8-A1Y3,4,130.556365719517,1779238.9848229126,1.7792389848229127,465433.2058587781,0.2615911689373772,1313805.7789641346,96543.34776032291,0.05426103439945245,34.099252926251886,65.28871076048749,86.53437379279491,56.624670388903745,immune-penetrated,5.0,50;100;200,/data1/deasy/Himangi/breast_feature_extraction/Ductal_outputs/TCGA-D8-A1Y3-01/TCGA-D8-A1Y3-01Z-00-DX1.8AA5F695-A06C-4DEA-AD71-16254A48B218__immune_proximity_wsi_summary.csv,TCGA-D8-A1Y3,Alive,,,430.0,0.0,,,,matched
TCGA-D8-A1Y3-01Z-00-DX2.B9BD14AF-52A6-4241-B3B3-03F8F5DFC8DA,TCGA-D8-A1Y3-01,TCGA-D8-A1Y3,8,278.8134025918792,4023989.4175029313,4.023989417502931,1184081.28125,0.2942555654097064,2839908.136252931,292292.2334723607,0.0726374259835259,62.22699860548809,76.17496148230913,86.90105343316333,16.648010391635392,margin-localized,5.0,50;100;200,/data1/deasy/Himangi/breast_feature_extraction/Ductal_outputs/TCGA-D8-A1Y3-01/TCGA-D8-A1Y3-01Z-00-DX2.B9BD14AF-52A6-4241-B3B3-03F8F5DFC8DA__immune_proximity_wsi_summary.csv,TCGA-D8-A1Y3,Alive,,,430.0,0.0,,,,matched
TCGA-D8-A27F-01Z-00-DX1.C1A87F27-49F1-46BA-B2E2-A89293F7FD0C,TCGA-D8-A27F-01,TCGA-D8-A27F,9,188.2512855423938,3737292.5437778537,3.737292543777854,65676.40028776736,0.01757325644659815,3671616.143490087,117810.77449367839,0.03152302719513335,37.335196510763154,71.84759706809731,99.31091220930098,74.37190347261645,peritumoral,5.0,50;100;200,/data1/deasy/Himangi/breast_feature_extraction/Ductal_outputs/TCGA-D8-A27F-01/immune_proximity_wsi_summary.csv,TCGA-D8-A27F,Alive,,,488.0,0.0,,,,matched
TCGA-D8-A27H-01Z-00-DX1.BE9DFDD4-97C5-4327-B1DA-4B34A6F267C5,TCGA-D8-A27H-01,TCGA-D8-A27H,11,88.19543630913714,606158.3697040079,0.6061583697040078,23261.051615272743,0.038374544966905774,582897.3180887351,63219.97298722496,0.10429613141875084,61.207142105935574,79.5342434594557,99.82097634526798,36.30884232869454,margin-localized,5.0,50;100;200,/data1/deasy/Himangi/breast_feature_extraction/Ductal_outputs/TCGA-D8-A27H-01/immune_proximity_wsi_summary.csv,TCGA-D8-A27H,Alive,,,397.0,0.0,,,,matched
TCGA-D8-A27K-01Z-00-DX1.25AF7928-046B-45BF-BAD6-F34156203F5A,TCGA-D8-A27K-01,TCGA-D8-A27K,13,175.96426445297664,3704578.6696975515,3.7045786696975513,28699.21875,0.0077469589145863806,3675879.450947552,83631.52312175692,0.022575178064334303,30.95227664338292,78.20255120586805,99.9094937266818,73.02538621089244,peritumoral,5.0,50;100;200,/data1/deasy/Himangi/breast_feature_extraction/Ductal_outputs/TCGA-D8-A27K-01/immune_proximity_wsi_summary.csv,TCGA-D8-A27K,Alive,,,1461.0,0.0,,,,matched
TCGA-D8-A27L-01Z-00-DX1.6572593C-B015-4F9A-8C9B-B634CAA0D3B4,TCGA-D8-A27L-01,TCGA-D8-A27L,2,55.706502240595654,1747495.996733183,1.7474959967331831,256388.35767130897,0.14671756510493209,1491107.6390618738,51621.27858053507,0.029540141251846817,42.14242922533381,78.1052705769235,99.71092896799675,53.19939643689579,peritumoral,5.0,50;100;200,/data1/deasy/Himangi/breast_feature_extraction/Ductal_outputs/TCGA-D8-A27L-01/immune_proximity_wsi_summary.csv,TCGA-D8-A27L,Alive,,,499.0,0.0,,,,matched
TCGA-D8-A27M-01Z-00-DX1.3020D223-2400-4A2D-8BFE-08A5B78FE13B,TCGA-D8-A27M-01,TCGA-D8-A27M,4,56.77670132176247,1718362.065079402,1.718362065079402,247820.90625,0.1442192604726459,1470541.1588294022,70106.9838206618,0.040798726441521105,56.18343032929315,77.54417513945697,98.2117878263869,50.29029012891057,margin-localized,5.0,50;100;200,/data1/deasy/Himangi/breast_feature_extraction/Ductal_outputs/TCGA-D8-A27M-01/immune_proximity_wsi_summary.csv,TCGA-D8-A27M,Alive,,,410.0,0.0,,,,matched
TCGA-D8-A27N-01Z-00-DX1.85613A4F-1FFB-4091-B925-8E8A7C7A6D95,TCGA-D8-A27N-01,TCGA-D8-A27N,7,109.95069854101571,585979.2212986762,0.5859792212986762,63855.15667542169,0.10897170813310193,522124.0646232546,115852.56685083499,0.19770763644839964,83.71606090087845,98.28137055607516,99.99875742181032,11.281899219546325,margin-localized,5.0,50;100;200,/data1/deasy/Himangi/breast_feature_extraction/Ductal_outputs/TCGA-D8-A27N-01/TCGA-D8-A27N-01Z-00-DX1.85613A4F-1FFB-4091-B925-8E8A7C7A6D95__immune_proximity_wsi_summary.csv,TCGA-D8-A27N,Alive,,,519.0,0.0,,,,matched
TCGA-D8-A27N-01Z-00-DX2.EB803DEC-438B-43A9-B906-FD7C3B9A0138,TCGA-D8-A27N-01,TCGA-D8-A27N,7,18.957719581454597,227753.45592592037,0.22775345592592036,1347.3125,0.00591566215547671,226406.14342592037,8991.347046369017,0.039478422006002684,52.30985422043113,85.3634824964779,96.40571553696736,45.87500000000001,margin-localized,5.0,50;100;200,/data1/deasy/Himangi/breast_feature_extraction/Ductal_outputs/TCGA-D8-A27N-01/TCGA-D8-A27N-01Z-00-DX2.EB803DEC-438B-43A9-B906-FD7C3B9A0138__immune_proximity_wsi_summary.csv,TCGA-D8-A27N,Alive,,,519.0,0.0,,,,matched
TCGA-D8-A27P-01Z-00-DX1.EF426996-D0DC-4418-BEC4-F7CE3C82C869,TCGA-D8-A27P-01,TCGA-D8-A27P,4,53.171756132577855,213638.49118856012,0.21363849118856013,30297.9375,0.14181872064083548,183340.55368856012,51131.4375,0.2393362601258531,63.32912444484329,80.82063405309029,97.5404211529036,8.94863816454772,margin-localized,5.0,50;100;200,/data1/deasy/Himangi/breast_feature_extraction/Ductal_outputs/TCGA-D8-A27P-01/immune_proximity_wsi_summary.csv,TCGA-D8-A27P,Alive,,,49.0,0.0,,,,matched
TCGA-D8-A27R-01Z-00-DX1.F6E2FD1C-0666-4788-8D95-A76D15907270,TCGA-D8-A27R-01,TCGA-D8-A27R,18,236.20664047953386,3013465.453909883,3.0134654539098826,123234.85422995457,0.04089472937878248,2890230.5996799283,79859.10422995457,0.02650075318644842,55.98544719277852,90.85383130993978,99.3446479392143,42.99890986990252,margin-localized,5.0,50;100;200,/data1/deasy/Himangi/breast_feature_extraction/Ductal_outputs/TCGA-D8-A27R-01/TCGA-D8-A27R-01Z-00-DX1.F6E2FD1C-0666-4788-8D95-A76D15907270__immune_proximity_wsi_summary.csv,TCGA-D8-A27R,Alive,,,307.0,0.0,,,,matched
TCGA-D8-A27R-01Z-00-DX2.31F47D8F-DFD7-42AE-BBBA-7DBBA12FA97D,TCGA-D8-A27R-01,TCGA-D8-A27R,26,222.13341628868972,3845129.6683404865,3.8451296683404865,238100.79708557893,0.061922696403718544,3607028.871254908,98331.4173188069,0.025572978234891516,59.557068068090025,88.7439720031315,97.14399829856985,34.020501631369285,margin-localized,5.0,50;100;200,/data1/deasy/Himangi/breast_feature_extraction/Ductal_outputs/TCGA-D8-A27R-01/TCGA-D8-A27R-01Z-00-DX2.31F47D8F-DFD7-42AE-BBBA-7DBBA12FA97D__immune_proximity_wsi_summary.csv,TCGA-D8-A27R,Alive,,,307.0,0.0,,,,matched
TCGA-E2-A109-01Z-00-DX1.FCF5E9FC-F9FE-4F5F-96DD-5628E2609BEF,TCGA-E2-A109-01,TCGA-E2-A109,6,125.2732961635781,1608704.9607881734,1.6087049607881734,113886.30177101215,0.07079377794372833,1494818.6590171612,50920.58285851397,0.03165315213149203,48.25599899634597,79.48180198007671,98.36125334247254,51.40787421446252,peritumoral,5.0,50;100;200,/data1/deasy/Himangi/breast_feature_extraction/Ductal_outputs/TCGA-E2-A109-01/immune_proximity_wsi_summary.csv,TCGA-E2-A109,Alive,,,1417.0,0.0,,,,matched
TCGA-E2-A10C-01Z-00-DX1.29A2B20B-29C6-4491-ADAB-0584C772EF25,TCGA-E2-A10C-01,TCGA-E2-A10C,6,62.62273341733921,1445083.8006500727,1.4450838006500728,111069.03125,0.07685992410961597,1334014.7694000727,17225.50768629418,0.01192007527767266,60.32575485170534,86.29971777081666,95.8401215159166,31.64500355506379,margin-localized,5.0,50;100;200,/data1/deasy/Himangi/breast_feature_extraction/Ductal_outputs/TCGA-E2-A10C-01/immune_proximity_wsi_summary.csv,TCGA-E2-A10C,Alive,,,1220.0,0.0,,,,matched
TCGA-E2-A10E-01Z-00-DX1.C45030A9-CC1A-4BA7-8F62-872619C5AD5E,TCGA-E2-A10E-01,TCGA-E2-A10E,5,145.35713064434924,223011.53006117803,0.22301153006117802,11954.21875,0.05360359057094778,211057.31131117803,1267.125,0.005681881110148851,27.930269383072314,71.27460746184184,97.01153535997014,79.9962889764269,peritumoral,5.0,50;100;200,/data1/deasy/Himangi/breast_feature_extraction/Ductal_outputs/TCGA-E2-A10E-01/immune_proximity_wsi_summary.csv,TCGA-E2-A10E,Alive,,,865.0,0.0,,,,matched
TCGA-E2-A14N-01Z-00-DX1.15F5644F-CA9F-4688-B56E-BCC00CA4769B,TCGA-E2-A14N-01,TCGA-E2-A14N,6,110.77743263705521,5517715.950312229,5.517715950312229,3049626.815727191,0.5526973195411814,2468089.1345850397,6279.4244265581765,0.001138047787001947,25.38649966753993,53.92113107479478,61.94241404020462,57.381297312364765,immune-penetrated,5.0,50;100;200,/data1/deasy/Himangi/breast_feature_extraction/Ductal_outputs/TCGA-E2-A14N-01/immune_proximity_wsi_summary.csv,TCGA-E2-A14N,Alive,,,1434.0,0.0,,,,matched
TCGA-E2-A14O-01Z-00-DX1.432DB252-35D4-4B02-B0A7-39BF85A38F89,TCGA-E2-A14O-01,TCGA-E2-A14O,2,44.72309087710648,13497.840029828341,0.013497840029828342,41.46875,0.0030722508126011165,13456.371279828341,666.4375,0.049373640414115606,17.017537583227767,68.74854625466475,100.0,62.2256478471699,peritumoral,5.0,50;100;200,/data1/deasy/Himangi/breast_feature_extraction/Ductal_outputs/TCGA-E2-A14O-01/immune_proximity_wsi_summary.csv,TCGA-E2-A14O,Alive,,,1359.0,0.0,,,,matched
TCGA-E2-A14P-01Z-00-DX1.663B02FF-C64B-41A6-8685-FD61CD76F9C6,TCGA-E2-A14P-01,TCGA-E2-A14P,7,126.12716009589376,38739276.075510405,38.7392760755104,1748856.862812799,0.045144283527754514,36990419.2126976,1697603.8110951365,0.04382125798598238,58.0400691460085,93.08726197545518,99.30310274717776,47.275951867730804,margin-localized,5.0,50;100;200,/data1/deasy/Himangi/breast_feature_extraction/Ductal_outputs/TCGA-E2-A14P-01/immune_proximity_wsi_summary.csv,TCGA-E2-A14P,Alive,,,1246.0,0.0,,,,matched
TCGA-E2-A14Q-01Z-00-DX1.C19BA7FD-D986-4E3B-9A79-F3531A78F05D,TCGA-E2-A14Q-01,TCGA-E2-A14Q,15,114.1877868602805,1409643.8672916829,1.409643867291683,262068.98764322558,0.1859114870954838,1147574.879648457,43026.12215451145,0.030522689562134993,50.313327765383434,72.00548818213002,98.58172142330996,48.37536337072829,peritumoral,5.0,50;100;200,/data1/deasy/Himangi/breast_feature_extraction/Ductal_outputs/TCGA-E2-A14Q-01/immune_proximity_wsi_summary.csv,TCGA-E2-A14Q,Alive,,,1163.0,0.0,,,,matched
TCGA-E2-A14R-01Z-00-DX1.DDE62ED5-1FC0-4B3B-A874-95C08B33AB20,TCGA-E2-A14R-01,TCGA-E2-A14R,4,112.45899407807799,6643786.586272468,6.643786586272467,811973.6315726477,0.12221548977060233,5831812.954699821,111138.31290261849,0.01672815817597977,48.55309208578347,84.63338096357164,97.13320168838443,50.55396250542582,peritumoral,5.0,50;100;200,/data1/deasy/Himangi/breast_feature_extraction/Ductal_outputs/TCGA-E2-A14R-01/immune_proximity_wsi_summary.csv,TCGA-E2-A14R,Alive,,,1174.0,0.0,,,,matched
TCGA-E2-A14S-01Z-00-DX1.5C332E99-7296-473A-9917-7EFC38A8251D,TCGA-E2-A14S-01,TCGA-E2-A14S,5,36.715435297883154,335172.45174778404,0.33517245174778404,14054.5625,0.041932331928567934,321117.88924778404,8516.345373595283,0.025408846488385622,67.1310896365992,87.9049144906888,100.0,44.48489912318561,margin-localized,5.0,50;100;200,/data1/deasy/Himangi/breast_feature_extraction/Ductal_outputs/TCGA-E2-A14S-01/immune_proximity_wsi_summary.csv,TCGA-E2-A14S,Alive,,,1009.0,0.0,,,,matched
TCGA-E2-A14T-01Z-00-DX1.61B4C988-6D75-447B-A5F4-9DE92CEACC9F,TCGA-E2-A14T-01,TCGA-E2-A14T,13,100.30075582779172,175895.9739934004,0.1758959739934004,56.875,0.0003233445240886181,175839.09899340037,6014.125,0.03419137381862787,24.773521466199487,92.64316367731327,99.8085516158473,70.23501285861632,peritumoral,5.0,50;100;200,/data1/deasy/Himangi/breast_feature_extraction/Ductal_outputs/TCGA-E2-A14T-01/immune_proximity_wsi_summary.csv,TCGA-E2-A14T,Alive,,,2311.0,0.0,,,,matched
TCGA-E2-A14W-01Z-00-DX1.2AF665A9-F582-4C41-B2B8-1982648CDEC7,TCGA-E2-A14W-01,TCGA-E2-A14W,4,39.53291841941246,79684.69236962125,0.07968469236962125,7697.75,0.09660261928719784,71986.94236962125,12458.78125,0.15635099891217938,80.16638977989255,91.99222766600947,97.09401526047328,13.597449209318636,margin-localized,5.0,50;100;200,/data1/deasy/Himangi/breast_feature_extraction/Ductal_outputs/TCGA-E2-A14W-01/immune_proximity_wsi_summary.csv,TCGA-E2-A14W,Alive,,,974.0,0.0,,,,matched
TCGA-E2-A14X-01Z-00-DX1.24ADDA43-F127-4A6B-9AAD-2FAD982A853D,TCGA-E2-A14X-01,TCGA-E2-A14X,10,157.1265249848135,14820174.64336971,14.82017464336971,329855.3722223387,0.022257185232962842,14490319.271147372,182816.8509281491,0.012335674533359039,40.45448349857928,72.79993912702949,96.31987711071078,61.95676415856464,peritumoral,5.0,50;100;200,/data1/deasy/Himangi/breast_feature_extraction/Ductal_outputs/TCGA-E2-A14X-01/immune_proximity_wsi_summary.csv,TCGA-E2-A14X,Alive,,,972.0,0.0,,,,matched
TCGA-E2-A14Y-01Z-00-DX1.804A22A3-FD8D-4C8A-A766-48D28434DE22,TCGA-E2-A14Y-01,TCGA-E2-A14Y,7,225.4170308499927,2911476.2093160427,2.9114762093160427,533043.3287597201,0.18308352548240173,2378432.8805563226,198389.61295589022,0.0681405578108761,63.067566976648436,80.10812386152743,92.21125628058044,25.62621948317777,margin-localized,5.0,50;100;200,/data1/deasy/Himangi/breast_feature_extraction/Ductal_outputs/TCGA-E2-A14Y-01/immune_proximity_wsi_summary.csv,TCGA-E2-A14Y,Alive,,,2109.0,0.0,,,,matched
TCGA-E2-A14Z-01Z-00-DX1.A1344A78-1842-4578-8CDE-921E50656891,TCGA-E2-A14Z-01,TCGA-E2-A14Z,1,81.63458681915236,918898.4966731286,0.9188984966731286,85643.53125,0.0932023847683638,833254.9654231285,41180.9610927012,0.04481557129737054,64.65858527763656,90.10352648435341,95.6039738377274,34.91401267757689,margin-localized,5.0,50;100;200,/data1/deasy/Himangi/breast_feature_extraction/Ductal_outputs/TCGA-E2-A14Z-01/immune_proximity_wsi_summary.csv,TCGA-E2-A14Z,Dead,563.0,,563.0,1.0,563.0,18.496919917864478,1.541409993155373,matched
TCGA-E2-A150-01Z-00-DX1.55643D23-83E6-4058-8EA5-18AAA8547839,TCGA-E2-A150-01,TCGA-E2-A150,4,150.84624443943358,1744863.5852318173,1.7448635852318173,89549.46875,0.05132175919534863,1655314.1164818173,31349.629723092286,0.017966808401773865,50.31645603858094,73.10926704678981,90.65003101487262,49.72816731994052,peritumoral,5.0,50;100;200,/data1/deasy/Himangi/breast_feature_extraction/Ductal_outputs/TCGA-E2-A150-01/immune_proximity_wsi_summary.csv,TCGA-E2-A150,Alive,,,1935.0,0.0,,,,matched
TCGA-E2-A152-01Z-00-DX1.B0860DEB-D34B-4C5D-97F5-C1C646437424,TCGA-E2-A152-01,TCGA-E2-A152,11,140.78259348670176,1278470.970282695,1.278470970282695,31660.3125,0.02476420132793417,1246810.657782695,163417.44048399758,0.12782256639574913,66.4530155538462,77.4848513384546,99.56086458898956,29.18743308343507,margin-localized,5.0,50;100;200,/data1/deasy/Himangi/breast_feature_extraction/Ductal_outputs/TCGA-E2-A152-01/immune_proximity_wsi_summary.csv,TCGA-E2-A152,Alive,,,2128.0,0.0,,,,matched
TCGA-E2-A155-01Z-00-DX1.A5AF232A-61BB-4FDC-ABF9-2FE9BA461BDC,TCGA-E2-A155-01,TCGA-E2-A155,4,133.1753395197445,12414626.37391679,12.41462637391679,404604.91422956274,0.032590985990495876,12010021.45968723,626048.7727511481,0.050428321714657526,68.1554254570631,89.71444546091372,99.60888944292846,39.62741514721847,margin-localized,5.0,50;100;200,/data1/deasy/Himangi/breast_feature_extraction/Ductal_outputs/TCGA-E2-A155-01/immune_proximity_wsi_summary.csv,TCGA-E2-A155,Alive,,,640.0,0.0,,,,matched
TCGA-E2-A156-01Z-00-DX1.CEF32B4D-A676-4230-992D-45A046E4043A,TCGA-E2-A156-01,TCGA-E2-A156,2,115.80636197816096,381509.0795187154,0.3815090795187154,156486.6875,0.41017814752249787,225022.3920187154,32200.731520288617,0.08440357844408516,48.820088888407064,65.27537021414088,77.75295970248699,18.535122908953152,immune-penetrated,5.0,50;100;200,/data1/deasy/Himangi/breast_feature_extraction/Ductal_outputs/TCGA-E2-A156-01/immune_proximity_wsi_summary.csv,TCGA-E2-A156,Alive,,,726.0,0.0,,,,matched
TCGA-E2-A158-01Z-00-DX1.994C60FE-E651-4224-95E7-4669834F2338,TCGA-E2-A158-01,TCGA-E2-A158,1,21.301697112340655,356865.8209863746,0.3568658209863746,1410.8125,0.00395334161198325,355455.0084863746,2099.4375,0.005882988441418037,39.278503971273636,94.85693369810076,100.0,55.13194400708178,peritumoral,5.0,50;100;200,/data1/deasy/Himangi/breast_feature_extraction/Ductal_outputs/TCGA-E2-A158-01/immune_proximity_wsi_summary.csv,TCGA-E2-A158,Alive,,,450.0,0.0,,,,matched
TCGA-E2-A159-01Z-00-DX1.C8DC3356-CAE9-4E7A-AEFF-ABB4BE38192B,TCGA-E2-A159-01,TCGA-E2-A159,5,166.05385716872485,14099602.946630307,14.099602946630306,1454715.491443932,0.10317421681662302,12644887.455186376,327131.81964384427,0.023201491622288992,48.33926295550916,78.45718710486518,95.38535705842733,46.24003270976352,peritumoral,5.0,50;100;200,/data1/deasy/Himangi/breast_feature_extraction/Ductal_outputs/TCGA-E2-A159-01/immune_proximity_wsi_summary.csv,TCGA-E2-A159,Alive,,,762.0,0.0,,,,matched
TCGA-E2-A15A-01Z-00-DX1.B9D22735-FE9F-46D9-84E6-0C71A1BF84D6,TCGA-E2-A15A-01,TCGA-E2-A15A,16,128.80787614257216,466744.5609808813,0.4667445609808813,97766.11672460992,0.20946385860212435,368978.4442562713,27758.56079013102,0.059472703295771374,58.00847389973691,75.96671337754394,91.40242298446083,38.941312012437386,margin-localized,5.0,50;100;200,/data1/deasy/Himangi/breast_feature_extraction/Ductal_outputs/TCGA-E2-A15A-01/immune_proximity_wsi_summary.csv,TCGA-E2-A15A,Alive,,,710.0,0.0,,,,matched
TCGA-E2-A15C-01Z-00-DX1.26E13415-1D37-43C7-9EBB-4411BE7FCE10,TCGA-E2-A15C-01,TCGA-E2-A15C,5,107.04158590905918,1749344.8048499695,1.7493448048499693,26979.25,0.015422488422637666,1722365.5548499695,7118.412063180554,0.004069187528636504,30.769327676126323,72.49859767714064,99.81592215319289,72.6843561228962,peritumoral,5.0,50;100;200,/data1/deasy/Himangi/breast_feature_extraction/Ductal_outputs/TCGA-E2-A15C-01/immune_proximity_wsi_summary.csv,TCGA-E2-A15C,Alive,,,694.0,0.0,,,,matched
TCGA-E2-A15D-01Z-00-DX1.AA5AF847-3635-4BAF-AAC3-BADB4A1B2CB1,TCGA-E2-A15D-01,TCGA-E2-A15D,9,123.15033675147849,1167629.3880281309,1.1676293880281308,2730.4375,0.0023384453389025334,1164898.950528131,7976.54293040657,0.006831399596645298,33.80002650776146,83.95720511122168,99.42820740377397,64.89381350521789,peritumoral,5.0,50;100;200,/data1/deasy/Himangi/breast_feature_extraction/Ductal_outputs/TCGA-E2-A15D-01/immune_proximity_wsi_summary.csv,TCGA-E2-A15D,Alive,,,526.0,0.0,,,,matched
TCGA-E2-A15F-01Z-00-DX1.F022214A-3F0C-4DA4-A0EE-735D27480A45,TCGA-E2-A15F-01,TCGA-E2-A15F,7,26.83020795455833,190127.5363686758,0.1901275363686758,9339.09375,0.04912015338951528,180788.4426186758,15346.75,0.0807181868187739,75.95824262802296,90.49641488283957,97.9334430850768,22.51778810740522,margin-localized,5.0,50;100;200,/data1/deasy/Himangi/breast_feature_extraction/Ductal_outputs/TCGA-E2-A15F-01/immune_proximity_wsi_summary.csv,TCGA-E2-A15F,Alive,,,658.0,0.0,,,,matched
TCGA-E2-A15H-01Z-00-DX1.E3A9DFDC-204D-4F03-98D9-97BBBB74E840,TCGA-E2-A15H-01,TCGA-E2-A15H,10,47.7908863948661,535611.9802932253,0.5356119802932252,3521.8283724307385,0.006575335321108172,532090.1519207945,3400.794094310304,0.006349361514371861,45.92892155789508,86.49642445263991,94.16893285516902,76.96366837670875,peritumoral,5.0,50;100;200,/data1/deasy/Himangi/breast_feature_extraction/Ductal_outputs/TCGA-E2-A15H-01/immune_proximity_wsi_summary.csv,TCGA-E2-A15H,Alive,,,393.0,0.0,,,,matched
TCGA-E2-A15I-01Z-00-DX1.DFF60A40-B03D-438F-A233-06132A213619,TCGA-E2-A15I-01,TCGA-E2-A15I,1,1.1332070243666856,37068.13200266553,0.03706813200266553,1114.125,0.030056140943921436,35954.00700266554,3263.475280727138,0.08803991742806098,99.56271400461091,100.0,100.0,13.796087534152573,margin-localized,5.0,50;100;200,/data1/deasy/Himangi/breast_feature_extraction/Ductal_outputs/TCGA-E2-A15I-01/immune_proximity_wsi_summary.csv,TCGA-E2-A15I,Alive,,,1692.0,0.0,,,,matched
TCGA-E2-A15J-01Z-00-DX1.BF7901D1-30B1-4A76-B0A5-E9B8B36EF4C9,TCGA-E2-A15J-01,TCGA-E2-A15J,11,108.12769923052069,620321.2383545219,0.6203212383545219,15107.09375,0.02435366196726299,605214.1446045219,12014.681216679004,0.019368482769587927,22.182803434766683,77.45955149297421,98.7623507528165,79.61638984059752,peritumoral,5.0,50;100;200,/data1/deasy/Himangi/breast_feature_extraction/Ductal_outputs/TCGA-E2-A15J-01/immune_proximity_wsi_summary.csv,TCGA-E2-A15J,Alive,,,1640.0,0.0,,,,matched
TCGA-E2-A15K-01Z-00-DX1.9F424BE2-9BFE-4DFF-8CC9-10D2DADBBEA7,TCGA-E2-A15K-01,TCGA-E2-A15K,5,28.302057257467588,1669067.137603221,1.669067137603221,36705.125,0.02199140116838471,1632362.012603221,36715.992165224685,0.021997912089952727,52.239250987653364,74.74232965108799,82.03032396818651,44.632702416501736,margin-localized,5.0,50;100;200,/data1/deasy/Himangi/breast_feature_extraction/Ductal_outputs/TCGA-E2-A15K-01/immune_proximity_wsi_summary.csv,TCGA-E2-A15K,Alive,,,275.0,0.0,,,,matched
TCGA-E2-A15O-01Z-00-DX1.4D0F3975-93EA-4DC2-AD0C-A76A24C3AE0C,TCGA-E2-A15O-01,TCGA-E2-A15O,9,70.62590426632097,924826.9685327634,0.9248269685327635,214200.13792763872,0.23161104208224692,710626.8306051246,14212.3125,0.015367536829670757,39.1957498413175,84.02621461436584,95.51344004941113,66.89964499158422,peritumoral,5.0,50;100;200,/data1/deasy/Himangi/breast_feature_extraction/Ductal_outputs/TCGA-E2-A15O-01/immune_proximity_wsi_summary.csv,TCGA-E2-A15O,Alive,,,289.0,0.0,,,,matched
TCGA-E2-A15P-01Z-00-DX1.4C7F95DC-B319-4A78-8F34-8CB9166EA6A8,TCGA-E2-A15P-01,TCGA-E2-A15P,6,57.63178187610423,1021307.0284684983,1.0213070284684982,9395.25,0.009199241499481947,1011911.7784684983,12941.111324381389,0.012671127255226318,19.023326739079145,46.04159973704316,99.9975460366666,111.49110110228528,immune-excluded,5.0,50;100;200,/data1/deasy/Himangi/breast_feature_extraction/Ductal_outputs/TCGA-E2-A15P-01/immune_proximity_wsi_summary.csv,TCGA-E2-A15P,Alive,,,595.0,0.0,,,,matched
TCGA-E2-A15R-01Z-00-DX1.B58D2D9D-05EE-4D66-8DC0-9E5C6AD2E3D3,TCGA-E2-A15R-01,TCGA-E2-A15R,21,56.85684433761008,313631.80618954304,0.31363180618954306,60946.21875,0.19432410089545324,252685.58743954304,45610.315126182,0.14542630634412587,72.78103333921354,87.18144002414317,99.77711723230723,13.021166662400109,margin-localized,5.0,50;100;200,/data1/deasy/Himangi/breast_feature_extraction/Ductal_outputs/TCGA-E2-A15R-01/immune_proximity_wsi_summary.csv,TCGA-E2-A15R,Alive,,,1732.0,0.0,,,,matched
TCGA-E2-A15S-01Z-00-DX1.77CFA95F-F1AE-41BD-BAF8-BCA6F0DFA3A3,TCGA-E2-A15S-01,TCGA-E2-A15S,7,28.50336165165858,1669137.9028074555,1.6691379028074556,554280.8989338736,0.33207615620110514,1114857.0038735818,216221.18235537902,0.1295406341151917,73.85513567819501,87.10457893968885,99.82651008447901,21.9238739733652,immune-penetrated,5.0,50;100;200,/data1/deasy/Himangi/breast_feature_extraction/Ductal_outputs/TCGA-E2-A15S-01/immune_proximity_wsi_summary.csv,TCGA-E2-A15S,Alive,,,428.0,0.0,,,,matched
TCGA-E2-A15T-01Z-00-DX1.23913E37-53A8-4E11-9B64-CDD016F6D87A,TCGA-E2-A15T-01,TCGA-E2-A15T,14,117.86112401230301,1102647.3444520426,1.1026473444520426,240335.2510009573,0.21796202766931908,862312.0934510855,101306.76691017683,0.0918759451241602,43.58291573855457,64.26384685637267,84.45120510822758,50.35549405228788,peritumoral,5.0,50;100;200,/data1/deasy/Himangi/breast_feature_extraction/Ductal_outputs/TCGA-E2-A15T-01/immune_proximity_wsi_summary.csv,TCGA-E2-A15T,Alive,,,1563.0,0.0,,,,matched
TCGA-E2-A1B0-01Z-00-DX1.4C50EC91-A62A-450E-88C0-7DCAB8E9724C,TCGA-E2-A1B0-01,TCGA-E2-A1B0,16,147.47379532732094,1967656.3161395488,1.9676563161395488,10569.21875,0.005371476036392535,1957087.0973895488,14679.875,0.007460588965455736,23.736621359933356,66.6506547101887,98.16391513279763,78.47073499082317,peritumoral,5.0,50;100;200,/data1/deasy/Himangi/breast_feature_extraction/Ductal_outputs/TCGA-E2-A1B0-01/immune_proximity_wsi_summary.csv,TCGA-E2-A1B0,Alive,,,1631.0,0.0,,,,matched
TCGA-E2-A1B1-01Z-00-DX1.7C8DF153-B09B-44C7-87B8-14591E319354,TCGA-E2-A1B1-01,TCGA-E2-A1B1,3,25.29990718673408,75409.77378644055,0.07540977378644055,0.0,0.0,75409.77378644055,33.0625,0.00043843786209507205,8.67612898495316,83.45361201409199,93.78164160354082,61.75468099666615,peritumoral,5.0,50;100;200,/data1/deasy/Himangi/breast_feature_extraction/Ductal_outputs/TCGA-E2-A1B1-01/immune_proximity_wsi_summary.csv,TCGA-E2-A1B1,Alive,,,2653.0,0.0,,,,matched
TCGA-E2-A1B4-01Z-00-DX1.E585C4FB-0D3E-4160-8192-53A329648F5C,TCGA-E2-A1B4-01,TCGA-E2-A1B4,13,22.897661719739904,39040.0594708363,0.039040059470836296,5951.308756735566,0.15244107814900518,33088.75071410073,13158.121970836299,0.3370415452534256,66.97142582574098,87.06376842542291,96.1925326955242,3.1049355870935553,margin-localized,5.0,50;100;200,/data1/deasy/Himangi/breast_feature_extraction/Ductal_outputs/TCGA-E2-A1B4-01/immune_proximity_wsi_summary.csv,TCGA-E2-A1B4,Dead,1004.0,,1004.0,1.0,1004.0,32.98562628336756,2.74880219028063,matched
TCGA-E2-A1B6-01Z-00-DX1.8CD458BE-C4F9-4AF3-A927-18C042E9B4B7,TCGA-E2-A1B6-01,TCGA-E2-A1B6,7,60.09285877097314,7065215.759906674,7.065215759906674,73572.83976336577,0.0104133889556315,6991642.920143308,29463.652263365773,0.00417024097559265,18.119819618708302,62.171400038827905,98.99888122391516,97.48477445221894,peritumoral,5.0,50;100;200,/data1/deasy/Himangi/breast_feature_extraction/Ductal_outputs/TCGA-E2-A1B6-01/immune_proximity_wsi_summary.csv,TCGA-E2-A1B6,Alive,,,867.0,0.0,,,,matched
TCGA-E2-A1BD-01Z-00-DX1.A2AFF7AD-ED47-43E4-87FE-62882BAEB8DA,TCGA-E2-A1BD-01,TCGA-E2-A1BD,9,137.9991752559272,388618.23525033885,0.38861823525033884,19127.0625,0.049218129169051446,369491.17275033885,28732.898399090645,0.07393605289927165,68.19888585259284,90.57764099668718,99.9324851547867,28.619267985048115,margin-localized,5.0,50;100;200,/data1/deasy/Himangi/breast_feature_extraction/Ductal_outputs/TCGA-E2-A1BD-01/immune_proximity_wsi_summary.csv,TCGA-E2-A1BD,Alive,,,1133.0,0.0,,,,matched
TCGA-E2-A1IE-01Z-00-DX1.D6BF29A7-4FBD-4F7D-B093-991FA0F49FE8,TCGA-E2-A1IE-01,TCGA-E2-A1IE,10,58.01753982490299,149057.45603221963,0.14905745603221962,16430.0625,0.1102263713426623,132627.39353221963,3043.5625,0.020418720277515783,30.362591076862078,66.01298308831196,98.84407911005002,84.60394863716468,peritumoral,5.0,50;100;200,/data1/deasy/Himangi/breast_feature_extraction/Ductal_outputs/TCGA-E2-A1IE-01/immune_proximity_wsi_summary.csv,TCGA-E2-A1IE,Alive,,,2362.0,0.0,,,,matched
TCGA-E2-A1IF-01Z-00-DX1.51F5B0AC-E4D6-439D-8168-34934471FA06,TCGA-E2-A1IF-01,TCGA-E2-A1IF,9,153.4726634091635,98453.95549301791,0.09845395549301791,4321.0625,0.04388917111924912,94132.89299301793,7091.056755020933,0.07202409206935126,68.66715733549026,91.88993507756052,99.32246246820698,24.483731843818255,margin-localized,5.0,50;100;200,/data1/deasy/Himangi/breast_feature_extraction/Ductal_outputs/TCGA-E2-A1IF-01/immune_proximity_wsi_summary.csv,TCGA-E2-A1IF,Alive,,,1138.0,0.0,,,,matched
TCGA-E2-A1IG-01Z-00-DX1.C894EEA1-708A-4043-8C60-3BCA98AA751E,TCGA-E2-A1IG-01,TCGA-E2-A1IG,24,181.10648858958587,879133.0135941096,0.8791330135941096,110969.0562681254,0.12622555921823128,768163.9573259841,146601.55679226026,0.16675696911087146,92.9093625251947,98.28586431453121,99.86146531598817,10.887205793958337,margin-localized,5.0,50;100;200,/data1/deasy/Himangi/breast_feature_extraction/Ductal_outputs/TCGA-E2-A1IG-01/immune_proximity_wsi_summary.csv,TCGA-E2-A1IG,Alive,,,2140.0,0.0,,,,matched
TCGA-E2-A1II-01Z-00-DX1.7F782477-0F92-4C57-8735-A1E3F95A6B94,TCGA-E2-A1II-01,TCGA-E2-A1II,4,66.02618116617293,11431216.447519202,11.431216447519201,5026360.196307766,0.43970475227932415,6404856.2512114355,1829322.4737555934,0.16002867955077452,61.773288161837094,77.69600227613627,84.55561556983827,22.874999999999996,immune-penetrated,5.0,50;100;200,/data1/deasy/Himangi/breast_feature_extraction/Ductal_outputs/TCGA-E2-A1II-01/immune_proximity_wsi_summary.csv,TCGA-E2-A1II,Alive,,,1025.0,0.0,,,,matched
TCGA-E2-A1IK-01Z-00-DX1.25C554BB-AA90-4FF4-9D68-EEC899B8A27D,TCGA-E2-A1IK-01,TCGA-E2-A1IK,16,65.6052849671647,358581.90840005525,0.35858190840005527,15673.71875,0.0437102887313363,342908.1896500553,9005.494524429172,0.02511419096576983,35.15329573513706,44.26436361620106,86.43465428052845,87.33216045650079,peritumoral,5.0,50;100;200,/data1/deasy/Himangi/breast_feature_extraction/Ductal_outputs/TCGA-E2-A1IK-01/immune_proximity_wsi_summary.csv,TCGA-E2-A1IK,Alive,,,1800.0,0.0,,,,matched
TCGA-E2-A1IN-01Z-00-DX1.F63F004F-847D-41B0-BAEF-3189D4965838,TCGA-E2-A1IN-01,TCGA-E2-A1IN,1,31.75804984212854,329889.6470365954,0.3298896470365954,1765.125,0.005350652910317585,328124.5220365954,36857.74895226666,0.11172751034583982,65.44082787088814,95.11313300418908,100.0,23.93905021090018,margin-localized,5.0,50;100;200,/data1/deasy/Himangi/breast_feature_extraction/Ductal_outputs/TCGA-E2-A1IN-01/immune_proximity_wsi_summary.csv,TCGA-E2-A1IN,Alive,,,675.0,0.0,,,,matched
TCGA-E2-A1IU-01Z-00-DX1.E2F24814-24BA-4158-8841-F27A8E100589,TCGA-E2-A1IU-01,TCGA-E2-A1IU,8,68.12111109362223,603484.3109549478,0.6034843109549478,141289.4244986019,0.23412277988640146,462194.88645634596,4447.8125,0.007370220599375357,19.245484833937095,67.27297763329388,99.71757186093386,69.38626034742036,peritumoral,5.0,50;100;200,/data1/deasy/Himangi/breast_feature_extraction/Ductal_outputs/TCGA-E2-A1IU-01/immune_proximity_wsi_summary.csv,TCGA-E2-A1IU,Alive,,,337.0,0.0,,,,matched
TCGA-E2-A1L9-01Z-00-DX1.F2CC1036-8EEE-4664-962E-541B8ACB10DE,TCGA-E2-A1L9-01,TCGA-E2-A1L9,3,75.67184643766393,102870.67605509,0.10287067605509001,2047.40625,0.019902719885923167,100823.26980509,1306.4375,0.01269980474611023,43.062198771083246,94.93634234879228,99.85300111188245,64.32558783252587,peritumoral,5.0,50;100;200,/data1/deasy/Himangi/breast_feature_extraction/Ductal_outputs/TCGA-E2-A1L9-01/immune_proximity_wsi_summary.csv,TCGA-E2-A1L9,Alive,,,598.0,0.0,,,,matched
TCGA-E2-A1LA-01Z-00-DX1.AE49E943-B830-4ED9-B09E-E499441BC2EC,TCGA-E2-A1LA-01,TCGA-E2-A1LA,14,57.84962646311845,3847497.9613540117,3.8474979613540117,56776.28125,0.014756676110107485,3790721.6801040117,49671.37283204096,0.012910045263431563,28.457009680657986,75.48453918190084,99.4412059940984,79.8186420894267,peritumoral,5.0,50;100;200,/data1/deasy/Himangi/breast_feature_extraction/Ductal_outputs/TCGA-E2-A1LA-01/immune_proximity_wsi_summary.csv,TCGA-E2-A1LA,Alive,,,748.0,0.0,,,,matched
TCGA-E2-A1LB-01Z-00-DX1.B4AFDB08-BA09-4F6E-806E-4054B790AB8E,TCGA-E2-A1LB-01,TCGA-E2-A1LB,2,85.1389906699868,917059.535072968,0.917059535072968,62060.1875,0.06767301917324488,854999.3475729681,12490.785045673401,0.013620473445793835,53.789866543840745,86.08925898334977,96.6118729194695,48.092237224421154,margin-localized,5.0,50;100;200,/data1/deasy/Himangi/breast_feature_extraction/Ductal_outputs/TCGA-E2-A1LB-01/immune_proximity_wsi_summary.csv,TCGA-E2-A1LB,Alive,,,2306.0,0.0,,,,matched
TCGA-E2-A1LE-01Z-00-DX1.22856B2A-FBAA-4530-AEEC-E8F77BDA7F7F,TCGA-E2-A1LE-01,TCGA-E2-A1LE,11,40.26217345981621,203386.6849683739,0.20338668496837392,7.399701958831573,3.63824306393617e-05,203379.28526641507,5758.533101244246,0.028313225628018284,54.212106173264516,85.90226392304388,97.42361271766681,32.76264069027404,margin-localized,5.0,50;100;200,/data1/deasy/Himangi/breast_feature_extraction/Ductal_outputs/TCGA-E2-A1LE-01/immune_proximity_wsi_summary.csv,TCGA-E2-A1LE,Dead,879.0,,879.0,1.0,879.0,28.878850102669404,2.406570841889117,matched
TCGA-E2-A1LH-01Z-00-DX1.F85384B7-1EBF-4F57-A45B-4A668B68E535,TCGA-E2-A1LH-01,TCGA-E2-A1LH,4,76.20907418619042,4568086.420303617,4.568086420303617,471997.89946953836,0.1033250810167832,4096088.5208340785,10400.801784488809,0.002276839977952414,37.78299056296621,86.2031132858016,98.05085623200026,55.57441520160154,peritumoral,5.0,50;100;200,/data1/deasy/Himangi/breast_feature_extraction/Ductal_outputs/TCGA-E2-A1LH-01/immune_proximity_wsi_summary.csv,TCGA-E2-A1LH,Alive,,,3247.0,0.0,,,,matched
TCGA-E2-A1LK-01Z-00-DX1.5EBAA1F4-F1B4-4938-A51F-0246621BB0ED,TCGA-E2-A1LK-01,TCGA-E2-A1LK,5,172.5893264377027,3789548.456909186,3.7895484569091864,488101.6531705488,0.1288020614383836,3301446.8037386374,138967.51818259916,0.03667126037911736,50.261506422124,73.14472620930006,89.40151324380098,44.841735581933044,margin-localized,5.0,50;100;200,/data1/deasy/Himangi/breast_feature_extraction/Ductal_outputs/TCGA-E2-A1LK-01/immune_proximity_wsi_summary.csv,TCGA-E2-A1LK,Dead,266.0,,266.0,1.0,266.0,8.739219712525667,0.7282683093771389,matched
TCGA-E2-A1LL-01Z-00-DX1.D1AA1613-902C-4579-9612-48A76042B0AE,TCGA-E2-A1LL-01,TCGA-E2-A1LL,4,73.40705575222981,207315.90995692057,0.20731590995692056,44019.3125,0.21232963986771222,163296.59745692057,14969.875,0.07220803749751131,59.74057487394949,82.76673151446326,89.68420645842184,33.625,margin-localized,5.0,50;100;200,/data1/deasy/Himangi/breast_feature_extraction/Ductal_outputs/TCGA-E2-A1LL-01/immune_proximity_wsi_summary.csv,TCGA-E2-A1LL,Alive,,,1309.0,0.0,,,,matched
TCGA-E2-A1LS-01Z-00-DX1.9a43a58a-df40-4375-8456-ef0071bc9eb9,TCGA-E2-A1LS-01,TCGA-E2-A1LS,3,35.15548332462724,282494.33105320146,0.28249433105320143,80375.625,0.2845211962319451,202118.70605320143,2084.0625,0.0073773604313762805,39.09275995141453,55.86709549607601,73.25153182073257,43.99063288076224,peritumoral,5.0,50;100;200,/data1/deasy/Himangi/breast_feature_extraction/Ductal_outputs/TCGA-E2-A1LS-01/immune_proximity_wsi_summary.csv,TCGA-E2-A1LS,Alive,,,1604.0,0.0,,,,matched
TCGA-E2-A56Z-01Z-00-DX1.EC28E279-B869-4485-A19F-C732D4CCD374,TCGA-E2-A56Z-01,TCGA-E2-A56Z,10,84.49140618380531,524333.8862907008,0.5243338862907008,8026.46875,0.015307934428540771,516307.41754070076,17016.84526017504,0.03245421611133593,54.28764905998747,95.55381563314198,99.41876849280911,41.311696285676774,margin-localized,5.0,50;100;200,/data1/deasy/Himangi/breast_feature_extraction/Ductal_outputs/TCGA-E2-A56Z-01/immune_proximity_wsi_summary.csv,TCGA-E2-A56Z,Alive,,,252.0,0.0,,,,matched
TCGA-E2-A570-01Z-00-DX1.64E5F2CA-9396-40DC-A300-04A54657BDE6,TCGA-E2-A570-01,TCGA-E2-A570,15,121.39561251690218,844845.4559014312,0.8448454559014311,265760.96875,0.3145675542119582,579084.4871514313,102017.12264122105,0.12075240735285848,52.76983937696015,68.26971193674989,98.26148420520157,110.03841658711742,immune-penetrated,5.0,50;100;200,/data1/deasy/Himangi/breast_feature_extraction/Ductal_outputs/TCGA-E2-A570-01/immune_proximity_wsi_summary.csv,TCGA-E2-A570,Alive,,,931.0,0.0,,,,matched
TCGA-E2-A572-01Z-00-DX1.7DDF1C25-58E2-4AF9-B831-598222A4E85D,TCGA-E2-A572-01,TCGA-E2-A572,16,110.41411479240107,2531537.4299236005,2.5315374299236004,1417012.90625,0.5597440075348853,1114524.5236736005,51651.18173374403,0.020403088306422085,20.689646122354137,34.671613823754846,52.128683655007826,80.20686145835654,immune-penetrated,5.0,50;100;200,/data1/deasy/Himangi/breast_feature_extraction/Ductal_outputs/TCGA-E2-A572-01/immune_proximity_wsi_summary.csv,TCGA-E2-A572,Alive,,,1208.0,0.0,,,,matched
TCGA-E2-A9RU-01Z-00-DX1.A06BE284-B9DC-4B45-A202-A9D027AEEDD9,TCGA-E2-A9RU-01,TCGA-E2-A9RU,7,198.22300114787583,3198424.5436793542,3.198424543679354,137456.5679834981,0.04297633603867138,3060967.9756958564,103577.30729390612,0.03238385207448241,61.15862389440802,88.870384296367,97.74038815477219,31.231494520755806,margin-localized,5.0,50;100;200,/data1/deasy/Himangi/breast_feature_extraction/Ductal_outputs/TCGA-E2-A9RU-01/immune_proximity_wsi_summary.csv,TCGA-E2-A9RU,Alive,,,0.0,0.0,,,,matched
TCGA-E9-A1NH-01Z-00-DX1.20FF11B7-DAF0-41C2-B7C5-449BA5268EC0,TCGA-E9-A1NH-01,TCGA-E9-A1NH,7,31.419551284101594,849518.4870520083,0.8495184870520083,44827.75,0.05276842197461867,804690.7370520083,85243.38538813776,0.1003431787387566,79.3227530437537,93.41758794823753,99.49371687425837,17.288905402020106,margin-localized,5.0,50;100;200,/data1/deasy/Himangi/breast_feature_extraction/Ductal_outputs/TCGA-E9-A1NH-01/immune_proximity_wsi_summary.csv,TCGA-E9-A1NH,Alive,,,576.0,0.0,,,,matched
TCGA-E9-A1QZ-01Z-00-DX1.CDAECCA9-4F09-491F-A975-B775D47E46F0,TCGA-E9-A1QZ-01,TCGA-E9-A1QZ,3,70.64152814988702,340502.47977947135,0.34050247977947135,566.375,0.001663350588127336,339936.1047794714,1089.65625,0.003200141892375418,22.918462832343657,59.41582792260436,99.8761690965915,99.2619091095336,peritumoral,5.0,50;100;200,/data1/deasy/Himangi/breast_feature_extraction/Ductal_outputs/TCGA-E9-A1QZ-01/immune_proximity_wsi_summary.csv,TCGA-E9-A1QZ,Alive,,,755.0,0.0,,,,matched
TCGA-E9-A1R0-01Z-00-DX1.187C58EA-132E-4B3C-BAD0-7F59101D5C4D,TCGA-E9-A1R0-01,TCGA-E9-A1R0,3,80.34524604908088,1397878.0425851485,1.3978780425851485,111540.87721228544,0.07979299610859378,1286337.165372863,104637.92162788004,0.07485482884785084,71.1172406629473,93.04518212041452,99.9428553510632,34.42609838480103,margin-localized,5.0,50;100;200,/data1/deasy/Himangi/breast_feature_extraction/Ductal_outputs/TCGA-E9-A1R0-01/immune_proximity_wsi_summary.csv,TCGA-E9-A1R0,Alive,,,860.0,0.0,,,,matched
TCGA-E9-A1R2-01Z-00-DX1.5529C856-4F4F-4F17-94A2-5CEF94A940EB,TCGA-E9-A1R2-01,TCGA-E9-A1R2,7,102.47744086663906,2376122.521201264,2.376122521201264,48445.28125,0.020388376785178644,2327677.239951264,98379.60846581354,0.04140342410292761,60.996306652149656,82.5170566645938,99.76539288440912,38.89433803588898,margin-localized,5.0,50;100;200,/data1/deasy/Himangi/breast_feature_extraction/Ductal_outputs/TCGA-E9-A1R2-01/immune_proximity_wsi_summary.csv,TCGA-E9-A1R2,Alive,,,1063.0,0.0,,,,matched
TCGA-E9-A1R3-01Z-00-DX1.779642c7-b3b0-4ff2-af97-201d4bcfc197,TCGA-E9-A1R3-01,TCGA-E9-A1R3,5,5.029882077671247,136273.14304185385,0.13627314304185384,729.03125,0.00534977937491389,135544.11179185385,1166.3815933355388,0.008559145017865373,46.86300472310661,66.2058209079833,82.93462701190063,123.16008383400849,immune-excluded,5.0,50;100;200,/data1/deasy/Himangi/breast_feature_extraction/Ductal_outputs/TCGA-E9-A1R3-01/immune_proximity_wsi_summary.csv,TCGA-E9-A1R3,Alive,,,78.0,0.0,,,,matched
TCGA-E9-A1R4-01Z-00-DX1.B04D5A22-8CE5-49FD-8510-14444F46894D,TCGA-E9-A1R4-01,TCGA-E9-A1R4,6,13.629964158775566,873841.6957618211,0.8738416957618211,88019.34814281584,0.10072688058914375,785822.3476190054,41666.9437078395,0.0476824851800119,60.305903939449855,81.07003967736031,99.89985165261201,47.65533810602963,peritumoral,5.0,50;100;200,/data1/deasy/Himangi/breast_feature_extraction/Ductal_outputs/TCGA-E9-A1R4-01/immune_proximity_wsi_summary.csv,TCGA-E9-A1R4,Alive,,,186.0,0.0,,,,matched
TCGA-E9-A1R5-01Z-00-DX1.b870d5eb-6259-4b49-86e4-569a9e32ecd5,TCGA-E9-A1R5-01,TCGA-E9-A1R5,10,15.728093253935077,189009.6883290854,0.18900968832908538,7352.65625,0.03890094902012783,181657.0320790854,19533.596625901642,0.10334706542604119,66.23745432527035,85.82160106955182,99.8538739465395,24.695963739040433,margin-localized,5.0,50;100;200,/data1/deasy/Himangi/breast_feature_extraction/Ductal_outputs/TCGA-E9-A1R5-01/immune_proximity_wsi_summary.csv,TCGA-E9-A1R5,Alive,,,92.0,0.0,,,,matched
TCGA-E9-A1R6-01Z-00-DX1.59770592-498A-47EA-AE32-42AC1D8E99BE,TCGA-E9-A1R6-01,TCGA-E9-A1R6,9,56.75405288639582,1796931.0895739084,1.7969310895739083,155389.16649171643,0.08647474986286903,1641541.9230821917,207929.5203187748,0.1157136862538671,79.81315994218023,92.51950676819214,99.702440206989,18.52068100799752,margin-localized,5.0,50;100;200,/data1/deasy/Himangi/breast_feature_extraction/Ductal_outputs/TCGA-E9-A1R6-01/immune_proximity_wsi_summary.csv,TCGA-E9-A1R6,Alive,,,339.0,0.0,,,,matched
TCGA-E9-A1R7-01Z-00-DX1.af9ff432-440e-44ac-bc33-298f5db9a706,TCGA-E9-A1R7-01,TCGA-E9-A1R7,5,2.417073045531131,147795.84821828143,0.14779584821828143,0.0,0.0,147795.84821828143,51.1875,0.0003463392281791338,18.394446128155604,72.52243031022074,76.99696030669931,83.54370581468122,peritumoral,5.0,50;100;200,/data1/deasy/Himangi/breast_feature_extraction/Ductal_outputs/TCGA-E9-A1R7-01/immune_proximity_wsi_summary.csv,TCGA-E9-A1R7,Alive,,,1467.0,0.0,,,,matched
TCGA-E9-A1RA-01Z-00-DX1.E1C527C3-EDF2-442A-80FE-3E3AFBC5EF5A,TCGA-E9-A1RA-01,TCGA-E9-A1RA,8,11.894591315072649,504501.00283001916,0.5045010028300192,952.5625,0.0018881280605123902,503548.44033001916,4276.15625,0.008476011397425823,38.5064639291414,57.686596287320945,93.08910075286201,60.870379701460706,immune-excluded,5.0,50;100;200,/data1/deasy/Himangi/breast_feature_extraction/Ductal_outputs/TCGA-E9-A1RA-01/immune_proximity_wsi_summary.csv,TCGA-E9-A1RA,Alive,,,1369.0,0.0,,,,matched
TCGA-E9-A1RB-01Z-00-DX1.845074ea-43bc-4752-9dc0-fca72d2ab5de,TCGA-E9-A1RB-01,TCGA-E9-A1RB,5,80.16620156071419,1207025.641415822,1.207025641415822,63412.34375,0.05253603699389378,1143613.297665822,58473.67683073577,0.04844443632709167,53.25283221603495,80.46562694928242,99.23040967290586,46.76900397633301,margin-localized,5.0,50;100;200,/data1/deasy/Himangi/breast_feature_extraction/Ductal_outputs/TCGA-E9-A1RB-01/immune_proximity_wsi_summary.csv,TCGA-E9-A1RB,Dead,976.0,,976.0,1.0,976.0,32.06570841889117,2.6721423682409307,matched
TCGA-E9-A1RD-01Z-00-DX1.34083668-cbd2-4610-b857-d50ee9f3e5bd,TCGA-E9-A1RD-01,TCGA-E9-A1RD,6,5.606108114174253,20684.132418813126,0.020684132418813124,197.90625,0.009568022771890379,20486.22616881313,3456.375,0.1671027302482494,41.2820052454566,49.18610874901061,100.0,168.50194731812448,immune-excluded,5.0,50;100;200,/data1/deasy/Himangi/breast_feature_extraction/Ductal_outputs/TCGA-E9-A1RD-01/immune_proximity_wsi_summary.csv,TCGA-E9-A1RD,Alive,,,34.0,0.0,,,,matched
TCGA-E9-A1RE-01Z-00-DX1.fd100503-ba95-4af8-8e59-689b2cea145c,TCGA-E9-A1RE-01,TCGA-E9-A1RE,7,111.85772237566006,6409128.515331293,6.409128515331293,1498998.8454801503,0.23388497233194672,4910129.669851143,741713.3261930324,0.1157276413507356,74.32203511181113,84.10548637697647,93.33593546652587,15.642989643926764,margin-localized,5.0,50;100;200,/data1/deasy/Himangi/breast_feature_extraction/Ductal_outputs/TCGA-E9-A1RE-01/immune_proximity_wsi_summary.csv,TCGA-E9-A1RE,Alive,,,1419.0,0.0,,,,matched
TCGA-E9-A1RG-01Z-00-DX1.044C235A-75AE-4C7D-AC7F-56C8E64354AA,TCGA-E9-A1RG-01,TCGA-E9-A1RG,15,18.596621901796464,427339.05672099494,0.4273390567209949,3381.0625,0.007911896763996134,423957.99422099494,6393.125,0.014960310553065133,26.5667531632902,51.685441762241624,65.33884119832072,67.52201910996885,immune-excluded,5.0,50;100;200,/data1/deasy/Himangi/breast_feature_extraction/Ductal_outputs/TCGA-E9-A1RG-01/immune_proximity_wsi_summary.csv,TCGA-E9-A1RG,Alive,,,647.0,0.0,,,,matched
TCGA-E9-A228-01Z-00-DX1.adbeed20-3b14-44fe-a98a-3bf7cecea30a,TCGA-E9-A228-01,TCGA-E9-A228,7,132.98567491659804,4895424.987553594,4.895424987553594,2996803.0768467304,0.6121640275289628,1898621.9107068628,404336.9495372833,0.08259486164435008,43.405645784689426,60.03788650414139,85.20795597831132,15.23680637804239,immune-penetrated,5.0,50;100;200,/data1/deasy/Himangi/breast_feature_extraction/Ductal_outputs/TCGA-E9-A228-01/immune_proximity_wsi_summary.csv,TCGA-E9-A228,Alive,,,1285.0,0.0,,,,matched
TCGA-E9-A229-01Z-00-DX1.5B448B88-DA0C-44FF-87B3-20649A4A26FE,TCGA-E9-A229-01,TCGA-E9-A229,10,57.15178747972787,576727.5179565656,0.5767275179565656,50681.46875,0.08787766696059908,526046.0492065656,101145.32799134156,0.17537801620722906,79.523719962078,96.10188338743546,99.87980078885965,19.243911374769944,margin-localized,5.0,50;100;200,/data1/deasy/Himangi/breast_feature_extraction/Ductal_outputs/TCGA-E9-A229-01/immune_proximity_wsi_summary.csv,TCGA-E9-A229,Alive,,,1148.0,0.0,,,,matched
TCGA-E9-A22A-01Z-00-DX1.d986c9eb-2c54-4663-a54b-04c0756db6db,TCGA-E9-A22A-01,TCGA-E9-A22A,6,127.31166614141462,1851172.509654623,1.851172509654623,34829.570402623314,0.01881487015444149,1816342.9392519998,210674.99890694628,0.11380624863873565,71.74795707377385,86.36482049244711,99.83762817845759,26.187798327656335,margin-localized,5.0,50;100;200,/data1/deasy/Himangi/breast_feature_extraction/Ductal_outputs/TCGA-E9-A22A-01/immune_proximity_wsi_summary.csv,TCGA-E9-A22A,Alive,,,1189.0,0.0,,,,matched
TCGA-E9-A22D-01Z-00-DX1.b2867437-0add-4b7d-8002-fb09ed961942,TCGA-E9-A22D-01,TCGA-E9-A22D,5,118.72207716364863,9486652.143686084,9.486652143686085,586957.0625,0.06187188626818723,8899695.081186084,173668.24953085263,0.01830658981698184,52.99435239828437,91.45780175267565,98.10382134108184,47.69804130245059,peritumoral,5.0,50;100;200,/data1/deasy/Himangi/breast_feature_extraction/Ductal_outputs/TCGA-E9-A22D-01/immune_proximity_wsi_summary.csv,TCGA-E9-A22D,Alive,,,1248.0,0.0,,,,matched
TCGA-E9-A22E-01Z-00-DX1.3d5b1ba6-466f-4852-b1fc-bc29ef3be9a2,TCGA-E9-A22E-01,TCGA-E9-A22E,7,94.24755094362938,1917011.8951358113,1.9170118951358113,161751.19405417118,0.08437672946349238,1755260.70108164,470830.9593622355,0.2456066968373607,92.33314271643653,99.2171542548554,99.99695326616657,12.634897110780127,margin-localized,5.0,50;100;200,/data1/deasy/Himangi/breast_feature_extraction/Ductal_outputs/TCGA-E9-A22E-01/immune_proximity_wsi_summary.csv,TCGA-E9-A22E,Alive,,,1269.0,0.0,,,,matched
TCGA-E9-A22G-01Z-00-DX1.2b47e321-7910-40ec-ad1c-c4e08ed26334,TCGA-E9-A22G-01,TCGA-E9-A22G,3,141.11668995577298,26634312.16168954,26.63431216168954,11129744.626044255,0.4178724255568777,15504567.53564529,1315729.3077328163,0.04939978550019943,45.538971018509486,62.743568227643735,72.42655972230452,38.44090432078829,immune-penetrated,5.0,50;100;200,/data1/deasy/Himangi/breast_feature_extraction/Ductal_outputs/TCGA-E9-A22G-01/immune_proximity_wsi_summary.csv,TCGA-E9-A22G,Alive,,,1239.0,0.0,,,,matched
TCGA-E9-A22H-01Z-00-DX1.0ee39fd1-b077-40ea-bd0d-8a3db474fdd5,TCGA-E9-A22H-01,TCGA-E9-A22H,5,84.70990448294799,2551041.0296354885,2.5510410296354884,254858.7639539761,0.09990382788566603,2296182.2656815127,140609.35337111534,0.05511842096526634,65.84756972658305,90.60648583005452,98.77231071708144,33.625,margin-localized,5.0,50;100;200,/data1/deasy/Himangi/breast_feature_extraction/Ductal_outputs/TCGA-E9-A22H-01/immune_proximity_wsi_summary.csv,TCGA-E9-A22H,Alive,,,1232.0,0.0,,,,matched
TCGA-E9-A243-01Z-00-DX1.9A3B34E5-25EF-4243-8680-FABF2F1CCDA9,TCGA-E9-A243-01,TCGA-E9-A243,7,57.314047949871316,7782167.952024211,7.782167952024211,4301072.71521974,0.5526831008704962,3481095.236804473,3735758.451409224,0.480040841374738,71.97748939271287,87.58633532065426,94.23214320995932,40.56713489356899,immune-penetrated,5.0,50;100;200,/data1/deasy/Himangi/breast_feature_extraction/Ductal_outputs/TCGA-E9-A243-01/immune_proximity_wsi_summary.csv,TCGA-E9-A243,Alive,,,612.0,0.0,,,,matched
TCGA-E9-A244-01Z-00-DX1.4FDAA892-9DBF-4E5D-89F3-2A84C8AC8F0A,TCGA-E9-A244-01,TCGA-E9-A244,8,127.92583155374554,2988200.771788326,2.988200771788326,1121303.4884519528,0.375243691467523,1866897.283336373,13269.396928732438,0.004440597517412192,50.20454038992758,70.75930468882598,90.53804118711814,71.1184366479607,peritumoral,5.0,50;100;200,/data1/deasy/Himangi/breast_feature_extraction/Ductal_outputs/TCGA-E9-A244-01/immune_proximity_wsi_summary.csv,TCGA-E9-A244,Alive,,,21.0,0.0,,,,matched
TCGA-E9-A245-01Z-00-DX1.648850D5-EB80-4FBE-8507-32313FAD1060,TCGA-E9-A245-01,TCGA-E9-A245,6,105.85405424255444,14703719.866073443,14.703719866073442,3456984.1610424,0.23510949559225866,11246735.705031043,999446.7638352795,0.06797237521787587,76.23290771510612,90.90126090604792,97.63908657955612,26.04143333228799,immune-penetrated,5.0,50;100;200,/data1/deasy/Himangi/breast_feature_extraction/Ductal_outputs/TCGA-E9-A245-01/immune_proximity_wsi_summary.csv,TCGA-E9-A245,Dead,,,26.0,,,,,matched
TCGA-E9-A248-01Z-00-DX1.C991932F-39D4-4F2C-91C3-CE12B5BAEDB1,TCGA-E9-A248-01,TCGA-E9-A248,2,131.08585237388337,41259630.74996358,41.259630749963584,4614427.200240783,0.11183879051668091,36645203.5497228,4547224.529841514,0.11021001514526467,78.80380641944572,95.47896797781188,98.7404809241175,24.73168514274755,margin-localized,5.0,50;100;200,/data1/deasy/Himangi/breast_feature_extraction/Ductal_outputs/TCGA-E9-A248-01/immune_proximity_wsi_summary.csv,TCGA-E9-A248,Alive,,,59.0,0.0,,,,matched
TCGA-E9-A249-01Z-00-DX1.CA244384-FD89-44F6-8F94-A060A4C241CA,TCGA-E9-A249-01,TCGA-E9-A249,4,223.51839395275252,2025975.1871567273,2.0259751871567273,169173.03125,0.08350202525797912,1856802.1559067273,131426.84918616852,0.06487090760998618,67.74470124769142,88.29526880697371,99.19438489797818,33.51801055029967,margin-localized,5.0,50;100;200,/data1/deasy/Himangi/breast_feature_extraction/Ductal_outputs/TCGA-E9-A249-01/immune_proximity_wsi_summary.csv,TCGA-E9-A249,Alive,,,217.0,0.0,,,,matched
TCGA-E9-A24A-01Z-00-DX1.F0342837-5750-4172-B60D-5F902E2A02FD,TCGA-E9-A24A-01,TCGA-E9-A24A,3,68.61805893551816,8292248.7718853075,8.292248771885307,1791406.1027154492,0.21603381085106532,6500842.669169858,1320410.9902798533,0.15923436773347643,79.97408259982186,89.67791673567648,95.32681656895329,11.405108261033362,margin-localized,5.0,50;100;200,/data1/deasy/Himangi/breast_feature_extraction/Ductal_outputs/TCGA-E9-A24A-01/immune_proximity_wsi_summary.csv,TCGA-E9-A24A,Alive,,,747.0,0.0,,,,matched
TCGA-EW-A1IY-01Z-00-DX1.3FD00274-C2CD-491A-915B-23FD535A4723,TCGA-EW-A1IY-01,TCGA-EW-A1IY,3,120.03104980158288,1377113.2883862287,1.3771132883862287,165834.21875,0.12042162409479976,1211279.0696362287,6366.375,0.004622985671324428,49.69934123181115,82.9150219274797,94.31065552770806,43.01198960755013,peritumoral,5.0,50;100;200,/data1/deasy/Himangi/breast_feature_extraction/Ductal_outputs/TCGA-EW-A1IY-01/immune_proximity_wsi_summary.csv,TCGA-EW-A1IY,Alive,,,258.0,0.0,,,,matched
TCGA-EW-A1IZ-01Z-00-DX1.81D5544E-0A7D-4A92-A3B0-4F22CFB8BBB2,TCGA-EW-A1IZ-01,TCGA-EW-A1IZ,10,40.338940153165524,8096477.065392834,8.096477065392834,59434.4375,0.007340777602402347,8037042.627892834,133435.2273544086,0.016480652792157872,40.45077186907069,78.3344533896465,96.98953435163259,61.36433843243159,peritumoral,5.0,50;100;200,/data1/deasy/Himangi/breast_feature_extraction/Ductal_outputs/TCGA-EW-A1IZ-01/immune_proximity_wsi_summary.csv,TCGA-EW-A1IZ,Alive,,,554.0,0.0,,,,matched
TCGA-EW-A1J1-01Z-00-DX1.FFC2D5DB-E6D0-4143-A1E7-0A2027846C8C,TCGA-EW-A1J1-01,TCGA-EW-A1J1,6,151.34308238038662,6370315.508340293,6.370315508340292,703915.9771951956,0.11049938990833318,5666399.531145097,131160.91775963595,0.020589391151492324,58.86685542760187,86.10125388972023,95.23550415949127,34.29308421533415,margin-localized,5.0,50;100;200,/data1/deasy/Himangi/breast_feature_extraction/Ductal_outputs/TCGA-EW-A1J1-01/immune_proximity_wsi_summary.csv,TCGA-EW-A1J1,Alive,,,575.0,0.0,,,,matched
TCGA-EW-A1J6-01Z-00-DX1.F668E978-13B6-4284-9522-37C65C57A21A,TCGA-EW-A1J6-01,TCGA-EW-A1J6,1,86.30329435232883,4329341.4992066715,4.329341499206672,811464.6914905626,0.18743374521027253,3517876.8077161084,219626.60216316784,0.05072979394289252,50.167167382023415,75.64179783407526,89.62103675004802,45.117812520122705,margin-localized,5.0,50;100;200,/data1/deasy/Himangi/breast_feature_extraction/Ductal_outputs/TCGA-EW-A1J6-01/immune_proximity_wsi_summary.csv,TCGA-EW-A1J6,Alive,,,875.0,0.0,,,,matched
TCGA-EW-A1OV-01Z-00-DX1.93698123-5B34-4163-848B-2D75A5F7B001,TCGA-EW-A1OV-01,TCGA-EW-A1OV,8,153.0437475326715,22457658.094697677,22.457658094697678,3504067.3741391636,0.15602995465348565,18953590.72055851,1304586.6574594968,0.05809094839534999,60.173732847117186,83.32949696834162,89.8607878586294,26.07538650240874,margin-localized,5.0,50;100;200,/data1/deasy/Himangi/breast_feature_extraction/Ductal_outputs/TCGA-EW-A1OV-01/immune_proximity_wsi_summary.csv,TCGA-EW-A1OV,Alive,,,789.0,0.0,,,,matched
TCGA-EW-A1OY-01Z-00-DX1.42AF5C9A-A90F-4A58-B5D4-B615F8CD4333,TCGA-EW-A1OY-01,TCGA-EW-A1OY,2,108.1837988982729,381556.1402135941,0.3815561402135941,67955.9375,0.1781020676589255,313600.2027135941,4605.03125,0.012069079133209903,57.0912372328892,80.61442227296463,86.40942130534935,44.60823389521266,margin-localized,5.0,50;100;200,/data1/deasy/Himangi/breast_feature_extraction/Ductal_outputs/TCGA-EW-A1OY-01/immune_proximity_wsi_summary.csv,TCGA-EW-A1OY,Alive,,,908.0,0.0,,,,matched
TCGA-EW-A1OZ-01Z-00-DX1.9639BB06-FF02-475F-A89D-773BE12721CC,TCGA-EW-A1OZ-01,TCGA-EW-A1OZ,20,156.03059096208196,10345197.431260237,10.345197431260237,901887.25,0.08717931735886972,9443310.181260237,1682174.182046169,0.16260435755079145,88.06843046372121,95.0709088924597,98.42171805704663,13.899752695641746,margin-localized,5.0,50;100;200,/data1/deasy/Himangi/breast_feature_extraction/Ductal_outputs/TCGA-EW-A1OZ-01/immune_proximity_wsi_summary.csv,TCGA-EW-A1OZ,Alive,,,1229.0,0.0,,,,matched
TCGA-EW-A1P1-01Z-00-DX1.4B670029-4B3B-4D76-8EA4-F4F29EEF9E37,TCGA-EW-A1P1-01,TCGA-EW-A1P1,15,96.09749687390091,2434192.903849172,2.434192903849172,30895.125,0.012692143236119766,2403297.778849172,7826.3125,0.003215157059912675,27.567520181845754,75.36896781724343,99.05303675708824,66.10730505208936,peritumoral,5.0,50;100;200,/data1/deasy/Himangi/breast_feature_extraction/Ductal_outputs/TCGA-EW-A1P1-01/immune_proximity_wsi_summary.csv,TCGA-EW-A1P1,Alive,,,1210.0,0.0,,,,matched
TCGA-EW-A1P5-01Z-00-DX1.B0D59A56-116E-48B3-BC90-237EA4B3F95B,TCGA-EW-A1P5-01,TCGA-EW-A1P5,3,108.63002810626108,1704893.1792141036,1.7048931792141035,118253.25,0.06936109044351425,1586639.929214104,53401.485062454296,0.03132248149826637,42.78046466136212,78.59909444166175,98.77952995425785,48.72455265315424,margin-localized,5.0,50;100;200,/data1/deasy/Himangi/breast_feature_extraction/Ductal_outputs/TCGA-EW-A1P5-01/immune_proximity_wsi_summary.csv,TCGA-EW-A1P5,Alive,,,703.0,0.0,,,,matched
TCGA-EW-A1P6-01Z-00-DX1.A8024C26-6336-4858-88FD-5679795899BA,TCGA-EW-A1P6-01,TCGA-EW-A1P6,10,153.96400394276893,507220.14222930383,0.5072201422293038,11572.21875,0.022814982660464687,495647.92347930383,25474.089346597473,0.05022294507989227,62.727612610517866,84.8717980409283,100.0,43.94265616971737,margin-localized,5.0,50;100;200,/data1/deasy/Himangi/breast_feature_extraction/Ductal_outputs/TCGA-EW-A1P6-01/immune_proximity_wsi_summary.csv,TCGA-EW-A1P6,Alive,,,562.0,0.0,,,,matched
TCGA-EW-A1P7-01Z-00-DX1.97575C9F-C318-45A5-A4B7-1A902B93FA3F,TCGA-EW-A1P7-01,TCGA-EW-A1P7,23,79.11846455421801,5032175.196734246,5.032175196734246,1192915.332836127,0.23705759163756832,3839259.863898119,298875.35060674505,0.05939287463614295,38.71514570258082,75.20173822650031,93.11120546523259,71.1781710305203,peritumoral,5.0,50;100;200,/data1/deasy/Himangi/breast_feature_extraction/Ductal_outputs/TCGA-EW-A1P7-01/immune_proximity_wsi_summary.csv,TCGA-EW-A1P7,Alive,,,915.0,0.0,,,,matched
TCGA-EW-A1P8-01Z-00-DX1.E9852193-8CDD-49EF-B49B-DA6931198F0D,TCGA-EW-A1P8-01,TCGA-EW-A1P8,5,210.20027366152175,7593356.29126861,7.59335629126861,2113169.765625,0.2782919284394537,5480186.52564361,247586.56124028977,0.0326056820914597,37.99716965802353,66.66209157721183,79.11196920508438,46.6875,peritumoral,5.0,50;100;200,/data1/deasy/Himangi/breast_feature_extraction/Ductal_outputs/TCGA-EW-A1P8-01/immune_proximity_wsi_summary.csv,TCGA-EW-A1P8,Dead,239.0,,239.0,1.0,239.0,7.852156057494867,0.6543463381245722,matched
TCGA-EW-A1PA-01Z-00-DX1.03B033F8-62C0-49E1-BDEA-C5217AB3460A,TCGA-EW-A1PA-01,TCGA-EW-A1PA,13,112.29381333489889,8525596.537609432,8.525596537609433,375762.3971564884,0.044074616421134534,8149834.140452944,633610.4897547851,0.07431861066374704,58.90857514444235,89.43691765490782,99.62338084004469,45.52969498030928,margin-localized,5.0,50;100;200,/data1/deasy/Himangi/breast_feature_extraction/Ductal_outputs/TCGA-EW-A1PA-01/immune_proximity_wsi_summary.csv,TCGA-EW-A1PA,Alive,,,575.0,0.0,,,,matched
TCGA-EW-A1PB-01Z-00-DX1.B2E9B88F-C371-4821-9B7B-8A63BB120D95,TCGA-EW-A1PB-01,TCGA-EW-A1PB,7,120.07949531078957,69199007.69787498,69.19900769787498,4316457.931482722,0.06237745417287646,64882549.76639224,5259470.772662278,0.07600500278306434,95.66530900220023,98.05357827353927,99.4685350382932,40.18405685124336,margin-localized,5.0,50;100;200,/data1/deasy/Himangi/breast_feature_extraction/Ductal_outputs/TCGA-EW-A1PB-01/immune_proximity_wsi_summary.csv,TCGA-EW-A1PB,Alive,,,608.0,0.0,,,,matched
TCGA-EW-A1PC-01Z-00-DX1.45369705-AD49-419F-A0F0-EC51473BBAB9,TCGA-EW-A1PC-01,TCGA-EW-A1PC,18,208.5222107314817,11710477.000814823,11.710477000814823,531685.8971516076,0.04540258241526903,11178791.103663215,2597645.0135443425,0.22182230607374886,86.79148929225643,96.5761534357511,99.43193414902568,11.625,margin-localized,5.0,50;100;200,/data1/deasy/Himangi/breast_feature_extraction/Ductal_outputs/TCGA-EW-A1PC-01/immune_proximity_wsi_summary.csv,TCGA-EW-A1PC,Alive,,,187.0,0.0,,,,matched
TCGA-EW-A1PD-01Z-00-DX1.6F6A0122-A50B-4D00-9A3F-7A2502D44E38,TCGA-EW-A1PD-01,TCGA-EW-A1PD,15,63.662346414325434,506994.9971500319,0.5069949971500319,20274.46875,0.03998948483509454,486720.52840003197,38795.316663412435,0.0765201173216547,66.52879370570396,91.31926824478752,97.16543540788544,14.388580541526673,margin-localized,5.0,50;100;200,/data1/deasy/Himangi/breast_feature_extraction/Ductal_outputs/TCGA-EW-A1PD-01/immune_proximity_wsi_summary.csv,TCGA-EW-A1PD,Alive,,,424.0,0.0,,,,matched
TCGA-EW-A1PF-01Z-00-DX1.9420D058-65CE-4DF8-815F-EB407003096E,TCGA-EW-A1PF-01,TCGA-EW-A1PF,6,48.90910375436306,833065.2239911121,0.833065223991112,714.90625,0.0008581635980133379,832350.3177411122,1323.487946991191,0.0015886966696923494,43.320549032382054,88.67553028501128,99.59755155552577,61.05341539381724,peritumoral,5.0,50;100;200,/data1/deasy/Himangi/breast_feature_extraction/Ductal_outputs/TCGA-EW-A1PF-01/immune_proximity_wsi_summary.csv,TCGA-EW-A1PF,Alive,,,439.0,0.0,,,,matched
TCGA-EW-A1PH-01Z-00-DX1.77e0f907-fe59-4dc2-b582-6f10330a9c01,TCGA-EW-A1PH-01,TCGA-EW-A1PH,12,200.1766621222966,9677611.701235957,9.677611701235957,1178556.21875,0.12178172209569878,8499055.482485957,74861.4905617967,0.007735533608176893,40.937376464402796,77.94663756130376,92.95932501443853,57.77559632967885,peritumoral,5.0,50;100;200,/data1/deasy/Himangi/breast_feature_extraction/Ductal_outputs/TCGA-EW-A1PH-01/immune_proximity_wsi_summary.csv,TCGA-EW-A1PH,Alive,,,607.0,0.0,,,,matched
TCGA-EW-A2FR-01Z-00-DX1.FF521BBF-F5BA-4B03-9CA1-101A337F4B45,TCGA-EW-A2FR-01,TCGA-EW-A2FR,5,49.988329876777826,1137874.6099594615,1.1378746099594614,2673.09375,0.0023491988718293247,1135201.5162094615,3787.9375,0.003328958627642593,40.65419116008175,82.49035049098984,99.58039229209913,58.15456237476128,peritumoral,5.0,50;100;200,/data1/deasy/Himangi/breast_feature_extraction/Ductal_outputs/TCGA-EW-A2FR-01/immune_proximity_wsi_summary.csv,TCGA-EW-A2FR,Alive,,,1673.0,0.0,,,,matched
TCGA-EW-A2FS-01Z-00-DX1.A01C9183-2AC8-456A-B5A6-85C5BB0361D8,TCGA-EW-A2FS-01,TCGA-EW-A2FS,13,130.98469035328583,862243.8376549275,0.8622438376549275,178278.1875,0.20676075573340014,683965.6501549275,35550.155704956764,0.04122981708010077,50.06351341141912,79.71870933912211,99.06148575419121,41.08394607386199,margin-localized,5.0,50;100;200,/data1/deasy/Himangi/breast_feature_extraction/Ductal_outputs/TCGA-EW-A2FS-01/immune_proximity_wsi_summary.csv,TCGA-EW-A2FS,Alive,,,1604.0,0.0,,,,matched
TCGA-EW-A3U0-01Z-00-DX1.526F60F9-D1EB-4613-B428-18A1FC0BAAE2,TCGA-EW-A3U0-01,TCGA-EW-A3U0,16,70.40627825623987,3021432.4042400937,3.0214324042400937,67074.78604156397,0.022199664618488674,2954357.61819853,353435.59911255306,0.11697617283000047,80.09136034348771,94.75895586605307,99.80350545943325,18.23940188849404,margin-localized,5.0,50;100;200,/data1/deasy/Himangi/breast_feature_extraction/Ductal_outputs/TCGA-EW-A3U0-01/immune_proximity_wsi_summary.csv,TCGA-EW-A3U0,Alive,,,532.0,0.0,,,,matched
TCGA-EW-A6S9-01Z-00-DX1.4A8CD2D4-D528-465C-82DC-9CAE35DD424B,TCGA-EW-A6S9-01,TCGA-EW-A6S9,10,155.97544423234208,1009604.5288843012,1.0096045288843012,66590.84375,0.06595735443420458,943013.6851343012,112588.81381862564,0.11151773847829888,68.59861778248401,91.78484297619546,99.45256294471359,25.021553209183477,margin-localized,5.0,50;100;200,/data1/deasy/Himangi/breast_feature_extraction/Ductal_outputs/TCGA-EW-A6S9-01/immune_proximity_wsi_summary.csv,TCGA-EW-A6S9,Alive,,,463.0,0.0,,,,matched
TCGA-EW-A6SA-01Z-00-DX1.DE032DD7-169D-4AA2-A4E0-1EFC158431FA,TCGA-EW-A6SA-01,TCGA-EW-A6SA,8,114.85854995600904,1216643.9330567026,1.2166439330567027,71162.34964360742,0.05849069535473601,1145481.583413095,37861.53125,0.031119648256393708,49.405993984334614,84.9468601602165,92.11107048961097,50.21982925100403,peritumoral,5.0,50;100;200,/data1/deasy/Himangi/breast_feature_extraction/Ductal_outputs/TCGA-EW-A6SA-01/immune_proximity_wsi_summary.csv,TCGA-EW-A6SA,Alive,,,510.0,0.0,,,,matched
TCGA-EW-A6SD-01Z-00-DX1.32D8240E-2076-492B-BB95-300A9FCA96E7,TCGA-EW-A6SD-01,TCGA-EW-A6SD,16,165.33623525388455,24176672.7908299,24.1766727908299,1849445.9399253523,0.07649712414633161,22327226.85090455,2711633.623794868,0.11215909017982731,64.42550750132982,91.75182174954993,99.20051694208874,35.91178427758777,margin-localized,5.0,50;100;200,/data1/deasy/Himangi/breast_feature_extraction/Ductal_outputs/TCGA-EW-A6SD-01/immune_proximity_wsi_summary.csv,TCGA-EW-A6SD,Alive,,,1010.0,0.0,,,,matched
TCGA-GI-A2C8-01Z-00-DX1.09BD8AC9-645A-4C8B-9B36-77D833BDBA09,TCGA-GI-A2C8-01,TCGA-GI-A2C8,3,35.29700623414545,198444.30936311098,0.19844430936311097,5098.990019361498,0.025694816020304354,193345.3193437495,14171.612256319704,0.0714135482231877,61.84990526282558,75.64355150389096,84.04372864022974,32.61883322943971,margin-localized,5.0,50;100;200,/data1/deasy/Himangi/breast_feature_extraction/Ductal_outputs/TCGA-GI-A2C8-01/immune_proximity_wsi_summary.csv,TCGA-GI-A2C8,Alive,,,225.0,0.0,,,,matched
TCGA-GM-A2D9-01Z-00-DX1.AF4BF2DD-05FB-400B-A1BC-6E7C9B9DDF05,TCGA-GM-A2D9-01,TCGA-GM-A2D9,2,96.98799006617605,1282356.6950253104,1.2823566950253105,239383.8125,0.18667490365874775,1042972.8825253104,172280.4870209018,0.13434677550266266,86.42709551075482,93.6544286022682,98.6980148491625,12.75,margin-localized,5.0,50;100;200,/data1/deasy/Himangi/breast_feature_extraction/Ductal_outputs/TCGA-GM-A2D9-01/immune_proximity_wsi_summary.csv,TCGA-GM-A2D9,Dead,1812.0,,1812.0,1.0,1812.0,59.53182751540041,4.960985626283367,matched
TCGA-GM-A2DA-01Z-00-DX1.6E409F88-F654-48C8-A753-BB054037BE16,TCGA-GM-A2DA-01,TCGA-GM-A2DA,3,43.90908745444773,542382.7884476648,0.5423827884476649,6865.03125,0.012657170168780927,535517.7571976648,18940.40625,0.03492073615427342,62.73749208988273,94.0794886765572,99.39735233418367,31.320233575917023,margin-localized,5.0,50;100;200,/data1/deasy/Himangi/breast_feature_extraction/Ductal_outputs/TCGA-GM-A2DA-01/immune_proximity_wsi_summary.csv,TCGA-GM-A2DA,Dead,6593.0,,6593.0,1.0,6593.0,216.60780287474333,18.050650239561943,matched
TCGA-GM-A2DB-01Z-00-DX1.9EE36AA6-2594-44C7-B05C-91A0AEC7E511,TCGA-GM-A2DB-01,TCGA-GM-A2DB,5,95.99118264453102,4030310.877912881,4.030310877912881,34550.6875,0.008572710281320102,3995760.190412881,12274.40625,0.0030455234402057764,24.09640985411783,71.05762781211553,99.37062509919242,71.84632580201996,peritumoral,5.0,50;100;200,/data1/deasy/Himangi/breast_feature_extraction/Ductal_outputs/TCGA-GM-A2DB-01/immune_proximity_wsi_summary.csv,TCGA-GM-A2DB,Alive,,,2406.0,0.0,,,,matched
TCGA-GM-A2DC-01Z-00-DX1.39F956BB-52D0-4385-9923-4D7D36D78862,TCGA-GM-A2DC-01,TCGA-GM-A2DC,5,37.00960201386958,518985.34342004126,0.5189853434200412,21505.5,0.04143758638400411,497479.8434200414,40900.77366877023,0.0788091112539707,42.5955317181049,71.47804674684023,87.24793101972203,49.13962886510235,margin-localized,5.0,50;100;200,/data1/deasy/Himangi/breast_feature_extraction/Ductal_outputs/TCGA-GM-A2DC-01/immune_proximity_wsi_summary.csv,TCGA-GM-A2DC,Alive,,,2535.0,0.0,,,,matched
TCGA-GM-A2DD-01Z-00-DX1.01332FF3-7488-41B7-A515-7841715DE92B,TCGA-GM-A2DD-01,TCGA-GM-A2DD,8,37.757858754383896,460107.53799175576,0.46010753799175574,13877.499707887358,0.030161426540540652,446230.0382838684,53804.40625,0.11693876280497728,55.8205418026834,88.57911536480297,99.78315616883462,43.75535681490896,margin-localized,5.0,50;100;200,/data1/deasy/Himangi/breast_feature_extraction/Ductal_outputs/TCGA-GM-A2DD-01/immune_proximity_wsi_summary.csv,TCGA-GM-A2DD,Alive,,,2282.0,0.0,,,,matched
TCGA-GM-A2DF-01Z-00-DX1.CD0BE6D7-2DB3-4193-84CC-F9BE7BF18CC2,TCGA-GM-A2DF-01,TCGA-GM-A2DF,9,15.712734124241539,4873439.421589624,4.873439421589624,649950.4529983469,0.13336586274552384,4223488.968591277,7255.790318056552,0.001488843851410766,44.438771590477835,89.01204720552646,97.98577372337805,60.8507395189245,peritumoral,5.0,50;100;200,/data1/deasy/Himangi/breast_feature_extraction/Ductal_outputs/TCGA-GM-A2DF-01/immune_proximity_wsi_summary.csv,TCGA-GM-A2DF,Alive,,,2155.0,0.0,,,,matched
TCGA-GM-A2DH-01Z-00-DX1.5790F15F-2A0F-4929-8FE4-18A557007989,TCGA-GM-A2DH-01,TCGA-GM-A2DH,10,84.15937990235433,7901871.54850491,7.901871548504911,598467.1653280134,0.07573739482531168,7303404.383176898,443104.97859994764,0.05607595313084863,53.72828653150822,91.31337581158976,99.43374815195008,48.44487847027795,margin-localized,5.0,50;100;200,/data1/deasy/Himangi/breast_feature_extraction/Ductal_outputs/TCGA-GM-A2DH-01/immune_proximity_wsi_summary.csv,TCGA-GM-A2DH,Alive,,,2193.0,0.0,,,,matched
TCGA-GM-A2DI-01Z-00-DX1.5E9715EA-9D2B-49D0-8F1D-972CF24B1960,TCGA-GM-A2DI-01,TCGA-GM-A2DI,4,33.29267629931835,288909.056389158,0.28890905638915804,209.65625,0.0007256825127613682,288699.400139158,2247.1875,0.007778182962091219,24.99347599055861,51.09581042206699,100.0,99.27764492195612,peritumoral,5.0,50;100;200,/data1/deasy/Himangi/breast_feature_extraction/Ductal_outputs/TCGA-GM-A2DI-01/immune_proximity_wsi_summary.csv,TCGA-GM-A2DI,Alive,,,2590.0,0.0,,,,matched
TCGA-GM-A2DK-01Z-00-DX1.4F81A585-9549-454C-8E15-2E4545795460,TCGA-GM-A2DK-01,TCGA-GM-A2DK,9,132.90648450585888,5568639.216431699,5.5686392164316985,2412391.283613378,0.43321019549892886,3156247.9328183206,392742.29875444225,0.07052751731438361,70.88900279708653,83.3530994560371,93.63801315696915,12.214873106176748,immune-penetrated,5.0,50;100;200,/data1/deasy/Himangi/breast_feature_extraction/Ductal_outputs/TCGA-GM-A2DK-01/immune_proximity_wsi_summary.csv,TCGA-GM-A2DK,Alive,,,2645.0,0.0,,,,matched
TCGA-GM-A2DL-01Z-00-DX1.1CE6992E-B1CE-45AB-B2EB-75338B6FEE9D,TCGA-GM-A2DL-01,TCGA-GM-A2DL,10,60.138567078561636,781236.2660844068,0.7812362660844068,123395.60798616934,0.15794915487555894,657840.6580982374,40767.29084945102,0.052183049634624126,50.72048226385365,74.72590326184107,98.59971538381987,40.534321876651646,margin-localized,5.0,50;100;200,/data1/deasy/Himangi/breast_feature_extraction/Ductal_outputs/TCGA-GM-A2DL-01/immune_proximity_wsi_summary.csv,TCGA-GM-A2DL,Alive,,,3519.0,0.0,,,,matched
TCGA-GM-A2DM-01Z-00-DX1.652038F4-C370-40EB-A545-51062783C74C,TCGA-GM-A2DM-01,TCGA-GM-A2DM,6,111.44458156978547,2066092.0471763404,2.0660920471763404,478094.9375,0.23140059909402222,1587997.1096763401,189429.31703144702,0.09168483915822327,49.04093831366517,65.42036217601677,91.65364392672079,13.0862523283024,margin-localized,5.0,50;100;200,/data1/deasy/Himangi/breast_feature_extraction/Ductal_outputs/TCGA-GM-A2DM-01/immune_proximity_wsi_summary.csv,TCGA-GM-A2DM,Alive,,,3226.0,0.0,,,,matched
TCGA-GM-A2DN-01Z-00-DX1.593003B0-BA87-486B-B472-D6B85867D54D,TCGA-GM-A2DN-01,TCGA-GM-A2DN,6,85.77505805490982,11775050.945921704,11.775050945921704,307038.20668553095,0.026075318747718353,11468012.739236172,283731.27028375276,0.024095969655402914,45.82450888177041,75.90554509055096,93.29188915087657,56.44272539486377,peritumoral,5.0,50;100;200,/data1/deasy/Himangi/breast_feature_extraction/Ductal_outputs/TCGA-GM-A2DN-01/immune_proximity_wsi_summary.csv,TCGA-GM-A2DN,Alive,,,3091.0,0.0,,,,matched
TCGA-LD-A7W5-01Z-00-DX1.C9920081-C2FE-461E-AEF8-625D4A95BE2F,TCGA-LD-A7W5-01,TCGA-LD-A7W5,5,107.66116426853124,18453823.90171965,18.453823901719648,889443.9231494965,0.04819835324572553,17564379.978570152,467844.9575339156,0.02535219583895123,59.91514869800542,89.81657596315817,98.62320076169628,36.17427435346838,margin-localized,5.0,50;100;200,/data1/deasy/Himangi/breast_feature_extraction/Ductal_outputs/TCGA-LD-A7W5-01/immune_proximity_wsi_summary.csv,TCGA-LD-A7W5,Alive,,,216.0,0.0,,,,matched
TCGA-LD-A9QF-01Z-00-DX1.092108DF-1A60-459E-ACE6-5A71826A98D1,TCGA-LD-A9QF-01,TCGA-LD-A9QF,7,25.936943944463952,741513.0966060595,0.7415130966060595,8598.84375,0.011596347777749733,732914.2528560593,44186.75352597263,0.059589983950678,72.13437302325303,96.03056561370194,99.62524007372116,31.136042217982684,margin-localized,5.0,50;100;200,/data1/deasy/Himangi/breast_feature_extraction/Ductal_outputs/TCGA-LD-A9QF-01/immune_proximity_wsi_summary.csv,TCGA-LD-A9QF,Alive,,,323.0,0.0,,,,matched
TCGA-LL-A441-01Z-00-DX1.33B13078-BB14-4C42-88A6-7460AD2BCD00,TCGA-LL-A441-01,TCGA-LL-A441,8,66.66682207977591,5824779.4812296955,5.824779481229696,609508.3401162092,0.1046405863226831,5215271.141113485,51017.42436312931,0.008758687694106282,42.361645219803115,76.33723668172237,99.20407877124151,76.84746881296813,peritumoral,5.0,50;100;200,/data1/deasy/Himangi/breast_feature_extraction/Ductal_outputs/TCGA-LL-A441-01/immune_proximity_wsi_summary.csv,TCGA-LL-A441,Alive,,,996.0,0.0,,,,matched
TCGA-LL-A442-01Z-00-DX1.9275EDBD-1C89-4AF3-B02B-19F613A4E083,TCGA-LL-A442-01,TCGA-LL-A442,5,244.19708107929168,7967243.042297082,7.967243042297082,4971605.3125,0.6240057302264257,2995637.729797084,643893.6018640508,0.0808176176433556,39.67675798392051,50.959990862246265,66.21353879943108,13.082669834555942,immune-penetrated,5.0,50;100;200,/data1/deasy/Himangi/breast_feature_extraction/Ductal_outputs/TCGA-LL-A442-01/immune_proximity_wsi_summary.csv,TCGA-LL-A442,Alive,,,889.0,0.0,,,,matched
TCGA-LL-A5YN-01Z-00-DX1.F221939B-3680-4B95-93A9-BE8599550E87,TCGA-LL-A5YN-01,TCGA-LL-A5YN,8,80.46775271911858,5081724.502214673,5.081724502214673,253308.25,0.04984690726339167,4828416.252214673,38324.44383207204,0.007541621710379973,37.12871601102018,60.89834890460356,79.32821687719877,71.39612209357033,peritumoral,5.0,50;100;200,/data1/deasy/Himangi/breast_feature_extraction/Ductal_outputs/TCGA-LL-A5YN-01/immune_proximity_wsi_summary.csv,TCGA-LL-A5YN,Alive,,,447.0,0.0,,,,matched
TCGA-LL-A5YO-01Z-00-DX1.B5B6DFDB-1020-41FF-AA50-9C633E17DE5F,TCGA-LL-A5YO-01,TCGA-LL-A5YO,11,59.767801173402546,23101568.409007184,23.101568409007186,7098353.686245971,0.3072671760017107,16003214.72276121,2870322.006980508,0.12424792793987893,72.17220586301177,89.02490446298441,99.34374503068308,31.32091952673165,immune-penetrated,5.0,50;100;200,/data1/deasy/Himangi/breast_feature_extraction/Ductal_outputs/TCGA-LL-A5YO-01/immune_proximity_wsi_summary.csv,TCGA-LL-A5YO,Alive,,,440.0,0.0,,,,matched
TCGA-LL-A5YP-01Z-00-DX1.ADA978DF-6625-4C4D-AE0C-F589B2BA4897,TCGA-LL-A5YP-01,TCGA-LL-A5YP,6,90.86098522016566,4031944.410891018,4.031944410891018,161752.8125,0.040117818108572165,3870191.598391017,28688.60467240272,0.007115327432320138,54.90248145667379,87.03034203638602,97.4557865229419,41.08413623285757,margin-localized,5.0,50;100;200,/data1/deasy/Himangi/breast_feature_extraction/Ductal_outputs/TCGA-LL-A5YP-01/immune_proximity_wsi_summary.csv,TCGA-LL-A5YP,Alive,,,450.0,0.0,,,,matched
TCGA-LL-A6FQ-01Z-00-DX1.D4FEEC16-FC67-4C4A-A4B1-F8BA34ECBCBD,TCGA-LL-A6FQ-01,TCGA-LL-A6FQ,2,161.11533229112683,396340.9014018427,0.3963409014018427,52513.55080838218,0.1324959160728649,343827.3505934605,39205.71059231277,0.09891916391582009,62.40714746262572,94.1286024435802,97.42257076827839,29.623153950921566,margin-localized,5.0,50;100;200,/data1/deasy/Himangi/breast_feature_extraction/Ductal_outputs/TCGA-LL-A6FQ-01/immune_proximity_wsi_summary.csv,TCGA-LL-A6FQ,Alive,,,80.0,0.0,,,,matched
TCGA-LL-A6FR-01Z-00-DX1.107010FD-8EDD-406D-B4DE-DEC9E85576FF,TCGA-LL-A6FR-01,TCGA-LL-A6FR,9,102.31544783690747,582106.2073829466,0.5821062073829466,42138.84375,0.07239030131537212,539967.3636329467,17762.298790228408,0.030513845351494824,44.6262764436015,73.2211783056972,95.9524625704933,62.70030402637614,peritumoral,5.0,50;100;200,/data1/deasy/Himangi/breast_feature_extraction/Ductal_outputs/TCGA-LL-A6FR-01/immune_proximity_wsi_summary.csv,TCGA-LL-A6FR,Alive,,,489.0,0.0,,,,matched
TCGA-LL-A73Y-01Z-00-DX1.50C20931-3AA9-40B4-8A73-56B1976423A8,TCGA-LL-A73Y-01,TCGA-LL-A73Y,6,11.137525350151417,5178593.818383197,5.178593818383197,8363.25,0.0016149654314095406,5170230.568383197,1087560.3601633732,0.210010747763747,73.28560281067503,97.41220494348485,99.99165339140498,34.83106551628876,margin-localized,5.0,50;100;200,/data1/deasy/Himangi/breast_feature_extraction/Ductal_outputs/TCGA-LL-A73Y-01/immune_proximity_wsi_summary.csv,TCGA-LL-A73Y,Alive,,,477.0,0.0,,,,matched
TCGA-LL-A73Z-01Z-00-DX1.C010142E-29C0-411D-9E0E-4B7D8A4C09BF,TCGA-LL-A73Z-01,TCGA-LL-A73Z,9,33.98309533760239,2157129.8854154586,2.1571298854154586,255164.01773835917,0.11828866655807103,1901965.8676770988,162504.6993969122,0.0753337573669627,74.18314786865898,84.87874968184799,88.25647169551779,22.83817048824183,margin-localized,5.0,50;100;200,/data1/deasy/Himangi/breast_feature_extraction/Ductal_outputs/TCGA-LL-A73Z-01/immune_proximity_wsi_summary.csv,TCGA-LL-A73Z,Dead,227.0,,227.0,1.0,227.0,7.457905544147844,0.621492128678987,matched
TCGA-LL-A740-01Z-00-DX1.757D94A5-EF0F-4A0E-99A9-8809B66438DA,TCGA-LL-A740-01,TCGA-LL-A740,13,56.682729246778905,574315.2160235335,0.5743152160235335,16341.28125,0.028453505660435766,557973.9347735334,42882.6388710287,0.07466742596154986,53.34366728597144,70.93170154366875,99.08053356282375,59.55817140619749,immune-excluded,5.0,50;100;200,/data1/deasy/Himangi/breast_feature_extraction/Ductal_outputs/TCGA-LL-A740-01/immune_proximity_wsi_summary.csv,TCGA-LL-A740,Alive,,,441.0,0.0,,,,matched
TCGA-LL-A7SZ-01Z-00-DX1.4DAF6421-6A1D-41C8-BFD6-859FE10CB8CC,TCGA-LL-A7SZ-01,TCGA-LL-A7SZ,5,203.03501169928794,28695372.33381652,28.695372333816522,3478650.510064526,0.12122688179811679,25216721.823751997,873472.5994167773,0.030439493492385165,61.90976974229739,89.82836175517984,96.35527708292825,38.47224039811043,margin-localized,5.0,50;100;200,/data1/deasy/Himangi/breast_feature_extraction/Ductal_outputs/TCGA-LL-A7SZ-01/immune_proximity_wsi_summary.csv,TCGA-LL-A7SZ,Alive,,,594.0,0.0,,,,matched
TCGA-LL-A7T0-01Z-00-DX1.B03BBA63-ACF4-4BCA-9F2B-F631F0C6A25C,TCGA-LL-A7T0-01,TCGA-LL-A7T0,8,315.96039550075346,8851897.066273946,8.851897066273946,1106636.196085753,0.12501683964469917,7745260.870188192,136851.8376037238,0.015460170467315345,47.94190570038993,78.06343670993884,93.7248677139296,45.76041548106835,peritumoral,5.0,50;100;200,/data1/deasy/Himangi/breast_feature_extraction/Ductal_outputs/TCGA-LL-A7T0-01/immune_proximity_wsi_summary.csv,TCGA-LL-A7T0,Alive,,,376.0,0.0,,,,matched
TCGA-OL-A5D6-01Z-00-DX1.6B11331B-4A0D-4E13-B054-A5C7A6FC3AAC,TCGA-OL-A5D6-01,TCGA-OL-A5D6,7,126.65108036150573,752886.6459902719,0.7528866459902719,46769.21875,0.06211986757778714,706117.4272402719,13676.71875,0.018165707710237056,43.35771596190488,69.24875603933747,98.69561622558956,53.125,peritumoral,5.0,50;100;200,/data1/deasy/Himangi/breast_feature_extraction/Ductal_outputs/TCGA-OL-A5D6-01/immune_proximity_wsi_summary.csv,TCGA-OL-A5D6,Dead,1104.0,,1104.0,1.0,1104.0,36.271047227926076,3.02258726899384,matched
TCGA-OL-A5D7-01Z-00-DX1.A4A45393-9AE1-4370-8B92-CB85CDB04934,TCGA-OL-A5D7-01,TCGA-OL-A5D7,2,136.5488479652221,19350740.350087967,19.350740350087968,7633780.291518211,0.39449551559320617,11716960.058569755,328838.85869766737,0.01699360607131357,38.38513425666609,64.34488873179065,77.80513952210318,56.48468404133992,immune-penetrated,5.0,50;100;200,/data1/deasy/Himangi/breast_feature_extraction/Ductal_outputs/TCGA-OL-A5D7-01/immune_proximity_wsi_summary.csv,TCGA-OL-A5D7,Alive,,,1780.0,0.0,,,,matched
TCGA-OL-A5D8-01Z-00-DX1.C0A75731-1DDC-4FAF-A2C5-2E2ECB23DC13,TCGA-OL-A5D8-01,TCGA-OL-A5D8,6,236.41999535827873,4904742.2280001985,4.904742228000199,441811.1384361095,0.0900783604720137,4462931.089564089,545619.3283257094,0.11124322195993852,75.61237047763889,91.4438237586813,98.0992285639081,19.88914590926418,margin-localized,5.0,50;100;200,/data1/deasy/Himangi/breast_feature_extraction/Ductal_outputs/TCGA-OL-A5D8-01/immune_proximity_wsi_summary.csv,TCGA-OL-A5D8,Alive,,,973.0,0.0,,,,matched
TCGA-OL-A5RU-01Z-00-DX1.A48CAF2D-9310-4611-B27D-400F3A324607,TCGA-OL-A5RU-01,TCGA-OL-A5RU,2,5.137336048453785,266927.4714406355,0.2669274714406355,3372.40625,0.012634166995996218,263555.0651906355,6765.7511609577205,0.025346777251671598,78.58264117628772,94.49415969279393,98.53027887793175,37.3768812235585,margin-localized,5.0,50;100;200,/data1/deasy/Himangi/breast_feature_extraction/Ductal_outputs/TCGA-OL-A5RU-01/immune_proximity_wsi_summary.csv,TCGA-OL-A5RU,Alive,,,1219.0,0.0,,,,matched
TCGA-OL-A5RV-01Z-00-DX1.920AC243-1DAC-4854-BEB6-1CBCC950F26B,TCGA-OL-A5RV-01,TCGA-OL-A5RV,2,2.617033101434988,28877.291754367066,0.028877291754367068,14.25,0.0004934673279340676,28863.041754367066,356.12800029717073,0.012332458435729662,60.18557475211486,96.71443825802494,100.0,39.802490892530834,margin-localized,5.0,50;100;200,/data1/deasy/Himangi/breast_feature_extraction/Ductal_outputs/TCGA-OL-A5RV-01/immune_proximity_wsi_summary.csv,TCGA-OL-A5RV,Alive,,,1062.0,0.0,,,,matched
TCGA-OL-A5RY-01Z-00-DX1.AE4E9D74-FC1C-4C1E-AE6D-5DF38899BBA6,TCGA-OL-A5RY-01,TCGA-OL-A5RY,2,3.260378016559687,378340.4501827887,0.3783404501827887,883.8125,0.0023360243388540693,377456.63768278866,3591.875,0.0094937641435502,69.5458958570732,96.55060046467405,99.56159026610018,30.480846957556807,margin-localized,5.0,50;100;200,/data1/deasy/Himangi/breast_feature_extraction/Ductal_outputs/TCGA-OL-A5RY-01/immune_proximity_wsi_summary.csv,TCGA-OL-A5RY,Alive,,,752.0,0.0,,,,matched
TCGA-OL-A5S0-01Z-00-DX1.49A7AC9D-C186-406C-BA67-2D73DE82E13B,TCGA-OL-A5S0-01,TCGA-OL-A5S0,2,5.253033176259148,44486.61859356804,0.04448661859356804,20.71875,0.0004657299353157751,44465.89984356804,601.96875,0.013531456627432542,84.03730519537427,97.63644598349083,100.0,37.71273960941585,margin-localized,5.0,50;100;200,/data1/deasy/Himangi/breast_feature_extraction/Ductal_outputs/TCGA-OL-A5S0-01/immune_proximity_wsi_summary.csv,TCGA-OL-A5S0,Alive,,,620.0,0.0,,,,matched
TCGA-OL-A66I-01Z-00-DX1.8CE9DCAB-98D3-4163-94AC-1557D86C1E25,TCGA-OL-A66I-01,TCGA-OL-A66I,5,55.0476585741261,12602256.136103287,12.602256136103287,2633089.094590062,0.2089379128747206,9969167.041513227,846834.6302701632,0.06719706544006261,62.42272076910683,87.87938388014169,94.38379496781634,36.99371779437693,margin-localized,5.0,50;100;200,/data1/deasy/Himangi/breast_feature_extraction/Ductal_outputs/TCGA-OL-A66I-01/immune_proximity_wsi_summary.csv,TCGA-OL-A66I,Alive,,,714.0,0.0,,,,matched
TCGA-OL-A66O-01Z-00-DX1.5F1E4C60-5CE8-41B4-A94D-4AA80D9253F9,TCGA-OL-A66O-01,TCGA-OL-A66O,4,71.45930768114133,65351.49013126908,0.06535149013126908,1716.125,0.026259921488444783,63635.36513126908,3130.59375,0.04790393828375901,53.91539742127648,85.3126387974117,99.31844515082162,41.48587862152615,margin-localized,5.0,50;100;200,/data1/deasy/Himangi/breast_feature_extraction/Ductal_outputs/TCGA-OL-A66O-01/immune_proximity_wsi_summary.csv,TCGA-OL-A66O,Alive,,,528.0,0.0,,,,matched
TCGA-OL-A66P-01Z-00-DX1.5ADD0D6D-37C6-4BC9-8C2B-64DB18BE99B3,TCGA-OL-A66P-01,TCGA-OL-A66P,8,83.02901234890072,20197393.641229272,20.197393641229272,3365005.9368802626,0.16660594909687854,16832387.70434902,1037720.1244080421,0.05137891268751266,65.32556238135646,87.60935679338455,96.95444129713385,41.75,margin-localized,5.0,50;100;200,/data1/deasy/Himangi/breast_feature_extraction/Ductal_outputs/TCGA-OL-A66P-01/immune_proximity_wsi_summary.csv,TCGA-OL-A66P,Alive,,,428.0,0.0,,,,matched
TCGA-OL-A6VO-01Z-00-DX1.291D54D6-EBAF-4622-BD42-97AA5997F014,TCGA-OL-A6VO-01,TCGA-OL-A6VO,7,59.65922333768281,1828684.2420740859,1.8286842420740859,172708.09375,0.0944439120633069,1655976.1483240856,61007.28890192823,0.033361302896520846,71.09019300476885,86.76196609355186,98.72960394578757,35.6659851959819,margin-localized,5.0,50;100;200,/data1/deasy/Himangi/breast_feature_extraction/Ductal_outputs/TCGA-OL-A6VO-01/immune_proximity_wsi_summary.csv,TCGA-OL-A6VO,Alive,,,858.0,0.0,,,,matched
TCGA-PL-A8LX-01A-01-DX1.9646D69F-A764-4246-9243-67A63006DE96,TCGA-PL-A8LX-01,TCGA-PL-A8LX,4,14.392793843486839,388716.8344776913,0.38871683447769134,11008.3125,0.02831961861078536,377708.5219776913,75027.2968621107,0.1930127285660857,91.27548546104245,97.59397881813715,100.0,16.850097366187534,margin-localized,5.0,50;100;200,/data1/deasy/Himangi/breast_feature_extraction/Ductal_outputs/TCGA-PL-A8LX-01/TCGA-PL-A8LX-01A-01-DX1.9646D69F-A764-4246-9243-67A63006DE96__immune_proximity_wsi_summary.csv,TCGA-PL-A8LX,Alive,,,5.0,0.0,,,,matched
TCGA-PL-A8LX-01A-02-DX2.84DA8B75-1196-4704-B6B2-C5E7BF645E95,TCGA-PL-A8LX-01,TCGA-PL-A8LX,7,18.993666645501392,246539.09568854672,0.2465390956885467,22951.3125,0.09309400781202846,223587.78318854672,80370.15165347334,0.3259935363558123,95.17696819784324,97.9640906502144,99.44546066976447,9.875,margin-localized,5.0,50;100;200,/data1/deasy/Himangi/breast_feature_extraction/Ductal_outputs/TCGA-PL-A8LX-01/TCGA-PL-A8LX-01A-02-DX2.84DA8B75-1196-4704-B6B2-C5E7BF645E95__immune_proximity_wsi_summary.csv,TCGA-PL-A8LX,Alive,,,5.0,0.0,,,,matched
TCGA-PL-A8LY-01A-01-DX1.32047D5E-8A42-480A-B2B8-A56B47B949FD,TCGA-PL-A8LY-01,TCGA-PL-A8LY,1,0.25351745717805174,612.0211639156623,0.0006120211639156623,26.59375,0.04345233721960744,585.4274139156623,297.0,0.48527733599900014,78.92905155589798,100.0,100.0,9.838738803830498,immune-desert,5.0,50;100;200,/data1/deasy/Himangi/breast_feature_extraction/Ductal_outputs/TCGA-PL-A8LY-01/TCGA-PL-A8LY-01A-01-DX1.32047D5E-8A42-480A-B2B8-A56B47B949FD__immune_proximity_wsi_summary.csv,TCGA-PL-A8LY,Alive,,,8.0,0.0,,,,matched
TCGA-PL-A8LY-01A-02-DX2.6F9520F1-3210-4A96-81C2-A14424F650D1,TCGA-PL-A8LY-01,TCGA-PL-A8LY,3,7.232904035860691,150476.90712305202,0.15047690712305203,6054.78125,0.04023727870116789,144422.12587305205,23016.340751861222,0.15295596641310338,59.1916418337947,97.62285572854516,100.0,13.848510750257589,margin-localized,5.0,50;100;200,/data1/deasy/Himangi/breast_feature_extraction/Ductal_outputs/TCGA-PL-A8LY-01/TCGA-PL-A8LY-01A-02-DX2.6F9520F1-3210-4A96-81C2-A14424F650D1__immune_proximity_wsi_summary.csv,TCGA-PL-A8LY,Alive,,,8.0,0.0,,,,matched
TCGA-PL-A8LZ-01A-03-DX3.E5D16DBF-CABD-4C96-A794-5F27BC305055,TCGA-PL-A8LZ-01,TCGA-PL-A8LZ,5,33.72390347680714,2557481.426016323,2.557481426016323,166278.46990239996,0.06501649169800802,2391202.956113923,516683.1188430785,0.20202810217390052,89.56647226991674,98.4587179734185,99.97065099988535,13.716436308312739,margin-localized,5.0,50;100;200,/data1/deasy/Himangi/breast_feature_extraction/Ductal_outputs/TCGA-PL-A8LZ-01/immune_proximity_wsi_summary.csv,TCGA-PL-A8LZ,Alive,,,302.0,0.0,,,,matched
TCGA-S3-A6ZF-01Z-00-DX1.E50205A0-63CA-49DE-8831-2A8916DEF403,TCGA-S3-A6ZF-01,TCGA-S3-A6ZF,8,76.05014154512787,171738.87184244892,0.17173887184244893,2410.2411254953445,0.014034336546163349,169328.63071695357,6339.147375495344,0.03691154662591937,43.8304002279406,62.33685768223035,99.98103952841274,113.66239758600906,immune-excluded,5.0,50;100;200,/data1/deasy/Himangi/breast_feature_extraction/Ductal_outputs/TCGA-S3-A6ZF-01/immune_proximity_wsi_summary.csv,TCGA-S3-A6ZF,Alive,,,572.0,0.0,,,,matched
TCGA-S3-AA0Z-01Z-00-DX1.4D96156A-4067-41F2-90B8-41EF7ED794CF,TCGA-S3-AA0Z-01,TCGA-S3-AA0Z,11,125.63838920094196,2167853.139797703,2.1678531397977028,257806.46875,0.11892247865741389,1910046.6710477031,97794.44591852694,0.04511119509121951,55.672009335810735,79.16105220256858,98.96946025062914,30.354416894415877,margin-localized,5.0,50;100;200,/data1/deasy/Himangi/breast_feature_extraction/Ductal_outputs/TCGA-S3-AA0Z-01/immune_proximity_wsi_summary.csv,TCGA-S3-AA0Z,Alive,,,629.0,0.0,,,,matched
TCGA-S3-AA10-01Z-00-DX1.C0468882-0DD8-4FC5-8C2F-E18BE8000F69,TCGA-S3-AA10-01,TCGA-S3-AA10,3,54.891007036187375,8780991.227409817,8.780991227409817,402736.12250026164,0.04586453989876712,8378255.104909556,476864.0061330723,0.05430639819392415,45.58556820462399,84.04110301446676,91.71516048757313,63.58778381104345,peritumoral,5.0,50;100;200,/data1/deasy/Himangi/breast_feature_extraction/Ductal_outputs/TCGA-S3-AA10-01/immune_proximity_wsi_summary.csv,TCGA-S3-AA10,Alive,,,586.0,0.0,,,,matched
TCGA-S3-AA11-01Z-00-DX1.36B83B37-2928-4DB7-A04A-8D511F1183FD,TCGA-S3-AA11-01,TCGA-S3-AA11,9,36.702613424019155,157046.228784142,0.157046228784142,33408.46875,0.2127301560097919,123637.760034142,10057.585766515658,0.06404219855759592,52.93419701292341,84.5445320812634,98.8363896005986,21.975127985975416,immune-penetrated,5.0,50;100;200,/data1/deasy/Himangi/breast_feature_extraction/Ductal_outputs/TCGA-S3-AA11-01/immune_proximity_wsi_summary.csv,TCGA-S3-AA11,Alive,,,421.0,0.0,,,,matched
TCGA-S3-AA14-01Z-00-DX1.000A865F-19E6-4018-9352-BFA54EF0CE31,TCGA-S3-AA14-01,TCGA-S3-AA14,15,93.12032676686901,375927.8838719257,0.3759278838719257,60319.26095366852,0.16045434122204832,315608.62291825714,17481.79136069743,0.04650304516026078,61.50791606538715,86.92500551389394,99.13564198374908,28.52219530470963,margin-localized,5.0,50;100;200,/data1/deasy/Himangi/breast_feature_extraction/Ductal_outputs/TCGA-S3-AA14-01/immune_proximity_wsi_summary.csv,TCGA-S3-AA14,Alive,,,529.0,0.0,,,,matched
TCGA-S3-AA15-01Z-00-DX1.A2456A4A-E6E8-4429-8F09-B997AA497BB0,TCGA-S3-AA15-01,TCGA-S3-AA15,1,1.222837675322343,33313.95545525344,0.03331395545525344,0.0,0.0,33313.95545525344,0.0,0.0,21.65568469975806,24.749161693479845,94.5561839177914,126.30796936456544,immune-excluded,5.0,50;100;200,/data1/deasy/Himangi/breast_feature_extraction/Ductal_outputs/TCGA-S3-AA15-01/TCGA-S3-AA15-01Z-00-DX1.A2456A4A-E6E8-4429-8F09-B997AA497BB0__immune_proximity_wsi_summary.csv,TCGA-S3-AA15,Alive,,,525.0,0.0,,,,matched
TCGA-S3-AA15-01Z-00-DX2.915A4F90-25CB-4535-99C7-D0D0CFC90412,TCGA-S3-AA15-01,TCGA-S3-AA15,4,4.023569645106182,2277687.5032352163,2.2776875032352164,1924019.153669724,0.8447248145045607,353668.34956549224,3883.0,0.0017047992731595559,90.71720673121337,94.93516226679132,99.84357738427802,57.64031792070547,immune-penetrated,5.0,50;100;200,/data1/deasy/Himangi/breast_feature_extraction/Ductal_outputs/TCGA-S3-AA15-01/TCGA-S3-AA15-01Z-00-DX2.915A4F90-25CB-4535-99C7-D0D0CFC90412__immune_proximity_wsi_summary.csv,TCGA-S3-AA15,Alive,,,525.0,0.0,,,,matched
TCGA-S3-AA17-01Z-00-DX1.9B7DC02E-ECB2-4403-A894-F418AD452E49,TCGA-S3-AA17-01,TCGA-S3-AA17,7,53.184469053006275,9359335.41552008,9.35933541552008,735322.2031959674,0.07856564281013183,8624013.212324113,603012.2992691933,0.06442896557262502,68.77359451237234,85.92197531927123,99.32026836569922,28.03102354980995,margin-localized,5.0,50;100;200,/data1/deasy/Himangi/breast_feature_extraction/Ductal_outputs/TCGA-S3-AA17-01/immune_proximity_wsi_summary.csv,TCGA-S3-AA17,Alive,,,424.0,0.0,,,,matched
TCGA-UL-AAZ6-01Z-00-DX1.0488628B-C06B-4A1D-9198-EC29D0BACF6E,TCGA-UL-AAZ6-01,TCGA-UL-AAZ6,9,116.17724664073327,1009529.8079861711,1.0095298079861712,170398.96875,0.16879042837765737,839130.8392361712,181781.83233134923,0.18006583945646046,82.59835991152377,90.25371304135932,98.63655276534553,10.375,margin-localized,5.0,50;100;200,/data1/deasy/Himangi/breast_feature_extraction/Ductal_outputs/TCGA-UL-AAZ6-01/immune_proximity_wsi_summary.csv,TCGA-UL-AAZ6,Alive,,,518.0,0.0,,,,matched
TCGA-UU-A93S-01Z-00-DX1.C4809779-DF5F-4F5D-A78C-B7F95F2D050F,TCGA-UU-A93S-01,TCGA-UU-A93S,12,277.0090781882127,13285238.963679098,13.285238963679097,882595.1647620243,0.0664342709359596,12402643.798917072,161612.06965027843,0.012164784547128913,44.824970876348516,77.99350003386473,96.10730705120835,52.95535413204221,peritumoral,5.0,50;100;200,/data1/deasy/Himangi/breast_feature_extraction/Ductal_outputs/TCGA-UU-A93S-01/immune_proximity_wsi_summary.csv,TCGA-UU-A93S,Dead,116.0,,116.0,1.0,116.0,3.811088295687885,0.31759069130732376,matched
TCGA-WT-AB41-01Z-00-DX1.75BDFDF2-CD87-46D1-B32C-725741CB02BE,TCGA-WT-AB41-01,TCGA-WT-AB41,13,59.01638051585336,3821743.826141564,3.821743826141564,279021.8032079887,0.07300902831304874,3542722.0229335753,161489.50326120752,0.042255449503596755,49.049444130812454,90.02404759177462,99.00412586235223,50.21877916925102,peritumoral,5.0,50;100;200,/data1/deasy/Himangi/breast_feature_extraction/Ductal_outputs/TCGA-WT-AB41-01/immune_proximity_wsi_summary.csv,TCGA-WT-AB41,Alive,,,1611.0,0.0,,,,matched
