wsi_name,sample_id,subject_id,n_clusters,n_clusters_with_tumor,wsi_cluster_area_mm2,wsi_tumor_area_mm2,wsi_tumor_fraction_of_cluster,wsi_tumor_perimeter_um,wsi_tumor_perimeter_mm,wsi_tumor_boundary_density_per_mm,wsi_tumor_n_islands,wsi_tumor_patch_density_per_mm2,wsi_area_weighted_tumor_boundary_fractal_dimension,wsi_area_weighted_tumor_compactness_mean,wsi_area_weighted_tumor_solidity_mean,wsi_area_weighted_tumor_elongation_mean,wsi_area_weighted_tumor_largest_patch_index,wsi_area_weighted_tumor_island_nnd_median_um,wsi_area_weighted_tumor_island_gap_median_um,wsi_area_weighted_tumor_spread_frac,source_file,tcga_case_id,vital_status,days_to_death,diagnosis_days_to_last_follow_up,followup_days_to_follow_up,OS_event,OS_days,OS_months,OS_years,survival_match
TCGA-3C-AALJ-01Z-00-DX1.777C0957-255A-42F0-9EEB-A3606BCF0C96,TCGA-3C-AALJ-01,TCGA-3C-AALJ,18,18,195.0013811161989,76.11922604648905,0.3903522406394166,3277525.5788481627,3277.5255788481627,43.057789064308764,3244,16.63577961053999,1.3437463911850467,0.1356820611268915,0.6567967667963686,1.7735574379417334,0.15158274685868064,125.2496040023392,17.466179295028862,0.9610931582843985,/data1/deasy/Himangi/breast_feature_extraction/Ductal_outputs/TCGA-3C-AALJ-01/TCGA-3C-AALJ-01Z-00-DX1.777C0957-255A-42F0-9EEB-A3606BCF0C96__tumor_core_wsi_summary.csv,TCGA-3C-AALJ,Alive,,,1474.0,0.0,,,,matched
TCGA-3C-AALJ-01Z-00-DX2.62DFE56B-B84C-40F9-9625-FCB55767B70D,TCGA-3C-AALJ-01,TCGA-3C-AALJ,11,11,207.48244898180326,92.72104930455335,0.44688622945975154,3304765.318649778,3304.7653186497782,35.64201811171142,2635,12.699869376571202,1.2420531662601488,0.10618203413203409,0.6498249578491887,1.7112928743171338,0.13391587006866565,132.29455125059627,14.360997413900964,0.9553028441579723,/data1/deasy/Himangi/breast_feature_extraction/Ductal_outputs/TCGA-3C-AALJ-01/TCGA-3C-AALJ-01Z-00-DX2.62DFE56B-B84C-40F9-9625-FCB55767B70D__tumor_core_wsi_summary.csv,TCGA-3C-AALJ,Alive,,,1474.0,0.0,,,,matched
TCGA-3C-AALK-01Z-00-DX1.4E6EB156-BB19-410F-878F-FC0EA7BD0B53,TCGA-3C-AALK-01,TCGA-3C-AALK,12,12,86.9392208565296,27.888929139543063,0.3207865088366323,1120880.1237095555,1120.8801237095554,40.19086276497743,1456,16.74733205169559,1.3448112722822232,0.25043092039262366,0.750175980128353,2.0084334384383475,0.1895288791507364,127.01946035231738,19.475934064368424,0.901774543216516,/data1/deasy/Himangi/breast_feature_extraction/Ductal_outputs/TCGA-3C-AALK-01/tumor_core_wsi_summary.csv,TCGA-3C-AALK,Alive,,,1448.0,0.0,,,,matched
TCGA-A1-A0SD-01Z-00-DX1.DB17BFA9-D951-42A8-91D2-F4C2EBC6EB9F,TCGA-A1-A0SD-01,TCGA-A1-A0SD,4,4,32.01889933550009,7.523054992122477,0.23495670208068314,559431.6914124466,559.4316914124465,74.36230254839786,570,17.801986071645754,1.6618780151556982,0.11490180187173389,0.6427753091015138,1.8809195482518073,0.11971065948092434,114.07819113330149,17.605548374317678,0.9460347690604896,/data1/deasy/Himangi/breast_feature_extraction/Ductal_outputs/TCGA-A1-A0SD-01/tumor_core_wsi_summary.csv,TCGA-A1-A0SD,Alive,,,437.0,0.0,,,,matched
TCGA-A1-A0SF-01Z-00-DX1.7F252D89-EA78-419F-A969-1B7313D77499,TCGA-A1-A0SF-01,TCGA-A1-A0SF,9,9,39.87387025271544,6.048614539109098,0.1516936906493842,594729.3628125917,594.7293628125917,98.32489059555604,1072,26.88477424453163,1.5227591235033575,0.26117258231525836,0.7100423154286988,2.3297651411259195,0.10558610139928486,100.67245779029916,22.934916716114387,0.9180275064184662,/data1/deasy/Himangi/breast_feature_extraction/Ductal_outputs/TCGA-A1-A0SF-01/tumor_core_wsi_summary.csv,TCGA-A1-A0SF,Alive,,,1463.0,0.0,,,,matched
TCGA-A1-A0SH-01Z-00-DX1.90E71B08-E1D9-4FC2-85AC-062E56DDF17C,TCGA-A1-A0SH-01,TCGA-A1-A0SH,1,1,61.172215000576024,14.25519945566809,0.23303389382800438,1491579.9363459514,1491.5799363459514,104.63409796436598,2419,39.544096939717186,1.6765210144962548,0.2065658073430819,0.665255967280795,2.1637119984880595,0.03145673775299156,87.0807814618128,14.249999999999998,0.9714671517533051,/data1/deasy/Himangi/breast_feature_extraction/Ductal_outputs/TCGA-A1-A0SH-01/tumor_core_wsi_summary.csv,TCGA-A1-A0SH,Alive,,,1437.0,0.0,,,,matched
TCGA-A1-A0SI-01Z-00-DX1.AB717348-F964-4F29-BBE2-972B7C640432,TCGA-A1-A0SI-01,TCGA-A1-A0SI,4,4,55.77395161302857,18.541544788331354,0.33244093796646323,1132099.0559370497,1132.0990559370496,61.05742907945335,1296,23.23665371591242,1.7257858793784484,0.12118134307178793,0.6360626636600363,1.9258788048644242,0.17304561254288697,106.52697499906036,16.455751426072244,0.9558445800602999,/data1/deasy/Himangi/breast_feature_extraction/Ductal_outputs/TCGA-A1-A0SI-01/tumor_core_wsi_summary.csv,TCGA-A1-A0SI,Alive,,,635.0,0.0,,,,matched
TCGA-A1-A0SJ-01Z-00-DX1.C196FA66-C376-4016-86BC-3D8E745B3A51,TCGA-A1-A0SJ-01,TCGA-A1-A0SJ,7,7,77.91749824011282,27.248535764428357,0.34971009567656386,1286652.3165711917,1286.6523165711917,47.21913601870872,1297,16.64581165071711,1.491672745042609,0.13915501804114846,0.7517772770723407,1.5858785406279265,0.32219627391960903,215.00455925601827,10.791195576937943,0.8598950963459416,/data1/deasy/Himangi/breast_feature_extraction/Ductal_outputs/TCGA-A1-A0SJ-01/tumor_core_wsi_summary.csv,TCGA-A1-A0SJ,Alive,,,416.0,0.0,,,,matched
TCGA-A2-A04N-01Z-00-DX1.9E9B7DB0-1CF1-4631-8292-A9DBCA0BD37C,TCGA-A2-A04N-01,TCGA-A2-A04N,4,4,81.34572077543868,19.929507201183466,0.24499761033773937,2551611.7149672755,2551.6117149672755,128.03185192736498,4516,55.51613480033912,,0.2074903486293718,0.6910454410382034,2.080440549459155,0.01798652611485661,78.91731869879202,13.361659525274431,0.9753976614911604,/data1/deasy/Himangi/breast_feature_extraction/Ductal_outputs/TCGA-A2-A04N-01/tumor_core_wsi_summary.csv,TCGA-A2-A04N,Alive,,,4354.0,0.0,,,,matched
TCGA-A2-A04P-01Z-00-DX1.5B481E02-D269-4732-8FDD-6494E6EE2B71,TCGA-A2-A04P-01,TCGA-A2-A04P,6,6,59.09802244982208,16.170855801681626,0.2736276973635065,1026045.8725858502,1026.0458725858502,63.45031364877736,964,16.31188253073098,1.5294105249690007,0.15969152329582736,0.688764262486811,1.6199267697021715,0.08048666295411905,122.04562843231,16.45579340859699,0.9472979242699252,/data1/deasy/Himangi/breast_feature_extraction/Ductal_outputs/TCGA-A2-A04P-01/tumor_core_wsi_summary.csv,TCGA-A2-A04P,Dead,548.0,,548.0,1.0,548.0,18.0041067761807,1.5003422313483916,matched
TCGA-A2-A04Q-01Z-00-DX1.DF7ED6B6-7701-486D-9007-F26B6F0682C4,TCGA-A2-A04Q-01,TCGA-A2-A04Q,7,7,15.701685357385687,2.3565353196302836,0.15008168015045767,201028.67942064273,201.02867942064273,85.30688156720778,300,19.106229246842435,1.3839785809081668,0.2241068606537463,0.727428370962276,1.69886618127361,0.2052475016819826,110.20836720944315,19.481174502859233,0.8873953572771427,/data1/deasy/Himangi/breast_feature_extraction/Ductal_outputs/TCGA-A2-A04Q-01/tumor_core_wsi_summary.csv,TCGA-A2-A04Q,Alive,,,2385.0,0.0,,,,matched
TCGA-A2-A04T-01Z-00-DX1.71444266-BD56-4183-9603-C7AC20C9DA1E,TCGA-A2-A04T-01,TCGA-A2-A04T,5,5,47.29463406250689,23.940315502915023,0.5061951736696884,522737.7137483866,522.7377137483866,21.83503862698622,316,6.681519082743278,1.6091601293394833,0.0664122776374568,0.6645050557602186,1.6674622010066371,0.3935890527414205,153.5368269540676,16.19219880000459,0.9146268148011016,/data1/deasy/Himangi/breast_feature_extraction/Ductal_outputs/TCGA-A2-A04T-01/tumor_core_wsi_summary.csv,TCGA-A2-A04T,Alive,,,2246.0,0.0,,,,matched
TCGA-A2-A04U-01Z-00-DX1.06D17357-46A8-4DC3-A22B-2F4EB6EE3F79,TCGA-A2-A04U-01,TCGA-A2-A04U,5,5,103.66665802074101,80.97250567005698,0.7810853288417619,685853.566851658,685.853566851658,8.470203079133334,263,2.5369777035484304,1.363431018114386,0.015983729431902256,0.8123113590892025,1.4348894406301953,0.9487598128621285,145.78259276543264,11.638830494090266,0.9377202630253643,/data1/deasy/Himangi/breast_feature_extraction/Ductal_outputs/TCGA-A2-A04U-01/tumor_core_wsi_summary.csv,TCGA-A2-A04U,Alive,,,2654.0,0.0,,,,matched
TCGA-A2-A04V-01Z-00-DX1.EB430DDB-8FE9-4302-8829-53DBAD09E79F,TCGA-A2-A04V-01,TCGA-A2-A04V,14,14,208.00570168058564,64.902197008182,0.3120212402054538,4659265.832353217,4659.265832353217,71.78903099021191,6147,29.55207453610746,1.7566925419036459,0.17034272766947725,0.6612668035688886,2.088591967346223,0.026914394826195183,102.09778006544849,17.162702474510372,0.9779956281157641,/data1/deasy/Himangi/breast_feature_extraction/Ductal_outputs/TCGA-A2-A04V-01/tumor_core_wsi_summary.csv,TCGA-A2-A04V,Dead,1920.0,,1920.0,1.0,1920.0,63.08008213552361,5.256673511293634,matched
TCGA-A2-A04X-01Z-00-DX1.E01A4522-67B3-4FEF-BD6B-99DFED9E7C85,TCGA-A2-A04X-01,TCGA-A2-A04X,8,8,81.27452446546359,26.148466858997974,0.3217301735196172,1779040.085693056,1779.040085693056,68.0361145181584,1617,19.89553320225356,1.7504375351000787,0.1344119410173072,0.5960465231585738,1.9264120477004767,0.0543201045191999,116.22943734590685,10.162352462427094,0.9458478886377366,/data1/deasy/Himangi/breast_feature_extraction/Ductal_outputs/TCGA-A2-A04X-01/tumor_core_wsi_summary.csv,TCGA-A2-A04X,Alive,,,1686.0,0.0,,,,matched
TCGA-A2-A0CL-01Z-00-DX1.5342E971-DCD2-42C4-B4FF-E6942A95829E,TCGA-A2-A0CL-01,TCGA-A2-A0CL,11,11,42.95918529139544,9.025375414415914,0.21009186634234567,700605.0754479631,700.605075447963,77.62614221331019,722,16.806650198382926,1.5887782277364724,0.14610617338833198,0.6907119625462254,1.8373689205495944,0.1191903712905498,119.8088178443925,15.968501598384844,0.9337863679399658,/data1/deasy/Himangi/breast_feature_extraction/Ductal_outputs/TCGA-A2-A0CL-01/tumor_core_wsi_summary.csv,TCGA-A2-A0CL,Alive,,,3015.0,0.0,,,,matched
TCGA-A2-A0CM-01Z-00-DX1.AC4901DE-4B6D-4185-BB9F-156033839828,TCGA-A2-A0CM-01,TCGA-A2-A0CM,3,3,100.77985040911908,79.28211243803548,0.7866861492271239,585323.7954802087,585.3237954802087,7.382797676306621,273,2.7088748285668975,1.5261569331248779,0.024063506167016805,0.8237533149510797,1.8005840160355981,0.7738927449297317,118.48781592327246,15.002164579136574,0.9564655343396008,/data1/deasy/Himangi/breast_feature_extraction/Ductal_outputs/TCGA-A2-A0CM-01/tumor_core_wsi_summary.csv,TCGA-A2-A0CM,Dead,754.0,,754.0,1.0,754.0,24.772073921971252,2.0643394934976045,matched
TCGA-A2-A0CP-01Z-00-DX1.ECFD263C-BB17-4ADA-8F2C-654C2AA4C45F,TCGA-A2-A0CP-01,TCGA-A2-A0CP,6,6,28.732064349689495,5.764565751842421,0.20063179873480683,701314.2156927658,701.3142156927657,121.6595049624714,1128,39.25927445628146,1.6892918236215542,0.210778654398115,0.7135148912053245,2.0332092576037955,0.05535713870535281,94.45065210439819,16.77103284877293,0.9438743740243845,/data1/deasy/Himangi/breast_feature_extraction/Ductal_outputs/TCGA-A2-A0CP-01/tumor_core_wsi_summary.csv,TCGA-A2-A0CP,Alive,,,2813.0,0.0,,,,matched
TCGA-A2-A0CQ-01Z-00-DX1.4E5FB4E5-A08C-4C87-A3BE-0640A95AE649,TCGA-A2-A0CQ-01,TCGA-A2-A0CQ,6,6,58.19632276250173,31.46025160417181,0.5405883071437451,937716.9830926217,937.7169830926217,29.806404439825748,709,12.182900333641658,1.6829492000114064,0.04923493058957812,0.6303429148114035,1.9485069997864735,0.43704365695728153,106.72640591455723,10.702021969497514,0.9150061277863619,/data1/deasy/Himangi/breast_feature_extraction/Ductal_outputs/TCGA-A2-A0CQ-01/tumor_core_wsi_summary.csv,TCGA-A2-A0CQ,Alive,,,2695.0,0.0,,,,matched
TCGA-A2-A0CV-01Z-00-DX1.B02D017A-61CD-45FE-BB31-705CD127DDAB,TCGA-A2-A0CV-01,TCGA-A2-A0CV,18,18,221.79888843398336,81.89034859060439,0.369209914300262,3251378.86881931,3251.37886881931,39.70405456537956,3536,15.942370247957584,1.7103776466778196,0.2449151271623036,0.7725504869370149,1.8178518667481738,0.043071160216253186,111.3976505934151,17.58254530116033,0.9578587876007019,/data1/deasy/Himangi/breast_feature_extraction/Ductal_outputs/TCGA-A2-A0CV-01/tumor_core_wsi_summary.csv,TCGA-A2-A0CV,Alive,,,3011.0,0.0,,,,matched
TCGA-A2-A0CW-01Z-00-DX1.8E313A22-B0E8-44CF-ADEA-8BF29BA23FFE,TCGA-A2-A0CW-01,TCGA-A2-A0CW,8,8,73.43784411813168,25.846340573704975,0.3519485203314071,1463733.591331891,1463.733591331891,56.63214052131753,1836,25.00073391379275,1.7560077429750807,0.15423228914032613,0.6399939344987176,1.8522124478680262,0.0551940215093154,104.08755394464885,13.489028502246246,0.963490108862028,/data1/deasy/Himangi/breast_feature_extraction/Ductal_outputs/TCGA-A2-A0CW-01/tumor_core_wsi_summary.csv,TCGA-A2-A0CW,Alive,,,3283.0,0.0,,,,matched
TCGA-A2-A0CZ-01Z-00-DX1.A433A414-4F1B-4F99-8FD9-E64803F5E042,TCGA-A2-A0CZ-01,TCGA-A2-A0CZ,31,31,87.16388969974788,24.596376463885335,0.28218539292603956,1650170.625629432,1650.170625629432,67.08998896859318,1708,19.595270540168887,1.5567887851765438,0.09315008189710547,0.5504963295225429,2.096490903543524,0.4666776988091078,97.04950525686849,11.625356456378107,0.9298494994709897,/data1/deasy/Himangi/breast_feature_extraction/Ductal_outputs/TCGA-A2-A0CZ-01/tumor_core_wsi_summary.csv,TCGA-A2-A0CZ,Alive,,,1616.0,0.0,,,,matched
TCGA-A2-A0D0-01Z-00-DX1.4FF6B8E5-703B-400F-920A-104F56E0F874,TCGA-A2-A0D0-01,TCGA-A2-A0D0,9,9,33.90625100603906,20.549158498481265,0.6060581128483138,197663.83219036812,197.6638321903681,9.619071856639625,110,3.244239535075932,1.4155109615251085,0.10872725664400287,0.7913321229288741,1.6674940388240345,0.42187935438674984,142.27763260788515,12.839660419642458,0.9012382110935352,/data1/deasy/Himangi/breast_feature_extraction/Ductal_outputs/TCGA-A2-A0D0-01/tumor_core_wsi_summary.csv,TCGA-A2-A0D0,Alive,,,2048.0,0.0,,,,matched
TCGA-A2-A0D3-01Z-00-DX1.D18CE1C0-291D-41C1-8F71-2A0551F8C661,TCGA-A2-A0D3-01,TCGA-A2-A0D3,5,5,1.32580425627925,0.15732779445523576,0.11866592953680961,25501.51093928754,25.501510939287538,162.0915810050553,32,24.136293007389426,1.365793032743405,0.15324297085668648,0.6014185702985773,2.3566603757856264,0.4364808682296241,104.01315885397035,16.021887569427694,0.6023883126637795,/data1/deasy/Himangi/breast_feature_extraction/Ductal_outputs/TCGA-A2-A0D3-01/tumor_core_wsi_summary.csv,TCGA-A2-A0D3,Alive,,,1873.0,0.0,,,,matched
TCGA-A2-A0EO-01Z-00-DX1.D7A09E23-2CAB-4B3B-814C-BF0BA75B7589,TCGA-A2-A0EO-01,TCGA-A2-A0EO,11,11,76.80684289010483,16.55361769619158,0.2155226939854367,1327452.0949249538,1327.4520949249538,80.19105667943238,1841,23.96921850614406,1.5891657048646408,0.19871164073293682,0.6952156720938143,2.403901934951615,0.09791517013611858,103.44842145514536,19.595393132110285,0.9583727223860492,/data1/deasy/Himangi/breast_feature_extraction/Ductal_outputs/TCGA-A2-A0EO-01/tumor_core_wsi_summary.csv,TCGA-A2-A0EO,Alive,,,2442.0,0.0,,,,matched
TCGA-A2-A0EQ-01Z-00-DX1.5FCD8890-4594-4BE2-93B1-B8F698BFD2A0,TCGA-A2-A0EQ-01,TCGA-A2-A0EQ,9,9,67.97218502872589,14.067014679186567,0.20695251555090757,933667.2549003775,933.6672549003774,66.37280732221197,704,10.357177714714936,1.6427543104479416,0.11665618009149731,0.6706129785597691,1.8740106464567043,0.1267599071101669,175.94959641850878,23.51417323972378,0.9312476271119827,/data1/deasy/Himangi/breast_feature_extraction/Ductal_outputs/TCGA-A2-A0EQ-01/tumor_core_wsi_summary.csv,TCGA-A2-A0EQ,Alive,,,2426.0,0.0,,,,matched
TCGA-A2-A0ET-01Z-00-DX1.41E86BB9-EA52-4615-94E7-0F09DDB094F4,TCGA-A2-A0ET-01,TCGA-A2-A0ET,5,5,95.93881519864586,71.37331776544335,0.743946207983302,581017.2363123501,581.0172363123502,8.140538432327997,249,2.5954041592491395,1.5218807968579724,0.02923754027484022,0.6830323511257285,1.570284402210115,0.84003587544616,167.0223933802076,13.563552589441471,0.9588014226050867,/data1/deasy/Himangi/breast_feature_extraction/Ductal_outputs/TCGA-A2-A0ET-01/tumor_core_wsi_summary.csv,TCGA-A2-A0ET,Alive,,,1066.0,0.0,,,,matched
TCGA-A2-A0EU-01Z-00-DX1.13335BEB-63D4-469B-A389-8A079A096129,TCGA-A2-A0EU-01,TCGA-A2-A0EU,4,4,32.60997299140841,14.066568562862862,0.43135787222420924,430826.2515225209,430.8262515225209,30.627672242677935,410,12.572840833324845,1.6731029841705563,0.11558493943739062,0.7240706391619413,1.724273139366809,0.20730763334985317,120.92537971370581,14.560590363988917,0.9068902923420864,/data1/deasy/Himangi/breast_feature_extraction/Ductal_outputs/TCGA-A2-A0EU-01/tumor_core_wsi_summary.csv,TCGA-A2-A0EU,Alive,,,1043.0,0.0,,,,matched
TCGA-A2-A0EY-01Z-00-DX1.2F2428B3-0767-48E0-AC22-443C244CBD16,TCGA-A2-A0EY-01,TCGA-A2-A0EY,9,9,224.70259414582944,122.52252553743597,0.5452652916766962,3058466.7876528883,3058.4667876528883,24.962485667326483,2827,12.581074156025583,1.7567957237967895,0.065223598972381,0.6722629937826964,1.6541788002067594,0.11703391753181519,110.0854183586528,14.802918257482995,0.9778320677041601,/data1/deasy/Himangi/breast_feature_extraction/Ductal_outputs/TCGA-A2-A0EY-01/tumor_core_wsi_summary.csv,TCGA-A2-A0EY,Alive,,,1925.0,0.0,,,,matched
TCGA-A2-A0ST-01Z-00-DX1.AE05A5DB-4861-40DE-B0F5-7955FC903A96,TCGA-A2-A0ST-01,TCGA-A2-A0ST,5,5,3.5815209782665343,1.3311131056472376,0.3716614013221556,31792.977387661485,31.792977387661484,23.88450481989848,37,10.330806443554073,1.2700753743418305,0.17449697392189778,0.8370729324327341,1.2111096320305057,0.8809842546880057,423.8745404368423,8.398366986666478,0.4085195212495275,/data1/deasy/Himangi/breast_feature_extraction/Ductal_outputs/TCGA-A2-A0ST-01/tumor_core_wsi_summary.csv,TCGA-A2-A0ST,Alive,,,3017.0,0.0,,,,matched
TCGA-A2-A0SV-01Z-00-DX1.F5645E47-3540-4753-AF5D-F5709BD8DFC1,TCGA-A2-A0SV-01,TCGA-A2-A0SV,8,8,179.1175077024991,84.61588038158197,0.4724042974186683,2101010.070072789,2101.0100700727894,24.829973529769106,1371,7.654193147199934,1.3339436176521189,0.06002411553923868,0.7054806698868014,1.5418613013987865,0.4538967667606297,143.6661084285112,17.690568740536133,0.9756717156197772,/data1/deasy/Himangi/breast_feature_extraction/Ductal_outputs/TCGA-A2-A0SV-01/tumor_core_wsi_summary.csv,TCGA-A2-A0SV,Dead,825.0,,825.0,1.0,825.0,27.104722792607802,2.2587268993839835,matched
TCGA-A2-A0SW-01Z-00-DX1.E1EA0407-B831-4D75-826E-80B82B821797,TCGA-A2-A0SW-01,TCGA-A2-A0SW,9,9,101.99375819327396,40.876305205423556,0.4007726152022426,2471846.77177671,2471.8467717767103,60.471384567525455,1886,18.49132764012978,1.4425484690935018,0.05118188347039465,0.6315033095745853,1.719805221093778,0.21995187422213405,108.34144847924513,12.102446744639181,0.9719559022442135,/data1/deasy/Himangi/breast_feature_extraction/Ductal_outputs/TCGA-A2-A0SW-01/tumor_core_wsi_summary.csv,TCGA-A2-A0SW,Dead,1365.0,,1365.0,1.0,1365.0,44.84599589322382,3.7371663244353184,matched
TCGA-A2-A0T1-01Z-00-DX1.CD1E9C46-18A3-466B-AA0B-24F3055FA851,TCGA-A2-A0T1-01,TCGA-A2-A0T1,3,3,88.46282358165806,29.644881221404326,0.3351111802806046,1979591.6236797527,1979.5916236797527,66.7768445046236,2181,24.654424442904737,1.287443316480857,0.11392902482570126,0.6159665826489433,1.7515653048593762,0.0803393764557843,101.34060455338827,14.218550996966467,0.9705645785417973,/data1/deasy/Himangi/breast_feature_extraction/Ductal_outputs/TCGA-A2-A0T1-01/tumor_core_wsi_summary.csv,TCGA-A2-A0T1,Alive,,,521.0,0.0,,,,matched
TCGA-A2-A0T3-01Z-00-DX1.5E96BC87-F4FB-4ABA-8D81-FAB7F4A80661,TCGA-A2-A0T3-01,TCGA-A2-A0T3,10,10,61.19430185030648,15.533380058512735,0.25383703365895893,1119699.8289725038,1119.6998289725038,72.08346314547788,962,15.720417929650456,1.5214650796153217,0.09747120504530817,0.6422690911483471,1.880665218988563,0.2094462486390715,119.22976835662686,13.907353617570866,0.9359469560251694,/data1/deasy/Himangi/breast_feature_extraction/Ductal_outputs/TCGA-A2-A0T3-01/tumor_core_wsi_summary.csv,TCGA-A2-A0T3,Alive,,,1516.0,0.0,,,,matched
TCGA-A2-A0T5-01Z-00-DX1.128C288B-B357-439B-A8D4-8E7DEBF73E4E,TCGA-A2-A0T5-01,TCGA-A2-A0T5,17,17,208.05257948697238,109.05337008536824,0.5241625475361954,3106254.8757631336,3106.2548757631334,28.483804520039328,2653,12.751584270389317,1.4232817105502449,0.07696235218413837,0.6570345440102424,1.7131604887528875,0.15016513972042628,117.24314134246292,14.312838846290445,0.9838209537473985,/data1/deasy/Himangi/breast_feature_extraction/Ductal_outputs/TCGA-A2-A0T5-01/tumor_core_wsi_summary.csv,TCGA-A2-A0T5,Alive,,,531.0,0.0,,,,matched
TCGA-A2-A0YC-01Z-00-DX1.F01F2268-17D8-45FD-8917-FD89454D0709,TCGA-A2-A0YC-01,TCGA-A2-A0YC,5,5,71.94001380590258,19.44733271610571,0.2703270639977287,1703934.7743828727,1703.9347743828728,87.6179165162184,2076,28.85737561298142,1.703165450283052,0.13094390087117563,0.6014862000060166,1.8995951485319693,0.11050117086896549,93.98702048173303,14.18093013277065,0.9593959327672653,/data1/deasy/Himangi/breast_feature_extraction/Ductal_outputs/TCGA-A2-A0YC-01/tumor_core_wsi_summary.csv,TCGA-A2-A0YC,Alive,,,990.0,0.0,,,,matched
TCGA-A2-A0YE-01Z-00-DX1.8A2E3094-5755-42BC-969D-7F0A2ECA0F39,TCGA-A2-A0YE-01,TCGA-A2-A0YE,9,9,97.94566634680841,37.64837765133012,0.38438022891205653,1341618.7193376252,1341.6187193376252,35.63549887229272,1078,11.006102058492218,1.723659869925757,0.10791792878188707,0.5905891195055687,1.8430874789467855,0.17001164544272387,147.81218438269795,20.865838687457018,0.9509306884898937,/data1/deasy/Himangi/breast_feature_extraction/Ductal_outputs/TCGA-A2-A0YE-01/tumor_core_wsi_summary.csv,TCGA-A2-A0YE,Alive,,,554.0,0.0,,,,matched
TCGA-A2-A0YF-01Z-00-DX1.6166E995-0669-43D6-B9C7-FE39BCE529CF,TCGA-A2-A0YF-01,TCGA-A2-A0YF,6,6,98.5037526592471,46.180233455889,0.4688169964005306,1170862.2377909983,1170.8622377909983,25.354186199803358,823,8.355011639475244,1.5681017879416361,0.050860095311697356,0.6658236575145835,1.645249006489396,0.5025888817813391,115.37417695791862,10.856427604508788,0.9616672519191308,/data1/deasy/Himangi/breast_feature_extraction/Ductal_outputs/TCGA-A2-A0YF-01/tumor_core_wsi_summary.csv,TCGA-A2-A0YF,Alive,,,1535.0,0.0,,,,matched
TCGA-A2-A0YG-01Z-00-DX1.89A39319-F880-47DE-B311-DA1F6A64B6F3,TCGA-A2-A0YG-01,TCGA-A2-A0YG,3,3,85.08135489976694,48.761110091321626,0.5731115841862927,1265121.7634395529,1265.1217634395528,25.945302743727236,1031,12.117813605749527,1.668488778751812,0.04629761504405771,0.6514075407923352,1.9779705032808497,0.2992422805637613,107.8241710848326,11.611641282494784,0.9643261115137967,/data1/deasy/Himangi/breast_feature_extraction/Ductal_outputs/TCGA-A2-A0YG-01/tumor_core_wsi_summary.csv,TCGA-A2-A0YG,Alive,,,666.0,0.0,,,,matched
TCGA-A2-A0YH-01Z-00-DX1.FBA5E711-8275-45B3-BC20-5A786EE23548,TCGA-A2-A0YH-01,TCGA-A2-A0YH,2,2,53.627843128364866,32.35010803912444,0.6032334353199786,504291.343617099,504.29134361709896,15.588552069353387,380,7.0858714024806675,1.6704562600527308,0.0648174389657725,0.7763816087702456,1.4230498455461729,0.23268310876744527,132.48806686210096,13.650340737665434,0.9547901007804833,/data1/deasy/Himangi/breast_feature_extraction/Ductal_outputs/TCGA-A2-A0YH-01/tumor_core_wsi_summary.csv,TCGA-A2-A0YH,Alive,,,659.0,0.0,,,,matched
TCGA-A2-A0YJ-01Z-00-DX1.8135C74E-DAA8-4C8E-AF14-A4B5B57695BE,TCGA-A2-A0YJ-01,TCGA-A2-A0YJ,1,1,122.08074068962404,48.08472154536477,0.39387639093388643,1388727.4594106735,1388.7274594106734,28.88084644725457,1737,14.228288509619373,1.776682391495741,0.1663769407270338,0.7503567927644031,1.5800785313028407,0.1750222592233148,103.12401514681244,18.39327322691641,0.9749076918424137,/data1/deasy/Himangi/breast_feature_extraction/Ductal_outputs/TCGA-A2-A0YJ-01/tumor_core_wsi_summary.csv,TCGA-A2-A0YJ,Alive,,,566.0,0.0,,,,matched
TCGA-A2-A0YM-01Z-00-DX1.A48B4C96-2CC5-464C-98B7-F0F92AE56533,TCGA-A2-A0YM-01,TCGA-A2-A0YM,3,3,67.68511816989026,36.14913601133282,0.5340780512578579,819003.6739511173,819.0036739511173,22.656244777035838,424,6.264301687939085,1.6972006944838265,0.05825266458913032,0.5201242678132307,2.384138894302149,0.5732111409507831,157.02085172399285,16.380958631060356,0.9734210147623394,/data1/deasy/Himangi/breast_feature_extraction/Ductal_outputs/TCGA-A2-A0YM-01/tumor_core_wsi_summary.csv,TCGA-A2-A0YM,Alive,,,965.0,0.0,,,,matched
TCGA-A2-A0YT-01Z-00-DX1.63CA3E36-B3E4-4D3F-9F80-2703970DBE5B,TCGA-A2-A0YT-01,TCGA-A2-A0YT,16,16,82.83434277684859,11.446644486202544,0.1381871830267213,1146370.950445847,1146.3709504458468,100.14908315075648,2479,29.927200686293812,1.532867522925062,0.367244589104753,0.8135301512666765,1.8248521060309604,0.04380235613272674,94.71758329779641,22.276432362115166,0.9565326074122998,/data1/deasy/Himangi/breast_feature_extraction/Ductal_outputs/TCGA-A2-A0YT-01/tumor_core_wsi_summary.csv,TCGA-A2-A0YT,Dead,723.0,,723.0,1.0,723.0,23.753593429158112,1.9794661190965093,matched
TCGA-A2-A1FW-01Z-00-DX1.DC2BC5D7-E57B-444E-833F-9A1B6E11DE6D,TCGA-A2-A1FW-01,TCGA-A2-A1FW,9,9,92.1386810134866,17.47122349105376,0.1896187713876265,2476971.0590723874,2476.9710590723876,141.77433311071402,2707,29.37962612687899,1.6835714682636673,0.11895152334205666,0.6314371540838444,1.9285001500212733,0.04907027367257479,97.39997433213595,14.846493122420169,0.9607670195211845,/data1/deasy/Himangi/breast_feature_extraction/Ductal_outputs/TCGA-A2-A1FW-01/tumor_core_wsi_summary.csv,TCGA-A2-A1FW,Alive,,,528.0,0.0,,,,matched
TCGA-A2-A1FX-01Z-00-DX1.35B93F3A-9959-4D72-A702-08B27563D24F,TCGA-A2-A1FX-01,TCGA-A2-A1FX,2,2,48.17223439920387,8.316723305131282,0.17264557911535713,1512073.3830904467,1512.0733830904467,181.81119265534807,1477,30.660815683990982,1.653173442767006,0.11615632968933794,0.6691806694078432,1.9069966461432144,0.06361853087302355,85.4100847524153,14.361020653630652,0.9675095911223254,/data1/deasy/Himangi/breast_feature_extraction/Ductal_outputs/TCGA-A2-A1FX-01/tumor_core_wsi_summary.csv,TCGA-A2-A1FX,Alive,,,1847.0,0.0,,,,matched
TCGA-A2-A1FZ-01Z-00-DX1.0BAAEF41-DCA4-4677-9A27-09E990033FA6,TCGA-A2-A1FZ-01,TCGA-A2-A1FZ,6,6,78.1364550777417,22.16268920916285,0.2836408330415313,1291452.4831453173,1291.4524831453173,58.27147017029795,1821,23.305382848354203,1.6784071172629909,0.19473167010347903,0.6684739302801094,1.891892166296139,0.15688087515486424,112.75000061332254,17.19202381426649,0.9470850972600241,/data1/deasy/Himangi/breast_feature_extraction/Ductal_outputs/TCGA-A2-A1FZ-01/tumor_core_wsi_summary.csv,TCGA-A2-A1FZ,Alive,,,683.0,0.0,,,,matched
TCGA-A2-A1G1-01Z-00-DX1.E52A474F-DE13-41CF-94D4-D00BAC46ECF4,TCGA-A2-A1G1-01,TCGA-A2-A1G1,6,6,50.58234900447593,15.362630035205957,0.30371523540447964,768400.7069904512,768.4007069904512,50.0175233817085,411,8.125364046727672,1.6872401466632097,0.09267478835509227,0.6017832102509881,1.8399228340882396,0.09130067841947548,184.23804510702726,20.679976112630758,0.9305905321696031,/data1/deasy/Himangi/breast_feature_extraction/Ductal_outputs/TCGA-A2-A1G1-01/tumor_core_wsi_summary.csv,TCGA-A2-A1G1,Alive,,,584.0,0.0,,,,matched
TCGA-A2-A1G4-01Z-00-DX1.0274DF5B-5920-419A-B778-2F04D9C602F2,TCGA-A2-A1G4-01,TCGA-A2-A1G4,20,20,152.02988043888448,58.80909657091942,0.3868259081777052,1330797.1560380089,1330.7971560380088,22.62910389097996,992,6.52503308649763,1.5778081865630422,0.24204486418794804,0.8451134636016897,1.5965565517102425,0.1280251446557147,211.94634390379608,22.745942494358637,0.9028737389651191,/data1/deasy/Himangi/breast_feature_extraction/Ductal_outputs/TCGA-A2-A1G4-01/tumor_core_wsi_summary.csv,TCGA-A2-A1G4,Alive,,,595.0,0.0,,,,matched
TCGA-A2-A1G6-01Z-00-DX1.BCC3EC46-CEBF-4B37-BCF0-266D18170B54,TCGA-A2-A1G6-01,TCGA-A2-A1G6,4,4,73.70291249286397,30.633446775176154,0.41563414170562313,1338020.1981170094,1338.0201981170094,43.67840837294468,1114,15.11473512132725,1.717236153475756,0.07659550655871981,0.5989818629391411,1.8857478182741052,0.21847035469114934,119.05401939743616,14.74216105707115,0.9611421408509861,/data1/deasy/Himangi/breast_feature_extraction/Ductal_outputs/TCGA-A2-A1G6-01/tumor_core_wsi_summary.csv,TCGA-A2-A1G6,Alive,,,501.0,0.0,,,,matched
TCGA-A2-A259-01Z-00-DX1.7289CD72-CB74-41D4-B4AC-4EA5FDFEC666,TCGA-A2-A259-01,TCGA-A2-A259,10,10,91.59212313899694,33.07226580939487,0.36108198692157817,1616416.562591136,1616.416562591136,48.875289401307334,1988,21.70492321684783,1.3329756015344898,0.19650711313591274,0.707055095311305,2.0735075079484773,0.06799303532255162,112.9078933128377,13.533480645798013,0.9232581196045986,/data1/deasy/Himangi/breast_feature_extraction/Ductal_outputs/TCGA-A2-A259-01/tumor_core_wsi_summary.csv,TCGA-A2-A259,Alive,,,1596.0,0.0,,,,matched
TCGA-A2-A25B-01Z-00-DX1.58D7BEDE-5558-4A9E-A95E-DDF24C9267EF,TCGA-A2-A25B-01,TCGA-A2-A25B,16,16,195.44757397820396,92.71492667399717,0.4743723587192575,3578722.9125047764,3578.7229125047766,38.59920986712559,3256,16.659198851775486,1.3079985766012778,0.07988641857877903,0.6851283505598266,1.9433256851850123,0.11887143819938277,106.87922743117602,11.794317971292223,0.9698428821629599,/data1/deasy/Himangi/breast_feature_extraction/Ductal_outputs/TCGA-A2-A25B-01/tumor_core_wsi_summary.csv,TCGA-A2-A25B,Alive,,,1291.0,0.0,,,,matched
TCGA-A2-A25C-01Z-00-DX1.F8E6044A-435E-42D5-94FF-C0F572F1ED99,TCGA-A2-A25C-01,TCGA-A2-A25C,7,7,161.31227507802785,58.78620631303413,0.3644248789163677,3563499.0454519484,3563.4990454519484,60.61794541522994,4106,25.453735607001388,1.2894321049986377,0.1253033310741255,0.5948576325052444,1.7574372497994626,0.07006621784551582,101.70510913841916,14.114537555808152,0.9770488690986302,/data1/deasy/Himangi/breast_feature_extraction/Ductal_outputs/TCGA-A2-A25C-01/tumor_core_wsi_summary.csv,TCGA-A2-A25C,Alive,,,523.0,0.0,,,,matched
TCGA-A2-A25E-01Z-00-DX1.46D1950B-0BAF-4A44-B58F-CD738E74CB27,TCGA-A2-A25E-01,TCGA-A2-A25E,7,7,144.69139674762687,51.87363253172248,0.3585122107999366,4939792.9151686765,4939.792915168677,95.22743394050583,4794,33.132584989567654,1.3939823863887637,0.08567740674821991,0.5919850838557065,1.7916297358362514,0.07748813767113893,84.61713175994736,10.73624315982332,0.9716282962712849,/data1/deasy/Himangi/breast_feature_extraction/Ductal_outputs/TCGA-A2-A25E-01/tumor_core_wsi_summary.csv,TCGA-A2-A25E,Alive,,,3204.0,0.0,,,,matched
TCGA-A2-A25F-01Z-00-DX1.87499CD4-E41C-46B1-AAF3-5CE881F2B8BC,TCGA-A2-A25F-01,TCGA-A2-A25F,9,9,60.61970522970372,16.804170163768664,0.2772063984820336,1494060.4749626587,1494.0604749626586,88.91010150468426,1168,19.267662150024425,1.2754245341382895,0.07217154603417951,0.5999381356622558,1.7443828088617745,0.128759690797655,106.18392103071656,13.444916826329475,0.95492700528232,/data1/deasy/Himangi/breast_feature_extraction/Ductal_outputs/TCGA-A2-A25F-01/tumor_core_wsi_summary.csv,TCGA-A2-A25F,Alive,,,322.0,0.0,,,,matched
TCGA-A2-A3XS-01Z-00-DX1.867925C0-91D8-40A0-9FEA-25A635AC31E7,TCGA-A2-A3XS-01,TCGA-A2-A3XS,1,1,59.41623746749938,13.271426975828453,0.22336363831667916,1160543.0971587799,1160.5430971587798,87.44674549861918,2238,37.66647124406327,,0.2768321036652417,0.7867423254070507,1.889425724675366,0.028175541444992295,82.46097561877376,15.20690632574555,0.9609419953856648,/data1/deasy/Himangi/breast_feature_extraction/Ductal_outputs/TCGA-A2-A3XS-01/tumor_core_wsi_summary.csv,TCGA-A2-A3XS,Dead,1032.0,,1032.0,1.0,1032.0,33.90554414784394,2.8254620123203287,matched
TCGA-A2-A3XU-01Z-00-DX1.174A92D4-50B2-4A59-AD31-D5EC5BBF2F65,TCGA-A2-A3XU-01,TCGA-A2-A3XU,5,5,178.19313933713562,131.49133264114343,0.737914675785391,1451003.58934504,1451.00358934504,11.034975159199377,555,3.1145980258530495,1.1488876863916557,0.01319491169709216,0.6925323460219317,1.1870689801157932,0.9117952123056612,151.13997051881228,14.281079006247982,0.9727471862959058,/data1/deasy/Himangi/breast_feature_extraction/Ductal_outputs/TCGA-A2-A3XU-01/tumor_core_wsi_summary.csv,TCGA-A2-A3XU,Dead,912.0,,912.0,1.0,912.0,29.963039014373717,2.4969199178644765,matched
TCGA-A2-A3XV-01Z-00-DX1.4B58B7CD-B3F6-4C31-863F-924D291EF17C,TCGA-A2-A3XV-01,TCGA-A2-A3XV,6,6,153.90883470630703,99.05561021824592,0.6435992476147745,1403178.2445882694,1403.1782445882693,14.165560552266484,772,5.015956371011132,1.232554867372273,0.057836376121973086,0.6740004018361431,1.7409848981089078,0.2747083134711007,159.99411996303095,19.12894350522477,0.9486691301884105,/data1/deasy/Himangi/breast_feature_extraction/Ductal_outputs/TCGA-A2-A3XV-01/tumor_core_wsi_summary.csv,TCGA-A2-A3XV,Alive,,,996.0,0.0,,,,matched
TCGA-A2-A3XW-01Z-00-DX1.45F5F36F-5503-4A38-AF37-E526915A8DBE,TCGA-A2-A3XW-01,TCGA-A2-A3XW,6,6,110.6093888373022,71.26860298760069,0.6443268852378459,1002181.5850395302,1002.1815850395302,14.062034935831278,697,6.301454219453583,1.3733888802167276,0.03955942994131915,0.7130408273121404,1.6671562811437084,0.33058948756878387,120.68320773066888,12.507102038010526,0.9699662089553621,/data1/deasy/Himangi/breast_feature_extraction/Ductal_outputs/TCGA-A2-A3XW-01/tumor_core_wsi_summary.csv,TCGA-A2-A3XW,Alive,,,1712.0,0.0,,,,matched
TCGA-A2-A3XX-01Z-00-DX1.03C6D70F-2833-4E97-91B7-DE70CD083D92,TCGA-A2-A3XX-01,TCGA-A2-A3XX,4,4,69.25274621291572,46.61667125665458,0.6731382335847429,563886.2907875555,563.8862907875555,12.09623672361763,261,3.7688036110158354,1.3522650412687993,0.05454968233559008,0.7013267040609493,1.2423179722513902,0.2213004408125329,149.04017377558867,13.778003458840182,0.9451752274610598,/data1/deasy/Himangi/breast_feature_extraction/Ductal_outputs/TCGA-A2-A3XX-01/tumor_core_wsi_summary.csv,TCGA-A2-A3XX,Dead,1439.0,,1439.0,1.0,1439.0,47.27720739219713,3.9397672826830936,matched
TCGA-A2-A3XY-01Z-00-DX1.E57FC9BF-411E-4028-AC10-8BCA5D0C8472,TCGA-A2-A3XY-01,TCGA-A2-A3XY,16,16,108.45454669909577,52.276433991956715,0.48201237830071125,1367009.3592711287,1367.0093592711287,26.14962909446841,1055,9.727577423997438,1.2512473891110878,0.07497725742087896,0.5741412881270185,1.7414585320662856,0.2540379124331952,130.73073406611508,16.208494197960338,0.9352657512623468,/data1/deasy/Himangi/breast_feature_extraction/Ductal_outputs/TCGA-A2-A3XY-01/tumor_core_wsi_summary.csv,TCGA-A2-A3XY,Dead,1093.0,,1093.0,1.0,1093.0,35.90965092402464,2.9924709103353866,matched
TCGA-A2-A3XZ-01Z-00-DX1.B7A1344E-7015-4A21-B3D4-EB760161BE7C,TCGA-A2-A3XZ-01,TCGA-A2-A3XZ,6,6,82.53827294384571,54.1104018301457,0.6555795257184422,694047.5226568789,694.0475226568789,12.826508382538288,335,4.058723160198841,1.38329660580208,0.05365269198391046,0.7066495862213197,1.233549307047937,0.7027105530925067,181.21438113856593,19.63370605614193,0.9375492225161961,/data1/deasy/Himangi/breast_feature_extraction/Ductal_outputs/TCGA-A2-A3XZ-01/tumor_core_wsi_summary.csv,TCGA-A2-A3XZ,Alive,,,1532.0,0.0,,,,matched
TCGA-A2-A3Y0-01Z-00-DX1.A1EDDF82-FFAA-44A4-A749-7FB6F8133CC0,TCGA-A2-A3Y0-01,TCGA-A2-A3Y0,11,11,111.03172778286174,72.24880139955008,0.6507041081162208,747561.4389532938,747.5614389532939,10.34704278094708,302,2.7199432633400407,1.271243736795427,0.029937819057830453,0.6553614050497437,2.0759939504328258,0.8126276417366518,184.39011534096636,19.589880875644347,0.9318447673980214,/data1/deasy/Himangi/breast_feature_extraction/Ductal_outputs/TCGA-A2-A3Y0-01/tumor_core_wsi_summary.csv,TCGA-A2-A3Y0,Alive,,,1546.0,0.0,,,,matched
TCGA-A2-A4S3-01Z-00-DX1.50699E65-E536-4C9B-93A7-4C9894624A29,TCGA-A2-A4S3-01,TCGA-A2-A4S3,4,4,130.71039534148892,66.61002608471551,0.5096000659373171,1580225.437902114,1580.225437902114,23.723537292904858,937,7.168519363376035,1.2757503448294454,0.04994028278522877,0.649657317372181,1.6574835656192488,0.1861791318708408,137.18939670791758,12.805797308964657,0.960273684169176,/data1/deasy/Himangi/breast_feature_extraction/Ductal_outputs/TCGA-A2-A4S3-01/tumor_core_wsi_summary.csv,TCGA-A2-A4S3,Alive,,,666.0,0.0,,,,matched
TCGA-A7-A0CD-01Z-00-DX1.F045B9C8-049C-41BF-8432-EF89F236D34D,TCGA-A7-A0CD-01,TCGA-A7-A0CD,2,2,22.644132891631934,12.198567307778946,0.5387076363735211,293481.28024688235,293.48128024688236,24.058667943712642,169,7.463301898499871,,0.04399164123948087,0.6728107750345829,1.5368246675546267,0.6709681695876193,115.01880463208101,12.720832398722807,0.8823724670998659,/data1/deasy/Himangi/breast_feature_extraction/Ductal_outputs/TCGA-A7-A0CD-01/tumor_core_wsi_summary.csv,TCGA-A7-A0CD,Alive,,,1165.0,0.0,,,,matched
TCGA-A7-A0CE-01Z-00-DX2.5AD1DB65-10E7-4996-AB5E-13D7851EC5FA,TCGA-A7-A0CE-01,TCGA-A7-A0CE,7,7,100.20777503881311,62.05038543036937,0.6192172753694573,630307.0529950026,630.3070529950026,10.15798771632627,187,1.8661226629128327,1.509554527112726,0.05627057402881472,0.6632694922574218,1.5926638556078765,0.5625361476767499,264.5142858127313,27.984423443816212,0.8684072005936255,/data1/deasy/Himangi/breast_feature_extraction/Ductal_outputs/TCGA-A7-A0CE-01/tumor_core_wsi_summary.csv,TCGA-A7-A0CE,Alive,,,1074.0,0.0,,,,matched
TCGA-A7-A0CJ-01Z-00-DX1.E26F2F62-D688-4373-BB7B-790A06734E49,TCGA-A7-A0CJ-01,TCGA-A7-A0CJ,7,7,8.369574668128447,2.1764795894633204,0.2600466183486492,139975.13277040853,139.97513277040852,64.31263286274317,126,15.05452845528832,1.4626523544712071,0.11008387362390033,0.648437718017011,1.8076192177703543,0.5323153902863229,172.59557658381124,19.942970755212926,0.7570582009720408,/data1/deasy/Himangi/breast_feature_extraction/Ductal_outputs/TCGA-A7-A0CJ-01/TCGA-A7-A0CJ-01Z-00-DX1.E26F2F62-D688-4373-BB7B-790A06734E49__tumor_core_wsi_summary.csv,TCGA-A7-A0CJ,Alive,,,931.0,0.0,,,,matched
TCGA-A7-A0CJ-01Z-00-DX2.4B591117-5FC9-4B43-8A45-444CCCABC666,TCGA-A7-A0CJ-01,TCGA-A7-A0CJ,5,5,37.28638450972056,20.250113054234887,0.5430967180246634,419975.8833906024,419.9758833906024,20.739434010358437,203,5.444346580373806,1.3808413557715347,0.04023798044078196,0.5490923728889721,2.203066475473076,0.5345333716568147,134.0347838003386,12.66164232710541,0.9163955032476395,/data1/deasy/Himangi/breast_feature_extraction/Ductal_outputs/TCGA-A7-A0CJ-01/TCGA-A7-A0CJ-01Z-00-DX2.4B591117-5FC9-4B43-8A45-444CCCABC666__tumor_core_wsi_summary.csv,TCGA-A7-A0CJ,Alive,,,931.0,0.0,,,,matched
TCGA-A7-A0D9-01Z-00-DX1.FBC3B90F-C58B-4476-8354-0AF9248324E3,TCGA-A7-A0D9-01,TCGA-A7-A0D9,6,6,10.389391420925065,2.037051690648313,0.196070357551986,199789.8646339844,199.7898646339844,98.07795528762412,303,29.164364660449095,1.4225887535370343,0.22876360026165854,0.6942998518764282,1.9158261339259928,0.220155108869737,99.10064897043608,15.593095844283004,0.8484293593521486,/data1/deasy/Himangi/breast_feature_extraction/Ductal_outputs/TCGA-A7-A0D9-01/TCGA-A7-A0D9-01Z-00-DX1.FBC3B90F-C58B-4476-8354-0AF9248324E3__tumor_core_wsi_summary.csv,TCGA-A7-A0D9,Alive,,,1139.0,0.0,,,,matched
TCGA-A7-A0D9-01Z-00-DX2.66CD9ED8-223B-4AC8-AA1A-2481FB0C47B3,TCGA-A7-A0D9-01,TCGA-A7-A0D9,3,3,10.350614799119581,2.3158564072022996,0.2237409518320869,182656.379339356,182.656379339356,78.87206597580737,236,22.800577992726968,,0.18735433272890717,0.6738523458466955,1.705940464056885,0.14316824679486342,116.16099263513435,16.130169531321723,0.9281756479064509,/data1/deasy/Himangi/breast_feature_extraction/Ductal_outputs/TCGA-A7-A0D9-01/TCGA-A7-A0D9-01Z-00-DX2.66CD9ED8-223B-4AC8-AA1A-2481FB0C47B3__tumor_core_wsi_summary.csv,TCGA-A7-A0D9,Alive,,,1139.0,0.0,,,,matched
TCGA-A7-A0DB-01Z-00-DX2.6C6A5F9C-294F-4A86-A0F1-B68D4729B535,TCGA-A7-A0DB-01,TCGA-A7-A0DB,5,5,42.95163524044458,11.652544736984579,0.2712945542527839,942313.2251316543,942.3132251316543,80.86759127736283,1198,27.891836790230663,,0.15975082178248656,0.6310339430374865,1.849345385913872,0.13834192530345596,96.39274275293046,14.454019022667236,0.9464130378377562,/data1/deasy/Himangi/breast_feature_extraction/Ductal_outputs/TCGA-A7-A0DB-01/tumor_core_wsi_summary.csv,TCGA-A7-A0DB,Alive,,,1007.0,0.0,,,,matched
TCGA-A7-A13F-01Z-00-DX1.AB4ADDD3-8E1C-4AB9-813E-D137A2CFB950,TCGA-A7-A13F-01,TCGA-A7-A13F,3,3,59.88146164352894,12.975489274879791,0.21668624844400378,1316486.7768657266,1316.4867768657266,101.45950946253801,1895,31.645854125619564,1.3764621797181351,0.18103342583671272,0.670328259261182,2.018553993934232,0.06084418215099719,89.23395151457001,14.733586282994295,0.9607462853416683,/data1/deasy/Himangi/breast_feature_extraction/Ductal_outputs/TCGA-A7-A13F-01/TCGA-A7-A13F-01Z-00-DX1.AB4ADDD3-8E1C-4AB9-813E-D137A2CFB950__tumor_core_wsi_summary.csv,TCGA-A7-A13F,Alive,,,765.0,0.0,,,,matched
TCGA-A7-A13F-01Z-00-DX2.8CC23BAD-B3CC-4BBC-832A-A3879D6EF62D,TCGA-A7-A13F-01,TCGA-A7-A13F,4,4,54.42011456329134,12.498031911647265,0.2296583168179825,1483235.2715595458,1483.2352715595457,118.67750715032798,2106,38.69892624997496,,0.17569990228014323,0.64579498466288,2.0497576172510907,0.07604269156632193,85.19059512459515,12.292967021877663,0.9468654462733244,/data1/deasy/Himangi/breast_feature_extraction/Ductal_outputs/TCGA-A7-A13F-01/TCGA-A7-A13F-01Z-00-DX2.8CC23BAD-B3CC-4BBC-832A-A3879D6EF62D__tumor_core_wsi_summary.csv,TCGA-A7-A13F,Alive,,,765.0,0.0,,,,matched
TCGA-A7-A13G-01Z-00-DX1.C258C545-8C1F-41D4-846F-962A746CBDFB,TCGA-A7-A13G-01,TCGA-A7-A13G,2,2,13.262687135238156,5.407638481491181,0.4077332463889171,268110.0736798851,268.11007367988515,49.57988123606084,173,13.044113778447619,1.7190057207146512,0.07094763798539988,0.5711774850954663,1.6521683373596106,0.2644483512981124,129.09234172750755,8.9090858135718,0.8876863561286015,/data1/deasy/Himangi/breast_feature_extraction/Ductal_outputs/TCGA-A7-A13G-01/tumor_core_wsi_summary.csv,TCGA-A7-A13G,Alive,,,718.0,0.0,,,,matched
TCGA-A7-A26H-01Z-00-DX1.3344CFD3-5A19-4B01-BEB2-AB89F83FD53A,TCGA-A7-A26H-01,TCGA-A7-A26H,14,14,20.518009106165525,5.867385655255045,0.28596271816118524,325772.02990456135,325.77202990456135,55.522518723954676,303,14.767514646874316,1.4384331331236146,0.12614377567338692,0.6718660034023243,1.589818108043201,0.5025324217209923,129.778479645508,12.633031185841864,0.7932683932587167,/data1/deasy/Himangi/breast_feature_extraction/Ductal_outputs/TCGA-A7-A26H-01/tumor_core_wsi_summary.csv,TCGA-A7-A26H,Alive,,,724.0,0.0,,,,matched
TCGA-A7-A2KD-01Z-00-DX1.BFF2DFC8-1D95-4DC2-98FC-5BD7D7C6CDF5,TCGA-A7-A2KD-01,TCGA-A7-A2KD,9,9,125.03888554882259,44.395185071448985,0.35505102973838065,2133349.918554054,2133.349918554054,48.05363273338473,2157,17.250633597160295,1.248746995603066,0.12507110547830214,0.6374204480687146,1.8431760237558437,0.20313525256178597,119.49125220735498,14.599998832637718,0.9599258695724812,/data1/deasy/Himangi/breast_feature_extraction/Ductal_outputs/TCGA-A7-A2KD-01/tumor_core_wsi_summary.csv,TCGA-A7-A2KD,Alive,,,679.0,0.0,,,,matched
TCGA-A7-A4SD-01Z-00-DX1.677152B3-17B2-42DB-AEEC-C9509ACCE831,TCGA-A7-A4SD-01,TCGA-A7-A4SD,4,4,64.31089802901673,34.86602033631257,0.542147931452943,566286.4750879214,566.2864750879214,16.24178697842783,311,4.835883334418352,1.6712970395095377,0.07682877072045684,0.6256077564619748,1.668077057852148,0.5518917417618725,159.93582229874224,21.958743075918747,0.9147773386949904,/data1/deasy/Himangi/breast_feature_extraction/Ductal_outputs/TCGA-A7-A4SD-01/tumor_core_wsi_summary.csv,TCGA-A7-A4SD,Alive,,,441.0,0.0,,,,matched
TCGA-A7-A4SF-01Z-00-DX1.CDCFD4BC-4363-4CF2-95F5-4922E04C3B9D,TCGA-A7-A4SF-01,TCGA-A7-A4SF,2,2,16.03297724259512,10.2597025082896,0.6399124974139206,178642.03791074804,178.64203791074803,17.41200953598893,107,6.673744893476867,,0.04135088303214661,0.7170574281711021,1.7503775973194269,0.7747307597486357,118.15847568567467,11.66699433621562,0.9381904863556566,/data1/deasy/Himangi/breast_feature_extraction/Ductal_outputs/TCGA-A7-A4SF-01/tumor_core_wsi_summary.csv,TCGA-A7-A4SF,Alive,,,545.0,0.0,,,,matched
TCGA-A7-A56D-01Z-00-DX1.87D9CCF4-04EE-46D2-B7FC-A83561D7752C,TCGA-A7-A56D-01,TCGA-A7-A56D,4,4,43.87944290364803,13.810965218349754,0.31474796178876613,832271.2433959602,832.2712433959601,60.261627644255746,982,22.379500171784517,,0.15583888203533533,0.6178909459201812,1.8143654949730281,0.10555044337043606,110.61735171492111,16.049520881859113,0.9418808822742166,/data1/deasy/Himangi/breast_feature_extraction/Ductal_outputs/TCGA-A7-A56D-01/tumor_core_wsi_summary.csv,TCGA-A7-A56D,Alive,,,448.0,0.0,,,,matched
TCGA-A7-A6VV-01Z-00-DX1.07AE0E16-A883-4C86-BC74-4E13081175F2,TCGA-A7-A6VV-01,TCGA-A7-A6VV,1,1,40.62151476860984,12.797133042076814,0.3150333786165394,611055.9818050397,611.0559818050397,47.749443550824644,690,16.986072625070975,,0.19393182141886264,0.687905393735868,1.818703840270032,0.06920636322613465,131.61628947911424,20.066096560859673,0.9730071679683594,/data1/deasy/Himangi/breast_feature_extraction/Ductal_outputs/TCGA-A7-A6VV-01/TCGA-A7-A6VV-01Z-00-DX1.07AE0E16-A883-4C86-BC74-4E13081175F2__tumor_core_wsi_summary.csv,TCGA-A7-A6VV,Alive,,,313.0,0.0,,,,matched
TCGA-A7-A6VW-01Z-00-DX1.1BC4790C-DB45-4A3D-9C97-92C92C03FF60,TCGA-A7-A6VW-01,TCGA-A7-A6VW,4,4,34.802001410396635,21.88286804576211,0.6287818849184028,246407.59539498563,246.40759539498563,11.260297090842512,81,2.3274523509387115,1.506768272721989,0.08351234806869978,0.7485386768170085,1.8767760031150094,0.6748641390866889,206.20297170562634,16.775703432007827,0.7849039320864575,/data1/deasy/Himangi/breast_feature_extraction/Ductal_outputs/TCGA-A7-A6VW-01/tumor_core_wsi_summary.csv,TCGA-A7-A6VW,Alive,,,285.0,0.0,,,,matched
TCGA-A7-A6VX-01Z-00-DX1.F74DA243-C65A-4997-BCA0-F1C89675978C,TCGA-A7-A6VX-01,TCGA-A7-A6VX,6,6,27.443686795607757,15.93074540716272,0.5804885300510122,313127.3970119525,313.1273970119525,19.655539587693454,243,8.854495454994447,1.5284028604941153,0.058906848753575936,0.7571807230080974,1.7145701761281837,0.8445227789763979,125.26439982576643,16.105135559818144,0.9090064997197072,/data1/deasy/Himangi/breast_feature_extraction/Ductal_outputs/TCGA-A7-A6VX-01/TCGA-A7-A6VX-01Z-00-DX1.F74DA243-C65A-4997-BCA0-F1C89675978C__tumor_core_wsi_summary.csv,TCGA-A7-A6VX,Alive,,,317.0,0.0,,,,matched
TCGA-A7-A6VY-01Z-00-DX1.38D4EBD7-40B0-4EE3-960A-1F00E8F83ADB,TCGA-A7-A6VY-01,TCGA-A7-A6VY,4,4,20.8213438779042,10.003722380064515,0.48045517324559217,329604.70553637453,329.6047055363745,32.94820597912763,225,10.806218912640507,1.2748332163974596,0.05713514130284197,0.6270308882914142,1.3504254925479973,0.522743444886142,125.54403637297472,11.489739356623103,0.9215723039998128,/data1/deasy/Himangi/breast_feature_extraction/Ductal_outputs/TCGA-A7-A6VY-01/tumor_core_wsi_summary.csv,TCGA-A7-A6VY,Alive,,,266.0,0.0,,,,matched
TCGA-A8-A06O-01Z-00-DX1.FA4495B2-5B13-4448-ADCB-EF5316E0955B,TCGA-A8-A06O-01,TCGA-A8-A06O,3,3,22.527635765636838,7.173733289668331,0.3184414629346496,412721.57506719785,412.7215750671978,57.53232778553432,339,15.048183641050482,1.6190273700216522,0.07916372676192979,0.645977717097685,1.7649992984830063,0.30289779627600616,113.36943311868254,16.58688248150965,0.9154738621592508,/data1/deasy/Himangi/breast_feature_extraction/Ductal_outputs/TCGA-A8-A06O-01/tumor_core_wsi_summary.csv,TCGA-A8-A06O,Alive,,,396.0,0.0,,,,matched
TCGA-A8-A06P-01Z-00-DX1.37660D0F-1595-43C5-9D30-58D6CB93B52C,TCGA-A8-A06P-01,TCGA-A8-A06P,3,3,28.631251972576553,8.849554882478404,0.3090872481215506,642784.5271256533,642.7845271256533,72.63467323066482,785,27.41759252274001,1.6657493620587234,0.09212939979724198,0.6399709707024294,1.8923168835273219,0.4070890562520847,95.38226774276303,16.715774359402467,0.9478165375730633,/data1/deasy/Himangi/breast_feature_extraction/Ductal_outputs/TCGA-A8-A06P-01/tumor_core_wsi_summary.csv,TCGA-A8-A06P,Alive,,,396.0,0.0,,,,matched
TCGA-A8-A06Q-01Z-00-DX1.622AC6E4-DB1A-4C8D-8185-52D4FD1F30B4,TCGA-A8-A06Q-01,TCGA-A8-A06Q,1,1,26.452694588230752,18.578304780804803,0.7023218265662282,271872.36447813164,271.87236447813166,14.633862867780678,98,3.7047265515098733,1.448164276710241,0.02526427251469167,0.777203406400697,1.2930810864171158,0.5140450905199958,124.94530053187275,13.941058513869546,0.8683125804273166,/data1/deasy/Himangi/breast_feature_extraction/Ductal_outputs/TCGA-A8-A06Q-01/tumor_core_wsi_summary.csv,TCGA-A8-A06Q,Alive,,,31.0,0.0,,,,matched
TCGA-A8-A06R-01Z-00-DX1.41476D0D-BA72-4FB8-B143-9EB679F26D28,TCGA-A8-A06R-01,TCGA-A8-A06R,1,1,33.029606730446496,13.785675989903858,0.41737330094203945,927818.8363515051,927.8188363515052,67.30310773523235,467,14.138830165650207,1.777043998724505,0.03223440516996377,0.5876041947861829,1.6077135333215131,0.32900164056500975,113.36404302070387,13.865424623862047,0.9550269945581005,/data1/deasy/Himangi/breast_feature_extraction/Ductal_outputs/TCGA-A8-A06R-01/tumor_core_wsi_summary.csv,TCGA-A8-A06R,Alive,,,547.0,0.0,,,,matched
TCGA-A8-A06T-01Z-00-DX1.BA8B8FC3-6169-48C1-BE1F-37F140CB4D3B,TCGA-A8-A06T-01,TCGA-A8-A06T,1,1,36.61314481922556,22.735163532252095,0.6209563162220871,451749.3555993596,451.7493555993596,19.870072848101934,214,5.844895352655656,1.663628974627805,0.037527333316546674,0.6797298283167056,1.6840145770300252,0.4958830110399865,137.89517301998828,10.423929188706742,0.9430591079799681,/data1/deasy/Himangi/breast_feature_extraction/Ductal_outputs/TCGA-A8-A06T-01/tumor_core_wsi_summary.csv,TCGA-A8-A06T,Alive,,,1614.0,0.0,,,,matched
TCGA-A8-A06U-01Z-00-DX1.56070AB9-A73E-44B8-8051-D93E8F881BBE,TCGA-A8-A06U-01,TCGA-A8-A06U,3,3,18.18501941214017,8.159377791749847,0.4486867793114762,237713.26019775597,237.71326019775597,29.133748462795026,83,4.564196392586189,1.4290753393396838,0.04976762252746485,0.71598249835588,1.6576941556787308,0.5337516786374013,244.43282435938076,11.793679934505096,0.8593744854370335,/data1/deasy/Himangi/breast_feature_extraction/Ductal_outputs/TCGA-A8-A06U-01/tumor_core_wsi_summary.csv,TCGA-A8-A06U,Dead,883.0,,883.0,1.0,883.0,29.010266940451746,2.4175222450376452,matched
TCGA-A8-A06X-01Z-00-DX1.21F19EDD-ABCB-4398-B210-D795BB7A34E3,TCGA-A8-A06X-01,TCGA-A8-A06X,2,2,36.90987956654519,27.81228270181104,0.7535186521448274,253356.20417121315,253.35620417121314,9.10950772676834,102,2.76348774902132,1.3909234594542794,0.04322620616684978,0.8201506300398246,1.423736254300832,0.6627486722957578,127.55621674684478,10.52492471675931,0.923921534011604,/data1/deasy/Himangi/breast_feature_extraction/Ductal_outputs/TCGA-A8-A06X-01/tumor_core_wsi_summary.csv,TCGA-A8-A06X,Dead,943.0,,943.0,1.0,943.0,30.981519507186857,2.5817932922655715,matched
TCGA-A8-A06Z-01Z-00-DX1.2BC8B71D-E01B-4CC1-B5E7-09BB54A5E1F8,TCGA-A8-A06Z-01,TCGA-A8-A06Z,1,1,54.00255215190334,44.43279358825327,0.822790624103628,206188.8007938424,206.1888007938424,4.6404644890109426,54,0.9999527401613139,1.3268164527997897,0.030981356559412795,0.8454988844765361,1.508908832353416,0.9580404941606219,243.6259724023192,11.715169943749475,0.9307199133942915,/data1/deasy/Himangi/breast_feature_extraction/Ductal_outputs/TCGA-A8-A06Z-01/tumor_core_wsi_summary.csv,TCGA-A8-A06Z,Alive,,,31.0,0.0,,,,matched
TCGA-A8-A075-01Z-00-DX1.8E06AF51-951F-48E8-934E-42A455F65E5F,TCGA-A8-A075-01,TCGA-A8-A075,1,1,42.266752259271996,23.327128539024844,0.5519025544222553,647856.2595642271,647.8562595642271,27.772653564299766,358,8.470014393440085,1.6725296100005935,0.025928651519006713,0.554043717299712,1.606500637053935,0.4499990794035237,126.60836718226201,11.79478211736217,0.9402373002061921,/data1/deasy/Himangi/breast_feature_extraction/Ductal_outputs/TCGA-A8-A075-01/tumor_core_wsi_summary.csv,TCGA-A8-A075,Alive,,,518.0,0.0,,,,matched
TCGA-A8-A076-01Z-00-DX1.BAAC4F9C-0C04-42FB-95F4-D765305089B8,TCGA-A8-A076-01,TCGA-A8-A076,1,1,42.911713146077,25.40681233504948,0.5920717322228879,538499.4649085986,538.4994649085986,21.195081768117838,367,8.552443449430339,1.5576813222834085,0.03230244688138818,0.6679948555473191,1.3264769481734804,0.7750356441187177,117.21083101083279,16.25,0.9703741769980787,/data1/deasy/Himangi/breast_feature_extraction/Ductal_outputs/TCGA-A8-A076-01/tumor_core_wsi_summary.csv,TCGA-A8-A076,Alive,,,1642.0,0.0,,,,matched
TCGA-A8-A079-01Z-00-DX1.DC32BC20-A3BC-43B3-B69F-1E71E289EA34,TCGA-A8-A079-01,TCGA-A8-A079,3,3,94.13936648436314,53.54475683743888,0.5687817842531675,1274881.9312669123,1274.8819312669123,23.809650217246023,732,7.775705608998204,1.7035303454268658,0.047584072892134635,0.6543648855147873,1.6037735896546792,0.2344870431798194,140.78844531950895,11.556670120829136,0.9715933293447933,/data1/deasy/Himangi/breast_feature_extraction/Ductal_outputs/TCGA-A8-A079-01/tumor_core_wsi_summary.csv,TCGA-A8-A079,Alive,,,274.0,0.0,,,,matched
TCGA-A8-A07E-01Z-00-DX1.AC684481-979A-46F9-91D7-C56CE85992F2,TCGA-A8-A07E-01,TCGA-A8-A07E,11,11,17.909298972789045,2.669225864035742,0.14904133702225306,303486.0221024319,303.48602210243195,113.6981422934272,468,26.131676103630177,1.5339700042811701,0.2410380027002485,0.7322141073446663,1.8420526477499892,0.11302969028035262,111.68602660428974,27.526287649811227,0.8862097484557839,/data1/deasy/Himangi/breast_feature_extraction/Ductal_outputs/TCGA-A8-A07E-01/tumor_core_wsi_summary.csv,TCGA-A8-A07E,Alive,,,608.0,0.0,,,,matched
TCGA-A8-A07F-01Z-00-DX1.E6FE5B3A-A412-4E7B-A710-7DFD3596F4E3,TCGA-A8-A07F-01,TCGA-A8-A07F,1,1,34.6139801900702,7.0110251200357,0.20254894356376182,1095698.6074867777,1095.6986074867777,156.28222531332173,1054,30.45012432006775,1.7473027640072458,0.10588782905899138,0.633628920466329,2.105526352829448,0.035705007042346734,99.28616312186358,14.825001260266593,0.9623646140449557,/data1/deasy/Himangi/breast_feature_extraction/Ductal_outputs/TCGA-A8-A07F-01/tumor_core_wsi_summary.csv,TCGA-A8-A07F,Alive,,,577.0,0.0,,,,matched
TCGA-A8-A07G-01Z-00-DX1.37E8A762-8141-4BE6-935A-B3DCB712BB4A,TCGA-A8-A07G-01,TCGA-A8-A07G,3,3,11.54213464012599,0.8108475037540683,0.07025108691204954,367401.0842329897,367.4010842329897,453.10749867514323,176,15.24847920142429,1.4692494136396486,0.07022297943070115,0.6125263705013876,1.846732352272141,0.10185633258552111,114.19661507275215,37.75275611105637,0.8713413425121043,/data1/deasy/Himangi/breast_feature_extraction/Ductal_outputs/TCGA-A8-A07G-01/tumor_core_wsi_summary.csv,TCGA-A8-A07G,Alive,,,577.0,0.0,,,,matched
TCGA-A8-A07J-01Z-00-DX1.FE16248C-D890-4750-A9FC-5F72BE8D8B85,TCGA-A8-A07J-01,TCGA-A8-A07J,4,4,15.081371541177923,3.253263125368619,0.21571400959693646,397772.51222434663,397.77251222434666,122.26877965159245,455,30.169669831266717,1.7096840240177764,0.1262674534568907,0.6146280827274277,2.065663624608624,0.14354907301905473,92.58492222298871,12.768829123069338,0.9079897491680126,/data1/deasy/Himangi/breast_feature_extraction/Ductal_outputs/TCGA-A8-A07J-01/tumor_core_wsi_summary.csv,TCGA-A8-A07J,Alive,,,365.0,0.0,,,,matched
TCGA-A8-A07O-01Z-00-DX1.3D657129-F2A7-4BC1-A910-805FBDCE2212,TCGA-A8-A07O-01,TCGA-A8-A07O,2,2,36.63022319388905,14.651626871524844,0.39998737637965437,714460.556251514,714.460556251514,48.763223532538525,406,11.083743548353048,1.7078114278950938,0.06054491791478724,0.6196468845340134,1.6929390395209767,0.2634110592836487,130.36507238607024,8.266957533714994,0.9629773903805058,/data1/deasy/Himangi/breast_feature_extraction/Ductal_outputs/TCGA-A8-A07O-01/tumor_core_wsi_summary.csv,TCGA-A8-A07O,Alive,,,304.0,0.0,,,,matched
TCGA-A8-A07P-01Z-00-DX1.2C7C75EF-EEE2-4A42-994C-A1A40850C87A,TCGA-A8-A07P-01,TCGA-A8-A07P,1,1,24.524292478007943,12.539281003999559,0.5113004183604525,471893.57754958427,471.8935775495843,37.63322453648403,210,8.5629381637948,1.6782364029163739,0.03128469265275048,0.5928725585202188,1.98067792526759,0.38251393029344555,132.74481316033618,13.598023316528984,0.9368617813737601,/data1/deasy/Himangi/breast_feature_extraction/Ductal_outputs/TCGA-A8-A07P-01/tumor_core_wsi_summary.csv,TCGA-A8-A07P,Alive,,,334.0,0.0,,,,matched
TCGA-A8-A07R-01Z-00-DX1.D716752E-86AF-468B-A905-A7894B978F22,TCGA-A8-A07R-01,TCGA-A8-A07R,1,1,31.85520849266362,18.143866741013706,0.569573002329974,499884.6377325546,499.88463773255455,27.551163424419297,233,7.3143454720649785,1.6663323378743253,0.032087992170955884,0.6827866436296268,1.5810192936920162,0.26390714353559486,130.55320993755765,14.67353059082919,0.9178814368390981,/data1/deasy/Himangi/breast_feature_extraction/Ductal_outputs/TCGA-A8-A07R-01/tumor_core_wsi_summary.csv,TCGA-A8-A07R,Alive,,,273.0,0.0,,,,matched
TCGA-A8-A07W-01Z-00-DX1.5970CF33-D675-4AF4-800F-7182AA1A44A6,TCGA-A8-A07W-01,TCGA-A8-A07W,1,1,50.269185830467364,23.598994001210006,0.4694524809054501,995321.8965078121,995.3218965078121,42.176454490254045,854,16.98853852298527,1.7582413680426372,0.0663227997193084,0.5763297787515962,1.955827148569807,0.23285613424112414,98.13614586379475,12.25,0.951072189340431,/data1/deasy/Himangi/breast_feature_extraction/Ductal_outputs/TCGA-A8-A07W-01/tumor_core_wsi_summary.csv,TCGA-A8-A07W,Alive,,,304.0,0.0,,,,matched
TCGA-A8-A07Z-01Z-00-DX1.713945D9-6855-456D-87FB-EF8AF8980F51,TCGA-A8-A07Z-01,TCGA-A8-A07Z,1,1,34.839088291906,22.77228687307702,0.6536418715172749,320987.81612830417,320.9878161283042,14.095545955369035,107,3.0712629189225598,1.6220537716908596,0.05114852247547403,0.6544989626011508,1.4448113468306205,0.48030243524026084,160.22191641595103,12.502499750049987,0.9002145287632967,/data1/deasy/Himangi/breast_feature_extraction/Ductal_outputs/TCGA-A8-A07Z-01/tumor_core_wsi_summary.csv,TCGA-A8-A07Z,Alive,,,1371.0,0.0,,,,matched
TCGA-A8-A081-01Z-00-DX1.06D727F7-4B41-419B-A251-3D804235ACE5,TCGA-A8-A081-01,TCGA-A8-A081,1,1,19.208578739992547,10.244625951390836,0.5333359687909326,250530.08532216208,250.53008532216208,24.454781122403936,94,4.8936468060643445,1.5005576030624717,0.0747923924363221,0.7942816069716426,1.4017443772202856,0.2979497135556383,150.98087389808168,5.963430220938282,0.8916227021157027,/data1/deasy/Himangi/breast_feature_extraction/Ductal_outputs/TCGA-A8-A081-01/tumor_core_wsi_summary.csv,TCGA-A8-A081,Alive,,,0.0,0.0,,,,matched
TCGA-A8-A082-01Z-00-DX1.5F82E38D-0DFD-4C2C-BC05-8F0EFEFC507C,TCGA-A8-A082-01,TCGA-A8-A082,1,1,31.95879506044597,21.25152817715786,0.6649665025531568,456572.9234872826,456.5729234872826,21.484239612378964,343,10.732569840360359,1.5490251964321986,0.03847592773456184,0.7720079846573593,1.616134234769247,0.43228678289264005,81.25338935238332,4.190763653560053,0.9666437983798587,/data1/deasy/Himangi/breast_feature_extraction/Ductal_outputs/TCGA-A8-A082-01/tumor_core_wsi_summary.csv,TCGA-A8-A082,Alive,,,549.0,0.0,,,,matched
TCGA-A8-A083-01Z-00-DX1.AD121BA9-B5FA-4A03-869B-8FE2C5014CE0,TCGA-A8-A083-01,TCGA-A8-A083,4,4,55.98156047290518,29.740576653854987,0.5312566567030459,1031735.5314411952,1031.7355314411952,34.691174399520634,576,10.289102253210347,1.644049666912721,0.0354610641642511,0.6639221039156414,1.7092217700551215,0.4846624929149378,116.21554285768951,5.802753142613648,0.9270691231552802,/data1/deasy/Himangi/breast_feature_extraction/Ductal_outputs/TCGA-A8-A083-01/tumor_core_wsi_summary.csv,TCGA-A8-A083,Alive,,,0.0,0.0,,,,matched
TCGA-A8-A085-01Z-00-DX1.0DA29016-AEA4-4E5F-B679-83095A79F5B3,TCGA-A8-A085-01,TCGA-A8-A085,3,3,40.40424625317655,21.686088335028217,0.536727951788564,721215.6383334982,721.2156383334982,33.25706449182735,448,11.087943509521072,1.574891009512363,0.030389682939158152,0.672147848502997,2.1000887536697537,0.42055173316913197,125.61728090938627,10.455871331997615,0.9614886098080533,/data1/deasy/Himangi/breast_feature_extraction/Ductal_outputs/TCGA-A8-A085-01/tumor_core_wsi_summary.csv,TCGA-A8-A085,Alive,,,1124.0,0.0,,,,matched
TCGA-A8-A08A-01Z-00-DX1.3BB777A0-8652-4483-8DD6-8EB88AB0A8EF,TCGA-A8-A08A-01,TCGA-A8-A08A,2,2,35.16555155366654,12.630238405176852,0.3591650876256471,818506.0544912254,818.5060544912254,64.80527352165721,911,25.90603473429708,1.7702360132154495,0.1099256805807071,0.6318781084769876,1.6470578677437406,0.1999453524154013,99.79192200136333,13.58891830575807,0.936391865970374,/data1/deasy/Himangi/breast_feature_extraction/Ductal_outputs/TCGA-A8-A08A-01/tumor_core_wsi_summary.csv,TCGA-A8-A08A,Alive,,,30.0,0.0,,,,matched
TCGA-A8-A08B-01Z-00-DX1.416316FD-E8BF-402C-939A-08920F08A181,TCGA-A8-A08B-01,TCGA-A8-A08B,2,2,31.353529811204275,17.69030146669657,0.5642204106912035,388008.4987901951,388.0084987901951,21.93340229507409,184,5.868557738409634,1.5817272722171714,0.05041623239017264,0.6468935707468881,1.6435523945799233,0.5474071153086847,156.2204193791141,13.573723529715744,0.8974901940833618,/data1/deasy/Himangi/breast_feature_extraction/Ductal_outputs/TCGA-A8-A08B-01/tumor_core_wsi_summary.csv,TCGA-A8-A08B,Alive,,,1156.0,0.0,,,,matched
TCGA-A8-A08C-01Z-00-DX1.0602211C-1098-4711-AA41-8F56B11DB36F,TCGA-A8-A08C-01,TCGA-A8-A08C,2,2,37.910376509890405,15.918377672848196,0.4198950033823923,767122.2508459858,767.1222508459858,48.19098193369654,675,17.805151574369088,1.796694080844625,0.09422142546944977,0.6274974499200271,1.4842788625785255,0.2413719238766634,121.0843313654105,14.205227051299554,0.9510148033691682,/data1/deasy/Himangi/breast_feature_extraction/Ductal_outputs/TCGA-A8-A08C-01/tumor_core_wsi_summary.csv,TCGA-A8-A08C,Alive,,,881.0,0.0,,,,matched
TCGA-A8-A08F-01Z-00-DX1.9D2222F6-1425-46FD-BC94-728EF835FAC2,TCGA-A8-A08F-01,TCGA-A8-A08F,1,1,35.08374511564019,16.066198280457574,0.4579385190349968,413809.40227910224,413.80940227910224,25.75652279745901,300,8.55096851864487,1.626748838472893,0.0672861918643469,0.7234607744355975,1.5654528197871176,0.5740155373873549,137.40786869545303,15.141896304530075,0.9729683235955622,/data1/deasy/Himangi/breast_feature_extraction/Ductal_outputs/TCGA-A8-A08F-01/tumor_core_wsi_summary.csv,TCGA-A8-A08F,Alive,,,1004.0,0.0,,,,matched
TCGA-A8-A08G-01Z-00-DX1.C3BB7FEC-91B7-4B45-8DFC-36CABCC0FD57,TCGA-A8-A08G-01,TCGA-A8-A08G,3,3,41.49964313793857,23.546518021426838,0.567390855462582,616970.3948597685,616.9703948597685,26.20219237079293,418,10.072375769850138,1.560126244169041,0.03752043447996372,0.7424486075872975,1.5411371422846736,0.7268793961387321,115.98444286489608,11.20272220292972,0.9491200476866041,/data1/deasy/Himangi/breast_feature_extraction/Ductal_outputs/TCGA-A8-A08G-01/tumor_core_wsi_summary.csv,TCGA-A8-A08G,Alive,,,607.0,0.0,,,,matched
TCGA-A8-A08H-01Z-00-DX1.6AA6A530-3BD3-4582-9D6B-8AE3B4A73948,TCGA-A8-A08H-01,TCGA-A8-A08H,1,1,35.986362828931604,17.050609331833602,0.4738075201677672,984568.5860816638,984.5685860816639,57.7438944802675,676,18.784893689131675,1.7216199286191765,0.03746186002943157,0.5996104492743096,1.7143732262277942,0.4857424519875179,103.85092338593617,13.594128316913773,0.9626986967433646,/data1/deasy/Himangi/breast_feature_extraction/Ductal_outputs/TCGA-A8-A08H-01/tumor_core_wsi_summary.csv,TCGA-A8-A08H,Alive,,,0.0,0.0,,,,matched
TCGA-A8-A08I-01Z-00-DX1.96A0065E-5430-40F6-835E-1A7238A79DDA,TCGA-A8-A08I-01,TCGA-A8-A08I,2,2,26.13532897802119,9.448271298673307,0.36151338697970636,412380.90784775995,412.38090784775994,43.64617556077852,241,9.221234605566732,1.6361134010911589,0.08490302780934446,0.6510380697266157,1.952403698731619,0.20771974494924253,171.3232180692458,17.89071775198555,0.9243237177114639,/data1/deasy/Himangi/breast_feature_extraction/Ductal_outputs/TCGA-A8-A08I-01/tumor_core_wsi_summary.csv,TCGA-A8-A08I,Alive,,,365.0,0.0,,,,matched
TCGA-A8-A08L-01Z-00-DX1.0FC652B1-336D-4198-93FE-58D2214866D3,TCGA-A8-A08L-01,TCGA-A8-A08L,3,3,57.352558110712366,31.045029288190687,0.5413015619680279,980611.7666433791,980.6117666433792,31.58675604846013,563,9.8164758215875,1.666886359856474,0.031116836282732447,0.6674126231165105,1.8120466747342734,0.7032648449252509,126.68490547003397,14.290903586380846,0.9548411738110457,/data1/deasy/Himangi/breast_feature_extraction/Ductal_outputs/TCGA-A8-A08L-01/tumor_core_wsi_summary.csv,TCGA-A8-A08L,Dead,30.0,,30.0,1.0,30.0,0.9856262833675564,0.08213552361396304,matched
TCGA-A8-A08O-01Z-00-DX1.BC87C01D-F081-41CA-939A-875C61588E88,TCGA-A8-A08O-01,TCGA-A8-A08O,1,1,21.399580625333556,7.575242425529135,0.3539902280403245,491990.8577112589,491.9908577112589,64.94720961710912,501,23.411673750601405,1.7485999434631359,0.11509102346946003,0.6190855908219496,1.8409735572290105,0.12796132647119415,109.20581557888755,14.285044627161653,0.9568381268682209,/data1/deasy/Himangi/breast_feature_extraction/Ductal_outputs/TCGA-A8-A08O-01/tumor_core_wsi_summary.csv,TCGA-A8-A08O,Alive,,,943.0,0.0,,,,matched
TCGA-A8-A08P-01Z-00-DX1.431A1290-9CF4-4CE7-A9F0-13F9ADA46ADA,TCGA-A8-A08P-01,TCGA-A8-A08P,4,4,51.81121115791431,24.41331428784877,0.4711975215835035,568774.9719765487,568.7749719765486,23.297736852535618,395,7.6238325870454515,1.564362166727781,0.06459936204655825,0.6892213737629234,1.617665370013525,0.5754386740092156,147.88206894080437,15.97455648325264,0.9400133111933325,/data1/deasy/Himangi/breast_feature_extraction/Ductal_outputs/TCGA-A8-A08P-01/tumor_core_wsi_summary.csv,TCGA-A8-A08P,Alive,,,943.0,0.0,,,,matched
TCGA-A8-A08R-01Z-00-DX1.72FBD9A3-5EB9-4855-89EB-697883C2EA9B,TCGA-A8-A08R-01,TCGA-A8-A08R,2,2,16.863583213823535,11.537085000000001,0.6841419675589907,146229.3125191239,146.22931251912388,12.674719178988788,43,2.5498732656504304,1.3326922242346755,0.027143655485703543,0.7533292745254229,1.578725569767998,0.9520038393128334,345.14479399257874,8.825509197587179,0.8175849249934007,/data1/deasy/Himangi/breast_feature_extraction/Ductal_outputs/TCGA-A8-A08R-01/tumor_core_wsi_summary.csv,TCGA-A8-A08R,Alive,,,30.0,0.0,,,,matched
TCGA-A8-A08S-01Z-00-DX1.C0E044C2-FC3F-4E3D-A779-A725FF375F21,TCGA-A8-A08S-01,TCGA-A8-A08S,2,2,26.993072574274247,15.309500871002628,0.5671640688134685,447425.6974341787,447.42569743417874,29.225361506176693,276,10.224845624393343,1.6289226427170906,0.02368573909901309,0.5526777929073494,1.8052419031930782,0.8714786150086986,116.69445996554292,15.288183014021556,0.9560236065548167,/data1/deasy/Himangi/breast_feature_extraction/Ductal_outputs/TCGA-A8-A08S-01/tumor_core_wsi_summary.csv,TCGA-A8-A08S,Alive,,,1004.0,0.0,,,,matched
TCGA-A8-A08T-01Z-00-DX1.ABA1ABF2-DDB1-4E31-89DC-0F7821311D11,TCGA-A8-A08T-01,TCGA-A8-A08T,2,2,42.79327912236646,14.49675011603953,0.33876231065598844,989900.3914483486,989.9003914483486,68.28429706828571,911,21.28838964163076,1.8103056845770809,0.08068245065445229,0.6264856805782618,1.7748870450453802,0.11822559379165419,105.10891358363043,14.484244921744585,0.9614866955670959,/data1/deasy/Himangi/breast_feature_extraction/Ductal_outputs/TCGA-A8-A08T-01/tumor_core_wsi_summary.csv,TCGA-A8-A08T,Dead,3409.0,,3409.0,1.0,3409.0,112.0,9.333333333333334,matched
TCGA-A8-A08X-01Z-00-DX1.01FB49CC-6B8E-4317-8C42-6B6D81187A40,TCGA-A8-A08X-01,TCGA-A8-A08X,2,2,28.056982015747167,8.580846013174485,0.3058363871195565,382608.42520945007,382.60842520945005,44.58865997851697,340,12.118195742121257,1.6964258329260515,0.15099084742415705,0.6800308685063033,1.8435222399464621,0.1813231118375273,137.052672857743,18.007966359471904,0.9180337805160849,/data1/deasy/Himangi/breast_feature_extraction/Ductal_outputs/TCGA-A8-A08X-01/tumor_core_wsi_summary.csv,TCGA-A8-A08X,Alive,,,1308.0,0.0,,,,matched
TCGA-A8-A08Z-01Z-00-DX1.D0AADCA6-C27C-4FB8-89C1-94B5901146E7,TCGA-A8-A08Z-01,TCGA-A8-A08Z,2,2,41.429948190750764,15.944366067492917,0.3848512190766509,936304.3332209773,936.3043332209774,58.723208515006284,715,17.258047166943445,1.6870321315780685,0.055395839444743404,0.5399436501018647,2.2875930717212243,0.16342686821645533,106.71372274660908,13.776635158154866,0.97006131630516,/data1/deasy/Himangi/breast_feature_extraction/Ductal_outputs/TCGA-A8-A08Z-01/tumor_core_wsi_summary.csv,TCGA-A8-A08Z,Alive,,,1217.0,0.0,,,,matched
TCGA-A8-A090-01Z-00-DX1.01574070-D65E-486F-B69D-0F8E3816D057,TCGA-A8-A090-01,TCGA-A8-A090,1,1,14.894251228295934,8.95976257460644,0.6015584427355961,237144.27557262004,237.14427557262005,26.467696392394267,161,10.809539703085845,1.4950456170936297,0.03128301021465241,0.7760285264934742,1.8960479131086405,0.6218996873734335,91.74489086592234,11.002840542332693,0.9274931806106625,/data1/deasy/Himangi/breast_feature_extraction/Ductal_outputs/TCGA-A8-A090-01/tumor_core_wsi_summary.csv,TCGA-A8-A090,Alive,,,0.0,0.0,,,,matched
TCGA-A8-A091-01Z-00-DX1.1F38CADB-A093-416E-A8A8-31E61CD730BA,TCGA-A8-A091-01,TCGA-A8-A091,2,2,20.590932213977045,12.550065863277444,0.6094947879415827,193392.30209960337,193.39230209960337,15.40966431622368,79,3.8366402831618815,1.4560915689780982,0.048394702588457475,0.7852806408051278,1.181578513579199,0.7004247493916074,171.08249801770242,10.749999999999998,0.9446580993763825,/data1/deasy/Himangi/breast_feature_extraction/Ductal_outputs/TCGA-A8-A091-01/tumor_core_wsi_summary.csv,TCGA-A8-A091,Alive,,,1004.0,0.0,,,,matched
TCGA-A8-A092-01Z-00-DX1.2A55EA0C-47CD-426B-9697-F2B761730585,TCGA-A8-A092-01,TCGA-A8-A092,4,4,45.88599540653357,16.068729695118964,0.3501881032056893,871423.909167434,871.423909167434,54.23103914879703,781,17.020443668718926,1.770819212276947,0.09363456456657424,0.6561706747857011,1.7133490749857267,0.13743583053757397,111.68048321278795,16.413212135269134,0.9492990333927064,/data1/deasy/Himangi/breast_feature_extraction/Ductal_outputs/TCGA-A8-A092-01/tumor_core_wsi_summary.csv,TCGA-A8-A092,Alive,,,942.0,0.0,,,,matched
TCGA-A8-A093-01Z-00-DX1.1C8056D1-11CD-482D-9A23-3A9D1B4E63F0,TCGA-A8-A093-01,TCGA-A8-A093,2,2,14.375491232174571,3.1729096582472565,0.22071660766247725,415133.369081418,415.133369081418,130.83680715660253,480,33.39016331669319,1.7218354166699452,0.13060046954266735,0.6157607499643859,2.040947848701051,0.11675932652473103,91.80175531843575,15.455815758056822,0.9028254378978808,/data1/deasy/Himangi/breast_feature_extraction/Ductal_outputs/TCGA-A8-A093-01/tumor_core_wsi_summary.csv,TCGA-A8-A093,Alive,,,546.0,0.0,,,,matched
TCGA-A8-A095-01Z-00-DX1.97072E53-7323-4836-9D58-22B7C346A7CE,TCGA-A8-A095-01,TCGA-A8-A095,1,1,13.849975610452091,5.894591235355588,0.4256030047379395,215547.85623295137,215.54785623295137,36.567057430564745,129,9.314095824302262,1.5541948573304059,0.06232596587141331,0.6084153601973679,1.7198789705859023,0.49062616686733274,149.0999690853422,17.69180601295413,0.925456230471298,/data1/deasy/Himangi/breast_feature_extraction/Ductal_outputs/TCGA-A8-A095-01/tumor_core_wsi_summary.csv,TCGA-A8-A095,Alive,,,1277.0,0.0,,,,matched
TCGA-A8-A099-01Z-00-DX1.B19C28B5-FEBC-49B4-A60E-E6B85BB00DD7,TCGA-A8-A099-01,TCGA-A8-A099,2,2,49.67009865361755,25.604925889540148,0.5154997993480993,1096159.8500995596,1096.1598500995597,42.81050665127491,857,17.2538413095659,1.7019359494133213,0.05611827664410434,0.6459089211849146,1.8364169682618048,0.31226845799168285,107.40754485801016,12.016576086425173,0.9658336417932185,/data1/deasy/Himangi/breast_feature_extraction/Ductal_outputs/TCGA-A8-A099-01/tumor_core_wsi_summary.csv,TCGA-A8-A099,Alive,,,304.0,0.0,,,,matched
TCGA-A8-A09A-01Z-00-DX1.78773A6C-BA8A-46BE-AC2A-9C6FDAB45622,TCGA-A8-A09A-01,TCGA-A8-A09A,3,3,33.04840645324539,12.204964685757183,0.36930569414969905,805148.9379948379,805.1489379948379,65.96896908144453,620,18.760359924679978,1.724298154022244,0.06746500786216442,0.5724427343871883,1.6091515983174876,0.17860415530617577,109.01941104101475,13.937065714037937,0.9542287614426518,/data1/deasy/Himangi/breast_feature_extraction/Ductal_outputs/TCGA-A8-A09A-01/tumor_core_wsi_summary.csv,TCGA-A8-A09A,Alive,,,304.0,0.0,,,,matched
TCGA-A8-A09B-01Z-00-DX1.97CCDA89-AB73-4F05-A900-668160227B78,TCGA-A8-A09B-01,TCGA-A8-A09B,2,2,33.71340665983476,13.844722213852538,0.41065924762645734,705273.8121527248,705.2738121527249,50.941709140762164,690,20.46663533478055,1.664663163263416,0.06742732948753029,0.6843736461124671,1.6542833505936956,0.500065424876095,102.38704462451167,15.524392436943067,0.9356507520366399,/data1/deasy/Himangi/breast_feature_extraction/Ductal_outputs/TCGA-A8-A09B-01/tumor_core_wsi_summary.csv,TCGA-A8-A09B,Alive,,,365.0,0.0,,,,matched
TCGA-A8-A09C-01Z-00-DX1.19E0C0E9-0ED6-4E3A-95FE-A5778F5DDBCD,TCGA-A8-A09C-01,TCGA-A8-A09C,1,1,20.98831636840285,7.249654833418943,0.3454138343527657,560324.872642483,560.324872642483,77.28986903756262,560,26.681511283251844,1.758586950040082,0.09862448891672126,0.5918277962188654,1.6939147175214622,0.2557020354464699,92.92081377134103,11.535226185793308,0.925760743265402,/data1/deasy/Himangi/breast_feature_extraction/Ductal_outputs/TCGA-A8-A09C-01/tumor_core_wsi_summary.csv,TCGA-A8-A09C,Alive,,,31.0,0.0,,,,matched
TCGA-A8-A09D-01Z-00-DX1.66312A8A-88BA-4B58-96DF-1A7AC39F9E4A,TCGA-A8-A09D-01,TCGA-A8-A09D,5,5,40.49867649250753,18.339822696274467,0.45284992707520805,665115.2884039064,665.1152884039064,36.26617876404101,527,13.012770925921439,1.667544410213138,0.07161232695761419,0.6765144545330919,1.5953822844207304,0.1809668020448583,121.41732143227772,15.23086107981376,0.9490775421992265,/data1/deasy/Himangi/breast_feature_extraction/Ductal_outputs/TCGA-A8-A09D-01/tumor_core_wsi_summary.csv,TCGA-A8-A09D,Alive,,,1522.0,0.0,,,,matched
TCGA-A8-A09E-01Z-00-DX1.239A8E03-49EA-4C29-AF86-FC1BD8A9DB20,TCGA-A8-A09E-01,TCGA-A8-A09E,1,1,20.431773433127947,11.026427444969134,0.5396706008442201,287850.04959043564,287.8500495904356,26.105468069965738,186,9.103468213797868,1.7091021682980885,0.06751524737381376,0.6270063924082039,2.2782363562517474,0.6549036045259087,148.51995429469892,16.140012391568973,0.9380302315515628,/data1/deasy/Himangi/breast_feature_extraction/Ductal_outputs/TCGA-A8-A09E-01/tumor_core_wsi_summary.csv,TCGA-A8-A09E,Alive,,,1492.0,0.0,,,,matched
TCGA-A8-A09G-01Z-00-DX1.B834728C-DAC5-4463-961D-7E3B220905C1,TCGA-A8-A09G-01,TCGA-A8-A09G,3,3,56.846017945072134,17.83445260778254,0.31373266329780936,1434592.4060825363,1434.5924060825364,80.43938536451147,1104,19.420885400746062,1.7419226220878883,0.04765375000880747,0.6425048088586418,1.6460901308303566,0.2686642925975412,102.78390865352007,12.472687981111797,0.9592075338234981,/data1/deasy/Himangi/breast_feature_extraction/Ductal_outputs/TCGA-A8-A09G-01/tumor_core_wsi_summary.csv,TCGA-A8-A09G,Alive,,,0.0,0.0,,,,matched
TCGA-A8-A09N-01Z-00-DX1.A0E4EF10-5BFF-46A0-94C7-578EA3A88599,TCGA-A8-A09N-01,TCGA-A8-A09N,2,2,27.78377846039292,6.7336647293917435,0.24235957463420243,867510.8732488451,867.5108732488451,128.83190775184437,978,35.20039584947688,1.7431311740503252,0.11558813752275632,0.6520036586269862,1.9958792059171913,0.07856130688046939,90.60333442201097,13.843171556717126,0.9481924534095705,/data1/deasy/Himangi/breast_feature_extraction/Ductal_outputs/TCGA-A8-A09N-01/tumor_core_wsi_summary.csv,TCGA-A8-A09N,Alive,,,31.0,0.0,,,,matched
TCGA-A8-A09Q-01Z-00-DX1.C7240AFB-5971-4577-812C-A255C249001A,TCGA-A8-A09Q-01,TCGA-A8-A09Q,1,1,30.817057649177183,18.059192307300293,0.5860128670584641,387198.0306329537,387.1980306329537,21.440495457619765,167,5.419076730203635,1.6567353832048222,0.057568427414361155,0.7092633677680974,1.9612109237226396,0.23887728635243766,149.0934192251623,11.884864324004713,0.9220944829615177,/data1/deasy/Himangi/breast_feature_extraction/Ductal_outputs/TCGA-A8-A09Q-01/tumor_core_wsi_summary.csv,TCGA-A8-A09Q,Alive,,,761.0,0.0,,,,matched
TCGA-A8-A09R-01Z-00-DX1.392580F3-0CE5-4EDB-91CF-814AAD0DB649,TCGA-A8-A09R-01,TCGA-A8-A09R,1,1,41.218206940034584,18.771841885165472,0.4554259701901948,685224.0151677779,685.2240151677779,36.50275872551852,474,11.499772435263587,1.7459920261632247,0.06276130013075534,0.6525969949427333,1.7838212395535629,0.3685496487529078,135.1673152984848,15.17586915526948,0.9516913842292792,/data1/deasy/Himangi/breast_feature_extraction/Ductal_outputs/TCGA-A8-A09R-01/tumor_core_wsi_summary.csv,TCGA-A8-A09R,Alive,,,273.0,0.0,,,,matched
TCGA-A8-A0A9-01Z-00-DX1.16524DDD-539D-4E47-9A8F-1B910D4FEC2D,TCGA-A8-A0A9-01,TCGA-A8-A0A9,1,1,17.273212785536934,7.200081179459445,0.41683508846068046,378439.72894490906,378.43972894490906,52.56048084909522,299,17.31003975417684,1.724581918670884,0.0802467079584413,0.5719712863755683,1.7111907792366265,0.13502329435760901,116.95685636165157,13.25943060617612,0.9320784690299332,/data1/deasy/Himangi/breast_feature_extraction/Ductal_outputs/TCGA-A8-A0A9-01/tumor_core_wsi_summary.csv,TCGA-A8-A0A9,Alive,,,822.0,0.0,,,,matched
TCGA-AC-A23C-01Z-00-DX1.0E67C785-83D3-49AF-B600-FB5B909AE6ED,TCGA-AC-A23C-01,TCGA-AC-A23C,1,1,9.708004746456476,1.8743978300988606,0.19307755600171453,188732.35852648536,188.73235852648537,100.68959507733273,309,31.829403473745547,,0.22929163378735212,0.6944031069093488,1.8794103639192823,0.05853148720307692,99.03000255604358,18.25,0.9313625347937842,/data1/deasy/Himangi/breast_feature_extraction/Ductal_outputs/TCGA-AC-A23C-01/tumor_core_wsi_summary.csv,TCGA-AC-A23C,Alive,,,585.0,0.0,,,,matched
TCGA-AC-A23E-01Z-00-DX1.F12A5A87-72CF-42F8-A6EC-8E7FAD80B1F7,TCGA-AC-A23E-01,TCGA-AC-A23E,2,2,33.72915027989892,6.844117460007162,0.20291401957095712,653936.6713044081,653.9366713044082,95.54726012895223,865,25.645472620029263,1.5214319780454784,0.17502914117734847,0.6637994521992515,2.00596766790785,0.11217320497787249,104.24854944554795,17.449757754812016,0.9523748949552061,/data1/deasy/Himangi/breast_feature_extraction/Ductal_outputs/TCGA-AC-A23E-01/tumor_core_wsi_summary.csv,TCGA-AC-A23E,Alive,,,698.0,0.0,,,,matched
TCGA-AC-A23H-01Z-00-DX1.8E0AE339-1047-4CA5-BFC5-37A3B10FD8B5,TCGA-AC-A23H-01,TCGA-AC-A23H,1,1,24.920549763723685,10.140044507389586,0.4068948961210412,379418.6040173638,379.4186040173638,37.417844048008014,417,16.733178198460855,,0.10872546648782806,0.6321964730695308,1.8221027631758098,0.3306623325623134,116.61302524268035,16.00781059358212,0.9599988848273864,/data1/deasy/Himangi/breast_feature_extraction/Ductal_outputs/TCGA-AC-A23H-01/tumor_core_wsi_summary.csv,TCGA-AC-A23H,Dead,0.0,,0.0,1.0,0.0,0.0,0.0,matched
TCGA-AC-A2BM-01Z-00-DX1.162A9FA9-6E61-48BF-B0A5-C6C7640ABD9B,TCGA-AC-A2BM-01,TCGA-AC-A2BM,4,4,76.85885259134605,44.77575806099715,0.5825712530353164,714933.2738643216,714.9332738643217,15.966971969304952,293,3.812182853650751,1.656647678621422,0.08815728227632577,0.6879955635601285,1.5511197301725053,0.40046738792695796,195.7698845629652,15.590033798317876,0.9151393550455378,/data1/deasy/Himangi/breast_feature_extraction/Ductal_outputs/TCGA-AC-A2BM-01/tumor_core_wsi_summary.csv,TCGA-AC-A2BM,Alive,,,3022.0,0.0,,,,matched
TCGA-AC-A5EH-01Z-00-DX1.DF59B26B-379F-4047-B7AE-4493810D30A0,TCGA-AC-A5EH-01,TCGA-AC-A5EH,2,2,61.432750953742385,21.228562487566474,0.3455577384700085,1158261.387764091,1158.2613877640908,54.561461165469034,1263,20.55906630245182,1.736586675441458,0.1047749509088364,0.5976332012153166,1.949418177023223,0.15756433048331162,112.04506581598189,16.82502312063639,0.9554249314482524,/data1/deasy/Himangi/breast_feature_extraction/Ductal_outputs/TCGA-AC-A5EH-01/tumor_core_wsi_summary.csv,TCGA-AC-A5EH,Alive,,,511.0,0.0,,,,matched
TCGA-AC-A5XU-01Z-00-DX1.1AEEFAAF-0906-4086-8022-13B689FAB9F5,TCGA-AC-A5XU-01,TCGA-AC-A5XU,2,2,79.76730282365232,31.41807519472789,0.3938716000487848,893659.5586742114,893.6595586742113,28.444121835451327,697,8.737916105060131,1.7151710720752784,0.13467342774773505,0.6677761044465613,1.6899003946682594,0.06644434044028096,164.34836376645345,20.924739185836682,0.9656480616511329,/data1/deasy/Himangi/breast_feature_extraction/Ductal_outputs/TCGA-AC-A5XU-01/tumor_core_wsi_summary.csv,TCGA-AC-A5XU,Alive,,,455.0,0.0,,,,matched
TCGA-AC-A62V-01Z-00-DX1.2D8994FD-58B8-43C1-B99D-AA964E7DFD60,TCGA-AC-A62V-01,TCGA-AC-A62V,1,1,18.924519197906022,12.874675692914868,0.6803171884197426,182220.52789645712,182.22052789645713,14.153407219160936,78,4.1216370775026405,1.559887660335928,0.022659968300706112,0.7144963979701167,2.242236563641144,0.9333045891754269,114.17489529564321,11.797678870241068,0.9187466348531013,/data1/deasy/Himangi/breast_feature_extraction/Ductal_outputs/TCGA-AC-A62V-01/tumor_core_wsi_summary.csv,TCGA-AC-A62V,Dead,348.0,,348.0,1.0,348.0,11.433264887063656,0.9527720739219713,matched
TCGA-AC-A6IW-01Z-00-DX1.C4514189-E64F-4603-8970-230FA2BB77FC,TCGA-AC-A6IW-01,TCGA-AC-A6IW,2,2,25.450231010487386,18.34315709201199,0.7207461922232944,168154.4445649225,168.1544445649225,9.167148475119902,57,2.2396653286373613,1.4338111238944766,0.04147960532085338,0.7189573778801939,1.1159663323380746,0.8955654414227618,176.91564719750835,13.246574062293893,0.8590688495485,/data1/deasy/Himangi/breast_feature_extraction/Ductal_outputs/TCGA-AC-A6IW-01/tumor_core_wsi_summary.csv,TCGA-AC-A6IW,Alive,,,413.0,0.0,,,,matched
TCGA-AC-A6NO-01Z-00-DX1.61B7F48C-6D6E-4C1B-B236-DD130ECBDA9D,TCGA-AC-A6NO-01,TCGA-AC-A6NO,2,2,23.468633355866288,13.443646265339549,0.5728346453535239,304458.00411569444,304.45800411569445,22.646981191453172,180,7.669811755570619,1.5754809625432382,0.08233010524700346,0.7137492104489961,1.6683308550658336,0.4839512975553087,140.0613368559023,11.703960748286875,0.8796915213227608,/data1/deasy/Himangi/breast_feature_extraction/Ductal_outputs/TCGA-AC-A6NO-01/tumor_core_wsi_summary.csv,TCGA-AC-A6NO,Alive,,,51.0,0.0,,,,matched
TCGA-AC-A7VB-01Z-00-DX1.62D7FDB3-280D-43B2-92EA-AB810384B0B7,TCGA-AC-A7VB-01,TCGA-AC-A7VB,2,2,14.150660705537733,5.500904636698795,0.38873836007855567,157261.67698986968,157.26167698986967,28.588329988619037,94,6.6427993685986655,1.6351079479336665,0.12717485281144367,0.6815038495160249,2.187776652777645,0.44954255444243707,194.81694215,18.602226796727543,0.8839321889500555,/data1/deasy/Himangi/breast_feature_extraction/Ductal_outputs/TCGA-AC-A7VB-01/tumor_core_wsi_summary.csv,TCGA-AC-A7VB,Alive,,,250.0,0.0,,,,matched
TCGA-AN-A03Y-01Z-00-DX1.074C48E5-ED69-40AE-8709-444898122BF4,TCGA-AN-A03Y-01,TCGA-AN-A03Y,7,7,54.603754831778474,21.31697978048427,0.390394027776239,1109125.448572728,1109.1254485727281,52.030140291643676,839,15.365243701367511,1.6752463288966175,0.07019948316089486,0.6719218460491286,1.6621499340389319,0.44697527882237564,110.24110911930524,13.11876030424498,0.9300456797332702,/data1/deasy/Himangi/breast_feature_extraction/Ductal_outputs/TCGA-AN-A03Y-01/tumor_core_wsi_summary.csv,TCGA-AN-A03Y,Alive,,,10.0,0.0,,,,matched
TCGA-AN-A041-01Z-00-DX1.96D3628B-FB6E-4A41-A5E8-8896B0657F1C,TCGA-AN-A041-01,TCGA-AN-A041,6,6,8.473479140896119,1.2633511620996272,0.1490947391375794,127314.9800892026,127.31498008920259,100.77560690062721,235,27.73359042873001,1.5215690914044182,0.3026845540679788,0.7623312566302707,1.8353751319395482,0.10044566239854015,111.83467045309862,28.460752192828014,0.8930443885255175,/data1/deasy/Himangi/breast_feature_extraction/Ductal_outputs/TCGA-AN-A041-01/tumor_core_wsi_summary.csv,TCGA-AN-A041,Alive,,,7.0,0.0,,,,matched
TCGA-AN-A046-01Z-00-DX1.C529B94F-AFE3-4701-BC98-5D6EDF7B82C0,TCGA-AN-A046-01,TCGA-AN-A046,2,2,58.472304015739624,18.95201340728116,0.32411949086493397,1456179.5039324588,1456.1795039324588,76.8350819851684,1957,33.46883679276967,1.784164541479372,0.15412707396482334,0.6166538331825607,1.8084720539740566,0.08309123484611576,92.39979445007054,13.376083057262479,0.950674988303501,/data1/deasy/Himangi/breast_feature_extraction/Ductal_outputs/TCGA-AN-A046-01/tumor_core_wsi_summary.csv,TCGA-AN-A046,Alive,,,10.0,0.0,,,,matched
TCGA-AN-A0AK-01Z-00-DX1.4B410152-8588-4000-870A-B31B21161015,TCGA-AN-A0AK-01,TCGA-AN-A0AK,7,7,190.57531621453316,96.26341603194275,0.5051200645710997,3163010.932516239,3163.0109325162393,32.857871275487135,2083,10.930061885113911,1.363026206348641,0.05828678906930388,0.6367582626213208,1.8098552293047478,0.16785770423860802,119.47245630695666,12.41028791514023,0.9572878004846251,/data1/deasy/Himangi/breast_feature_extraction/Ductal_outputs/TCGA-AN-A0AK-01/tumor_core_wsi_summary.csv,TCGA-AN-A0AK,Alive,,,224.0,0.0,,,,matched
TCGA-AN-A0AM-01Z-00-DX1.169CE39A-DD54-46D8-8D03-60B69A473CDB,TCGA-AN-A0AM-01,TCGA-AN-A0AM,1,1,39.16544336945807,26.06169076871827,0.6654256540101282,460283.0160982354,460.2830160982354,17.661287603439412,257,6.561907076492164,,0.034777047073328134,0.6441894235711813,1.6821630512763035,0.6756353467764566,114.01961522584612,12.75245074485685,0.9758196070229167,/data1/deasy/Himangi/breast_feature_extraction/Ductal_outputs/TCGA-AN-A0AM-01/tumor_core_wsi_summary.csv,TCGA-AN-A0AM,Alive,,,5.0,0.0,,,,matched
TCGA-AN-A0AR-01Z-00-DX1.0CF1267E-C61B-4928-875E-59032F838F07,TCGA-AN-A0AR-01,TCGA-AN-A0AR,9,9,93.41625776506444,33.587132880702576,0.3595426929343706,1342486.0405166047,1342.4860405166046,39.97024828778783,1090,11.6682045082696,1.1865317322296491,0.12363781449161297,0.6376042474576998,1.856887498952248,0.11759008307597218,147.70538399376892,19.230633562996722,0.9549582765511776,/data1/deasy/Himangi/breast_feature_extraction/Ductal_outputs/TCGA-AN-A0AR-01/tumor_core_wsi_summary.csv,TCGA-AN-A0AR,Alive,,,10.0,0.0,,,,matched
TCGA-AN-A0AT-01Z-00-DX1.DFD68CD2-C25E-47BE-BC06-8CE3C657B9FD,TCGA-AN-A0AT-01,TCGA-AN-A0AT,16,16,112.99184908435736,63.811913011458785,0.5647479311876571,901150.1283766926,901.1501283766927,14.121973246827313,422,3.734782671668145,1.4124481701515992,0.051734975586673206,0.5253323743511439,1.4908637637232172,0.6361654335514264,176.3793572484438,13.98850528350367,0.9223326442932215,/data1/deasy/Himangi/breast_feature_extraction/Ductal_outputs/TCGA-AN-A0AT-01/tumor_core_wsi_summary.csv,TCGA-AN-A0AT,Alive,,,10.0,0.0,,,,matched
TCGA-AN-A0FF-01Z-00-DX1.A23982C3-E0EB-4DB2-84EE-26E0005E3F66,TCGA-AN-A0FF-01,TCGA-AN-A0FF,8,8,179.45182447809506,83.38457531303237,0.46466273360854443,3520349.8478401573,3520.3498478401575,42.21823802093471,3404,18.968879307301286,1.213745725770636,0.09177987028994847,0.6484291178011985,1.7757059241070368,0.1650971164278822,102.4858086486079,11.770617383447565,0.974415606667122,/data1/deasy/Himangi/breast_feature_extraction/Ductal_outputs/TCGA-AN-A0FF-01/tumor_core_wsi_summary.csv,TCGA-AN-A0FF,Alive,,,172.0,0.0,,,,matched
TCGA-AN-A0FK-01Z-00-DX1.8966A1D5-CE3A-4B08-A1F6-E613BEB1ABD1,TCGA-AN-A0FK-01,TCGA-AN-A0FK,6,6,188.94796878077267,108.35154961416525,0.5734464906573321,2838745.8383226614,2838.7458383226613,26.199402301409634,2428,12.85009844597532,1.2276779051968771,0.04543981606627834,0.6182751634647681,1.459771905625517,0.3321776827780101,109.29318028046646,13.456865303935862,0.9303345699635559,/data1/deasy/Himangi/breast_feature_extraction/Ductal_outputs/TCGA-AN-A0FK-01/tumor_core_wsi_summary.csv,TCGA-AN-A0FK,Alive,,,213.0,0.0,,,,matched
TCGA-AN-A0FL-01Z-00-DX1.20A041C6-A306-4599-A7D1-65032A252AA9,TCGA-AN-A0FL-01,TCGA-AN-A0FL,3,3,135.77325392854854,117.85385359668314,0.8680196591495436,344229.1227044403,344.22912270444033,2.920813466842193,78,0.5744872258939007,1.459149143399626,0.06635479557182836,0.8973293359234591,1.4918044258707974,0.9740138222055257,182.24661607440015,15.700333600044864,0.8859361596578229,/data1/deasy/Himangi/breast_feature_extraction/Ductal_outputs/TCGA-AN-A0FL-01/tumor_core_wsi_summary.csv,TCGA-AN-A0FL,Alive,,,231.0,0.0,,,,matched
TCGA-AN-A0FT-01Z-00-DX1.6F263AB3-FB1D-4056-AEC2-4F163017324F,TCGA-AN-A0FT-01,TCGA-AN-A0FT,3,3,89.7266522237525,23.191942025559847,0.2584732791292136,2955019.541379271,2955.0195413792712,127.41578683331232,5829,64.96397509030147,1.284915878792392,0.24916360564950182,0.7498322945706696,1.8483420994737958,0.016742265605894306,70.23589163694011,9.314939729405813,0.9610137668653841,/data1/deasy/Himangi/breast_feature_extraction/Ductal_outputs/TCGA-AN-A0FT-01/tumor_core_wsi_summary.csv,TCGA-AN-A0FT,Alive,,,214.0,0.0,,,,matched
TCGA-AN-A0FW-01Z-00-DX1.5EEDFC71-6ABE-4189-8C45-2127403A8F04,TCGA-AN-A0FW-01,TCGA-AN-A0FW,3,3,42.930538003768916,6.637132764066355,0.15460166754685614,905656.6689221642,905.6566689221643,136.45299877462418,1258,29.303150123335488,,0.16420312356107739,0.672046892714901,2.096556583523149,0.13659073269440283,92.92444208558922,17.102595067327233,0.9470389551546762,/data1/deasy/Himangi/breast_feature_extraction/Ductal_outputs/TCGA-AN-A0FW-01/tumor_core_wsi_summary.csv,TCGA-AN-A0FW,Alive,,,11.0,0.0,,,,matched
TCGA-AN-A0FX-01Z-00-DX1.C9656600-F823-4044-972B-7059B39FC539,TCGA-AN-A0FX-01,TCGA-AN-A0FX,3,3,68.66739257091206,33.79707563961403,0.492185218838944,1211846.6682725304,1211.8466682725305,35.85655401652881,1209,17.606609989617404,1.3455606382876706,0.07895263660278042,0.6096214338532897,1.893221742579106,0.3830028283255336,110.1696941821747,14.856183901160492,0.982082938456519,/data1/deasy/Himangi/breast_feature_extraction/Ductal_outputs/TCGA-AN-A0FX-01/tumor_core_wsi_summary.csv,TCGA-AN-A0FX,Alive,,,10.0,0.0,,,,matched
TCGA-AN-A0FY-01Z-00-DX1.25F5E2A1-F92C-4FE1-BD90-0CDDE50DC066,TCGA-AN-A0FY-01,TCGA-AN-A0FY,2,2,62.81009462678629,21.154027558267334,0.33679343557692853,1343605.2458112752,1343.6052458112752,63.51533967280725,1606,25.569138361321585,,0.13411714441527106,0.646320794051682,1.7906746241831768,0.0803268079167538,104.2059036301171,14.958454192968558,0.9645337810295465,/data1/deasy/Himangi/breast_feature_extraction/Ductal_outputs/TCGA-AN-A0FY-01/tumor_core_wsi_summary.csv,TCGA-AN-A0FY,Alive,,,10.0,0.0,,,,matched
TCGA-AN-A0FZ-01Z-00-DX1.9555AF11-3A0D-4FE3-AE91-09DA77B175CA,TCGA-AN-A0FZ-01,TCGA-AN-A0FZ,2,2,62.08567386615725,22.549875423724515,0.3632057771062769,1473510.3019211416,1473.5103019211415,65.34449854968489,1781,28.686166857742986,1.3199451518407486,0.17790866750901171,0.7173020782985483,1.9277513497098238,0.028827063387421473,101.79366703969629,11.294882640706051,0.9725711166335734,/data1/deasy/Himangi/breast_feature_extraction/Ductal_outputs/TCGA-AN-A0FZ-01/tumor_core_wsi_summary.csv,TCGA-AN-A0FZ,Alive,,,10.0,0.0,,,,matched
TCGA-AN-A0G0-01Z-00-DX1.BE0BB5DF-DEDA-48D8-B5D8-2735C767F28F,TCGA-AN-A0G0-01,TCGA-AN-A0G0,1,1,55.95637781668502,40.6332480601464,0.7261593699517558,412632.16311461193,412.63216311461196,10.155037630853998,246,4.396281703685401,,0.03153280055403127,0.7129393353881763,1.8270430118743783,0.8718123000979631,130.36846642379322,15.651213905513302,0.9528168402234217,/data1/deasy/Himangi/breast_feature_extraction/Ductal_outputs/TCGA-AN-A0G0-01/tumor_core_wsi_summary.csv,TCGA-AN-A0G0,Alive,,,16.0,0.0,,,,matched
TCGA-AN-A0XN-01Z-00-DX1.A8EB9F62-236E-4C59-A206-DF0C7654AC30,TCGA-AN-A0XN-01,TCGA-AN-A0XN,5,5,40.32123404418942,9.285669400399367,0.23029229190314185,1063685.845269848,1063.685845269848,114.55133705536619,1243,30.827429503713944,1.6599206116795684,0.13440528409747682,0.6306350076794702,2.4074357516040426,0.07358986344555639,94.35913643876411,13.857399105376233,0.956945032123323,/data1/deasy/Himangi/breast_feature_extraction/Ductal_outputs/TCGA-AN-A0XN-01/tumor_core_wsi_summary.csv,TCGA-AN-A0XN,Alive,,,10.0,0.0,,,,matched
TCGA-AN-A0XO-01Z-00-DX1.204E554E-B1A8-41AD-8E39-62484DF4E3CD,TCGA-AN-A0XO-01,TCGA-AN-A0XO,6,6,16.991270167014584,2.823671044379119,0.16618363528000132,312285.91659646854,312.28591659646855,110.59571447535076,512,30.13312100668928,1.5404001946682389,0.21941216866795296,0.7012138613291723,2.20383319001206,0.1113175435983607,92.48416032073553,18.252286578577973,0.906911644061171,/data1/deasy/Himangi/breast_feature_extraction/Ductal_outputs/TCGA-AN-A0XO-01/tumor_core_wsi_summary.csv,TCGA-AN-A0XO,Alive,,,375.0,0.0,,,,matched
TCGA-AN-A0XS-01Z-00-DX1.B4D4B73E-2912-4B2E-B18A-FBC35F8160D3,TCGA-AN-A0XS-01,TCGA-AN-A0XS,2,2,14.110081289355277,2.7940113384175964,0.19801525456309127,387172.65633664036,387.17265633664033,138.57232825544568,578,40.963619425498734,1.6153375049237215,0.1984088836071048,0.6508871577003307,1.7884027793886217,0.045074123654618124,86.89749395700788,15.144795858564239,0.9560331959717838,/data1/deasy/Himangi/breast_feature_extraction/Ductal_outputs/TCGA-AN-A0XS-01/tumor_core_wsi_summary.csv,TCGA-AN-A0XS,Alive,,,10.0,0.0,,,,matched
TCGA-AN-A0XT-01Z-00-DX1.882AF4CE-62A1-4808-9B4B-780066E5E602,TCGA-AN-A0XT-01,TCGA-AN-A0XT,1,1,46.35859653384511,18.288700854161263,0.39450505885805226,1003754.3396652478,1003.7543396652478,54.88385138285324,904,19.500158926079976,1.7448674152898063,0.062387964529571564,0.6329162959715594,1.4766795743842316,0.31364672953271683,100.28856295279209,12.794022696210549,0.9596650031011276,/data1/deasy/Himangi/breast_feature_extraction/Ductal_outputs/TCGA-AN-A0XT-01/tumor_core_wsi_summary.csv,TCGA-AN-A0XT,Alive,,,10.0,0.0,,,,matched
TCGA-AO-A03L-01Z-00-DX1.DE6561A9-E6B8-4BF0-AAA8-F91C87A66037,TCGA-AO-A03L-01,TCGA-AO-A03L,4,4,38.137718043314166,14.501828537451573,0.3802489839843433,1183005.8791540249,1183.0058791540248,81.5763250888578,818,21.44858271464938,1.6511036662927687,0.06057512320375648,0.5720066007004585,1.7430012364655996,0.31578632036205423,94.47195632643151,7.660964175190097,0.9447180580985692,/data1/deasy/Himangi/breast_feature_extraction/Ductal_outputs/TCGA-AO-A03L-01/tumor_core_wsi_summary.csv,TCGA-AO-A03L,Alive,,,2442.0,0.0,,,,matched
TCGA-AO-A03M-01Z-00-DX1.9998A9A0-D0A6-48FC-80FB-AE597CB9E8AA,TCGA-AO-A03M-01,TCGA-AO-A03M,2,2,32.07928601789472,15.35233738092933,0.47857478412597365,725070.939252079,725.070939252079,47.22870018169103,441,13.747188754575085,,0.04746146755993249,0.653594229819014,1.6768805717338262,0.26431715457466426,105.47830478858299,8.67092579801977,0.9151679046513816,/data1/deasy/Himangi/breast_feature_extraction/Ductal_outputs/TCGA-AO-A03M-01/tumor_core_wsi_summary.csv,TCGA-AO-A03M,Alive,,,1866.0,0.0,,,,matched
TCGA-AO-A03O-01Z-00-DX1.054BBC89-69F4-4311-814D-E343472CD2C0,TCGA-AO-A03O-01,TCGA-AO-A03O,5,5,45.914353483769894,25.879399137576144,0.5636450733586865,752263.159063895,752.263159063895,29.06803033041175,307,6.686362252895935,1.576795604680588,0.044113489718112936,0.6805198763610197,1.486837297108822,0.2508323969043812,137.77046881603098,8.887021111340218,0.9418254864393771,/data1/deasy/Himangi/breast_feature_extraction/Ductal_outputs/TCGA-AO-A03O-01/tumor_core_wsi_summary.csv,TCGA-AO-A03O,Dead,2483.0,,2483.0,1.0,2483.0,81.57700205338809,6.798083504449007,matched
TCGA-AO-A03P-01Z-00-DX1.D34DA321-D8E3-4D68-BCE2-4A8B72B3D0AE,TCGA-AO-A03P-01,TCGA-AO-A03P,1,1,36.22103014809569,22.438870168208105,0.6194983984846113,622206.6875531448,622.2066875531448,27.7289668726147,307,8.475739059457435,,0.025780308840415083,0.6599623366610247,1.3874073821515849,0.5833228707627809,112.7001171527785,8.764274071479052,0.9538626353837502,/data1/deasy/Himangi/breast_feature_extraction/Ductal_outputs/TCGA-AO-A03P-01/tumor_core_wsi_summary.csv,TCGA-AO-A03P,Dead,2911.0,,2911.0,1.0,2911.0,95.63860369609856,7.969883641341547,matched
TCGA-AO-A03R-01Z-00-DX1.DC317201-7F22-4C4A-86A5-ED82C37757C8,TCGA-AO-A03R-01,TCGA-AO-A03R,2,2,12.569918006720258,3.5316204673226936,0.2809581148766907,439731.47252330603,439.731472523306,124.51266397169358,434,34.526875972299145,1.7308328143485219,0.14955538854723377,0.6970463263662419,1.862124708306774,0.06129462873413332,81.46185436075343,7.21692101390162,0.9347357600740837,/data1/deasy/Himangi/breast_feature_extraction/Ductal_outputs/TCGA-AO-A03R-01/tumor_core_wsi_summary.csv,TCGA-AO-A03R,Alive,,,2091.0,0.0,,,,matched
TCGA-AO-A03V-01Z-00-DX1.52EBCB72-0C65-4E67-B9BB-DA15494327DE,TCGA-AO-A03V-01,TCGA-AO-A03V,2,2,29.26781662571048,8.20451534644555,0.28032550057862016,1079968.216782454,1079.968216782454,131.63095821989407,1133,38.71146298643643,1.5234015338103082,0.132292885419122,0.6380996182591885,1.905396555846809,0.07791279651875606,84.95781825086073,9.286848187683933,0.9426076379764722,/data1/deasy/Himangi/breast_feature_extraction/Ductal_outputs/TCGA-AO-A03V-01/tumor_core_wsi_summary.csv,TCGA-AO-A03V,Alive,,,1351.0,0.0,,,,matched
TCGA-AO-A0J2-01Z-00-DX1.7C9FEC7B-6040-4C58-9563-D10C0D7AC72E,TCGA-AO-A0J2-01,TCGA-AO-A0J2,1,1,9.533321727484143,4.851813846850628,0.508932141969264,438685.0947032883,438.68509470328826,90.41672012788457,260,27.272760474497733,1.7969771628893887,0.04578519940088655,0.6021847216770176,1.7945571841026964,0.27342055690590955,92.31450965173977,3.2015621187164243,0.9141979387688673,/data1/deasy/Himangi/breast_feature_extraction/Ductal_outputs/TCGA-AO-A0J2-01/tumor_core_wsi_summary.csv,TCGA-AO-A0J2,Alive,,,997.0,0.0,,,,matched
TCGA-AO-A0J4-01Z-00-DX1.2EFC978E-8DF5-4254-9598-C0910B17C5C8,TCGA-AO-A0J4-01,TCGA-AO-A0J4,2,2,21.80315937658425,10.325075965340789,0.4735587071123977,630102.0304499859,630.1020304499859,61.02638203971692,332,15.227150995215636,1.4325571700435291,0.03635332378631801,0.6030364441754303,1.735049409244947,0.423512138867054,100.67396652635071,5.596071930791746,0.9296192757777173,/data1/deasy/Himangi/breast_feature_extraction/Ductal_outputs/TCGA-AO-A0J4-01/tumor_core_wsi_summary.csv,TCGA-AO-A0J4,Alive,,,1587.0,0.0,,,,matched
TCGA-AO-A0J6-01Z-00-DX1.D0C003CE-E112-4375-953D-78404C9D62DA,TCGA-AO-A0J6-01,TCGA-AO-A0J6,1,1,72.21583498158316,60.73088246215657,0.8409635155176765,331630.4929430161,331.6304929430161,5.460656580277194,114,1.5786011479209905,,0.05028829772812513,0.8003664406797395,1.420621752343187,0.8422838265595389,139.04228289238512,12.96991661260953,0.7784411731634183,/data1/deasy/Himangi/breast_feature_extraction/Ductal_outputs/TCGA-AO-A0J6-01/tumor_core_wsi_summary.csv,TCGA-AO-A0J6,Alive,,,1140.0,0.0,,,,matched
TCGA-AO-A0JA-01Z-00-DX1.E3DDBAAF-6FFA-40BE-83FF-942857CFED5D,TCGA-AO-A0JA-01,TCGA-AO-A0JA,2,2,17.088874413137418,1.4502519891074606,0.08486527281121278,547166.121055181,547.1661210551811,377.29037792385833,183,10.708721684987927,1.289702901906125,0.19775762580990316,0.6798504323686309,2.2914319450572087,0.08908538046385346,109.38164028561238,56.56556059277835,0.941809782124702,/data1/deasy/Himangi/breast_feature_extraction/Ductal_outputs/TCGA-AO-A0JA-01/tumor_core_wsi_summary.csv,TCGA-AO-A0JA,Alive,,,655.0,0.0,,,,matched
TCGA-AO-A0JB-01Z-00-DX1.250FE098-345B-4981-9236-0519E1C9058E,TCGA-AO-A0JB-01,TCGA-AO-A0JB,6,6,61.482091463131596,22.88815121136321,0.3722734647875202,2269143.8604092672,2269.1438604092673,99.14054828870199,1581,25.71480511439764,1.3575870585329783,0.06113048259250749,0.5476471508267983,1.8232674721242386,0.25182947756260227,91.7796605249936,7.569898766322048,0.953643389512446,/data1/deasy/Himangi/breast_feature_extraction/Ductal_outputs/TCGA-AO-A0JB-01/tumor_core_wsi_summary.csv,TCGA-AO-A0JB,Alive,,,1542.0,0.0,,,,matched
TCGA-AO-A0JD-01Z-00-DX1.52E3DCE8-32E3-45C0-AB54-7FA0A2F3F722,TCGA-AO-A0JD-01,TCGA-AO-A0JD,7,7,61.27740819493388,36.31577911844089,0.5926454820496684,779724.1488226717,779.7241488226717,21.47067108982204,275,4.487787719826174,1.3765699701307772,0.04774424085831782,0.6957757641453431,1.3206357904167207,0.3996913116153631,158.3708274111275,7.1690793070254655,0.9025558218539284,/data1/deasy/Himangi/breast_feature_extraction/Ductal_outputs/TCGA-AO-A0JD-01/tumor_core_wsi_summary.csv,TCGA-AO-A0JD,Alive,,,2190.0,0.0,,,,matched
TCGA-AO-A0JE-01Z-00-DX1.82D33053-E305-47D8-9B02-B55511EBB06D,TCGA-AO-A0JE-01,TCGA-AO-A0JE,3,3,45.18177840141173,20.575050174453008,0.455383805206971,1173413.9179848232,1173.4139179848232,57.03091404568197,1062,23.50505087614739,1.5423412227296758,0.08020802283003371,0.6281758472907607,1.6962285900355767,0.17994692564408346,88.2141533712496,7.655501888830867,0.9517524946399991,/data1/deasy/Himangi/breast_feature_extraction/Ductal_outputs/TCGA-AO-A0JE-01/tumor_core_wsi_summary.csv,TCGA-AO-A0JE,Alive,,,2335.0,0.0,,,,matched
TCGA-AO-A0JI-01Z-00-DX1.4DCDA545-B7E3-49DF-AB10-963E84BEB105,TCGA-AO-A0JI-01,TCGA-AO-A0JI,1,1,15.532701510807511,10.035730920407977,0.6461033783096397,262421.0658752028,262.4210658752028,26.14867496512499,125,8.047537636194589,1.6082245086045124,0.03412253045525475,0.6547739203958772,1.5283628332967112,0.4928330537822447,100.39064323929796,6.020797289396148,0.8287895421962358,/data1/deasy/Himangi/breast_feature_extraction/Ductal_outputs/TCGA-AO-A0JI-01/tumor_core_wsi_summary.csv,TCGA-AO-A0JI,Alive,,,1528.0,0.0,,,,matched
TCGA-AO-A0JL-01Z-00-DX1.473CC200-221A-4777-B19E-ADC41D10FC94,TCGA-AO-A0JL-01,TCGA-AO-A0JL,4,4,44.063898082515365,21.39661861496253,0.48558161093452484,826999.1287442576,826.9991287442576,38.650926280750824,565,12.822288190254167,1.2543113373532362,0.0641373886164462,0.5939726280173802,1.7924956128764444,0.25494860662474705,106.33764255355912,10.901170209203894,0.9265353081729856,/data1/deasy/Himangi/breast_feature_extraction/Ductal_outputs/TCGA-AO-A0JL-01/tumor_core_wsi_summary.csv,TCGA-AO-A0JL,Alive,,,1683.0,0.0,,,,matched
TCGA-AO-A0JM-01Z-00-DX1.94E75EFD-E5F5-4DF8-93A0-ED94CB4D203A,TCGA-AO-A0JM-01,TCGA-AO-A0JM,2,2,30.23713368570136,16.689287464775674,0.551946743307477,712044.9656906525,712.0449656906525,42.664791243693955,392,12.964191780696803,,0.035069321257010774,0.626282518144024,1.549881183963561,0.34278218723617154,96.90081568084501,6.949377541805051,0.9514091332004282,/data1/deasy/Himangi/breast_feature_extraction/Ductal_outputs/TCGA-AO-A0JM-01/tumor_core_wsi_summary.csv,TCGA-AO-A0JM,Alive,,,2184.0,0.0,,,,matched
TCGA-AO-A126-01Z-00-DX1.D9D6AA15-32F0-44BD-AF30-36191784FFA2,TCGA-AO-A126-01,TCGA-AO-A126,1,1,31.117964997994036,15.066653788457286,0.4841786340921886,789644.8578103094,789.6448578103094,52.41010173176371,562,18.06030696532464,,0.06774843519633683,0.6153819820488651,1.96013151013266,0.21811071645493202,98.3144619722645,8.019446874193768,0.9458224310995964,/data1/deasy/Himangi/breast_feature_extraction/Ductal_outputs/TCGA-AO-A126-01/tumor_core_wsi_summary.csv,TCGA-AO-A126,Alive,,,3307.0,0.0,,,,matched
TCGA-AO-A129-01Z-00-DX1.BF485416-BF57-4F39-866B-4B1E201876FA,TCGA-AO-A129-01,TCGA-AO-A129,1,1,17.938665080748375,9.32939274835782,0.5200717392494298,417629.06133805146,417.62906133805143,44.76487083380249,181,10.08993697051893,,0.03788515352810355,0.5342860700963104,1.8653195637666042,0.30866857349053706,139.46011974754646,7.25,0.9260473318637034,/data1/deasy/Himangi/breast_feature_extraction/Ductal_outputs/TCGA-AO-A129-01/tumor_core_wsi_summary.csv,TCGA-AO-A129,Alive,,,3286.0,0.0,,,,matched
TCGA-AO-A12A-01Z-00-DX1.4E9609A7-9AAD-40A8-8344-8369DF998006,TCGA-AO-A12A-01,TCGA-AO-A12A,4,4,56.89564146463599,19.30819958005829,0.3393616643211497,1783136.2055913112,1783.1362055913112,92.35124166796747,2145,37.700603153112255,,0.13340018330926037,0.6281398855079021,1.8074192304793684,0.09415079231746404,81.41139214681348,7.887855581479902,0.9571618918574581,/data1/deasy/Himangi/breast_feature_extraction/Ductal_outputs/TCGA-AO-A12A-01/tumor_core_wsi_summary.csv,TCGA-AO-A12A,Alive,,,3112.0,0.0,,,,matched
TCGA-AO-A12C-01Z-00-DX1.F4105027-FA10-48AF-BA8F-C7A0181C4A1D,TCGA-AO-A12C-01,TCGA-AO-A12C,2,2,41.74122707274974,10.452345578584264,0.2504082009943583,1746969.787308483,1746.9697873084829,167.1366272932878,2274,54.47851343796632,,0.1954656011286452,0.6453976520921393,1.9429808714166992,0.040177168424021824,72.8708638178252,8.22337765554011,0.9522582616627215,/data1/deasy/Himangi/breast_feature_extraction/Ductal_outputs/TCGA-AO-A12C-01/tumor_core_wsi_summary.csv,TCGA-AO-A12C,Alive,,,2372.0,0.0,,,,matched
TCGA-AO-A12D-01Z-00-DX1.BA006BAD-5C6E-4099-BC99-3888E69F506E,TCGA-AO-A12D-01,TCGA-AO-A12D,2,2,54.62794724877826,17.559406184202523,0.321436317279801,1366272.8979251687,1366.2728979251688,77.80860489202354,1279,23.41292441715544,,0.1220619971650782,0.607026548342846,1.8370514083302805,0.07401743867543095,108.30101113060572,10.964310311640398,0.9540978824244796,/data1/deasy/Himangi/breast_feature_extraction/Ductal_outputs/TCGA-AO-A12D-01/tumor_core_wsi_summary.csv,TCGA-AO-A12D,Alive,,,2515.0,0.0,,,,matched
TCGA-AO-A12F-01Z-00-DX1.847C8E4F-3F37-4B1D-8E6E-ACD14391AD89,TCGA-AO-A12F-01,TCGA-AO-A12F,13,13,66.70579306109337,27.71692764591024,0.41551005353501064,1683185.6217543315,1683.1856217543316,60.72771279910216,836,12.532644642037887,1.5338382392896166,0.039697206910243435,0.554149381450418,1.9416575250590378,0.5433369751684204,120.58547479163519,5.972115732117986,0.9233238023078957,/data1/deasy/Himangi/breast_feature_extraction/Ductal_outputs/TCGA-AO-A12F-01/tumor_core_wsi_summary.csv,TCGA-AO-A12F,Alive,,,1842.0,0.0,,,,matched
TCGA-AO-A1KP-01Z-00-DX1.612442AB-24E2-489B-9838-7CEE82BCD605,TCGA-AO-A1KP-01,TCGA-AO-A1KP,1,1,38.14615736689236,17.67987813664308,0.46347730301106865,1460732.9366310209,1460.732936631021,82.62121069734782,1132,29.67533503079606,1.747135985148501,0.05463279301745244,0.6052294998124765,1.7669226008900203,0.2786735623849548,79.6947454695288,5.220153254455275,0.956284450765862,/data1/deasy/Himangi/breast_feature_extraction/Ductal_outputs/TCGA-AO-A1KP-01/tumor_core_wsi_summary.csv,TCGA-AO-A1KP,Alive,,,2953.0,0.0,,,,matched
TCGA-AO-A1KQ-01Z-00-DX1.CAB7D9A5-7030-4A33-BE51-9B04D67A7676,TCGA-AO-A1KQ-01,TCGA-AO-A1KQ,1,1,33.689070811022674,20.476184736760963,0.6077990352307785,445039.5357034513,445.0395357034513,21.734495045088664,277,8.222251113835078,1.6333098796183954,0.0501902446438892,0.6687007561834999,1.4161103060197298,0.6924596479822708,107.04452928571362,7.0,0.8833269620845685,/data1/deasy/Himangi/breast_feature_extraction/Ductal_outputs/TCGA-AO-A1KQ-01/tumor_core_wsi_summary.csv,TCGA-AO-A1KQ,Alive,,,1882.0,0.0,,,,matched
TCGA-AO-A1KR-01Z-00-DX1.BFB2E69B-E23C-4542-9CBF-EDD040B985AC,TCGA-AO-A1KR-01,TCGA-AO-A1KR,11,11,71.4827516250721,38.116163573689285,0.5332218291429104,908029.4121568643,908.0294121568643,23.82268641494802,637,8.911240621249064,1.6679117881723502,0.06234353236418587,0.6890820132264388,1.6348989391234894,0.3423727092888553,159.4098648192806,12.713798379240203,0.9614717671231058,/data1/deasy/Himangi/breast_feature_extraction/Ductal_outputs/TCGA-AO-A1KR-01/tumor_core_wsi_summary.csv,TCGA-AO-A1KR,Alive,,,2513.0,0.0,,,,matched
TCGA-AO-A1KT-01Z-00-DX1.47878910-4359-4795-B0BB-FAC147C8D932,TCGA-AO-A1KT-01,TCGA-AO-A1KT,1,1,31.40319257329509,8.270750072608688,0.2633729055829196,991487.4376387248,991.4874376387248,119.87878111833676,745,23.723702558622634,1.6723813494497122,0.07803736828281639,0.6035671970936182,1.8450322086484516,0.11313371764881662,88.3961475758418,7.516648189186454,0.9523804148962927,/data1/deasy/Himangi/breast_feature_extraction/Ductal_outputs/TCGA-AO-A1KT-01/tumor_core_wsi_summary.csv,TCGA-AO-A1KT,Alive,,,541.0,0.0,,,,matched
TCGA-AQ-A04H-01Z-00-DX1.5AC1E459-EF27-401D-98FD-0AC16559AF17,TCGA-AQ-A04H-01,TCGA-AQ-A04H,3,3,75.8522905344661,56.82753984637468,0.7491868662892007,419314.6626778136,419.3146626778136,7.378722777923737,211,2.781722193400671,1.4793616710453263,0.03937844796169985,0.7715807048954276,1.885235473981727,0.952055582795445,144.1033624670579,15.605212173078668,0.8616729718989066,/data1/deasy/Himangi/breast_feature_extraction/Ductal_outputs/TCGA-AQ-A04H-01/tumor_core_wsi_summary.csv,TCGA-AQ-A04H,Alive,,,754.0,0.0,,,,matched
TCGA-AQ-A04J-01Z-00-DX1.6A4E16D4-2696-4E5F-BCA8-708556FC3A8C,TCGA-AQ-A04J-01,TCGA-AQ-A04J,8,8,87.23513856557886,29.4893621636433,0.3380445385717445,1332463.9808892882,1332.4639808892882,45.18456430136186,1356,15.544194945946344,1.2823967815843709,0.15907450371874562,0.6527446753013219,1.6999358461189304,0.1741956990964948,114.15766341665334,14.941758313611514,0.9519242572616866,/data1/deasy/Himangi/breast_feature_extraction/Ductal_outputs/TCGA-AQ-A04J-01/tumor_core_wsi_summary.csv,TCGA-AQ-A04J,Alive,,,819.0,0.0,,,,matched
TCGA-AQ-A04L-01Z-00-DX1.F35BF4DD-896A-43C2-8DA6-C67945C003BE,TCGA-AQ-A04L-01,TCGA-AQ-A04L,3,3,32.68202002485995,12.695965463099876,0.38846942304798,754509.8053457795,754.5098053457796,59.42910033417472,636,19.460241426821824,1.7306668799767218,0.10303580621979798,0.6350893080918598,1.8086528048977186,0.09109004605633916,114.61106474560087,11.985264928028169,0.9603277699992181,/data1/deasy/Himangi/breast_feature_extraction/Ductal_outputs/TCGA-AQ-A04L-01/tumor_core_wsi_summary.csv,TCGA-AQ-A04L,Alive,,,3957.0,0.0,,,,matched
TCGA-AQ-A0Y5-01Z-00-DX1.f68f5b49-30fa-4fb6-bec6-5da9f6809d02,TCGA-AQ-A0Y5-01,TCGA-AQ-A0Y5,4,4,52.21321119020573,17.07164598778277,0.32696027688458107,809505.8968452277,809.5058968452277,47.41815156104725,1032,19.765112630988398,1.6755367279932667,0.16404420393875135,0.6935404587996586,1.839668111665185,0.19081284500516751,114.78186033740785,17.661069060781013,0.9399731882306477,/data1/deasy/Himangi/breast_feature_extraction/Ductal_outputs/TCGA-AQ-A0Y5-01/tumor_core_wsi_summary.csv,TCGA-AQ-A0Y5,Dead,172.0,,172.0,1.0,172.0,5.650924024640657,0.47091033538672145,matched
TCGA-AR-A0TP-01Z-00-DX1.58E6A3A6-D1D7-4AE5-87A5-E823F04CBB2F,TCGA-AR-A0TP-01,TCGA-AR-A0TP,4,4,161.84329178389183,96.91149551657615,0.5987983465263509,1799024.1963429474,1799.0241963429473,18.56357893099725,1068,6.598976010856802,1.2856384508183931,0.05817417488569421,0.5717332722178489,2.0583207582372434,0.346875786347169,134.30665498394902,12.604030066139844,0.9840406353761765,/data1/deasy/Himangi/breast_feature_extraction/Ductal_outputs/TCGA-AR-A0TP-01/tumor_core_wsi_summary.csv,TCGA-AR-A0TP,Alive,,,4275.0,0.0,,,,matched
TCGA-AR-A0TQ-01Z-00-DX1.2BEA298C-6B3D-4133-ADBC-769E62CEFFA0,TCGA-AR-A0TQ-01,TCGA-AR-A0TQ,2,2,70.48923859770493,30.69569166743718,0.4354663531354503,852520.7596507658,852.5207596507659,27.773303461838683,626,8.880788223188185,1.2390360968613712,0.12421295243984376,0.6984054531839008,1.8377945710007408,0.10875684286228479,144.81853782024814,15.097617366261444,0.9627187492799479,/data1/deasy/Himangi/breast_feature_extraction/Ductal_outputs/TCGA-AR-A0TQ-01/tumor_core_wsi_summary.csv,TCGA-AR-A0TQ,Alive,,,2991.0,0.0,,,,matched
TCGA-AR-A0TR-01Z-00-DX1.BBCE653F-7DD0-4830-BAD3-C06207A93853,TCGA-AR-A0TR-01,TCGA-AR-A0TR,10,10,99.19951107557452,42.51423314340822,0.4285730109195701,1964000.868062363,1964.000868062363,46.19631410114894,2349,23.67955219265576,1.3957069456473439,0.07693331741051915,0.6406885673040165,1.592659573523222,0.3601258905961842,100.88615989708399,12.572939031042617,0.9634862969326168,/data1/deasy/Himangi/breast_feature_extraction/Ductal_outputs/TCGA-AR-A0TR-01/tumor_core_wsi_summary.csv,TCGA-AR-A0TR,Dead,160.0,,160.0,1.0,160.0,5.256673511293634,0.4380561259411362,matched
TCGA-AR-A0TS-01Z-00-DX1.2DB81A2E-16C1-4EE0-8175-65FA46768277,TCGA-AR-A0TS-01,TCGA-AR-A0TS,15,15,85.31572891984405,13.85720194773167,0.16242259338545656,1073292.2864980863,1073.2922864980862,77.45375224713217,1414,16.573731689363907,1.1892250273747078,0.27014248064498103,0.7350106998961317,2.226878760148651,0.08139945573017404,123.31699236234637,22.883500786836628,0.9234576179454177,/data1/deasy/Himangi/breast_feature_extraction/Ductal_outputs/TCGA-AR-A0TS-01/tumor_core_wsi_summary.csv,TCGA-AR-A0TS,Alive,,,2558.0,0.0,,,,matched
TCGA-AR-A0TT-01Z-00-DX1.127C2A4F-62AC-4E83-99DB-13519BD2949D,TCGA-AR-A0TT-01,TCGA-AR-A0TT,4,4,100.92880197282042,61.0547730204018,0.6049291364505002,1183957.4714628747,1183.9574714628748,19.391726688874083,790,7.827299884256456,1.3832929546872685,0.0411167847086053,0.6374975468063617,1.4027483954064606,0.43929366289313776,122.74873094008049,13.3607962464229,0.948067307765371,/data1/deasy/Himangi/breast_feature_extraction/Ductal_outputs/TCGA-AR-A0TT-01/tumor_core_wsi_summary.csv,TCGA-AR-A0TT,Alive,,,3316.0,0.0,,,,matched
TCGA-AR-A0TU-01Z-00-DX1.2CBBDDAB-C1DD-4205-A555-431542F9C069,TCGA-AR-A0TU-01,TCGA-AR-A0TU,5,5,92.3271139642358,52.282148135317335,0.5662707940331543,1113243.4939155472,1113.243493915547,21.292994523374134,688,7.451765472345495,1.4545467125604148,0.050148984225818864,0.665175456623224,1.6809637225946732,0.489042250428309,142.39627135595111,15.33787381379459,0.9479555697128147,/data1/deasy/Himangi/breast_feature_extraction/Ductal_outputs/TCGA-AR-A0TU-01/tumor_core_wsi_summary.csv,TCGA-AR-A0TU,Alive,,,709.0,0.0,,,,matched
TCGA-AR-A0TW-01Z-00-DX1.0C1EAE07-6BA6-4908-89E1-0133F3640174,TCGA-AR-A0TW-01,TCGA-AR-A0TW,15,15,292.88280505843494,133.50358479125623,0.45582595661298747,4616792.4788310435,4616.792478831044,34.581786594343335,2829,9.659153597069544,1.3739595194029435,0.0731702675892776,0.5824655538844874,1.8077471142882906,0.16831421935484986,149.49506081463244,15.044491646982689,0.9531514270288102,/data1/deasy/Himangi/breast_feature_extraction/Ductal_outputs/TCGA-AR-A0TW-01/tumor_core_wsi_summary.csv,TCGA-AR-A0TW,Alive,,,3009.0,0.0,,,,matched
TCGA-AR-A0TX-01Z-00-DX1.5BEA4E65-8CEC-49B2-9F29-DBE53E8ED46E,TCGA-AR-A0TX-01,TCGA-AR-A0TX,3,3,2.257913945567014,0.58830809375,0.26055381557168356,17957.65365724564,17.95765365724564,30.524233557250188,12,5.314640101125079,1.2803061420761972,0.2568931423675235,0.730068727066952,1.8437101023395572,0.7153891215521211,235.5431718896006,38.75106590962364,0.4591186551882056,/data1/deasy/Himangi/breast_feature_extraction/Ductal_outputs/TCGA-AR-A0TX-01/tumor_core_wsi_summary.csv,TCGA-AR-A0TX,Alive,,,1972.0,0.0,,,,matched
TCGA-AR-A0TY-01Z-00-DX1.089EB6B4-9921-441D-84F3-C64C97AFC3B4,TCGA-AR-A0TY-01,TCGA-AR-A0TY,5,5,74.28027606347304,28.52167370647333,0.3839737170887915,1130134.0279617945,1130.1340279617946,39.62369248005587,1000,13.462524010350913,1.2404494227022098,0.08481282957875078,0.6430648075433946,1.924136110753015,0.20694073624727838,111.30230220031663,16.037729132627366,0.9480716495630394,/data1/deasy/Himangi/breast_feature_extraction/Ductal_outputs/TCGA-AR-A0TY-01/tumor_core_wsi_summary.csv,TCGA-AR-A0TY,Dead,1699.0,,1699.0,1.0,1699.0,55.81930184804928,4.65160848733744,matched
TCGA-AR-A0TZ-01Z-00-DX1.2D58BE38-03F6-4310-8E06-F1A523FB0904,TCGA-AR-A0TZ-01,TCGA-AR-A0TZ,3,3,46.67077954909797,16.51915772116315,0.3539507563567668,988329.6603131995,988.3296603131995,59.82930104523568,1045,22.390883762733232,1.4106624610896363,0.08564940493964654,0.6098856190245813,1.6300616792908695,0.24831466341291422,100.36531598157411,14.641156410696528,0.978152158463305,/data1/deasy/Himangi/breast_feature_extraction/Ductal_outputs/TCGA-AR-A0TZ-01/tumor_core_wsi_summary.csv,TCGA-AR-A0TZ,Dead,3262.0,,3262.0,1.0,3262.0,107.17043121149898,8.930869267624914,matched
TCGA-AR-A0U0-01Z-00-DX1.C8BECD9F-68D9-47B1-B31E-C1C6CAE456B6,TCGA-AR-A0U0-01,TCGA-AR-A0U0,5,5,15.065117952946629,5.851161639289674,0.38839135926879537,161875.21366706517,161.87521366706517,27.665483137587135,89,5.907686901488364,1.3709372984168906,0.09947232653995387,0.6094807686179056,1.9096709383768031,0.21408768092695082,177.0896597794314,15.390284400048102,0.889339496345026,/data1/deasy/Himangi/breast_feature_extraction/Ductal_outputs/TCGA-AR-A0U0-01/tumor_core_wsi_summary.csv,TCGA-AR-A0U0,Alive,,,1988.0,0.0,,,,matched
TCGA-AR-A0U1-01Z-00-DX1.276433E7-E841-42D2-AF21-762F2FEA3B9B,TCGA-AR-A0U1-01,TCGA-AR-A0U1,5,5,87.4719757814537,56.44408996903197,0.6452819827696127,760028.5702322687,760.0285702322686,13.465157656882377,310,3.543992201279715,1.1775692862711356,0.043544561531468184,0.6892001587451547,1.4539095582050217,0.651367889128734,172.53907364698804,15.121127928516024,0.9668193760627877,/data1/deasy/Himangi/breast_feature_extraction/Ductal_outputs/TCGA-AR-A0U1-01/tumor_core_wsi_summary.csv,TCGA-AR-A0U1,Alive,,,4052.0,0.0,,,,matched
TCGA-AR-A0U2-01Z-00-DX1.03E2ADD9-F20F-44DA-93D1-D10BBD3844A5,TCGA-AR-A0U2-01,TCGA-AR-A0U2,5,5,93.26023781983113,51.44721507693586,0.5516521969022468,1907606.662174703,1907.6066621747032,37.07891008914681,1463,15.687285752223369,1.3233865018047588,0.04433463959832406,0.6565508915618044,1.6983023662886139,0.2863420360052856,94.82044762026693,9.000233621466725,0.9564835171235382,/data1/deasy/Himangi/breast_feature_extraction/Ductal_outputs/TCGA-AR-A0U2-01/tumor_core_wsi_summary.csv,TCGA-AR-A0U2,Dead,2551.0,,2551.0,1.0,2551.0,83.81108829568788,6.98425735797399,matched
TCGA-AR-A0U3-01Z-00-DX1.9BB87F9D-459F-4A18-B591-29822EA5AE18,TCGA-AR-A0U3-01,TCGA-AR-A0U3,14,14,144.00630930425615,59.62842882832047,0.4140681690712432,2855483.409925517,2855.483409925517,47.88795321350657,2581,17.9228258294355,1.390003890571341,0.06963894146675936,0.621701133457891,1.675546413494687,0.2287462125319007,105.86016156596158,13.123789039508667,0.9712460449918953,/data1/deasy/Himangi/breast_feature_extraction/Ductal_outputs/TCGA-AR-A0U3-01/tumor_core_wsi_summary.csv,TCGA-AR-A0U3,Alive,,,4080.0,0.0,,,,matched
TCGA-AR-A0U4-01Z-00-DX1.DE722DC5-859D-4866-ADCC-ED98EDBFB588,TCGA-AR-A0U4-01,TCGA-AR-A0U4,10,10,163.2516268426835,115.60536560699005,0.7081421964535303,934150.441514736,934.150441514736,8.080511113043466,297,1.8192774292301686,1.3756981344348702,0.026843948256814444,0.625378331217584,2.401558099071671,0.8925522628125319,160.8843099430392,9.746679999740048,0.9382188022219207,/data1/deasy/Himangi/breast_feature_extraction/Ductal_outputs/TCGA-AR-A0U4-01/tumor_core_wsi_summary.csv,TCGA-AR-A0U4,Alive,,,3261.0,0.0,,,,matched
TCGA-AR-A1AJ-01Z-00-DX1.34B9FCF0-74D8-4328-9B5A-698AD57EDA85,TCGA-AR-A1AJ-01,TCGA-AR-A1AJ,7,7,43.77885776957796,15.899850389725326,0.3631855923105919,567372.0385887689,567.3720385887689,35.68411177978199,474,10.82714406334703,1.2517673566025675,0.12114071330322261,0.6772460305752954,1.6336623816754836,0.18253200236192724,150.89258135459795,16.194040386625083,0.9305162926327539,/data1/deasy/Himangi/breast_feature_extraction/Ductal_outputs/TCGA-AR-A1AJ-01/tumor_core_wsi_summary.csv,TCGA-AR-A1AJ,Alive,,,2383.0,0.0,,,,matched
TCGA-AR-A1AP-01Z-00-DX1.F163EED5-0385-41AA-BA35-54E4910CD99E,TCGA-AR-A1AP-01,TCGA-AR-A1AP,13,13,49.40884880999055,18.386410760656133,0.3721278921385914,746099.9323517332,746.0999323517332,40.57887871994371,585,11.839984417562711,1.2546600925736084,0.09097935730526235,0.6442314360147886,1.626003181969025,0.3344463432175868,141.88352238611316,16.861042035084466,0.9243154412525522,/data1/deasy/Himangi/breast_feature_extraction/Ductal_outputs/TCGA-AR-A1AP-01/tumor_core_wsi_summary.csv,TCGA-AR-A1AP,Alive,,,2856.0,0.0,,,,matched
TCGA-AR-A1AQ-01Z-00-DX1.09D5D7FC-0FA8-4176-94B2-995F44D8ED4C,TCGA-AR-A1AQ-01,TCGA-AR-A1AQ,6,6,72.09961196362775,36.52550796183946,0.5065978438311924,769178.5687345628,769.1785687345629,21.058668630650477,500,6.934850082858089,1.3761677723585264,0.05482175948481017,0.5545015801720545,1.585777431330862,0.5792803367427439,129.16133820880475,16.884576216675015,0.9446320186359122,/data1/deasy/Himangi/breast_feature_extraction/Ductal_outputs/TCGA-AR-A1AQ-01/tumor_core_wsi_summary.csv,TCGA-AR-A1AQ,Alive,,,3021.0,0.0,,,,matched
TCGA-AR-A1AR-01Z-00-DX1.E7B7F6F0-9CC0-4D4F-8C9F-443A74D2BE40,TCGA-AR-A1AR-01,TCGA-AR-A1AR,3,3,25.39611783479804,11.071286169175478,0.43594403842328533,346489.036498567,346.489036498567,31.296186477706353,216,8.505236958069018,,0.058816672045363616,0.6747097410044101,1.5941691021677356,0.44925274372603613,135.23272088629759,12.320683094209992,0.9324283659868063,/data1/deasy/Himangi/breast_feature_extraction/Ductal_outputs/TCGA-AR-A1AR-01/tumor_core_wsi_summary.csv,TCGA-AR-A1AR,Dead,524.0,,524.0,1.0,524.0,17.215605749486652,1.434633812457221,matched
TCGA-AR-A1AS-01Z-00-DX1.72979519-0A90-42AD-9F23-1991F75C8CE7,TCGA-AR-A1AS-01,TCGA-AR-A1AS,12,12,163.28542169915747,73.59037906361351,0.45068554374192044,2798453.2280759583,2798.453228075958,38.02743325532947,2711,16.602829400133697,1.2564416919089154,0.06958696942951913,0.5810422630706933,1.5125674594189973,0.4772184063954083,110.09827008110764,14.244507176851625,0.957014228658071,/data1/deasy/Himangi/breast_feature_extraction/Ductal_outputs/TCGA-AR-A1AS-01/tumor_core_wsi_summary.csv,TCGA-AR-A1AS,Alive,,,1150.0,0.0,,,,matched
TCGA-AR-A1AU-01Z-00-DX1.F06647D1-E5A3-46FE-8537-01A10A08A4EC,TCGA-AR-A1AU-01,TCGA-AR-A1AU,7,7,170.29334983474578,64.75368944052474,0.38024790459147284,3954899.8737757606,3954.8998737757606,61.07605463018868,5369,31.52794871443968,1.3172285663998056,0.1479613972762779,0.6880962452467162,1.7589704390119982,0.16925338577205767,92.5080606490948,12.788448883048542,0.9610101395938594,/data1/deasy/Himangi/breast_feature_extraction/Ductal_outputs/TCGA-AR-A1AU-01/tumor_core_wsi_summary.csv,TCGA-AR-A1AU,Alive,,,2868.0,0.0,,,,matched
TCGA-AR-A1AV-01Z-00-DX1.93698893-7C5C-44C1-A488-ED358D523693,TCGA-AR-A1AV-01,TCGA-AR-A1AV,6,6,67.72721614244847,31.549129866721398,0.46582646775803005,1172699.3009668014,1172.6993009668013,37.17057509734321,935,13.805380661644865,1.3413510539745517,0.07091363099231848,0.6084994454861963,1.9233172260767337,0.2192424405948428,120.26777136837477,12.826900036287379,0.9458516292935921,/data1/deasy/Himangi/breast_feature_extraction/Ductal_outputs/TCGA-AR-A1AV-01/tumor_core_wsi_summary.csv,TCGA-AR-A1AV,Alive,,,1864.0,0.0,,,,matched
TCGA-AR-A1AW-01Z-00-DX1.E527CA46-D83F-4055-8C7E-AEFEF13C1E29,TCGA-AR-A1AW-01,TCGA-AR-A1AW,9,9,108.78722709878909,36.489711431117634,0.3354227550811781,1030133.7376582922,1030.1337376582921,28.230799785931342,772,7.096421340889138,1.3161922137000643,0.14430987277854326,0.6628534632747486,1.6969276303039007,0.19019483322451408,187.42927983305026,26.08610888655561,0.9439555588380687,/data1/deasy/Himangi/breast_feature_extraction/Ductal_outputs/TCGA-AR-A1AW-01/tumor_core_wsi_summary.csv,TCGA-AR-A1AW,Alive,,,2632.0,0.0,,,,matched
TCGA-AR-A1AX-01Z-00-DX1.2389D54F-545E-499E-B392-DD731834460A,TCGA-AR-A1AX-01,TCGA-AR-A1AX,4,4,59.22986871292335,15.56399708297968,0.26277277699897683,1141179.4923525485,1141.1794923525486,73.3217493082486,1416,23.906856975542194,,0.17620488274496085,0.7096734939844731,1.6905312249814703,0.13772457611540018,96.22224350365781,15.450809760284832,0.9647132586661491,/data1/deasy/Himangi/breast_feature_extraction/Ductal_outputs/TCGA-AR-A1AX-01/tumor_core_wsi_summary.csv,TCGA-AR-A1AX,Alive,,,2629.0,0.0,,,,matched
TCGA-AR-A1AY-01Z-00-DX1.6AC0BE3B-FFC5-4EDA-9E40-B18CAAC52B81,TCGA-AR-A1AY-01,TCGA-AR-A1AY,7,7,87.38969340788108,49.096980008838706,0.5618165952326247,1168214.2162081297,1168.2142162081298,23.794013725443428,835,9.554902499803221,1.2761514984099507,0.0388249136967835,0.5354988371465489,1.3443151605571395,0.7458296582187861,126.48829700095166,13.32361429616335,0.9473079269415203,/data1/deasy/Himangi/breast_feature_extraction/Ductal_outputs/TCGA-AR-A1AY-01/tumor_core_wsi_summary.csv,TCGA-AR-A1AY,Alive,,,1026.0,0.0,,,,matched
TCGA-AR-A24L-01Z-00-DX1.218A0AE1-D070-4A16-A277-31185F10724D,TCGA-AR-A24L-01,TCGA-AR-A24L,2,2,88.88547769967839,28.12547045480121,0.3164236856534661,1961468.0802555652,1961.4680802555652,69.7399207386673,2374,26.708524963112055,,0.14832214289981716,0.6326433250315479,1.7675115483792732,0.06180911581352107,97.79626494897649,13.874703995125254,0.9702378537389686,/data1/deasy/Himangi/breast_feature_extraction/Ductal_outputs/TCGA-AR-A24L-01/tumor_core_wsi_summary.csv,TCGA-AR-A24L,Dead,2866.0,,2866.0,1.0,2866.0,94.16016427104722,7.846680355920602,matched
TCGA-AR-A24N-01Z-00-DX1.563E9160-9E09-4E3F-8CE9-FFED0AA52927,TCGA-AR-A24N-01,TCGA-AR-A24N,12,12,145.9508165817523,44.80422584547981,0.30698167296914974,2884227.790523229,2884.227790523229,64.37401240834544,3686,25.25508309119558,1.3886292927962551,0.16764085732373527,0.6644457600512972,1.965662927093069,0.11080171515103814,105.65423931725132,16.034730271848723,0.9623704542033167,/data1/deasy/Himangi/breast_feature_extraction/Ductal_outputs/TCGA-AR-A24N-01/tumor_core_wsi_summary.csv,TCGA-AR-A24N,Alive,,,3035.0,0.0,,,,matched
TCGA-AR-A24P-01Z-00-DX1.08BE8830-C55E-4E2B-9378-371A670C75FD,TCGA-AR-A24P-01,TCGA-AR-A24P,8,8,52.472810007048416,10.069160219385727,0.19189291021451277,984073.4579128994,984.0734579128995,97.73143305618521,1507,28.719635937118138,,0.21559780379863136,0.6614812245450119,1.8686138597703794,0.10663554579704014,100.96052196792627,20.82638119910214,0.9475104419999407,/data1/deasy/Himangi/breast_feature_extraction/Ductal_outputs/TCGA-AR-A24P-01/tumor_core_wsi_summary.csv,TCGA-AR-A24P,Alive,,,84.0,0.0,,,,matched
TCGA-AR-A24R-01Z-00-DX1.47D79205-63E7-43E6-A513-2CD10DFA53C9,TCGA-AR-A24R-01,TCGA-AR-A24R,7,7,153.616412072746,79.33391496333002,0.5164416607111024,2736285.248430497,2736.285248430497,34.49073765860757,2530,16.46959439986076,1.1726782188185232,0.05678571569057772,0.5429566665931136,1.9155515299052746,0.37510668656355,103.94987648361467,12.63590158578825,0.9451979063669678,/data1/deasy/Himangi/breast_feature_extraction/Ductal_outputs/TCGA-AR-A24R-01/tumor_core_wsi_summary.csv,TCGA-AR-A24R,Alive,,,3430.0,0.0,,,,matched
TCGA-AR-A24U-01Z-00-DX1.220FD0D0-0DB6-4E3C-92A0-66CD6509F0AD,TCGA-AR-A24U-01,TCGA-AR-A24U,6,6,53.345006764268476,19.129959473151573,0.3586082490848084,1181241.0384702166,1181.2410384702166,61.74822482651149,1277,23.938510414724693,1.4642912433360011,0.11442005107923937,0.6423196585928563,1.6705625397580464,0.20437058313931467,103.05356969333393,10.314607325448652,0.9460397157638797,/data1/deasy/Himangi/breast_feature_extraction/Ductal_outputs/TCGA-AR-A24U-01/tumor_core_wsi_summary.csv,TCGA-AR-A24U,Alive,,,3128.0,0.0,,,,matched
TCGA-AR-A24V-01Z-00-DX1.E749C2FE-E26B-4306-80B4-8269EEB23270,TCGA-AR-A24V-01,TCGA-AR-A24V,2,2,131.79509079947542,57.27710621698807,0.4345921071076498,2467908.2452133857,2467.9082452133857,43.0871670762134,2967,22.5122194006016,1.4920372430384266,0.09682990181842437,0.6660865615281824,1.7222536246138318,0.23886187864488215,93.89196218365095,13.267320139179219,0.97802336464053,/data1/deasy/Himangi/breast_feature_extraction/Ductal_outputs/TCGA-AR-A24V-01/tumor_core_wsi_summary.csv,TCGA-AR-A24V,Alive,,,3203.0,0.0,,,,matched
TCGA-AR-A24Z-01Z-00-DX1.C88AFF18-A8E4-426A-BEA3-70566DE39C46,TCGA-AR-A24Z-01,TCGA-AR-A24Z,1,1,24.82505901014771,9.667769759945347,0.3894359226293667,447681.7308576985,447.6817308576985,46.30661900043317,522,21.02714034986272,,0.09100563726534393,0.6931140039945202,1.6301365039341085,0.28512277824388854,100.45647767192517,15.101738310538954,0.9394062777613267,/data1/deasy/Himangi/breast_feature_extraction/Ductal_outputs/TCGA-AR-A24Z-01/tumor_core_wsi_summary.csv,TCGA-AR-A24Z,Alive,,,3001.0,0.0,,,,matched
TCGA-AR-A250-01Z-00-DX1.572A2F73-6BF5-4932-BFEF-4B8904755ACF,TCGA-AR-A250-01,TCGA-AR-A250,8,8,144.89725133722996,50.00704818477504,0.345120750899477,3130008.2871513953,3130.0082871513955,62.59134263606358,3935,27.157174920052743,1.4001586893228333,0.1442792182560487,0.6405785477819368,1.8669662523010468,0.09102083152779378,95.97036663466801,12.627634931576065,0.9602979742344199,/data1/deasy/Himangi/breast_feature_extraction/Ductal_outputs/TCGA-AR-A250-01/tumor_core_wsi_summary.csv,TCGA-AR-A250,Alive,,,2707.0,0.0,,,,matched
TCGA-AR-A251-01Z-00-DX1.E91E357A-3AD4-4F79-A698-05F0B21A37EC,TCGA-AR-A251-01,TCGA-AR-A251,2,2,73.65026318274246,36.83949143010658,0.5001949733526372,1213088.6078627333,1213.0886078627334,32.92902699713583,1110,15.071229239817466,,0.06776145231107582,0.6275902538528431,1.8004404412941926,0.485230888036767,111.29076002469684,12.635244746413186,0.961153462927613,/data1/deasy/Himangi/breast_feature_extraction/Ductal_outputs/TCGA-AR-A251-01/tumor_core_wsi_summary.csv,TCGA-AR-A251,Alive,,,3030.0,0.0,,,,matched
TCGA-AR-A254-01Z-00-DX1.EA5CD008-1106-41EC-998A-04EF08EEEC9D,TCGA-AR-A254-01,TCGA-AR-A254,3,3,144.538972990378,66.86594524208984,0.4626153338348482,2884052.4977373946,2884.052497737395,43.1318586358962,2878,19.911584678214016,,0.0827813477461175,0.5923365059445761,1.7475449681088018,0.2019604825482577,105.95507198822897,12.605785877141187,0.9649312768952479,/data1/deasy/Himangi/breast_feature_extraction/Ductal_outputs/TCGA-AR-A254-01/tumor_core_wsi_summary.csv,TCGA-AR-A254,Alive,,,2605.0,0.0,,,,matched
TCGA-AR-A255-01Z-00-DX1.E67C081D-50C9-451C-814B-F097B2671300,TCGA-AR-A255-01,TCGA-AR-A255,4,4,16.376608908111574,5.917703325298138,0.36135095846167603,265493.17048282805,265.4931704828281,44.864224495311674,201,12.273603230546817,1.3129522864056826,0.07534709684948795,0.6714459996464864,1.5981916084501209,0.49339811620226287,113.18981015760373,12.407730902604538,0.8938041453489444,/data1/deasy/Himangi/breast_feature_extraction/Ductal_outputs/TCGA-AR-A255-01/tumor_core_wsi_summary.csv,TCGA-AR-A255,Alive,,,2161.0,0.0,,,,matched
TCGA-AR-A256-01Z-00-DX1.950D4546-4BF4-4380-9877-51D86A93D755,TCGA-AR-A256-01,TCGA-AR-A256,4,4,52.96676835845222,21.503151310145395,0.4059743868952505,847351.1256360717,847.3511256360716,39.405904437657156,792,14.952771795329209,1.1434949747224843,0.08728174737058121,0.6229325203885022,1.8128142719030593,0.23571921072697002,114.19351978747412,14.116634484672042,0.9576511612930215,/data1/deasy/Himangi/breast_feature_extraction/Ductal_outputs/TCGA-AR-A256-01/tumor_core_wsi_summary.csv,TCGA-AR-A256,Dead,2854.0,,2854.0,1.0,2854.0,93.7659137577002,7.813826146475017,matched
TCGA-B6-A0I1-01Z-00-DX1.86BEC5E4-A2D1-4039-8D08-0598FA8BCC2B,TCGA-B6-A0I1-01,TCGA-B6-A0I1,3,3,168.6757035997648,129.08396234275233,0.7652789322227693,1007555.667390589,1007.5556673905891,7.805428723323972,222,1.3161350168531893,1.5295797746542095,0.021831319696918913,0.7245605542093307,1.334776608139358,0.846784618556186,203.9794083355803,12.283151540929058,0.9627004554057726,/data1/deasy/Himangi/breast_feature_extraction/Ductal_outputs/TCGA-B6-A0I1-01/tumor_core_wsi_summary.csv,TCGA-B6-A0I1,Dead,2361.0,,2361.0,1.0,2361.0,77.56878850102669,6.464065708418891,matched
TCGA-B6-A0I5-01Z-00-DX1.47A30509-4BA0-4BA5-AD9B-F2C2DB701159,TCGA-B6-A0I5-01,TCGA-B6-A0I5,5,5,87.10218512754746,30.21470408450613,0.34688801480997805,1650481.4193864802,1650.4814193864802,54.62510619896603,1778,20.412805917513992,1.6920692367470733,0.15160921053179865,0.6694887289928841,2.0050400207994183,0.05994358292261408,103.75837873223662,13.996710135535306,0.9311540776047409,/data1/deasy/Himangi/breast_feature_extraction/Ductal_outputs/TCGA-B6-A0I5-01/tumor_core_wsi_summary.csv,TCGA-B6-A0I5,Alive,,,8556.0,0.0,,,,matched
TCGA-B6-A0I8-01Z-00-DX1.E576652B-C3F6-4A01-83BC-6DD154C75605,TCGA-B6-A0I8-01,TCGA-B6-A0I8,15,15,234.27670122620353,64.77878148211838,0.27650543627713053,5148365.7004586235,5148.365700458624,79.47611212600202,6009,25.649157464438044,1.7219384677741378,0.1293034208535133,0.6530835805165888,1.7352658491854125,0.10317982311368698,94.89668236280086,12.098935344920205,0.9646643510846229,/data1/deasy/Himangi/breast_feature_extraction/Ductal_outputs/TCGA-B6-A0I8-01/tumor_core_wsi_summary.csv,TCGA-B6-A0I8,Dead,749.0,,749.0,1.0,749.0,24.607802874743328,2.0506502395619437,matched
TCGA-B6-A0I9-01Z-00-DX1.78E1D43A-507E-482E-B988-AF13B12B4497,TCGA-B6-A0I9-01,TCGA-B6-A0I9,12,12,361.97642909679973,211.5127115225174,0.584327305648829,3528134.553531395,3528.134553531395,16.680484724228,1926,5.32078844140691,1.7762500013719142,0.07396893569499677,0.6985964363273832,1.7761223167486475,0.13091503246323505,170.18470105021322,16.12914199568263,0.9752782988361995,/data1/deasy/Himangi/breast_feature_extraction/Ductal_outputs/TCGA-B6-A0I9-01/tumor_core_wsi_summary.csv,TCGA-B6-A0I9,Dead,362.0,,362.0,1.0,362.0,11.893223819301848,0.9911019849418207,matched
TCGA-B6-A0IB-01Z-00-DX1.BAA1D655-1B80-49E2-B1EB-2ECC83DED989,TCGA-B6-A0IB-01,TCGA-B6-A0IB,2,2,128.07748160652378,86.81244305404753,0.6778119148278571,1683318.6837527542,1683.3186837527542,19.390292733781916,1112,8.682244419953983,1.6304660366971382,0.022587151248167743,0.6619961254495403,1.5043861328596722,0.5318191587139117,99.60456153022447,9.823754237392805,0.9863884315257525,/data1/deasy/Himangi/breast_feature_extraction/Ductal_outputs/TCGA-B6-A0IB-01/tumor_core_wsi_summary.csv,TCGA-B6-A0IB,Dead,3941.0,,3941.0,1.0,3941.0,129.47843942505133,10.789869952087612,matched
TCGA-B6-A0IG-01Z-00-DX1.4238CB6E-0561-49FD-9C49-9B8AEAFC4618,TCGA-B6-A0IG-01,TCGA-B6-A0IG,7,7,208.7430215871731,60.764679775607334,0.29109801761795157,4586412.466141004,4586.412466141004,75.4782627519436,5745,27.521878127077088,1.752983175327347,0.1571555396153596,0.6391296535742897,1.8345565551992362,0.038493019489216185,97.73183273993645,15.084367700534427,0.977079101132485,/data1/deasy/Himangi/breast_feature_extraction/Ductal_outputs/TCGA-B6-A0IG-01/tumor_core_wsi_summary.csv,TCGA-B6-A0IG,Dead,4456.0,,4456.0,1.0,4456.0,146.39835728952772,12.199863107460644,matched
TCGA-B6-A0IJ-01Z-00-DX1.BF2E062F-06DA-4CA8-86C4-36674C035CAA,TCGA-B6-A0IJ-01,TCGA-B6-A0IJ,6,6,31.654196566051635,13.794733713870237,0.4357947826944614,353155.5663273692,353.1555663273692,25.600752696826664,139,4.391202907644611,1.4783508042586646,0.07092737180747245,0.6356278448109873,1.6090501440893725,0.2411644684189349,214.9379926000261,17.255809339017585,0.8721881755493652,/data1/deasy/Himangi/breast_feature_extraction/Ductal_outputs/TCGA-B6-A0IJ-01/tumor_core_wsi_summary.csv,TCGA-B6-A0IJ,Alive,,,7106.0,0.0,,,,matched
TCGA-B6-A0IK-01Z-00-DX1.1640DB44-4AC0-4A34-9E21-4673C4289A99,TCGA-B6-A0IK-01,TCGA-B6-A0IK,11,11,29.425724362822486,10.029204069584164,0.3408311702346883,421459.51995853195,421.4595199585319,42.02322707109964,320,10.874838493501946,1.545943137324825,0.10711282281204655,0.6843562626813405,1.668675665471253,0.4255990489575435,142.08261565573622,14.386190472998164,0.843923467688179,/data1/deasy/Himangi/breast_feature_extraction/Ductal_outputs/TCGA-B6-A0IK-01/tumor_core_wsi_summary.csv,TCGA-B6-A0IK,Dead,571.0,,571.0,1.0,571.0,18.759753593429156,1.5633127994524298,matched
TCGA-B6-A0IO-01Z-00-DX1.D8898C30-4016-4983-9359-5C1507C01715,TCGA-B6-A0IO-01,TCGA-B6-A0IO,6,6,70.72908470307951,21.847736256011384,0.308893241694391,1050443.2386009716,1050.4432386009717,48.08018672012041,1019,14.407085914906986,1.7762014686493888,0.18192416443304402,0.724674456441742,1.8930407255590482,0.026474437506192668,150.57263864660376,19.918560004107295,0.961913106734276,/data1/deasy/Himangi/breast_feature_extraction/Ductal_outputs/TCGA-B6-A0IO-01/tumor_core_wsi_summary.csv,TCGA-B6-A0IO,Alive,,,5042.0,0.0,,,,matched
TCGA-B6-A0IQ-01Z-00-DX1.662EA039-825E-41FF-91D6-021EB0E099BD,TCGA-B6-A0IQ-01,TCGA-B6-A0IQ,6,6,247.22851942236278,188.039855123004,0.7605912762910599,1274092.0683862113,1274.0920683862114,6.7756490641453615,296,1.197272874066428,1.6599948170759105,0.01985113259435465,0.6815082947078871,1.4398176127009126,0.6181044056164431,207.4333124798993,16.95712989621814,0.973524034706155,/data1/deasy/Himangi/breast_feature_extraction/Ductal_outputs/TCGA-B6-A0IQ-01/tumor_core_wsi_summary.csv,TCGA-B6-A0IQ,Alive,,,4285.0,0.0,,,,matched
TCGA-B6-A0RE-01Z-00-DX1.8933BDB4-EF8D-41FA-9A50-05BB3AB976E5,TCGA-B6-A0RE-01,TCGA-B6-A0RE,6,6,96.05973883813463,61.62003975854248,0.6414762365987197,892342.5639202812,892.3425639202812,14.481369493056427,624,6.495957698276388,1.6128514476430558,0.03867736132188835,0.728498201441078,1.551113400197905,0.7051396188801343,137.01784383132673,16.771056462080146,0.963038709139152,/data1/deasy/Himangi/breast_feature_extraction/Ductal_outputs/TCGA-B6-A0RE-01/tumor_core_wsi_summary.csv,TCGA-B6-A0RE,Alive,,,7777.0,0.0,,,,matched
TCGA-B6-A0RG-01Z-00-DX1.C83D21A0-EC61-459C-9776-EA3D91469E72,TCGA-B6-A0RG-01,TCGA-B6-A0RG,12,12,403.7623822452413,199.92117998169,0.495145632116515,7654892.585137703,7654.8925851377035,38.28955284196895,5815,14.402035097137965,1.7752694379990286,0.06637727981149757,0.6228140318038544,1.819175012503893,0.2017887471469148,116.38299143455757,13.541100856239861,0.9804133901047501,/data1/deasy/Himangi/breast_feature_extraction/Ductal_outputs/TCGA-B6-A0RG-01/tumor_core_wsi_summary.csv,TCGA-B6-A0RG,Alive,,,2082.0,0.0,,,,matched
TCGA-B6-A0RL-01Z-00-DX1.B5B6709B-5F38-4561-A0E7-C78F97B33F22,TCGA-B6-A0RL-01,TCGA-B6-A0RL,7,7,153.6782125938996,62.76812997952325,0.4084387039650858,2288409.055413652,2288.4090554136524,36.45813657600117,2751,17.90104110118472,1.7053257408621818,0.1367654991359101,0.7216582945091337,1.7133195422512077,0.19260814927034897,111.78299082077795,18.007414068036525,0.9509051093990497,/data1/deasy/Himangi/breast_feature_extraction/Ductal_outputs/TCGA-B6-A0RL-01/tumor_core_wsi_summary.csv,TCGA-B6-A0RL,Dead,2469.0,,2469.0,1.0,2469.0,81.11704312114989,6.759753593429158,matched
TCGA-B6-A0RM-01Z-00-DX1.31DE3E32-7996-4D30-BB5F-72C94409C940,TCGA-B6-A0RM-01,TCGA-B6-A0RM,6,6,93.13395567946293,41.55032186142163,0.44613504879385174,1494495.7935681578,1494.4957935681578,35.96833253308099,1491,16.009198676490684,1.659735122488832,0.10794391440315522,0.7065885188741782,1.6488876702686623,0.29419244949559026,111.89407011659756,13.49871233624008,0.953071362097289,/data1/deasy/Himangi/breast_feature_extraction/Ductal_outputs/TCGA-B6-A0RM-01/tumor_core_wsi_summary.csv,TCGA-B6-A0RM,Dead,2373.0,,2373.0,1.0,2373.0,77.96303901437372,6.496919917864476,matched
TCGA-B6-A0RN-01Z-00-DX1.0D02A3FB-D694-4A5B-80C1-CF1469E29BFD,TCGA-B6-A0RN-01,TCGA-B6-A0RN,6,6,15.699242819230072,3.191755751100946,0.2033063497298959,490662.61126747116,490.66261126747116,153.72812004747695,566,36.05269416603354,1.671658502266258,0.15686031834570116,0.6135780024370847,2.075973603362877,0.09318992637131536,89.42633410819445,11.666277356821873,0.8988497033772621,/data1/deasy/Himangi/breast_feature_extraction/Ductal_outputs/TCGA-B6-A0RN-01/tumor_core_wsi_summary.csv,TCGA-B6-A0RN,Alive,,,8008.0,0.0,,,,matched
TCGA-B6-A0RS-01Z-00-DX1.F72B766D-FC49-4876-A93D-D88B05702267,TCGA-B6-A0RS-01,TCGA-B6-A0RS,10,10,127.38899935571241,47.38028938542455,0.37193391599790365,2158686.1360726818,2158.6861360726816,45.56084743409675,2001,15.707792746001113,1.7273604732744392,0.0977165241975742,0.5879637734569743,1.7909990727588272,0.2180528705786989,122.65279217494039,16.969770699212773,0.964682089949609,/data1/deasy/Himangi/breast_feature_extraction/Ductal_outputs/TCGA-B6-A0RS-01/tumor_core_wsi_summary.csv,TCGA-B6-A0RS,Dead,3063.0,,3063.0,1.0,3063.0,100.63244353182752,8.386036960985626,matched
TCGA-B6-A0RT-01Z-00-DX1.6C2BA663-D61B-404B-B62C-B81747B6A3AC,TCGA-B6-A0RT-01,TCGA-B6-A0RT,4,4,67.58218918692573,30.309593196639877,0.4484849271870506,1275853.7520898152,1275.8537520898153,42.094057277920065,1062,15.714199447765916,1.6019413473086315,0.04300444232906646,0.654009865245283,1.6072218256975126,0.5963452789187322,104.7248822792719,12.557074502499765,0.9728500602493412,/data1/deasy/Himangi/breast_feature_extraction/Ductal_outputs/TCGA-B6-A0RT-01/tumor_core_wsi_summary.csv,TCGA-B6-A0RT,Alive,,,2721.0,0.0,,,,matched
TCGA-B6-A0WS-01Z-00-DX1.020ED7BF-9497-4F13-AA07-FE0E839F9A06,TCGA-B6-A0WS-01,TCGA-B6-A0WS,2,2,70.36369851558335,15.922605428269454,0.22629005814330663,1138216.744502705,1138.216744502705,71.48432771447581,1832,26.036152712954244,,0.21356382048085795,0.7062877366386366,2.0708874282880916,0.056838104895324044,107.18002979439291,18.741568710229156,0.9622552581629353,/data1/deasy/Himangi/breast_feature_extraction/Ductal_outputs/TCGA-B6-A0WS-01/tumor_core_wsi_summary.csv,TCGA-B6-A0WS,Dead,2965.0,,2965.0,1.0,2965.0,97.41273100616016,8.11772758384668,matched
TCGA-B6-A0WT-01Z-00-DX1.7ED21DA2-A3D8-4DCA-9742-963879A658D8,TCGA-B6-A0WT-01,TCGA-B6-A0WT,6,6,139.79493938845428,72.8238659902505,0.5209334923626358,1982435.10081352,1982.43510081352,27.22232710192733,1516,10.844455504840736,1.737958793130115,0.08367660896280041,0.6569370984910436,1.6745297878911842,0.31970629541977047,135.98048296577312,14.64101536520104,0.9677891186252616,/data1/deasy/Himangi/breast_feature_extraction/Ductal_outputs/TCGA-B6-A0WT-01/tumor_core_wsi_summary.csv,TCGA-B6-A0WT,Alive,,,5739.0,0.0,,,,matched
TCGA-B6-A0WW-01Z-00-DX1.64048633-1D1A-4074-8C50-7641159355DB,TCGA-B6-A0WW-01,TCGA-B6-A0WW,22,22,130.2638295003548,37.56241221308418,0.2883564252422187,3019607.4344811966,3019.6074344811964,80.38907132352303,3207,24.619267008354495,1.6127977448414932,0.12121757134539994,0.6402984981472216,2.059004657948189,0.12652643873262454,104.35697090773486,13.167984149141672,0.9574893730341497,/data1/deasy/Himangi/breast_feature_extraction/Ductal_outputs/TCGA-B6-A0WW-01/tumor_core_wsi_summary.csv,TCGA-B6-A0WW,Dead,558.0,,558.0,1.0,558.0,18.33264887063655,1.5277207392197125,matched
TCGA-B6-A0WZ-01Z-00-DX1.6CFB236E-36F5-43D6-8DE3-C4ECBD3C14C6,TCGA-B6-A0WZ-01,TCGA-B6-A0WZ,5,5,92.50535617861993,25.477857024611154,0.27542034404381505,2288721.9326037834,2288.7219326037834,89.83180690561687,3592,38.83018398485116,1.7318844705121743,0.1890307400544061,0.6926439972680688,1.8913297089388217,0.029769723774921247,87.78680484153405,13.672483282664576,0.9736052947764925,/data1/deasy/Himangi/breast_feature_extraction/Ductal_outputs/TCGA-B6-A0WZ-01/tumor_core_wsi_summary.csv,TCGA-B6-A0WZ,Alive,,,6292.0,0.0,,,,matched
TCGA-B6-A0X1-01Z-00-DX1.2A41630E-A8BF-4966-99F5-D5D8036B1759,TCGA-B6-A0X1-01,TCGA-B6-A0X1,31,31,364.71970256165935,246.8517821446531,0.6768260129925949,1952823.1594162097,1952.8231594162096,7.910913757437941,788,2.1605632886443282,1.5419183632188145,0.047330896787763414,0.6702094048787399,2.356623870404275,0.8444872990672265,219.0207759576341,20.54503447098739,0.9242952532469255,/data1/deasy/Himangi/breast_feature_extraction/Ductal_outputs/TCGA-B6-A0X1-01/tumor_core_wsi_summary.csv,TCGA-B6-A0X1,Dead,7455.0,,7455.0,1.0,7455.0,244.92813141683777,20.410677618069816,matched
TCGA-B6-A0X4-01Z-00-DX1.4B7914DE-3436-4D69-9BC6-F6419D3CC518,TCGA-B6-A0X4-01,TCGA-B6-A0X4,12,12,145.45593257294956,49.19410241834234,0.33820622884302315,2826753.527031251,2826.7535270312515,57.4612278315963,2631,18.087952505343786,1.7614228647920176,0.11742589728165119,0.6201817928236845,2.1726295700408156,0.17672822726532708,118.30225126025734,12.370009322494523,0.9529656696662152,/data1/deasy/Himangi/breast_feature_extraction/Ductal_outputs/TCGA-B6-A0X4-01/tumor_core_wsi_summary.csv,TCGA-B6-A0X4,Dead,860.0,,860.0,1.0,860.0,28.254620123203285,2.3545516769336072,matched
TCGA-B6-A0X5-01Z-00-DX1.02A9FF1E-EA20-4F2D-A2BB-427A287DE3FD,TCGA-B6-A0X5-01,TCGA-B6-A0X5,11,11,73.41468647265539,36.99189178032308,0.5038759076373823,1353608.2311795698,1353.6082311795699,36.59202506370837,1000,13.621252749917659,1.6506834636416912,0.04512567710501458,0.6742795869768968,1.6226127250473623,0.4904002276281089,104.08740715370331,7.932881629373901,0.9538209345512932,/data1/deasy/Himangi/breast_feature_extraction/Ductal_outputs/TCGA-B6-A0X5-01/tumor_core_wsi_summary.csv,TCGA-B6-A0X5,Dead,2097.0,,2097.0,1.0,2097.0,68.8952772073922,5.7412731006160165,matched
TCGA-B6-A1KC-01Z-00-DX1.4DD3E48B-F434-499F-9FF1-0FFD2883A375,TCGA-B6-A1KC-01,TCGA-B6-A1KC,7,7,103.18618099436351,40.78673678292081,0.39527324676497877,2567395.5336907282,2567.3955336907284,62.94682380096191,2428,23.530282607635495,1.2349952432132292,0.09515432939514791,0.6357848269072586,1.8835291702349386,0.24408039983126908,102.13847220323167,13.271919670975395,0.9699896384998205,/data1/deasy/Himangi/breast_feature_extraction/Ductal_outputs/TCGA-B6-A1KC-01/tumor_core_wsi_summary.csv,TCGA-B6-A1KC,Alive,,,1326.0,0.0,,,,matched
TCGA-B6-A1KF-01Z-00-DX1.2E08E830-4216-4CD0-9646-1F489300E11D,TCGA-B6-A1KF-01,TCGA-B6-A1KF,8,8,63.605390694079894,48.66240653624348,0.7650673316400644,312841.1508726072,312.8411508726072,6.42880558403138,116,1.8237447916627099,1.4056021681676458,0.03384486611823214,0.7476725016988293,1.1028556169610786,0.9171931068412871,167.90742495117593,16.20911627275712,0.9291027394652623,/data1/deasy/Himangi/breast_feature_extraction/Ductal_outputs/TCGA-B6-A1KF-01/tumor_core_wsi_summary.csv,TCGA-B6-A1KF,Alive,,,3088.0,0.0,,,,matched
TCGA-B6-A1KI-01Z-00-DX1.EFAA08A8-02EC-4A9B-AC6B-79BF2DC5A2AA,TCGA-B6-A1KI-01,TCGA-B6-A1KI,6,6,57.60319090595126,11.439565388466523,0.19859256420610286,915036.105671997,915.0361056719969,79.98871238539752,1172,20.346095095904055,1.267324450320288,0.190646337961109,0.695230238645166,1.93345770878835,0.04424582881184602,127.0855866656645,23.055965138117475,0.9600555574873005,/data1/deasy/Himangi/breast_feature_extraction/Ductal_outputs/TCGA-B6-A1KI-01/tumor_core_wsi_summary.csv,TCGA-B6-A1KI,Alive,,,2236.0,0.0,,,,matched
TCGA-B6-A1KN-01Z-00-DX1.E769FD65-E5CE-4CA4-8BBE-6FC54A2ED870,TCGA-B6-A1KN-01,TCGA-B6-A1KN,14,14,142.58628633274412,51.27075522936805,0.3595770431226529,2765823.317663032,2765.823317663032,53.945437419239724,3135,21.98668666272757,1.3273081456939066,0.1246147432773776,0.6849666623695502,1.8066405147090716,0.10136118037096463,96.99910142507942,16.512021617555302,0.968867064704918,/data1/deasy/Himangi/breast_feature_extraction/Ductal_outputs/TCGA-B6-A1KN-01/tumor_core_wsi_summary.csv,TCGA-B6-A1KN,Alive,,,4233.0,0.0,,,,matched
TCGA-BH-A0AU-01Z-00-DX1.E852F218-B15C-4CF8-8FD0-F284043834C4,TCGA-BH-A0AU-01,TCGA-BH-A0AU,2,2,122.14580091387285,75.31727886640925,0.6166178313368037,1941164.2265934579,1941.164226593458,25.77315930434122,1705,13.958727907496595,1.7063798534490362,0.04264989911936881,0.5819836497843769,1.70631275671021,0.44712847009361056,102.18043079078902,12.148277975742511,0.9798496563720375,/data1/deasy/Himangi/breast_feature_extraction/Ductal_outputs/TCGA-BH-A0AU-01/tumor_core_wsi_summary.csv,TCGA-BH-A0AU,Alive,,,1914.0,0.0,,,,matched
TCGA-BH-A0AV-01Z-00-DX1.5A686DA4-A29D-4BA7-9BCA-B707F8755E83,TCGA-BH-A0AV-01,TCGA-BH-A0AV,7,7,55.27673351827075,22.862422064962182,0.4135993683021342,944542.1723589974,944.5421723589974,41.31417789747465,1026,18.561154661226023,1.5293040464751655,0.09141081757433127,0.6335529599809461,1.6001453254188438,0.23126612483243372,101.72552390811656,15.524792833829427,0.9469664212955444,/data1/deasy/Himangi/breast_feature_extraction/Ductal_outputs/TCGA-BH-A0AV-01/tumor_core_wsi_summary.csv,TCGA-BH-A0AV,Alive,,,1820.0,0.0,,,,matched
TCGA-BH-A0AW-01Z-00-DX1.9D50A0D2-B103-411C-831E-8520C3D50173,TCGA-BH-A0AW-01,TCGA-BH-A0AW,10,10,57.82470181565885,10.357376965428436,0.17911682447489377,1231332.0428097912,1231.3320428097911,118.88454450579675,1401,24.228399905394948,1.5789649560260963,0.13790046092772204,0.6612509608218775,1.8535161465390662,0.09493941293396878,113.20149288669495,17.13990569516659,0.9397919105366058,/data1/deasy/Himangi/breast_feature_extraction/Ductal_outputs/TCGA-BH-A0AW-01/tumor_core_wsi_summary.csv,TCGA-BH-A0AW,Alive,,,622.0,0.0,,,,matched
TCGA-BH-A0AY-01Z-00-DX1.A1153465-D9B3-4D83-BE85-F2524B071EE5,TCGA-BH-A0AY-01,TCGA-BH-A0AY,8,8,113.58823051578686,50.447873350463325,0.4441294060254941,2512809.7951936256,2512.8097951936256,49.81002425487867,2308,20.319006551292535,1.6551612717281525,0.058860221725134734,0.6252734293814978,2.300635852822222,0.22664138461235578,96.07521860407786,11.277930775821568,0.9564888803063735,/data1/deasy/Himangi/breast_feature_extraction/Ductal_outputs/TCGA-BH-A0AY-01/tumor_core_wsi_summary.csv,TCGA-BH-A0AY,Alive,,,777.0,0.0,,,,matched
TCGA-BH-A0B0-01Z-00-DX1.316D35DB-7F13-4AE5-82A7-5716D2519669,TCGA-BH-A0B0-01,TCGA-BH-A0B0,7,7,31.318597731622248,7.213853647028074,0.23033769611416152,622831.5779081484,622.8315779081485,86.33826084962777,985,31.450961133085787,1.647364661079096,0.20987985147138336,0.6706066769823764,2.1555430290222146,0.04079103722319548,94.9036631849498,13.639622605812011,0.9391946720089804,/data1/deasy/Himangi/breast_feature_extraction/Ductal_outputs/TCGA-BH-A0B0-01/tumor_core_wsi_summary.csv,TCGA-BH-A0B0,Alive,,,2477.0,0.0,,,,matched
TCGA-BH-A0B1-01Z-00-DX1.CC60D284-04FB-4B73-90AA-FCE9185DADB6,TCGA-BH-A0B1-01,TCGA-BH-A0B1,1,1,53.79400489826084,36.76760639583454,0.6834889215884211,790483.5416153596,790.4835416153596,21.499456154559866,390,7.249878508536343,1.6030217613580826,0.01758688248537021,0.7369892332593545,1.416237081682949,0.5982358111642169,108.0480940368686,9.430411306712264,0.9407197705201957,/data1/deasy/Himangi/breast_feature_extraction/Ductal_outputs/TCGA-BH-A0B1-01/tumor_core_wsi_summary.csv,TCGA-BH-A0B1,Alive,,,1148.0,0.0,,,,matched
TCGA-BH-A0B4-01Z-00-DX1.A2CB0BF4-32F9-48FD-9B96-A744013BADDB,TCGA-BH-A0B4-01,TCGA-BH-A0B4,13,13,84.55020496186465,29.364899627497554,0.34730725538444573,2100658.7533645,2100.6587533645,71.53638459562193,1911,22.60195585406249,1.6065536593008825,0.08210877022526245,0.6185466100101336,1.8260927660751933,0.1627739950692008,96.70339376017307,12.319792654506632,0.9610073551782655,/data1/deasy/Himangi/breast_feature_extraction/Ductal_outputs/TCGA-BH-A0B4-01/tumor_core_wsi_summary.csv,TCGA-BH-A0B4,Alive,,,1191.0,0.0,,,,matched
TCGA-BH-A0B6-01Z-00-DX1.4D982935-F600-4F37-ABB5-13AF74F4FDC4,TCGA-BH-A0B6-01,TCGA-BH-A0B6,4,4,42.52128871642282,13.446996734456892,0.316241514318528,954731.5839678764,954.7315839678764,70.99961447312992,1291,30.361262298745483,1.8208620056276121,0.196775893841866,0.6594318842015369,1.8961941251365986,0.03663173083051905,104.35732552082928,15.145949303479389,0.9564705731061005,/data1/deasy/Himangi/breast_feature_extraction/Ductal_outputs/TCGA-BH-A0B6-01/tumor_core_wsi_summary.csv,TCGA-BH-A0B6,Alive,,,2483.0,0.0,,,,matched
TCGA-BH-A0B7-01Z-00-DX1.6950CDDF-8A81-4B10-BFFF-BE0E33A2C6CC,TCGA-BH-A0B7-01,TCGA-BH-A0B7,5,5,84.76116940430163,38.211646525795636,0.45081547121571913,1236102.275994678,1236.102275994678,32.34883571845613,1385,16.340029399473,1.715387804405121,0.12296217282368026,0.6814900129593328,1.5971695738023572,0.23679322700063446,109.8955599137303,14.58155056179859,0.9716561046249369,/data1/deasy/Himangi/breast_feature_extraction/Ductal_outputs/TCGA-BH-A0B7-01/tumor_core_wsi_summary.csv,TCGA-BH-A0B7,Alive,,,2559.0,0.0,,,,matched
TCGA-BH-A0B9-01Z-00-DX1.C23ADB4C-52D4-4DFD-B8E3-156E43F0E645,TCGA-BH-A0B9-01,TCGA-BH-A0B9,14,14,92.76339228804845,56.7859286646666,0.6121588189480522,998744.691812782,998.744691812782,17.587890438678727,613,6.608210252774233,1.637679430177296,0.04197431632587455,0.6180229552520534,1.3586202497407571,0.6641567622538311,136.59123037610885,13.363802070656009,0.9400575399328851,/data1/deasy/Himangi/breast_feature_extraction/Ductal_outputs/TCGA-BH-A0B9-01/tumor_core_wsi_summary.csv,TCGA-BH-A0B9,Alive,,,1572.0,0.0,,,,matched
TCGA-BH-A0BC-01Z-00-DX1.7A91831D-9625-49FC-B783-C633F80F898C,TCGA-BH-A0BC-01,TCGA-BH-A0BC,6,6,49.49511446619979,12.042120942599377,0.2432991836158484,1140584.1413670431,1140.5841413670432,94.71621708533016,1281,25.881342306517844,1.5868777243553527,0.10732383711187066,0.6170872915589823,1.7396760805309042,0.2035676030100297,101.42541022875793,14.206222630753599,0.9632113765581939,/data1/deasy/Himangi/breast_feature_extraction/Ductal_outputs/TCGA-BH-A0BC-01/tumor_core_wsi_summary.csv,TCGA-BH-A0BC,Alive,,,974.0,0.0,,,,matched
TCGA-BH-A0BD-01Z-00-DX1.CD4A6FC2-BA8C-4E30-972A-E6CD1BEAD8AD,TCGA-BH-A0BD-01,TCGA-BH-A0BD,8,8,67.51061193101808,38.06093215202153,0.5637770279865326,959385.2688299912,959.3852688299912,25.206562598048073,626,9.272616290897243,1.5951636120361754,0.03931213041077731,0.7063352099295703,1.9084410045197586,0.42062106052815335,108.34164326209331,10.102687493405503,0.947305539351729,/data1/deasy/Himangi/breast_feature_extraction/Ductal_outputs/TCGA-BH-A0BD-01/tumor_core_wsi_summary.csv,TCGA-BH-A0BD,Alive,,,554.0,0.0,,,,matched
TCGA-BH-A0BG-01Z-00-DX1.0838FB7F-8C85-4687-9F70-D136A1063383,TCGA-BH-A0BG-01,TCGA-BH-A0BG,5,5,77.82515871828036,29.274410855286916,0.3761561343068697,1742152.1011089066,1742.1521011089067,59.511090068419826,2298,29.527726481336714,1.7593775911851481,0.16689753993657389,0.6204496044358,1.6910633425327077,0.07426659355267294,95.74652305791724,12.508522311975174,0.9734244384765149,/data1/deasy/Himangi/breast_feature_extraction/Ductal_outputs/TCGA-BH-A0BG-01/tumor_core_wsi_summary.csv,TCGA-BH-A0BG,Alive,,,1871.0,0.0,,,,matched
TCGA-BH-A0BP-01Z-00-DX1.63A87C1D-87FA-494D-9836-74290B5DC30D,TCGA-BH-A0BP-01,TCGA-BH-A0BP,6,6,40.59349742722229,7.714595958824304,0.1900451167740684,636583.2964877174,636.5832964877175,82.51673838596365,1134,27.935508686658064,1.6541546356960226,0.2628128386502524,0.7165643832626111,2.066654595168974,0.04933589331470581,101.86026884581138,19.552608622375807,0.925491681314607,/data1/deasy/Himangi/breast_feature_extraction/Ductal_outputs/TCGA-BH-A0BP-01/tumor_core_wsi_summary.csv,TCGA-BH-A0BP,Dead,2296.0,,2296.0,1.0,2296.0,75.43326488706366,6.286105407255304,matched
TCGA-BH-A0BR-01Z-00-DX1.F7912887-8AE9-4391-9B83-9AC7B4FF38EF,TCGA-BH-A0BR-01,TCGA-BH-A0BR,2,2,59.807123402333,19.18766113905431,0.32082568174990717,960864.707659478,960.864707659478,50.077218932314096,1092,18.258694581478608,1.7312334593150802,0.18165116631851302,0.6526481705149154,2.058323352996084,0.03723766926203864,126.52590753465182,18.577814205077264,0.9271860419585654,/data1/deasy/Himangi/breast_feature_extraction/Ductal_outputs/TCGA-BH-A0BR-01/tumor_core_wsi_summary.csv,TCGA-BH-A0BR,Alive,,,2330.0,0.0,,,,matched
TCGA-BH-A0BS-01Z-00-DX1.FEE32127-4D0B-4560-A39C-4EAA5B189B70,TCGA-BH-A0BS-01,TCGA-BH-A0BS,15,15,63.7392984554632,18.038320437111004,0.28300155279736866,1087792.878403482,1087.792878403482,60.304554528564616,1365,21.4153596458827,1.6069510879589053,0.18018832194168014,0.6955983767904946,2.0246863319044834,0.20777008151071222,110.52772508754126,14.854016528932194,0.9118475979280058,/data1/deasy/Himangi/breast_feature_extraction/Ductal_outputs/TCGA-BH-A0BS-01/tumor_core_wsi_summary.csv,TCGA-BH-A0BS,Alive,,,2612.0,0.0,,,,matched
TCGA-BH-A0BT-01Z-00-DX1.9087B9E7-C0CD-4179-AF57-AD9255785169,TCGA-BH-A0BT-01,TCGA-BH-A0BT,6,6,149.77922163519096,68.05501639105044,0.4543688747215439,2809929.46317426,2809.92946317426,41.28908656825743,2960,19.76242076627631,1.7464971600040846,0.10091242702111416,0.632374005950725,2.209192018147435,0.10784061543622434,108.47909059883543,13.914506618246469,0.9737572075571402,/data1/deasy/Himangi/breast_feature_extraction/Ductal_outputs/TCGA-BH-A0BT-01/tumor_core_wsi_summary.csv,TCGA-BH-A0BT,Alive,,,2365.0,0.0,,,,matched
TCGA-BH-A0BV-01Z-00-DX1.3C9CD4F7-A001-430D-AA8D-80CAD61C344E,TCGA-BH-A0BV-01,TCGA-BH-A0BV,9,9,184.35560196632366,50.31380217411528,0.2729171320940175,4097538.772355166,4097.538772355166,81.43965662096609,7509,40.73106496309059,1.8032004526550405,0.2772371759220483,0.7774746829075456,1.793063467851795,0.010122646168413746,92.33984040851398,14.680291811407907,0.9881208110850086,/data1/deasy/Himangi/breast_feature_extraction/Ductal_outputs/TCGA-BH-A0BV-01/tumor_core_wsi_summary.csv,TCGA-BH-A0BV,Alive,,,1519.0,0.0,,,,matched
TCGA-BH-A0BZ-01Z-00-DX1.45EB3E93-A871-49C6-9EAE-90D98AE01913,TCGA-BH-A0BZ-01,TCGA-BH-A0BZ,5,5,91.31002358664789,15.426066765049447,0.16894165787188747,2224674.7420252906,2224.6747420252905,144.21529323765762,3878,42.4706932237292,1.6844051839956824,0.2692449010531425,0.7613322224281244,1.971103026185616,0.015306012787733875,79.1151822834965,16.703851381042956,0.9790317601002969,/data1/deasy/Himangi/breast_feature_extraction/Ductal_outputs/TCGA-BH-A0BZ-01/tumor_core_wsi_summary.csv,TCGA-BH-A0BZ,Alive,,,2255.0,0.0,,,,matched
TCGA-BH-A0DE-01Z-00-DX1.64A0340A-8146-48E8-AAF7-4035988B9152,TCGA-BH-A0DE-01,TCGA-BH-A0DE,11,11,27.005064432989318,6.573378526788175,0.24341280662741732,422316.1185246993,422.3161185246993,64.24643230321433,570,21.10715200900204,1.5373491166245588,0.14923305223492453,0.7142715028889455,1.8307120991539758,0.19467588888106477,112.09688520086418,17.78367091980072,0.9232421909247704,/data1/deasy/Himangi/breast_feature_extraction/Ductal_outputs/TCGA-BH-A0DE-01/tumor_core_wsi_summary.csv,TCGA-BH-A0DE,Alive,,,2372.0,0.0,,,,matched
TCGA-BH-A0DK-01Z-00-DX1.0CFED53C-BAD9-4E35-B12F-57E64F3FEF1C,TCGA-BH-A0DK-01,TCGA-BH-A0DK,4,4,128.61298357814317,67.24894371808877,0.522878342816994,2279932.1542801503,2279.9321542801504,33.902869372012,1781,13.847746552881212,1.686565411412374,0.03510689850391653,0.583727689650647,1.515863074738169,0.4166148528200624,104.61593984920357,12.25194685963554,0.9757664026170412,/data1/deasy/Himangi/breast_feature_extraction/Ductal_outputs/TCGA-BH-A0DK-01/tumor_core_wsi_summary.csv,TCGA-BH-A0DK,Alive,,,423.0,0.0,,,,matched
TCGA-BH-A0DO-01Z-00-DX1.1684557E-A5D4-4828-B2D5-FA899993A019,TCGA-BH-A0DO-01,TCGA-BH-A0DO,3,3,71.73947576033609,17.920921228236026,0.24980557828587158,1420621.2945943605,1420.6212945943605,79.27166670182355,2005,27.948350315497297,1.7421263104148466,0.17863631870606803,0.6529144761884543,1.8545029854797948,0.024198571206395708,101.71005072213579,15.539559746532033,0.9726108059056662,/data1/deasy/Himangi/breast_feature_extraction/Ductal_outputs/TCGA-BH-A0DO-01/tumor_core_wsi_summary.csv,TCGA-BH-A0DO,Alive,,,1644.0,0.0,,,,matched
TCGA-BH-A0DQ-01Z-00-DX1.5A98747C-52D9-45AD-BC84-934A96F069EB,TCGA-BH-A0DQ-01,TCGA-BH-A0DQ,13,13,145.56363948209764,57.47795230097099,0.39486476502973117,2859440.4163820436,2859.4404163820436,49.74847401329115,2529,17.373844244331586,1.7009239952239823,0.07249465302553174,0.5790210268464052,1.8234913482875261,0.16015861972512974,106.52618473275079,12.460004149090054,0.9645721156685992,/data1/deasy/Himangi/breast_feature_extraction/Ductal_outputs/TCGA-BH-A0DQ-01/tumor_core_wsi_summary.csv,TCGA-BH-A0DQ,Alive,,,98.0,0.0,,,,matched
TCGA-BH-A0DS-01Z-00-DX1.38E82A1F-21B9-4B97-A304-15B886EA68A0,TCGA-BH-A0DS-01,TCGA-BH-A0DS,3,3,59.35313314342732,18.991233127625264,0.31997018728114657,1625982.1513619649,1625.982151361965,85.61751311434108,1611,27.142627771764055,1.6851670487423436,0.0799062351553991,0.579337865383788,1.756464932346003,0.14115650806216495,94.12085347090265,13.019091016231272,0.927624725575827,/data1/deasy/Himangi/breast_feature_extraction/Ductal_outputs/TCGA-BH-A0DS-01/tumor_core_wsi_summary.csv,TCGA-BH-A0DS,Alive,,,78.0,0.0,,,,matched
TCGA-BH-A0DT-01Z-00-DX1.73AFCEBB-06B1-4870-ADA2-881511B1BE2D,TCGA-BH-A0DT-01,TCGA-BH-A0DT,5,5,40.53558110362678,12.014727867293692,0.2963995467729638,738579.3553545936,738.5793553545936,61.47283263611347,1026,25.311096376713895,1.6814450548417108,0.1991863353704981,0.6829038109089186,2.011639896180197,0.11173885492435123,115.32753825232257,20.34360123954362,0.9246976441034681,/data1/deasy/Himangi/breast_feature_extraction/Ductal_outputs/TCGA-BH-A0DT-01/tumor_core_wsi_summary.csv,TCGA-BH-A0DT,Alive,,,2403.0,0.0,,,,matched
TCGA-BH-A0DV-01Z-00-DX1.2F0B5FB3-40F0-4D27-BFAC-390FB9A42B39,TCGA-BH-A0DV-01,TCGA-BH-A0DV,12,12,16.21603550950203,2.206117014183357,0.13604539857418602,322280.93464931176,322.28093464931175,146.08514987071578,580,35.767065239844854,1.5724185059333369,0.3069925717177041,0.7314677708686738,2.1733440155573365,0.1004806061870083,91.59302774991498,24.97085842175815,0.8788095443584156,/data1/deasy/Himangi/breast_feature_extraction/Ductal_outputs/TCGA-BH-A0DV-01/tumor_core_wsi_summary.csv,TCGA-BH-A0DV,Alive,,,2064.0,0.0,,,,matched
TCGA-BH-A0DX-01Z-00-DX1.45C27E71-9A0A-400E-93A9-5CE7780F3C5E,TCGA-BH-A0DX-01,TCGA-BH-A0DX,5,5,18.68374728661612,5.884109742301179,0.3149319915344922,336138.53059179016,336.13853059179013,57.12648902097666,367,19.6427405257668,1.6472768889237006,0.16562476077189503,0.6228319640257477,1.8676877913652115,0.09799825735600534,119.87051401311045,11.19660010921452,0.9098416092380041,/data1/deasy/Himangi/breast_feature_extraction/Ductal_outputs/TCGA-BH-A0DX-01/tumor_core_wsi_summary.csv,TCGA-BH-A0DX,Alive,,,2156.0,0.0,,,,matched
TCGA-BH-A0DZ-01Z-00-DX1.138BAEC2-589E-4960-B94E-DF48DDAA5490,TCGA-BH-A0DZ-01,TCGA-BH-A0DZ,10,10,110.32953313198591,47.67086912119891,0.4320771398911914,2419933.7370208083,2419.933737020808,50.76336516685575,2395,21.707696316768512,1.691970833601882,0.07355059941224856,0.5944040947910608,2.150433703216082,0.19848807309365302,96.14003867147919,10.645312788198929,0.9769319623127344,/data1/deasy/Himangi/breast_feature_extraction/Ductal_outputs/TCGA-BH-A0DZ-01/tumor_core_wsi_summary.csv,TCGA-BH-A0DZ,Alive,,,495.0,0.0,,,,matched
TCGA-BH-A0E2-01Z-00-DX1.5F6FA19C-D59F-45BE-80CE-F738CAB1EF0B,TCGA-BH-A0E2-01,TCGA-BH-A0E2,10,10,99.04118844474685,36.202057725459206,0.3655252758366851,2130996.3698759596,2130.9963698759598,58.86395701693305,1866,18.840646293748836,1.7706877197334094,0.07719586136346505,0.6701848627417625,1.784407257851336,0.08890977842101404,101.7187254256008,13.611787723964111,0.9570836299963801,/data1/deasy/Himangi/breast_feature_extraction/Ductal_outputs/TCGA-BH-A0E2-01/tumor_core_wsi_summary.csv,TCGA-BH-A0E2,Alive,,,435.0,0.0,,,,matched
TCGA-BH-A0E7-01Z-00-DX1.7FEE54C4-3795-403C-85B9-FF932BE56788,TCGA-BH-A0E7-01,TCGA-BH-A0E7,3,3,54.40320265392557,35.112060242118424,0.6454042874180836,974533.1118446551,974.5331118446551,27.75493961689154,520,9.558260812472193,1.6300910372978108,0.020777236978648618,0.6861669891477755,1.5402130710757087,0.35903852470355474,95.63002538339029,3.308593815553006,0.975710386653867,/data1/deasy/Himangi/breast_feature_extraction/Ductal_outputs/TCGA-BH-A0E7-01/tumor_core_wsi_summary.csv,TCGA-BH-A0E7,Alive,,,1363.0,0.0,,,,matched
TCGA-BH-A0EA-01Z-00-DX1.85FF2B48-2AF7-4C15-A7E6-FCA68CAB76C7,TCGA-BH-A0EA-01,TCGA-BH-A0EA,8,8,46.212655476636904,9.992384129555388,0.21622614036120694,724525.6013387641,724.5256013387641,72.50778112060048,821,17.76569624775321,1.539823677321349,0.16909927869714103,0.653864212436598,2.0123695892843365,0.12079564901823665,123.55834674480462,16.574353173229625,0.9210046466606654,/data1/deasy/Himangi/breast_feature_extraction/Ductal_outputs/TCGA-BH-A0EA-01/tumor_core_wsi_summary.csv,TCGA-BH-A0EA,Dead,991.0,,991.0,1.0,991.0,32.558521560574945,2.7132101300479126,matched
TCGA-BH-A0EE-01Z-00-DX1.872EA586-25C8-4835-A138-152DFA1EBF30,TCGA-BH-A0EE-01,TCGA-BH-A0EE,12,12,199.38773437674348,116.13347725775135,0.582450458252948,1850480.4637435388,1850.4804637435388,15.934082983122149,372,1.8657115552409325,1.686492219563665,0.03766050391482321,0.631523978763632,1.6734237365514852,0.2543353135868088,243.26288745452334,10.789621672276368,0.8941879396806126,/data1/deasy/Himangi/breast_feature_extraction/Ductal_outputs/TCGA-BH-A0EE-01/tumor_core_wsi_summary.csv,TCGA-BH-A0EE,Alive,,,943.0,0.0,,,,matched
TCGA-BH-A0EI-01Z-00-DX1.929E126A-C9F8-4240-BF00-B6C4A57B7FF6,TCGA-BH-A0EI-01,TCGA-BH-A0EI,9,9,43.54119195870505,10.467816215744518,0.24041179730845014,1041030.2948187534,1041.0302948187534,99.45057052615732,1237,28.40987911339645,1.6529450602396176,0.14305331201970453,0.640660839039133,1.7700643451980231,0.15938480328649138,103.3584431186334,13.605539977892482,0.9391155581693995,/data1/deasy/Himangi/breast_feature_extraction/Ductal_outputs/TCGA-BH-A0EI-01/tumor_core_wsi_summary.csv,TCGA-BH-A0EI,Alive,,,1926.0,0.0,,,,matched
TCGA-BH-A0GY-01Z-00-DX1.E1AEAA36-94FA-41ED-851F-7BB11DD3C06D,TCGA-BH-A0GY-01,TCGA-BH-A0GY,10,10,106.90922262656571,22.160193825391836,0.20728046917708373,2832112.8988729445,2832.1128988729447,127.80181081393891,3579,33.476999570948706,1.682821690423784,0.15777133564872686,0.6485025735442215,1.9098379472023679,0.03481926764102071,85.67937236373727,12.388018770613362,0.9610065054402617,/data1/deasy/Himangi/breast_feature_extraction/Ductal_outputs/TCGA-BH-A0GY-01/tumor_core_wsi_summary.csv,TCGA-BH-A0GY,Alive,,,923.0,0.0,,,,matched
TCGA-BH-A0GZ-01Z-00-DX1.9AD4F493-A0A9-499D-B667-B33333FC1A51,TCGA-BH-A0GZ-01,TCGA-BH-A0GZ,1,1,50.736802841874926,17.59051343954312,0.34670125932777596,975324.0453182876,975.3240453182875,55.446024851428085,960,18.92117646813325,1.720113654344518,0.10386650534562525,0.6918251921613601,1.8353548503662525,0.17881332270399883,112.53004534844632,12.850097275896397,0.9691966128738913,/data1/deasy/Himangi/breast_feature_extraction/Ductal_outputs/TCGA-BH-A0GZ-01/tumor_core_wsi_summary.csv,TCGA-BH-A0GZ,Alive,,,328.0,0.0,,,,matched
TCGA-BH-A0H0-01Z-00-DX1.B3B394DD-1F4E-42CA-BB51-C002E423B3D0,TCGA-BH-A0H0-01,TCGA-BH-A0H0,3,3,32.52193470722951,23.871475075675082,0.734011530696805,161061.6658619123,161.0616658619123,6.747034498342893,97,2.982602384305176,1.3773610870385862,0.05612964964263108,0.8692918951019802,1.344408942540869,0.9340933936882062,141.33687262125494,14.92221214957282,0.9247448383305767,/data1/deasy/Himangi/breast_feature_extraction/Ductal_outputs/TCGA-BH-A0H0-01/tumor_core_wsi_summary.csv,TCGA-BH-A0H0,Alive,,,461.0,0.0,,,,matched
TCGA-BH-A0H3-01Z-00-DX1.C6D4DFB9-A4FA-40B2-90EF-75294CBC4523,TCGA-BH-A0H3-01,TCGA-BH-A0H3,4,4,31.089093464764684,6.051463588520347,0.19464908474667716,460774.2136308856,460.7742136308856,76.14260697279519,711,22.86975658540263,1.651144304841491,0.23626652632038225,0.7132364112611584,2.2273784420294067,0.06152343040219448,104.25758650743857,16.828216775176116,0.9464945797246047,/data1/deasy/Himangi/breast_feature_extraction/Ductal_outputs/TCGA-BH-A0H3-01/tumor_core_wsi_summary.csv,TCGA-BH-A0H3,Alive,,,1928.0,0.0,,,,matched
TCGA-BH-A0H7-01Z-00-DX1.21502FEA-DB37-4630-BA42-778DDF3A6D17,TCGA-BH-A0H7-01,TCGA-BH-A0H7,3,3,46.287988719354665,15.763192982366439,0.3405460772542766,1372939.9791810191,1372.9399791810192,87.0978348559752,1359,29.35966840641217,1.695578556723395,0.08059741740882055,0.6234160651797744,1.9062516200622366,0.10054635639158606,91.40130537020757,10.201944774998406,0.960858781824008,/data1/deasy/Himangi/breast_feature_extraction/Ductal_outputs/TCGA-BH-A0H7-01/tumor_core_wsi_summary.csv,TCGA-BH-A0H7,Alive,,,702.0,0.0,,,,matched
TCGA-BH-A0H9-01Z-00-DX1.8AE869C6-5C78-4D52-AC8B-5B6FD5FD91AA,TCGA-BH-A0H9-01,TCGA-BH-A0H9,3,3,113.9273953498044,54.5199905133407,0.47855031132715453,1400416.4067893333,1400.4164067893332,25.68629219490895,826,7.250231583578621,1.7327508166374819,0.07172625020093115,0.6448956588532794,1.5566918761279682,0.17169007651146265,174.16895405539233,21.99717633592707,0.9636389400652696,/data1/deasy/Himangi/breast_feature_extraction/Ductal_outputs/TCGA-BH-A0H9-01/tumor_core_wsi_summary.csv,TCGA-BH-A0H9,Alive,,,1247.0,0.0,,,,matched
TCGA-BH-A0HB-01Z-00-DX1.F90F7139-B804-4548-9FAF-9B475BF225EB,TCGA-BH-A0HB-01,TCGA-BH-A0HB,8,8,114.41810186321129,49.13722966137408,0.42945328458707044,1766030.7955992084,1766.0307955992084,35.94078884319875,1613,14.097419671656219,1.6810918539972801,0.16323598929090188,0.709024095477786,2.0786343214885084,0.0578030685877155,129.09812552381874,14.044766659021239,0.9678207171114029,/data1/deasy/Himangi/breast_feature_extraction/Ductal_outputs/TCGA-BH-A0HB-01/tumor_core_wsi_summary.csv,TCGA-BH-A0HB,Alive,,,806.0,0.0,,,,matched
TCGA-BH-A0HF-01Z-00-DX1.1EB2F7CE-54F4-4E41-A3CF-78209770B7CE,TCGA-BH-A0HF-01,TCGA-BH-A0HF,6,6,51.82023314363848,13.876159320553233,0.2677749303460378,1200465.502081274,1200.465502081274,86.51280764001868,1462,28.212918223419397,1.7382460850822916,0.16304689023662916,0.6350739065256609,1.9149853780667527,0.04236179962125111,102.5526787124884,13.412791212672845,0.954671029647246,/data1/deasy/Himangi/breast_feature_extraction/Ductal_outputs/TCGA-BH-A0HF-01/tumor_core_wsi_summary.csv,TCGA-BH-A0HF,Alive,,,727.0,0.0,,,,matched
TCGA-BH-A0HI-01Z-00-DX1.89DB9F79-0DCC-4C65-831E-96AE026C2C4E,TCGA-BH-A0HI-01,TCGA-BH-A0HI,7,7,72.32757441425423,26.212737137283273,0.36241692535063497,1239539.93123585,1239.5399312358502,47.287695472015784,1325,18.319430877234986,1.717254398610326,0.13034129480259984,0.6728633167820488,1.8258277272741996,0.08679638677976584,108.32607050708971,13.527384169071924,0.9579012933912253,/data1/deasy/Himangi/breast_feature_extraction/Ductal_outputs/TCGA-BH-A0HI-01/tumor_core_wsi_summary.csv,TCGA-BH-A0HI,Alive,,,620.0,0.0,,,,matched
TCGA-BH-A0HL-01Z-00-DX1.972DE96D-51F4-4A2D-B074-8D965023DC01,TCGA-BH-A0HL-01,TCGA-BH-A0HL,12,12,123.58956184044588,50.89617024274769,0.4118160909774454,2473555.2948745545,2473.5552948745544,48.60002792109917,1499,12.1288560107949,1.6598079087818156,0.06340663499482871,0.5840130118494535,1.7906572876413422,0.2678559223839777,128.98230318506617,8.952029525287163,0.9478461944363644,/data1/deasy/Himangi/breast_feature_extraction/Ductal_outputs/TCGA-BH-A0HL-01/tumor_core_wsi_summary.csv,TCGA-BH-A0HL,Alive,,,72.0,0.0,,,,matched
TCGA-BH-A0HO-01Z-00-DX1.D3D66547-F5D4-40F5-B737-2FECEEB35ACB,TCGA-BH-A0HO-01,TCGA-BH-A0HO,3,3,94.51773262272452,54.841110441172,0.5802203345278595,739480.5224210122,739.4805224210122,13.484054507142998,511,5.406392915070228,1.5641327999984524,0.05045692133871756,0.7693434132746303,1.6018327875062706,0.6724545797639244,131.59857144417572,14.859384769896735,0.9635382283759167,/data1/deasy/Himangi/breast_feature_extraction/Ductal_outputs/TCGA-BH-A0HO-01/tumor_core_wsi_summary.csv,TCGA-BH-A0HO,Alive,,,76.0,0.0,,,,matched
TCGA-BH-A0HU-01Z-00-DX1.73B38904-E4F8-4F45-BD75-A27EC833B6DE,TCGA-BH-A0HU-01,TCGA-BH-A0HU,10,10,111.91507615383024,60.00972886108012,0.5362077293196418,1237068.8092709768,1237.0688092709768,20.61447089912265,490,4.378319855016513,1.6715781872608206,0.07904095329191928,0.6050159602244892,1.4197090555096332,0.4638270483986069,221.11353862335307,18.571977515267847,0.9139982346645057,/data1/deasy/Himangi/breast_feature_extraction/Ductal_outputs/TCGA-BH-A0HU-01/tumor_core_wsi_summary.csv,TCGA-BH-A0HU,Alive,,,392.0,0.0,,,,matched
TCGA-BH-A0HW-01Z-00-DX1.44DCCE00-133F-4469-A4DA-5057C011B4AC,TCGA-BH-A0HW-01,TCGA-BH-A0HW,2,2,120.64081691508572,85.3260690955653,0.7072736348894498,866710.1215021714,866.7101215021714,10.157623932393452,187,1.5500558167773506,1.7102490713876022,0.049621334331094474,0.6514921330891463,1.2687126214497875,0.5327985357884245,244.77036736732288,8.100867089714892,0.9007234724088401,/data1/deasy/Himangi/breast_feature_extraction/Ductal_outputs/TCGA-BH-A0HW-01/tumor_core_wsi_summary.csv,TCGA-BH-A0HW,Alive,,,1561.0,0.0,,,,matched
TCGA-BH-A0HX-01Z-00-DX1.44EBA39E-383D-4820-915E-4E5FDA1D43DA,TCGA-BH-A0HX-01,TCGA-BH-A0HX,8,8,153.13675342151856,74.85114741247092,0.48878630204754603,2845264.8410011944,2845.2648410011943,38.012307617974415,2785,18.186359170969965,1.8224864133560217,0.06102499912144306,0.5850534637831417,1.7675778147684427,0.35546102978574934,102.27851187744012,13.309644810853573,0.9701734323845101,/data1/deasy/Himangi/breast_feature_extraction/Ductal_outputs/TCGA-BH-A0HX-01/tumor_core_wsi_summary.csv,TCGA-BH-A0HX,Alive,,,829.0,0.0,,,,matched
TCGA-BH-A0HY-01Z-00-DX1.D7A1BF42-F268-4220-B71B-354CE2AF32D8,TCGA-BH-A0HY-01,TCGA-BH-A0HY,10,10,83.39921089013811,33.67674305391284,0.4038016990145778,1461591.6502401638,1461.5916502401637,43.4006236262311,1181,14.160805448815731,1.5975603576703274,0.127295325283904,0.6360478001300129,1.78198405512318,0.26474207519153936,116.49459537066876,13.35377570165833,0.910892062614928,/data1/deasy/Himangi/breast_feature_extraction/Ductal_outputs/TCGA-BH-A0HY-01/tumor_core_wsi_summary.csv,TCGA-BH-A0HY,Alive,,,1545.0,0.0,,,,matched
TCGA-BH-A0RX-01Z-00-DX1.B4ABAFB9-6696-4F22-9468-DA56E1AD32D3,TCGA-BH-A0RX-01,TCGA-BH-A0RX,4,4,130.224804462235,94.34083685163179,0.7244459858566384,604157.0835233277,604.1570835233277,6.403982662073214,91,0.6987916040710191,1.7058172837791474,0.02297045491305371,0.4952261131592724,1.4016109239384902,0.5603062338917199,401.0654983837756,20.97502852131034,0.8834084260650518,/data1/deasy/Himangi/breast_feature_extraction/Ductal_outputs/TCGA-BH-A0RX-01/tumor_core_wsi_summary.csv,TCGA-BH-A0RX,Alive,,,170.0,0.0,,,,matched
TCGA-BH-A0W3-01Z-00-DX1.38DCA2B7-1A54-4FFA-BABA-29F80974BB17,TCGA-BH-A0W3-01,TCGA-BH-A0W3,13,13,105.62000382079678,63.62353826960909,0.602381518349098,1182838.3842619376,1182.8383842619376,18.59120722348982,1118,10.585116072300915,1.5995007445074652,0.030754912089949484,0.6147849203951287,1.6058149745186439,0.8196192045707145,100.93125991085395,14.367153312531812,0.9675038132741234,/data1/deasy/Himangi/breast_feature_extraction/Ductal_outputs/TCGA-BH-A0W3-01/tumor_core_wsi_summary.csv,TCGA-BH-A0W3,Alive,,,728.0,0.0,,,,matched
TCGA-BH-A0W4-01Z-00-DX1.23E017DC-15CB-4838-AC91-CFB11B932AB0,TCGA-BH-A0W4-01,TCGA-BH-A0W4,7,7,65.96097605863055,17.98385403210712,0.2726438434768137,1307307.113414684,1307.3071134146842,72.69337879859951,1907,28.91103367398521,1.7360343262482048,0.21349960783562066,0.6886095204426,2.1703359322509406,0.05498585757033705,106.09878867241149,16.303579281715216,0.9494361511730531,/data1/deasy/Himangi/breast_feature_extraction/Ductal_outputs/TCGA-BH-A0W4-01/tumor_core_wsi_summary.csv,TCGA-BH-A0W4,Alive,,,759.0,0.0,,,,matched
TCGA-BH-A0W5-01Z-00-DX1.84EA3913-667B-4694-A0F0-E629CAC615C8,TCGA-BH-A0W5-01,TCGA-BH-A0W5,7,7,56.767851883381184,13.05429156204026,0.2299592309544817,1358356.3133480377,1358.3563133480377,104.05438754699757,2079,36.62284076330583,1.6737747488988481,0.1943834987781609,0.6654233013654235,1.8309410604124627,0.049853257287595897,89.92480970074537,14.281122667554246,0.96425665409004,/data1/deasy/Himangi/breast_feature_extraction/Ductal_outputs/TCGA-BH-A0W5-01/tumor_core_wsi_summary.csv,TCGA-BH-A0W5,Alive,,,1288.0,0.0,,,,matched
TCGA-BH-A0W7-01Z-00-DX1.93F11232-A1FB-4682-B744-3531D4DF11AF,TCGA-BH-A0W7-01,TCGA-BH-A0W7,7,7,54.75799257523703,19.892440147414124,0.3632792075071429,1237851.460398931,1237.851460398931,62.227230607495024,1332,24.325216052612646,1.6573265224433242,0.09191858353653402,0.5930910627995909,2.020126449195076,0.33602632752950606,96.74656024289825,13.050776801610489,0.960897409481926,/data1/deasy/Himangi/breast_feature_extraction/Ductal_outputs/TCGA-BH-A0W7-01/tumor_core_wsi_summary.csv,TCGA-BH-A0W7,Alive,,,1363.0,0.0,,,,matched
TCGA-BH-A18F-01Z-00-DX1.81A81589-2D77-4CD6-BD34-76E292AA031D,TCGA-BH-A18F-01,TCGA-BH-A18F,8,8,56.422156725680225,16.025160430179714,0.28402247202446895,1525261.7014030127,1525.2617014030127,95.17918451103505,1956,34.66723205052064,1.7123694407509749,0.14394573437058056,0.6151448225621664,2.065804099593257,0.0916918969852995,92.2717872485876,12.28011363388492,0.9485322507854987,/data1/deasy/Himangi/breast_feature_extraction/Ductal_outputs/TCGA-BH-A18F-01/tumor_core_wsi_summary.csv,TCGA-BH-A18F,Alive,,,1001.0,0.0,,,,matched
TCGA-BH-A18G-01Z-00-DX1.DB2B5819-CE83-4E07-BD03-2CD9CF2E246C,TCGA-BH-A18G-01,TCGA-BH-A18G,1,1,53.506199403941366,38.43046940002805,0.7182433031712806,577570.6055238178,577.5706055238178,15.028976084361753,237,4.4293932785392744,1.5950652871915914,0.02761995547060118,0.7079633706730364,1.8978436060352526,0.5159894046944551,137.77094044554534,6.020797289396148,0.9540324178661427,/data1/deasy/Himangi/breast_feature_extraction/Ductal_outputs/TCGA-BH-A18G-01/tumor_core_wsi_summary.csv,TCGA-BH-A18G,Alive,,,149.0,0.0,,,,matched
TCGA-BH-A18H-01Z-00-DX1.4EC9108F-04C2-4B28-BD74-97A414C9A536,TCGA-BH-A18H-01,TCGA-BH-A18H,2,2,7.211871896587672,2.0197202872879836,0.2800549311259429,148743.36870826187,148.74336870826187,73.64552886082545,111,15.391288363360992,1.5376187978923086,0.08194123706701716,0.6495681876680163,1.4578331983754915,0.48321860848867065,131.70525726107346,9.880457660328327,0.8474999908640585,/data1/deasy/Himangi/breast_feature_extraction/Ductal_outputs/TCGA-BH-A18H-01/tumor_core_wsi_summary.csv,TCGA-BH-A18H,Alive,,,652.0,0.0,,,,matched
TCGA-BH-A18I-01Z-00-DX1.EE699DE3-EBF4-4AB4-8319-9911F027FA18,TCGA-BH-A18I-01,TCGA-BH-A18I,5,5,70.52311606251725,22.75679479267374,0.32268561094918624,1672454.2443593238,1672.4542443593239,73.49252210587007,1852,26.26089292989041,1.6746761371460317,0.11010434362436572,0.581483723776523,1.8990158806921917,0.21727915935134792,97.89262456141064,12.767188374956847,0.9651798817180909,/data1/deasy/Himangi/breast_feature_extraction/Ductal_outputs/TCGA-BH-A18I-01/tumor_core_wsi_summary.csv,TCGA-BH-A18I,Alive,,,1093.0,0.0,,,,matched
TCGA-BH-A18J-01Z-00-DX1.AE20ADB6-050C-405D-BF17-1EE4A1A4979A,TCGA-BH-A18J-01,TCGA-BH-A18J,7,7,199.4126691041522,69.07875355262918,0.3464110573463599,4233888.409363529,4233.888409363529,61.29074703320822,4765,23.89517186348509,1.7082298202673485,0.09548212708967604,0.606217749229685,1.9432764642806404,0.167532256974885,99.94190721836597,14.175618059443014,0.9739172766080968,/data1/deasy/Himangi/breast_feature_extraction/Ductal_outputs/TCGA-BH-A18J-01/tumor_core_wsi_summary.csv,TCGA-BH-A18J,Dead,612.0,,612.0,1.0,612.0,20.10677618069815,1.675564681724846,matched
TCGA-BH-A18M-01Z-00-DX1.56E6935A-62CB-4CBE-BDCA-60DA56422CE0,TCGA-BH-A18M-01,TCGA-BH-A18M,13,13,162.58272772092252,62.64777897197852,0.3853286253107714,3441459.542051163,3441.459542051163,54.9334644982463,4003,24.621311600032037,1.7642810303566545,0.12454499233821635,0.6162849329748868,1.89535604329748,0.12971138033534105,101.79112409381547,13.75029185067075,0.9734375003081529,/data1/deasy/Himangi/breast_feature_extraction/Ductal_outputs/TCGA-BH-A18M-01/tumor_core_wsi_summary.csv,TCGA-BH-A18M,Dead,2207.0,,2207.0,1.0,2207.0,72.50924024640658,6.0424366872005475,matched
TCGA-BH-A18P-01Z-00-DX1.C66642D3-BE44-4D65-B4AE-C1C3D959D22C,TCGA-BH-A18P-01,TCGA-BH-A18P,4,4,127.9773092095853,65.39776388455391,0.5110106181202294,2741856.1686221357,2741.8561686221356,41.92583974984695,1977,15.448051003809711,1.7688517165829283,0.05155999372641196,0.6391128218301083,1.6362864275614482,0.16682187516046584,103.69017330754552,11.277145114975571,0.9808475647612281,/data1/deasy/Himangi/breast_feature_extraction/Ductal_outputs/TCGA-BH-A18P-01/tumor_core_wsi_summary.csv,TCGA-BH-A18P,Dead,921.0,,921.0,1.0,921.0,30.258726899383984,2.521560574948665,matched
TCGA-BH-A18Q-01Z-00-DX1.E89E49C7-D62A-4408-A3D9-19E79FCB249E,TCGA-BH-A18Q-01,TCGA-BH-A18Q,3,3,198.15601685729806,85.68860481335095,0.43242999214633754,3201499.6344773234,3201.4996344773235,37.36202312373868,3630,18.318898701996734,1.744216806846711,0.1286289224425197,0.656588564082364,1.722090326649727,0.11089551482055796,114.60844616700801,16.663488143503926,0.9845527823307948,/data1/deasy/Himangi/breast_feature_extraction/Ductal_outputs/TCGA-BH-A18Q-01/tumor_core_wsi_summary.csv,TCGA-BH-A18Q,Dead,1692.0,,1692.0,1.0,1692.0,55.58932238193019,4.632443531827516,matched
TCGA-BH-A18U-01Z-00-DX1.63940315-59BC-462B-87A8-2BBB33C9503E,TCGA-BH-A18U-01,TCGA-BH-A18U,5,5,113.99556509133201,41.60848165932726,0.3650008807447113,1958273.4330080007,1958.2734330080007,47.06428485041871,1861,16.32519649785487,1.717897816685827,0.08876130823915925,0.5990142621596567,1.7363011331475082,0.23227997389349495,105.70321626586592,15.301804090629432,0.9634390076155874,/data1/deasy/Himangi/breast_feature_extraction/Ductal_outputs/TCGA-BH-A18U-01/tumor_core_wsi_summary.csv,TCGA-BH-A18U,Dead,1563.0,,1563.0,1.0,1563.0,51.351129363449694,4.2792607802874745,matched
TCGA-BH-A18V-01Z-00-DX1.7797760A-05CD-436E-97DA-31D6201F943B,TCGA-BH-A18V-01,TCGA-BH-A18V,6,6,109.20160923039077,64.5927580390286,0.5915000565857271,706011.6035851539,706.0116035851539,10.930197517786183,344,3.1501367280608252,1.529558815648769,0.06150189730609623,0.7154155402294526,1.796667352175611,0.7576391900289093,224.83263415564585,24.87274659059454,0.9668562199565779,/data1/deasy/Himangi/breast_feature_extraction/Ductal_outputs/TCGA-BH-A18V-01/tumor_core_wsi_summary.csv,TCGA-BH-A18V,Dead,1556.0,,1556.0,1.0,1556.0,51.121149897330596,4.26009582477755,matched
TCGA-BH-A1EV-01Z-00-DX1.106CF220-1D7D-40DD-88B2-A7F00B758F8F,TCGA-BH-A1EV-01,TCGA-BH-A1EV,11,11,158.01705863772784,85.09518400270697,0.5385189721686783,2064415.2138536018,2064.415213853602,24.260071096243596,1686,10.669734106779874,1.7133584760864433,0.08830342648895347,0.6831376338714651,1.5984639691923759,0.1789162730235903,123.78714770078807,13.59729786911261,0.9557440484476543,/data1/deasy/Himangi/breast_feature_extraction/Ductal_outputs/TCGA-BH-A1EV-01/tumor_core_wsi_summary.csv,TCGA-BH-A1EV,Dead,365.0,,365.0,1.0,365.0,11.991786447638603,0.999315537303217,matched
TCGA-BH-A1EW-01Z-00-DX1.A6A5F9C5-FB97-4DA3-A1EA-1F84BC006681,TCGA-BH-A1EW-01,TCGA-BH-A1EW,11,11,164.5455576424423,67.02524031064144,0.40733545937646876,2942678.0141814207,2942.6780141814206,43.9040278041975,2746,16.688387333841376,1.6631773300207928,0.09483054417921481,0.6094926293399516,1.8680302195705347,0.08886240960683275,112.04554324174721,13.426033550766808,0.9595824199795184,/data1/deasy/Himangi/breast_feature_extraction/Ductal_outputs/TCGA-BH-A1EW-01/tumor_core_wsi_summary.csv,TCGA-BH-A1EW,Dead,1694.0,,1694.0,1.0,1694.0,55.65503080082136,4.63791923340178,matched
TCGA-BH-A1EX-01Z-00-DX1.16B6A817-6729-446E-9FCF-A4A333C5295D,TCGA-BH-A1EX-01,TCGA-BH-A1EX,8,8,131.6272336633907,51.31865340505949,0.38987868981806834,2404884.6237816177,2404.884623781618,46.861802954956744,2519,19.13737704494967,1.7287754520584047,0.12825214902637128,0.6448174205781347,1.8431693083285148,0.0885729917021139,116.46994804030264,13.981159446867455,0.9735560848920276,/data1/deasy/Himangi/breast_feature_extraction/Ductal_outputs/TCGA-BH-A1EX-01/tumor_core_wsi_summary.csv,TCGA-BH-A1EX,Dead,1508.0,,1508.0,1.0,1508.0,49.544147843942504,4.128678986995209,matched
TCGA-BH-A1EY-01Z-00-DX1.25C3DE1F-C702-4959-8DFA-69EF78AD9307,TCGA-BH-A1EY-01,TCGA-BH-A1EY,8,8,152.42759511207205,45.25960293496042,0.2969252575406927,2686277.7578316126,2686.2777578316127,59.352658521814355,3840,25.192288818679113,1.7594787869662043,0.14501471477949224,0.6346767983962569,1.8707416109730615,0.1403661669042802,105.7706625179953,19.574853077820286,0.975059280514619,/data1/deasy/Himangi/breast_feature_extraction/Ductal_outputs/TCGA-BH-A1EY-01/tumor_core_wsi_summary.csv,TCGA-BH-A1EY,Dead,538.0,,538.0,1.0,538.0,17.675564681724847,1.4729637234770705,matched
TCGA-BH-A1F5-01Z-00-DX1.9A1AA3BB-80B1-473D-B075-8D65A94C4E0B,TCGA-BH-A1F5-01,TCGA-BH-A1F5,6,6,122.31670417509886,83.56085277371216,0.6831516049851464,1510914.3186756903,1510.9143186756903,18.08160482477767,1475,12.058859907543841,1.6152523910533882,0.0373822328188934,0.6806905461113381,1.511392744690002,0.6927898327150052,90.1500989830886,10.288416285521915,0.9691462827924252,/data1/deasy/Himangi/breast_feature_extraction/Ductal_outputs/TCGA-BH-A1F5-01/tumor_core_wsi_summary.csv,TCGA-BH-A1F5,Dead,2712.0,,2712.0,1.0,2712.0,89.10061601642711,7.425051334702259,matched
TCGA-BH-A1FB-01Z-00-DX1.9D778D1A-07F6-450D-B7AA-0E17B4D0A88C,TCGA-BH-A1FB-01,TCGA-BH-A1FB,18,18,100.46807555964061,25.28912539003739,0.25171304664858507,1885335.4760073302,1885.3354760073303,74.55123286905189,3427,34.11033784523561,1.6842306497986328,0.2603508581711983,0.7303775169397946,2.1627380693891496,0.076313934710056,97.75251035074344,17.165809051766868,0.9350535235297326,/data1/deasy/Himangi/breast_feature_extraction/Ductal_outputs/TCGA-BH-A1FB-01/tumor_core_wsi_summary.csv,TCGA-BH-A1FB,Dead,3669.0,,3669.0,1.0,3669.0,120.54209445585215,10.04517453798768,matched
TCGA-BH-A1FE-01Z-00-DX1.8FB57ECF-350B-44E4-8612-63E8374D3C4B,TCGA-BH-A1FE-01,TCGA-BH-A1FE,7,7,25.57432498873549,5.911214663055353,0.2311386386799658,332678.82113247656,332.67882113247657,56.27926578469467,468,18.299603223394403,1.4356731125757984,0.2880513568611097,0.7518274297491646,2.019845658558319,0.2790386242696324,101.84570364386104,19.790709561252903,0.8204327612961557,/data1/deasy/Himangi/breast_feature_extraction/Ductal_outputs/TCGA-BH-A1FE-01/tumor_core_wsi_summary.csv,TCGA-BH-A1FE,Dead,2273.0,,2273.0,1.0,2273.0,74.6776180698152,6.223134839151267,matched
TCGA-BH-A1FG-01Z-00-DX1.DA665FB6-9DD9-4B18-A925-2EFD9BC4C43B,TCGA-BH-A1FG-01,TCGA-BH-A1FG,2,2,70.76779779426671,31.907725750614404,0.45087916743396844,1134233.1722993946,1134.2331722993947,35.547289743066514,1153,16.292721208478962,1.671856222071149,0.09339577954675654,0.6599155742450745,2.22314424652107,0.26605827941967014,112.44404831734059,12.897323649984449,0.9587064165293753,/data1/deasy/Himangi/breast_feature_extraction/Ductal_outputs/TCGA-BH-A1FG-01/tumor_core_wsi_summary.csv,TCGA-BH-A1FG,Dead,577.0,,577.0,1.0,577.0,18.95687885010267,1.5797399041752225,matched
TCGA-BH-A1FJ-01Z-00-DX1.BCED4CEF-2B33-45BA-ABC7-29BEE818F4A3,TCGA-BH-A1FJ-01,TCGA-BH-A1FJ,8,8,114.13782586050363,25.122355950262254,0.22010543622029524,2265167.7115083397,2265.16771150834,90.16541744703261,2862,25.074947576957214,1.632555526161296,0.2065448796574799,0.7281050287422535,1.7096371364982328,0.07151103321931183,97.26101709757668,15.91897271373645,0.9558990177722816,/data1/deasy/Himangi/breast_feature_extraction/Ductal_outputs/TCGA-BH-A1FJ-01/tumor_core_wsi_summary.csv,TCGA-BH-A1FJ,Dead,1927.0,,1927.0,1.0,1927.0,63.31006160164271,5.27583846680356,matched
TCGA-BH-A1FM-01Z-00-DX1.860C5169-FE2B-43A6-A13D-E736374303DD,TCGA-BH-A1FM-01,TCGA-BH-A1FM,5,5,103.98163706851005,37.900572446414806,0.364492938512243,2090334.7305652061,2090.334730565206,55.1531176348483,1836,17.656963784772117,1.7340487012009058,0.14314875298173443,0.6643612998383421,1.8043577188611066,0.22816040573832067,106.59809666874743,12.446367633071834,0.9665911027560594,/data1/deasy/Himangi/breast_feature_extraction/Ductal_outputs/TCGA-BH-A1FM-01/tumor_core_wsi_summary.csv,TCGA-BH-A1FM,Dead,1388.0,,1388.0,1.0,1388.0,45.60164271047228,3.800136892539357,matched
TCGA-BH-A1FU-01Z-00-DX1.3D195750-8C9E-48C6-92EC-44AC6AB56267,TCGA-BH-A1FU-01,TCGA-BH-A1FU,9,9,26.532717657926284,5.386931455945656,0.20302976594394903,254655.52035603454,254.65552035603454,47.2728347183565,272,10.251494155508935,1.4124558757264176,0.22438961936911492,0.7214650364019922,1.9545675807623244,0.3241493923537227,158.20331667628633,34.05282570336221,0.8920510702133806,/data1/deasy/Himangi/breast_feature_extraction/Ductal_outputs/TCGA-BH-A1FU-01/tumor_core_wsi_summary.csv,TCGA-BH-A1FU,Dead,1688.0,,1688.0,1.0,1688.0,55.45790554414784,4.621492128678987,matched
TCGA-BH-A201-01Z-00-DX1.6D6E3224-50A0-45A2-B231-EEF27CA7EFD2,TCGA-BH-A201-01,TCGA-BH-A201,5,5,49.37366564354657,11.270280110197955,0.2282650065231899,915780.6591198485,915.7806591198486,81.25624653208051,1326,26.856421995746956,1.2089397985478756,0.20510284096848955,0.6614836393494801,1.9988684807746446,0.043505258877428725,100.53035422183747,16.837571616772305,0.9546868306684329,/data1/deasy/Himangi/breast_feature_extraction/Ductal_outputs/TCGA-BH-A201-01/tumor_core_wsi_summary.csv,TCGA-BH-A201,Alive,,,856.0,0.0,,,,matched
TCGA-BH-A202-01Z-00-DX1.8CECDB74-5E6F-4CE8-B52C-A89E574F38FB,TCGA-BH-A202-01,TCGA-BH-A202,8,8,130.7569647810842,80.43749705230205,0.6151679735528582,888701.9817229197,888.7019817229198,11.048354490009407,280,2.1413773290683316,1.3622391723104967,0.1210568298470916,0.7555559775833749,1.7454709457515567,0.19128161381582295,303.90719823043855,16.81588088804826,0.9170584940109346,/data1/deasy/Himangi/breast_feature_extraction/Ductal_outputs/TCGA-BH-A202-01/tumor_core_wsi_summary.csv,TCGA-BH-A202,Alive,,,795.0,0.0,,,,matched
TCGA-BH-A203-01Z-00-DX1.FAE40A13-0C4A-415F-9396-01041FF6B855,TCGA-BH-A203-01,TCGA-BH-A203,15,15,137.50624006064677,39.95377704777022,0.2905597377264384,2819600.533938645,2819.6005339386447,70.57156399925408,2545,18.508250962847463,1.3303455534898903,0.1262147112349854,0.6639368042997114,1.8269059390871578,0.053133290558745536,127.51685305108226,19.416284532808387,0.9624527414388965,/data1/deasy/Himangi/breast_feature_extraction/Ductal_outputs/TCGA-BH-A203-01/tumor_core_wsi_summary.csv,TCGA-BH-A203,Dead,1174.0,,1174.0,1.0,1174.0,38.57084188911704,3.2142368240930868,matched
TCGA-BH-A42V-01Z-00-DX1.B6D78256-05D1-45FA-826A-1B8554D60B7D,TCGA-BH-A42V-01,TCGA-BH-A42V,1,1,33.767216151739476,10.316883667118292,0.3055295888401754,773945.6759103889,773.9456759103889,75.01738905684172,1129,33.434796488008416,,0.199301941029861,0.686686485846727,1.9640975206871796,0.04901165157844966,99.07580746579863,14.502155012273176,0.9694983667336725,/data1/deasy/Himangi/breast_feature_extraction/Ductal_outputs/TCGA-BH-A42V-01/tumor_core_wsi_summary.csv,TCGA-BH-A42V,Alive,,,635.0,0.0,,,,matched
TCGA-BH-A5J0-01Z-00-DX1.73CFBC85-8449-48FF-86F8-D4D49A90498B,TCGA-BH-A5J0-01,TCGA-BH-A5J0,3,3,67.01274634671195,27.584946772558133,0.41163731195015574,1195121.0661777256,1195.1210661777257,43.32511771843068,1142,17.041534070122967,1.5833769344221704,0.098726290742276,0.5941589002804841,1.9070616170159709,0.13419043726047805,117.74206367475624,15.912682136253103,0.9601866487691736,/data1/deasy/Himangi/breast_feature_extraction/Ductal_outputs/TCGA-BH-A5J0-01/tumor_core_wsi_summary.csv,TCGA-BH-A5J0,Alive,,,715.0,0.0,,,,matched
TCGA-C8-A12L-01Z-00-DX1.01863BE4-F4AB-45DE-894A-46544777C519,TCGA-C8-A12L-01,TCGA-C8-A12L,1,1,110.73786635322485,53.81046304092683,0.48592649301446283,1456278.4583416958,1456.2784583416958,27.063109589562323,579,5.228563806287736,,0.03936955600695355,0.49088707375875335,1.9370977430251128,0.24820282360921886,159.04819434687084,15.350081433008752,0.9756209037064099,/data1/deasy/Himangi/breast_feature_extraction/Ductal_outputs/TCGA-C8-A12L-01/tumor_core_wsi_summary.csv,TCGA-C8-A12L,Alive,,,363.0,0.0,,,,matched
TCGA-C8-A12M-01Z-00-DX1.0C5F2DED-873F-4C86-97A2-2AA76A6236DF,TCGA-C8-A12M-01,TCGA-C8-A12M,1,1,154.23285416548072,137.9462467163664,0.8944024764552438,408499.0800767649,408.4990800767649,2.9612917335597158,147,0.9531043226515125,1.3635369809372209,0.022497937211745884,0.8993005926849026,1.0310230583830466,0.9877019685528535,136.36646398583488,14.162009038268547,0.9744634931031495,/data1/deasy/Himangi/breast_feature_extraction/Ductal_outputs/TCGA-C8-A12M-01/tumor_core_wsi_summary.csv,TCGA-C8-A12M,Alive,,,358.0,0.0,,,,matched
TCGA-C8-A12O-01Z-00-DX1.A77E552B-7B69-45B7-B341-A03571F2A06C,TCGA-C8-A12O-01,TCGA-C8-A12O,5,5,88.99888576268195,33.70013623420541,0.3786579567306918,2757233.080272152,2757.233080272152,81.81667460066761,2122,23.84299513207809,1.7570383129144767,0.05799995821686511,0.5769655709891319,1.796168811258913,0.17555807666625373,99.23154733039914,10.810307162015011,0.976121114400103,/data1/deasy/Himangi/breast_feature_extraction/Ductal_outputs/TCGA-C8-A12O-01/tumor_core_wsi_summary.csv,TCGA-C8-A12O,Alive,,,385.0,0.0,,,,matched
TCGA-C8-A12P-01Z-00-DX1.670B5DE8-07B0-4E4C-93FA-FA3DFFCCE50D,TCGA-C8-A12P-01,TCGA-C8-A12P,5,5,15.162144222205637,2.3123805053265976,0.15251012465242308,261950.2053349946,261.9502053349946,113.2816181124123,376,24.798603316893082,1.404268111298959,0.22562577967711464,0.6955750376283218,1.9216441345481243,0.09528028338199251,104.7322493224819,18.972174780421327,0.924632614603336,/data1/deasy/Himangi/breast_feature_extraction/Ductal_outputs/TCGA-C8-A12P-01/tumor_core_wsi_summary.csv,TCGA-C8-A12P,Alive,,,358.0,0.0,,,,matched
TCGA-C8-A12Q-01Z-00-DX1.CE74E5B7-FD30-4CBE-8716-ECCF2213AAC3,TCGA-C8-A12Q-01,TCGA-C8-A12Q,2,2,114.73719429805185,39.28802577994912,0.342417522236869,2732957.3908663243,2732.957390866324,69.56209523414397,3250,28.325601125974043,,0.10202222031759454,0.6293457443696687,1.8468499433498344,0.27137090593758634,94.2271973345818,14.33615740433021,0.97779339091758,/data1/deasy/Himangi/breast_feature_extraction/Ductal_outputs/TCGA-C8-A12Q-01/tumor_core_wsi_summary.csv,TCGA-C8-A12Q,Dead,385.0,,385.0,1.0,385.0,12.648870636550308,1.054072553045859,matched
TCGA-C8-A12W-01Z-00-DX1.3727E7BB-831E-42DB-B5CB-F2D7C649290F,TCGA-C8-A12W-01,TCGA-C8-A12W,2,2,106.34951943016927,19.35908086250727,0.1820326125236395,2497176.4331048033,2497.1764331048034,128.99251007009764,3531,33.20184255574854,,0.1675994547728378,0.713864510189071,1.7904110854118411,0.03325849132205866,90.41932268057027,15.502420570420844,0.9793586667919411,/data1/deasy/Himangi/breast_feature_extraction/Ductal_outputs/TCGA-C8-A12W-01/tumor_core_wsi_summary.csv,TCGA-C8-A12W,Alive,,,385.0,0.0,,,,matched
TCGA-C8-A12Y-01Z-00-DX1.A15CB3E2-E145-4C75-8FEA-1DD503CD7C20,TCGA-C8-A12Y-01,TCGA-C8-A12Y,2,2,88.60291553432903,24.016159563031835,0.2710538295291967,2113960.2104629152,2113.9602104629153,88.02240861677744,2449,27.64017397431058,,0.12599414249863872,0.6293675911421535,1.9094710227979286,0.0578863046874289,97.53929982557148,13.9968474786194,0.9750292968964709,/data1/deasy/Himangi/breast_feature_extraction/Ductal_outputs/TCGA-C8-A12Y-01/tumor_core_wsi_summary.csv,TCGA-C8-A12Y,Alive,,,1476.0,0.0,,,,matched
TCGA-C8-A12Z-01Z-00-DX1.22616420-7C80-42DE-9C44-0F00327681C6,TCGA-C8-A12Z-01,TCGA-C8-A12Z,9,9,133.1014509462125,78.38204327069211,0.5888894727553872,1680462.1832332714,1680.4621832332714,21.439377095973388,1027,7.715918892687503,1.2469414829948389,0.03851371864257585,0.6179038998396104,1.5198978913508383,0.4563207715480802,135.68712045035272,13.592605010024553,0.9771952945733193,/data1/deasy/Himangi/breast_feature_extraction/Ductal_outputs/TCGA-C8-A12Z-01/tumor_core_wsi_summary.csv,TCGA-C8-A12Z,Alive,,,382.0,0.0,,,,matched
TCGA-C8-A130-01Z-00-DX1.F6810204-C35A-4461-A18A-0A117739B988,TCGA-C8-A130-01,TCGA-C8-A130,5,5,102.39357130099422,43.359328327217035,0.42345752547060567,2432389.1800826807,2432.3891800826805,56.0984054394553,1751,17.100682960386187,1.1823501173044821,0.04906581156185054,0.5878358406748918,1.661078165034794,0.21772793274568447,105.86777122636825,12.10178557245061,0.9660857817974927,/data1/deasy/Himangi/breast_feature_extraction/Ductal_outputs/TCGA-C8-A130-01/tumor_core_wsi_summary.csv,TCGA-C8-A130,Alive,,,370.0,0.0,,,,matched
TCGA-C8-A131-01Z-00-DX1.5CB27A29-9951-40B9-B4DB-26A4D2EA89B8,TCGA-C8-A131-01,TCGA-C8-A131,1,1,126.07470839551898,95.12224964667956,0.7544911335290501,818775.8598300338,818.7758598300338,8.60761664985091,218,1.7291334858066447,,0.015127686396546915,0.6933391488095441,1.5737879624054483,0.5995042761558084,170.7876619927501,14.964284385151103,0.9581215506724373,/data1/deasy/Himangi/breast_feature_extraction/Ductal_outputs/TCGA-C8-A131-01/tumor_core_wsi_summary.csv,TCGA-C8-A131,Alive,,,411.0,0.0,,,,matched
TCGA-C8-A135-01Z-00-DX1.B69A605E-B577-4F43-9471-2C95312B05D9,TCGA-C8-A135-01,TCGA-C8-A135,9,9,166.39587876485547,78.53770532909184,0.4719930920890083,2743182.383760291,2743.182383760291,34.92822170275664,2180,13.101286018511887,1.4150407327951522,0.049146796799618024,0.5899437094696351,1.9094093092322826,0.34903994134649446,118.41283427845283,14.676769933445506,0.973830774950389,/data1/deasy/Himangi/breast_feature_extraction/Ductal_outputs/TCGA-C8-A135-01/tumor_core_wsi_summary.csv,TCGA-C8-A135,Alive,,,393.0,0.0,,,,matched
TCGA-C8-A137-01Z-00-DX1.87F3775D-A401-4D5E-843F-8FB1D4BE97F8,TCGA-C8-A137-01,TCGA-C8-A137,5,5,85.62151097161673,29.967611411428887,0.3500009643763827,1787724.9477523267,1787.7249477523267,59.65523655550785,1437,16.78316562851082,1.3159567564239658,0.056788488052549685,0.6157682286909671,1.6347903980394067,0.3932249056780909,111.34984291060358,13.266384541516043,0.978982053283634,/data1/deasy/Himangi/breast_feature_extraction/Ductal_outputs/TCGA-C8-A137-01/tumor_core_wsi_summary.csv,TCGA-C8-A137,Alive,,,379.0,0.0,,,,matched
TCGA-C8-A138-01Z-00-DX1.845A0680-23A4-4A58-A9C4-2EE17BDBD371,TCGA-C8-A138-01,TCGA-C8-A138,12,12,120.3546302111292,54.70329489644967,0.45451757693482797,2035120.5889978982,2035.1205889978983,37.20288865323871,1543,12.820445688655512,1.3586722473011656,0.06346229754696109,0.6143366424339435,1.7814580161544227,0.22526414973602107,114.9057287633263,13.456479641979161,0.9616243971938278,/data1/deasy/Himangi/breast_feature_extraction/Ductal_outputs/TCGA-C8-A138-01/tumor_core_wsi_summary.csv,TCGA-C8-A138,Alive,,,380.0,0.0,,,,matched
TCGA-C8-A1HF-01Z-00-DX1.81EF9A57-54E1-4750-9816-5571FD18A297,TCGA-C8-A1HF-01,TCGA-C8-A1HF,3,3,133.3005113506465,59.76036742873637,0.44831311465517903,2280246.1918589976,2280.2461918589975,38.15649551650043,2013,15.101217389217743,1.1931765221453172,0.07026111965784301,0.6819534738017898,1.5324849787417303,0.1637318331625393,105.01765200985443,15.036405417004692,0.9814803024002112,/data1/deasy/Himangi/breast_feature_extraction/Ductal_outputs/TCGA-C8-A1HF-01/tumor_core_wsi_summary.csv,TCGA-C8-A1HF,Alive,,,332.0,0.0,,,,matched
TCGA-C8-A1HG-01Z-00-DX1.F2AB6D0F-4D6B-491F-915B-92E838E79D67,TCGA-C8-A1HG-01,TCGA-C8-A1HG,12,12,146.7539644497242,64.21023453997562,0.43753662656229714,2501177.6670142724,2501.1776670142726,38.95294394941206,2295,15.63841909556204,1.556229250663209,0.07413243666869579,0.6511806184311228,1.626195592362101,0.3235410813590039,109.04681829426177,13.795642284900428,0.9625643345061989,/data1/deasy/Himangi/breast_feature_extraction/Ductal_outputs/TCGA-C8-A1HG-01/tumor_core_wsi_summary.csv,TCGA-C8-A1HG,Alive,,,345.0,0.0,,,,matched
TCGA-C8-A1HI-01Z-00-DX1.C6D0F8B8-55ED-477F-BAF7-AA05D0449CC8,TCGA-C8-A1HI-01,TCGA-C8-A1HI,8,8,53.717782851830435,12.880827839212868,0.23978703430001963,1520826.3117484585,1520.8263117484585,118.06898832376555,2177,40.52661678172406,1.3830845962361047,0.17711699498277889,0.6490566562501088,2.0586034518996903,0.024055678935542033,86.86500003430801,13.472939335269,0.9588385162259605,/data1/deasy/Himangi/breast_feature_extraction/Ductal_outputs/TCGA-C8-A1HI-01/tumor_core_wsi_summary.csv,TCGA-C8-A1HI,Alive,,,343.0,0.0,,,,matched
TCGA-C8-A1HJ-01Z-00-DX1.745159F1-85E7-4CC0-B088-E1CA91916FB8,TCGA-C8-A1HJ-01,TCGA-C8-A1HJ,4,4,131.35596043216333,90.48152424354817,0.6888269397586709,830659.430758486,830.659430758486,9.180431449437222,348,2.6492897532405393,1.4661432651123005,0.03544084460062457,0.6978970077508171,1.40149356114095,0.814318745436349,171.7548024701305,19.47480209441991,0.9403539967192893,/data1/deasy/Himangi/breast_feature_extraction/Ductal_outputs/TCGA-C8-A1HJ-01/tumor_core_wsi_summary.csv,TCGA-C8-A1HJ,Alive,,,5.0,0.0,,,,matched
TCGA-C8-A1HM-01Z-00-DX1.F93C3F56-3AA6-4D38-B51E-4694CBEA3830,TCGA-C8-A1HM-01,TCGA-C8-A1HM,2,2,51.13778290045527,33.06071504629915,0.6465027064363563,545638.7855776267,545.6387855776267,16.504143507286482,189,3.6958974222231555,1.2875903153121158,0.01415328386997735,0.630600863647073,1.521305568191767,0.8347349758576682,146.00120903047193,10.651836036759613,0.9192504183242651,/data1/deasy/Himangi/breast_feature_extraction/Ductal_outputs/TCGA-C8-A1HM-01/tumor_core_wsi_summary.csv,TCGA-C8-A1HM,Alive,,,375.0,0.0,,,,matched
TCGA-C8-A1HN-01Z-00-DX1.7EBBEAB1-EBB7-456F-8848-AFE2263242B7,TCGA-C8-A1HN-01,TCGA-C8-A1HN,4,4,92.58878671190114,57.3756169987491,0.6196821346982202,1589510.3430319878,1589.5103430319878,27.70358605584393,949,10.249621295426456,1.115855943870933,0.022426586494648276,0.6045739638309172,1.5903142181569816,0.6524302781609003,107.38169886451571,11.507160948053317,0.9696395497434523,/data1/deasy/Himangi/breast_feature_extraction/Ductal_outputs/TCGA-C8-A1HN-01/tumor_core_wsi_summary.csv,TCGA-C8-A1HN,Alive,,,394.0,0.0,,,,matched
TCGA-C8-A1HO-01Z-00-DX1.0C702CEE-C373-4D00-A706-32206D41AC17,TCGA-C8-A1HO-01,TCGA-C8-A1HO,4,4,118.88006295244075,61.45783030838156,0.5169733997614757,1689589.7441634776,1689.5897441634775,27.491854751225294,1108,9.320318079266725,1.287118296266244,0.09809122978682336,0.7292519886719442,1.5677966115264386,0.10576656811983431,133.70876739717608,10.820973854779881,0.966696108457505,/data1/deasy/Himangi/breast_feature_extraction/Ductal_outputs/TCGA-C8-A1HO-01/tumor_core_wsi_summary.csv,TCGA-C8-A1HO,Alive,,,375.0,0.0,,,,matched
TCGA-C8-A26W-01Z-00-DX1.CFF07941-6CD1-4CF9-BE5F-387DA67B66CC,TCGA-C8-A26W-01,TCGA-C8-A26W,4,4,167.49935563432587,93.81461178678668,0.5600893891890361,2655671.2791862222,2655.6712791862224,28.307650893677312,1690,10.089591053051587,1.397321251715846,0.03332717337217874,0.6283576784884555,1.4321760397509402,0.255091298102441,118.133842598083,14.063504620814449,0.9822983357915833,/data1/deasy/Himangi/breast_feature_extraction/Ductal_outputs/TCGA-C8-A26W-01/tumor_core_wsi_summary.csv,TCGA-C8-A26W,Alive,,,381.0,0.0,,,,matched
TCGA-C8-A26X-01Z-00-DX1.FBD86F91-BAD7-4484-8D50-202340FBF242,TCGA-C8-A26X-01,TCGA-C8-A26X,3,3,31.698574884352738,18.65211911151543,0.5884213779188733,296290.55544187623,296.2905554418762,15.885088105562902,122,3.848753467469683,1.3555684827267314,0.06270109498349635,0.6683359849542844,1.6011809764036615,0.5456080174643346,198.68392169398228,13.879505758654444,0.943578920965866,/data1/deasy/Himangi/breast_feature_extraction/Ductal_outputs/TCGA-C8-A26X-01/tumor_core_wsi_summary.csv,TCGA-C8-A26X,Alive,,,376.0,0.0,,,,matched
TCGA-C8-A26Z-01Z-00-DX1.1A15D951-F3BD-4024-91DD-E7633C09A837,TCGA-C8-A26Z-01,TCGA-C8-A26Z,4,4,190.88011586832957,100.70053223973404,0.5275590481577346,3881493.7194925807,3881.4937194925806,38.544917620217255,3083,16.151498997028455,1.8311157435030847,0.060378051748433324,0.6223286246526409,1.6201890107193435,0.27293895074165325,106.26340213393532,11.900053506889424,0.97482611276034,/data1/deasy/Himangi/breast_feature_extraction/Ductal_outputs/TCGA-C8-A26Z-01/tumor_core_wsi_summary.csv,TCGA-C8-A26Z,Alive,,,470.0,0.0,,,,matched
TCGA-C8-A273-01Z-00-DX1.6E5D581F-DF80-478D-82D1-6D6525EED1B5,TCGA-C8-A273-01,TCGA-C8-A273,4,4,114.6351897870624,53.2276858690103,0.46432239496337907,4353563.41378108,4353.56341378108,81.79133363969463,3971,34.64032298787333,1.294790462218363,0.058115133388690385,0.6500805173479518,1.718456694529707,0.24967819680817663,76.63187691254588,5.7884226961075775,0.975330503446804,/data1/deasy/Himangi/breast_feature_extraction/Ductal_outputs/TCGA-C8-A273-01/tumor_core_wsi_summary.csv,TCGA-C8-A273,Alive,,,513.0,0.0,,,,matched
TCGA-C8-A274-01Z-00-DX1.B667DAB1-C944-4285-A312-5E4DDAE0EE78,TCGA-C8-A274-01,TCGA-C8-A274,4,4,138.63286243086117,55.417077649455734,0.3997398356907858,5508534.99909648,5508.5349990964805,99.40139813833329,3257,23.493708078229485,,0.03015376264344779,0.6213336464301525,1.7524829490859337,0.18026461584457656,97.63435612369562,8.57775810233638,0.961892008950977,/data1/deasy/Himangi/breast_feature_extraction/Ductal_outputs/TCGA-C8-A274-01/tumor_core_wsi_summary.csv,TCGA-C8-A274,Alive,,,508.0,0.0,,,,matched
TCGA-C8-A275-01Z-00-DX1.44D27E67-4DD6-4893-B38A-01E48F5A358A,TCGA-C8-A275-01,TCGA-C8-A275,4,4,174.58992861351766,87.2242848805448,0.49959516893800626,2429016.340089165,2429.016340089165,27.847936425225452,1330,7.617850643287476,1.3945217621540853,0.06342072552457696,0.6272676410321892,1.6547613594738213,0.11986217571029976,157.9246667719476,16.990757769809864,0.9736555279572717,/data1/deasy/Himangi/breast_feature_extraction/Ductal_outputs/TCGA-C8-A275-01/tumor_core_wsi_summary.csv,TCGA-C8-A275,Alive,,,1.0,0.0,,,,matched
TCGA-C8-A27A-01Z-00-DX1.0E26C46D-CD65-40F3-8976-EB4415582934,TCGA-C8-A27A-01,TCGA-C8-A27A,4,4,104.7353972443923,73.98193709985897,0.7063699479482337,921326.3810067357,921.3263810067357,12.453396290004578,484,4.621169277380233,1.4479458310918536,0.03534371614264998,0.8041990433445017,1.2800846137345918,0.705335645001109,131.1871868856562,12.482931057338192,0.9626168157566214,/data1/deasy/Himangi/breast_feature_extraction/Ductal_outputs/TCGA-C8-A27A-01/tumor_core_wsi_summary.csv,TCGA-C8-A27A,Alive,,,747.0,0.0,,,,matched
TCGA-C8-A27B-01Z-00-DX1.5A8A14E8-6430-4147-9C71-805024E098CB,TCGA-C8-A27B-01,TCGA-C8-A27B,3,3,147.2874843431492,109.05333074949618,0.7404113882169691,731371.3349813977,731.3713349813977,6.706547429178604,159,1.079521459064119,1.3046186642687827,0.016918303778226312,0.5597403910519753,1.5167627262028673,0.8965705665996037,272.0370886442361,18.670234651435816,0.9313263825137232,/data1/deasy/Himangi/breast_feature_extraction/Ductal_outputs/TCGA-C8-A27B-01/tumor_core_wsi_summary.csv,TCGA-C8-A27B,Alive,,,439.0,0.0,,,,matched
TCGA-D8-A13Y-01Z-00-DX1.02321E77-A11E-41A5-95FE-BB897EA5CE58,TCGA-D8-A13Y-01,TCGA-D8-A13Y,6,6,176.49413828808875,98.49147420462194,0.5580438827030946,2358301.1689275024,2358.301168927502,23.944216369713285,1784,10.107984419788512,1.3594595858448408,0.04171584979949432,0.7317805006381122,1.9865313719731315,0.47565910288244145,112.98472496217552,14.09043736117604,0.977300709892146,/data1/deasy/Himangi/breast_feature_extraction/Ductal_outputs/TCGA-D8-A13Y-01/TCGA-D8-A13Y-01Z-00-DX1.02321E77-A11E-41A5-95FE-BB897EA5CE58__tumor_core_wsi_summary.csv,TCGA-D8-A13Y,Alive,,,1728.0,0.0,,,,matched
TCGA-D8-A13Y-01Z-00-DX2.0043D2BB-B04D-4A44-AAB1-1CAAD97AC246,TCGA-D8-A13Y-01,TCGA-D8-A13Y,2,2,131.64540263095367,84.16825854237082,0.639355851858517,1709957.1282589328,1709.957128258933,20.315938072998502,1140,8.65962636914715,1.6786729797403896,0.03268627128149387,0.5959291252356147,1.9516167323117168,0.41705038732009814,106.84396636428106,12.416036634560363,0.9682581944934657,/data1/deasy/Himangi/breast_feature_extraction/Ductal_outputs/TCGA-D8-A13Y-01/TCGA-D8-A13Y-01Z-00-DX2.0043D2BB-B04D-4A44-AAB1-1CAAD97AC246__tumor_core_wsi_summary.csv,TCGA-D8-A13Y,Alive,,,1728.0,0.0,,,,matched
TCGA-D8-A140-01Z-00-DX1.5B9382C0-332C-4FBF-82CD-B9453D02B815,TCGA-D8-A140-01,TCGA-D8-A140,2,2,29.70369650415431,19.065578997771205,0.6418588001363643,380379.4327377353,380.37943273773527,19.951108370860503,143,4.814215630704423,1.1909210540917905,0.03144988577446772,0.7798384845370926,1.5923021637782857,0.563255639273008,132.62929164888007,10.18994633734902,0.9010236088779356,/data1/deasy/Himangi/breast_feature_extraction/Ductal_outputs/TCGA-D8-A140-01/TCGA-D8-A140-01Z-00-DX1.5B9382C0-332C-4FBF-82CD-B9453D02B815__tumor_core_wsi_summary.csv,TCGA-D8-A140,Alive,,,403.0,0.0,,,,matched
TCGA-D8-A140-01Z-00-DX2.0C0A62BB-1FB8-47D8-8FAF-112D221F18BE,TCGA-D8-A140-01,TCGA-D8-A140,1,1,38.794571686601536,19.84460687742237,0.5115305058072362,767144.2718786191,767.1442718786191,38.657569616630475,374,9.64052401509483,1.6479394260866582,0.031528920637454286,0.5978097218018351,2.2415110470507402,0.4065282830751155,117.79841489744673,9.65941480225116,0.9529850695920727,/data1/deasy/Himangi/breast_feature_extraction/Ductal_outputs/TCGA-D8-A140-01/TCGA-D8-A140-01Z-00-DX2.0C0A62BB-1FB8-47D8-8FAF-112D221F18BE__tumor_core_wsi_summary.csv,TCGA-D8-A140,Alive,,,403.0,0.0,,,,matched
TCGA-D8-A141-01Z-00-DX1.10F6EEB2-C920-43FF-B5A7-B5A651CBDBE3,TCGA-D8-A141-01,TCGA-D8-A141,4,4,50.2789423402011,8.800370850699627,0.1750309461792952,761350.8447219095,761.3508447219095,86.51349558313015,1311,26.074534168388325,,0.24377480008325944,0.7280463028165284,1.7956502220559278,0.07780448197951625,103.76828447279645,22.998964261877365,0.9400006963738226,/data1/deasy/Himangi/breast_feature_extraction/Ductal_outputs/TCGA-D8-A141-01/TCGA-D8-A141-01Z-00-DX1.10F6EEB2-C920-43FF-B5A7-B5A651CBDBE3__tumor_core_wsi_summary.csv,TCGA-D8-A141,Alive,,,626.0,0.0,,,,matched
TCGA-D8-A141-01Z-00-DX2.DBD0D81E-28FC-4466-BDE3-94753BD6CBEB,TCGA-D8-A141-01,TCGA-D8-A141,6,6,88.67365889238448,31.380391774906816,0.3538862855878145,1685991.3455282215,1685.9913455282215,53.7275429071098,1760,19.84805884841133,1.7443973729048026,0.1325946208597597,0.6559762113886338,1.6501746732712208,0.07261836912438549,112.21492267510109,13.484218950713393,0.9645978921518139,/data1/deasy/Himangi/breast_feature_extraction/Ductal_outputs/TCGA-D8-A141-01/TCGA-D8-A141-01Z-00-DX2.DBD0D81E-28FC-4466-BDE3-94753BD6CBEB__tumor_core_wsi_summary.csv,TCGA-D8-A141,Alive,,,626.0,0.0,,,,matched
TCGA-D8-A142-01Z-00-DX1.F6D58989-9120-40C9-918D-6B1650C1A8E8,TCGA-D8-A142-01,TCGA-D8-A142,11,11,101.34897472294165,48.51392905631684,0.47868199149463203,971960.9949588377,971.9609949588378,20.03467898529818,462,4.558506894252975,1.3276291461174425,0.048973090521869725,0.4863131318682641,1.6863067705336596,0.4107007645843159,159.9336296222041,19.943201285323926,0.9584351659409207,/data1/deasy/Himangi/breast_feature_extraction/Ductal_outputs/TCGA-D8-A142-01/tumor_core_wsi_summary.csv,TCGA-D8-A142,Alive,,,425.0,0.0,,,,matched
TCGA-D8-A143-01Z-00-DX1.4697FB2F-91D5-4506-AF23-7DE304D44A3F,TCGA-D8-A143-01,TCGA-D8-A143,15,15,103.93373702252838,50.95067990811206,0.4902227262074501,1048421.7952110859,1048.421795211086,20.577189491914172,366,3.5214744556011386,1.1540271614774302,0.09683615754687283,0.7270519784044932,1.9188386448704644,0.27721829100381784,205.70685038119413,14.74178036195132,0.8831852666416824,/data1/deasy/Himangi/breast_feature_extraction/Ductal_outputs/TCGA-D8-A143-01/tumor_core_wsi_summary.csv,TCGA-D8-A143,Alive,,,431.0,0.0,,,,matched
TCGA-D8-A145-01Z-00-DX1.34D4EC27-7FD7-4BE2-95A4-CA521CB5590E,TCGA-D8-A145-01,TCGA-D8-A145,11,11,130.81399058160108,45.81573595756536,0.35023574889710096,4706286.383397541,4706.286383397541,102.72205138768291,3596,27.48941442740281,1.4656042808592173,0.04976055472391715,0.6056398492780898,1.6321717622688772,0.21297127648065314,89.638694604493,9.257972389985179,0.9673021174195441,/data1/deasy/Himangi/breast_feature_extraction/Ductal_outputs/TCGA-D8-A145-01/TCGA-D8-A145-01Z-00-DX1.34D4EC27-7FD7-4BE2-95A4-CA521CB5590E__tumor_core_wsi_summary.csv,TCGA-D8-A145,Alive,,,410.0,0.0,,,,matched
TCGA-D8-A145-01Z-00-DX2.B834BF47-1CD6-45EA-BB88-D8ECE1FDDC6A,TCGA-D8-A145-01,TCGA-D8-A145,6,6,49.53909898433385,14.921295275172287,0.3012023953017589,1829934.9917247011,1829.9349917247011,122.63915149307117,1390,28.058645161058966,1.7268547684150153,0.06057303401728901,0.5566494802362136,1.7268627410821973,0.04882302819538593,91.32803474447871,8.645900157306478,0.9626014859151678,/data1/deasy/Himangi/breast_feature_extraction/Ductal_outputs/TCGA-D8-A145-01/TCGA-D8-A145-01Z-00-DX2.B834BF47-1CD6-45EA-BB88-D8ECE1FDDC6A__tumor_core_wsi_summary.csv,TCGA-D8-A145,Alive,,,410.0,0.0,,,,matched
TCGA-D8-A146-01Z-00-DX1.D93FB315-E5D7-49BA-8380-38B16B70361B,TCGA-D8-A146-01,TCGA-D8-A146,5,5,49.53460487400025,13.22861045761571,0.2670579585981345,938490.5115313026,938.4905115313026,70.94399782488217,1255,25.335823374231154,1.352556658628682,0.16711896931253636,0.674895823915251,1.853566209698873,0.12897154826850202,106.03376983341559,19.444564572029662,0.9600630913147751,/data1/deasy/Himangi/breast_feature_extraction/Ductal_outputs/TCGA-D8-A146-01/tumor_core_wsi_summary.csv,TCGA-D8-A146,Alive,,,643.0,0.0,,,,matched
TCGA-D8-A1J8-01Z-00-DX2.5DCB3447-548D-442C-86B1-CEF79B8689DF,TCGA-D8-A1J8-01,TCGA-D8-A1J8,8,8,264.1938113466445,87.47872020794537,0.33111570540600566,6401035.600992449,6401.035600992449,73.17248795794644,5058,19.14503588944208,1.752065303493178,0.08029474478988338,0.6095880650986625,1.7685335039065062,0.0347124438006391,112.97879397461341,13.831567846421063,0.9681628522602719,/data1/deasy/Himangi/breast_feature_extraction/Ductal_outputs/TCGA-D8-A1J8-01/TCGA-D8-A1J8-01Z-00-DX2.5DCB3447-548D-442C-86B1-CEF79B8689DF__tumor_core_wsi_summary.csv,TCGA-D8-A1J8,Alive,,,431.0,0.0,,,,matched
TCGA-D8-A1J9-01Z-00-DX1.F81FA9EF-8129-4E17-A9AD-2B850782CC18,TCGA-D8-A1J9-01,TCGA-D8-A1J9,6,6,173.62721199327538,66.02578730536804,0.3802732679248759,3926601.8521624953,3926.601852162495,59.47073124629373,3590,20.676482440661673,1.461469729902492,0.055834436376558966,0.5827005526951097,1.7415915281870307,0.22667832000870733,96.94208514922471,13.079969776758261,0.9818073534725865,/data1/deasy/Himangi/breast_feature_extraction/Ductal_outputs/TCGA-D8-A1J9-01/TCGA-D8-A1J9-01Z-00-DX1.F81FA9EF-8129-4E17-A9AD-2B850782CC18__tumor_core_wsi_summary.csv,TCGA-D8-A1J9,Alive,,,532.0,0.0,,,,matched
TCGA-D8-A1J9-01Z-00-DX2.E1C59487-9563-4501-845F-2067A0C5C59B,TCGA-D8-A1J9-01,TCGA-D8-A1J9,4,4,56.99648878488847,23.93506193382339,0.4199392356283062,1461264.7546310695,1461.2647546310695,61.05122095239329,1285,22.54524844240393,1.696048043782616,0.05749555009817057,0.6119159076379379,1.5717402376577865,0.2658265344641312,94.9536230923587,10.721323886193655,0.9670618484347795,/data1/deasy/Himangi/breast_feature_extraction/Ductal_outputs/TCGA-D8-A1J9-01/TCGA-D8-A1J9-01Z-00-DX2.E1C59487-9563-4501-845F-2067A0C5C59B__tumor_core_wsi_summary.csv,TCGA-D8-A1J9,Alive,,,532.0,0.0,,,,matched
TCGA-D8-A1JA-01Z-00-DX1.BD43F94A-D5A8-490E-AED4-5F3AB24080FA,TCGA-D8-A1JA-01,TCGA-D8-A1JA,5,5,211.00912764288609,114.5932501630491,0.5430724795800673,3450459.761274764,3450.459761274764,30.110497401594547,1789,8.478306222978757,1.3335819799929698,0.027586913271254076,0.6522001867406332,1.4995974245736936,0.3811300910680818,130.66191319100406,14.93633829251056,0.9802351639555364,/data1/deasy/Himangi/breast_feature_extraction/Ductal_outputs/TCGA-D8-A1JA-01/tumor_core_wsi_summary.csv,TCGA-D8-A1JA,Alive,,,502.0,0.0,,,,matched
TCGA-D8-A1JC-01Z-00-DX2.854ABF5D-40F1-48AE-802F-97D75497F1FD,TCGA-D8-A1JC-01,TCGA-D8-A1JC,6,6,77.26429799784243,19.787442506427027,0.25610072205638346,1981813.9092468335,1981.8139092468334,100.1551316499408,2573,33.30127972005712,1.6453069121511592,0.15489504206264135,0.6644205946222626,1.9473691690544277,0.07377509901082685,94.92837786283788,14.914614122029546,0.9587629313182455,/data1/deasy/Himangi/breast_feature_extraction/Ductal_outputs/TCGA-D8-A1JC-01/TCGA-D8-A1JC-01Z-00-DX2.854ABF5D-40F1-48AE-802F-97D75497F1FD__tumor_core_wsi_summary.csv,TCGA-D8-A1JC,Alive,,,480.0,0.0,,,,matched
TCGA-D8-A1JD-01Z-00-DX1.6D215B14-DD90-4635-8645-AF06EBD9BA3F,TCGA-D8-A1JD-01,TCGA-D8-A1JD,11,11,145.98143473136184,39.3269769843832,0.2693971124256556,3265431.0702300663,3265.4310702300663,83.03285227152786,4338,29.71610744875114,1.2206055326770802,0.16058502728498378,0.6774442489471058,1.9079367192030214,0.06701279197837334,97.25846547714033,17.07767228333204,0.9590342492405713,/data1/deasy/Himangi/breast_feature_extraction/Ductal_outputs/TCGA-D8-A1JD-01/TCGA-D8-A1JD-01Z-00-DX1.6D215B14-DD90-4635-8645-AF06EBD9BA3F__tumor_core_wsi_summary.csv,TCGA-D8-A1JD,Alive,,,552.0,0.0,,,,matched
TCGA-D8-A1JD-01Z-00-DX2.C6A7667E-25C9-48BD-A4E7-F4BB740FE589,TCGA-D8-A1JD-01,TCGA-D8-A1JD,3,3,101.80890501907048,24.207576272205795,0.23777464523040806,2496667.1481691846,2496.6671481691847,103.13577534962728,2683,26.353293943171572,1.7555053574025319,0.10610878745624923,0.63605389657003,1.8546840578820105,0.07780991609971986,95.0022819868204,14.319334002999215,0.9677293421786903,/data1/deasy/Himangi/breast_feature_extraction/Ductal_outputs/TCGA-D8-A1JD-01/TCGA-D8-A1JD-01Z-00-DX2.C6A7667E-25C9-48BD-A4E7-F4BB740FE589__tumor_core_wsi_summary.csv,TCGA-D8-A1JD,Alive,,,552.0,0.0,,,,matched
TCGA-D8-A1JE-01Z-00-DX1.714805A1-E337-46DA-88D9-6CE4B4E3C2D0,TCGA-D8-A1JE-01,TCGA-D8-A1JE,11,11,258.9505060535148,89.3057094370975,0.34487559340255364,6938488.114762848,6938.488114762848,77.69366772289037,6678,25.78871191168834,1.4783343160832383,0.08023662938289412,0.6326179556018148,1.9674933295513086,0.13894374948401486,96.32185628595239,13.561707574405801,0.9673549373264462,/data1/deasy/Himangi/breast_feature_extraction/Ductal_outputs/TCGA-D8-A1JE-01/TCGA-D8-A1JE-01Z-00-DX1.714805A1-E337-46DA-88D9-6CE4B4E3C2D0__tumor_core_wsi_summary.csv,TCGA-D8-A1JE,Alive,,,575.0,0.0,,,,matched
TCGA-D8-A1JE-01Z-00-DX2.CCF3DFEF-E851-425A-BCD0-0F7B377A00BC,TCGA-D8-A1JE-01,TCGA-D8-A1JE,6,6,49.61775882367929,14.84110558458044,0.29910874526436204,1103974.0356448055,1103.9740356448056,74.38623957987393,1204,24.26550550738318,1.643998151510823,0.10502995523105936,0.6058460286844539,2.065160894094677,0.2560399368217858,97.82215415448447,14.154175871888299,0.9495530620475054,/data1/deasy/Himangi/breast_feature_extraction/Ductal_outputs/TCGA-D8-A1JE-01/TCGA-D8-A1JE-01Z-00-DX2.CCF3DFEF-E851-425A-BCD0-0F7B377A00BC__tumor_core_wsi_summary.csv,TCGA-D8-A1JE,Alive,,,575.0,0.0,,,,matched
TCGA-D8-A1JF-01Z-00-DX1.224EDA43-F822-4A88-814A-BA7D4C60F8CC,TCGA-D8-A1JF-01,TCGA-D8-A1JF,13,13,187.50504184588436,90.7179439566812,0.48381602469785734,4302091.23462471,4302.09123462471,47.42271536355591,2001,10.671713039293513,1.2816185111463438,0.03209338977892368,0.6033740512911098,1.6514676429636004,0.2572228228729275,136.0377020191302,14.577861771221853,0.9591723909540971,/data1/deasy/Himangi/breast_feature_extraction/Ductal_outputs/TCGA-D8-A1JF-01/tumor_core_wsi_summary.csv,TCGA-D8-A1JF,Alive,,,366.0,0.0,,,,matched
TCGA-D8-A1JG-01Z-00-DX1.BA6D5CC7-3A9B-4D17-A86A-B159D345A216,TCGA-D8-A1JG-01,TCGA-D8-A1JG,10,10,126.07145032711605,48.46972128300575,0.38446231210350923,1368399.3089338848,1368.3993089338849,28.232044103246523,554,4.394333519306258,1.2337922437825741,0.09411234037558035,0.6425038014348177,1.9690926922198986,0.1255263334237526,186.97119935357009,20.009243176301162,0.9602198430185477,/data1/deasy/Himangi/breast_feature_extraction/Ductal_outputs/TCGA-D8-A1JG-01/tumor_core_wsi_summary.csv,TCGA-D8-A1JG,Alive,,,1612.0,0.0,,,,matched
TCGA-D8-A1JH-01Z-00-DX1.4A4F2502-612C-421D-9F64-444BF2C85620,TCGA-D8-A1JH-01,TCGA-D8-A1JH,9,9,80.18700694753763,16.99912753173105,0.21199354083452365,1624923.6677519872,1624.9236677519873,95.58865093039974,2853,35.57933022573815,1.2273674461281532,0.2435161834632107,0.727074332134066,2.117066307539901,0.03501038718928844,96.05367654410159,19.1918056226781,0.9599100549924074,/data1/deasy/Himangi/breast_feature_extraction/Ductal_outputs/TCGA-D8-A1JH-01/tumor_core_wsi_summary.csv,TCGA-D8-A1JH,Alive,,,426.0,0.0,,,,matched
TCGA-D8-A1JI-01Z-00-DX1.9BDB647F-EEAB-4235-BE44-A3815A48CCE0,TCGA-D8-A1JI-01,TCGA-D8-A1JI,8,8,84.57759372864447,20.5515003217595,0.2429898914799604,2172569.114719059,2172.5691147190587,105.71340684158166,2583,30.540003399567013,1.318992465282906,0.12294524698118614,0.6412876737120053,2.026579795421283,0.09995919654501272,106.27631970614948,15.85443079343603,0.942702065770486,/data1/deasy/Himangi/breast_feature_extraction/Ductal_outputs/TCGA-D8-A1JI-01/TCGA-D8-A1JI-01Z-00-DX1.9BDB647F-EEAB-4235-BE44-A3815A48CCE0__tumor_core_wsi_summary.csv,TCGA-D8-A1JI,Alive,,,577.0,0.0,,,,matched
TCGA-D8-A1JI-01Z-00-DX2.E688E270-26C9-43EC-BC26-86BF8B74A31D,TCGA-D8-A1JI-01,TCGA-D8-A1JI,2,2,89.18004630195485,36.128386066320985,0.4051173728256861,1910259.9324275465,1910.2599324275466,52.87421167723564,1491,16.718986609982473,1.7716013145748737,0.07167502950582141,0.6480223085303954,1.6978477097348592,0.09382923664132177,104.01567367853694,12.356744753544517,0.9699765673360158,/data1/deasy/Himangi/breast_feature_extraction/Ductal_outputs/TCGA-D8-A1JI-01/TCGA-D8-A1JI-01Z-00-DX2.E688E270-26C9-43EC-BC26-86BF8B74A31D__tumor_core_wsi_summary.csv,TCGA-D8-A1JI,Alive,,,577.0,0.0,,,,matched
TCGA-D8-A1JJ-01Z-00-DX1.a986b48f-b295-4d7a-b778-ce829cdf9c38,TCGA-D8-A1JJ-01,TCGA-D8-A1JJ,11,11,125.06690972610403,24.085830638337168,0.19258355940100408,3262233.7238832214,3262.2337238832215,135.44202701030198,3659,29.256339730574567,1.382714032486633,0.11539593766016465,0.6607530397854332,2.1248206164254744,0.08575370200700758,94.50646269764538,15.631366565918063,0.9618354455286242,/data1/deasy/Himangi/breast_feature_extraction/Ductal_outputs/TCGA-D8-A1JJ-01/TCGA-D8-A1JJ-01Z-00-DX1.a986b48f-b295-4d7a-b778-ce829cdf9c38__tumor_core_wsi_summary.csv,TCGA-D8-A1JJ,Alive,,,611.0,0.0,,,,matched
TCGA-D8-A1JJ-01Z-00-DX2.7D20F308-7DC6-4367-9459-3AC4C654E7F7,TCGA-D8-A1JJ-01,TCGA-D8-A1JJ,10,10,169.7820522721185,32.95879046908688,0.19412411399210863,3989866.16044911,3989.86616044911,121.05620696825434,6775,39.90410004669608,1.7137883858287373,0.21728862405975208,0.7325641128361118,2.040452002292629,0.03332500479288748,85.67400659698355,16.283355246407336,0.9614904770102929,/data1/deasy/Himangi/breast_feature_extraction/Ductal_outputs/TCGA-D8-A1JJ-01/TCGA-D8-A1JJ-01Z-00-DX2.7D20F308-7DC6-4367-9459-3AC4C654E7F7__tumor_core_wsi_summary.csv,TCGA-D8-A1JJ,Alive,,,611.0,0.0,,,,matched
TCGA-D8-A1JK-01Z-00-DX1.3190C919-A403-460D-9F6C-D2AB5FD3FD05,TCGA-D8-A1JK-01,TCGA-D8-A1JK,21,21,143.9432395080619,47.21151181718649,0.3279870036170909,2334470.4231484164,2334.4704231484166,49.44705927206921,1861,12.928707220708132,1.248776382031421,0.09138721473082335,0.5926080674602429,2.027652676874602,0.12716172702349668,132.87095541231605,17.636733252690522,0.9522183427049031,/data1/deasy/Himangi/breast_feature_extraction/Ductal_outputs/TCGA-D8-A1JK-01/tumor_core_wsi_summary.csv,TCGA-D8-A1JK,Alive,,,0.0,0.0,,,,matched
TCGA-D8-A1JL-01Z-00-DX1.FE3F0C6B-F98A-4036-BF9A-25A8CC66B1FD,TCGA-D8-A1JL-01,TCGA-D8-A1JL,3,3,311.00855129337293,186.86548307261864,0.6008371226305906,3775708.602926668,3775.708602926668,20.2054897503964,1546,4.970924412112596,1.3294540359542562,0.03355147845489494,0.6225699482030075,1.5517845246209316,0.19838904755443393,155.65575454546615,18.811205256656184,0.9725412212411453,/data1/deasy/Himangi/breast_feature_extraction/Ductal_outputs/TCGA-D8-A1JL-01/tumor_core_wsi_summary.csv,TCGA-D8-A1JL,Alive,,,611.0,0.0,,,,matched
TCGA-D8-A1JM-01Z-00-DX1.3CD15BC8-08B3-4BEE-9FD7-A8BEED33268E,TCGA-D8-A1JM-01,TCGA-D8-A1JM,5,5,168.24502784368087,143.66722007954925,0.8539165877343655,458742.9665998715,458.7429665998715,3.1930941960585253,79,0.4695532522565847,1.1562587927470278,0.03128019457117987,0.7862638902686405,1.588767481317041,0.7678213870790718,257.7886555770988,14.921796066716906,0.9277462852289333,/data1/deasy/Himangi/breast_feature_extraction/Ductal_outputs/TCGA-D8-A1JM-01/tumor_core_wsi_summary.csv,TCGA-D8-A1JM,Alive,,,590.0,0.0,,,,matched
TCGA-D8-A1JP-01Z-00-DX1.B02959C4-6AAD-4ACA-9838-61D224D838E4,TCGA-D8-A1JP-01,TCGA-D8-A1JP,2,2,90.14446123351573,22.584506204930342,0.2505368149733133,1568070.2163783931,1568.070216378393,69.4312375993447,1880,20.855413347359555,1.1924367737009716,0.16870551680324153,0.7317834015733952,2.032457954072671,0.022294667525479185,113.1363333033411,18.531765303524033,0.9793677435005983,/data1/deasy/Himangi/breast_feature_extraction/Ductal_outputs/TCGA-D8-A1JP-01/tumor_core_wsi_summary.csv,TCGA-D8-A1JP,Alive,,,639.0,0.0,,,,matched
TCGA-D8-A1JU-01Z-00-DX1.355D93B4-E69E-417C-B3D1-3E1AAF1E02FE,TCGA-D8-A1JU-01,TCGA-D8-A1JU,1,1,62.26523319683302,14.471567845839452,0.23241811044201655,1402537.9798305496,1402.5379798305496,96.9167953860491,1889,30.33795752484357,,0.16327895126713468,0.6524914301263801,2.139483313476617,0.06061224503861322,94.51397052817113,16.450683876362103,0.978930007754313,/data1/deasy/Himangi/breast_feature_extraction/Ductal_outputs/TCGA-D8-A1JU-01/tumor_core_wsi_summary.csv,TCGA-D8-A1JU,Alive,,,447.0,0.0,,,,matched
TCGA-D8-A1X6-01Z-00-DX1.ABF237D4-708C-46A5-AEF8-58712E5DCC04,TCGA-D8-A1X6-01,TCGA-D8-A1X6,5,5,187.49120801354107,75.003293316653,0.4000363222964359,5094913.565364913,5094.913565364913,67.9291980400771,6038,32.20417673965768,1.3133167476277177,0.08412647141421307,0.60760499727886,2.228445177525238,0.31002445601566936,86.34390624316349,12.941310575363387,0.9812922777338583,/data1/deasy/Himangi/breast_feature_extraction/Ductal_outputs/TCGA-D8-A1X6-01/TCGA-D8-A1X6-01Z-00-DX1.ABF237D4-708C-46A5-AEF8-58712E5DCC04__tumor_core_wsi_summary.csv,TCGA-D8-A1X6,Alive,,,541.0,0.0,,,,matched
TCGA-D8-A1X9-01Z-00-DX1.28CE7849-EEC5-4ABB-A319-A977A1FD3CD1,TCGA-D8-A1X9-01,TCGA-D8-A1X9,4,4,138.1236855414663,66.41264583109657,0.48082011112539236,2480554.5283107418,2480.5545283107417,37.35063551931649,1847,13.372072955912472,1.37078531414123,0.07546072653241552,0.6887243470857735,1.8936293192508435,0.17079089141266768,112.37069427485096,12.97233962005596,0.9569225302601181,/data1/deasy/Himangi/breast_feature_extraction/Ductal_outputs/TCGA-D8-A1X9-01/tumor_core_wsi_summary.csv,TCGA-D8-A1X9,Alive,,,727.0,0.0,,,,matched
TCGA-D8-A1XA-01Z-00-DX1.36A807F0-2D35-4CE3-8A27-CC59181B1A3D,TCGA-D8-A1XA-01,TCGA-D8-A1XA,3,3,11.522440229921429,1.3949894983623008,0.12106719327905881,182083.5570879628,182.08355708796282,130.52682998813003,237,20.568559720931276,1.2259554017347187,0.18667727439359813,0.693055478428106,2.2127013170929084,0.12094964460490575,110.68743259035783,23.79794186445236,0.9007890939162175,/data1/deasy/Himangi/breast_feature_extraction/Ductal_outputs/TCGA-D8-A1XA-01/tumor_core_wsi_summary.csv,TCGA-D8-A1XA,Alive,,,839.0,0.0,,,,matched
TCGA-D8-A1XB-01Z-00-DX1.DA8E2FA4-DBBA-4157-8052-B90FB3BB58F1,TCGA-D8-A1XB-01,TCGA-D8-A1XB,4,4,91.63866680874567,20.083847439181294,0.21916346165420822,1747771.0689530044,1747.7710689530045,87.0237176539841,3021,32.96643333217596,1.2897861937249824,0.24599461395086597,0.7230639819115118,1.9900781093763131,0.02231832453708727,95.01658744332083,17.75812427606496,0.9714558721466581,/data1/deasy/Himangi/breast_feature_extraction/Ductal_outputs/TCGA-D8-A1XB-01/TCGA-D8-A1XB-01Z-00-DX1.DA8E2FA4-DBBA-4157-8052-B90FB3BB58F1__tumor_core_wsi_summary.csv,TCGA-D8-A1XB,Alive,,,552.0,0.0,,,,matched
TCGA-D8-A1XB-01Z-00-DX2.B262C269-F22B-4306-8195-079C0874EF8E,TCGA-D8-A1XB-01,TCGA-D8-A1XB,2,2,118.79445640955028,30.08146257824971,0.25322278065352016,2844346.818912717,2844.346818912717,94.55480469122242,4027,33.89888822856094,1.7585021950221003,0.17548522603128341,0.6741340867774085,1.9670599854177362,0.034999155607851364,94.02563570128547,16.434256804792273,0.9746143239662857,/data1/deasy/Himangi/breast_feature_extraction/Ductal_outputs/TCGA-D8-A1XB-01/TCGA-D8-A1XB-01Z-00-DX2.B262C269-F22B-4306-8195-079C0874EF8E__tumor_core_wsi_summary.csv,TCGA-D8-A1XB,Alive,,,552.0,0.0,,,,matched
TCGA-D8-A1XD-01Z-00-DX1.E500D561-1F49-4F08-99AE-E8345F21B406,TCGA-D8-A1XD-01,TCGA-D8-A1XD,8,8,166.48804601656937,70.94333835351087,0.4261167095831635,2558442.3393231006,2558.4423393231004,36.06317941473764,1929,11.586417440493117,1.3718854592730565,0.12387380208324843,0.6876715556540255,1.7965234075410557,0.06577521160574204,138.92883102321056,20.236304909274114,0.9776380636386564,/data1/deasy/Himangi/breast_feature_extraction/Ductal_outputs/TCGA-D8-A1XD-01/tumor_core_wsi_summary.csv,TCGA-D8-A1XD,Alive,,,522.0,0.0,,,,matched
TCGA-D8-A1XF-01Z-00-DX1.8B9AB4A1-DEC5-4587-B022-3077CCD220F9,TCGA-D8-A1XF-01,TCGA-D8-A1XF,9,9,94.00172807592823,48.53374541542334,0.516306948912908,1050463.6991348276,1050.4636991348275,21.643985852388077,532,5.659470425589266,1.3055378518496557,0.07926166697088977,0.7090358365733912,1.6857329764100153,0.28292537063837286,151.46198122723192,15.54044353818585,0.9577285595134964,/data1/deasy/Himangi/breast_feature_extraction/Ductal_outputs/TCGA-D8-A1XF-01/TCGA-D8-A1XF-01Z-00-DX1.8B9AB4A1-DEC5-4587-B022-3077CCD220F9__tumor_core_wsi_summary.csv,TCGA-D8-A1XF,Alive,,,463.0,0.0,,,,matched
TCGA-D8-A1XF-01Z-00-DX2.1460E522-5B87-4690-8B6B-3183C5D282D6,TCGA-D8-A1XF-01,TCGA-D8-A1XF,7,7,121.08422534316011,54.47780012709066,0.4499165764384025,1410309.292774545,1410.309292774545,25.887779783406266,733,6.053637440571908,1.6201260647551101,0.08580675226853127,0.728401492192074,1.743876499724976,0.1358982139164901,157.062975254512,15.019635039553055,0.9656572369062427,/data1/deasy/Himangi/breast_feature_extraction/Ductal_outputs/TCGA-D8-A1XF-01/TCGA-D8-A1XF-01Z-00-DX2.1460E522-5B87-4690-8B6B-3183C5D282D6__tumor_core_wsi_summary.csv,TCGA-D8-A1XF,Alive,,,463.0,0.0,,,,matched
TCGA-D8-A1XG-01Z-00-DX1.0A58EF43-B97E-4111-8DC3-2F8D9BDBE7D6,TCGA-D8-A1XG-01,TCGA-D8-A1XG,11,11,114.83599936783317,35.669420089859834,0.3106118315355666,2745766.7251426885,2745.7667251426883,76.97817116806056,2197,19.131631301111,1.207275676598022,0.11881945197357467,0.6450256471061615,1.915565492064606,0.1503177700028518,118.29646708136343,10.551377447746043,0.9700041293573944,/data1/deasy/Himangi/breast_feature_extraction/Ductal_outputs/TCGA-D8-A1XG-01/tumor_core_wsi_summary.csv,TCGA-D8-A1XG,Alive,,,448.0,0.0,,,,matched
TCGA-D8-A1XK-01Z-00-DX1.41EB1BBC-F230-4E3F-8C4E-CE331CAF1935,TCGA-D8-A1XK-01,TCGA-D8-A1XK,16,16,104.48020541805894,63.69673595990067,0.6096536248663518,822606.7557952391,822.6067557952391,12.914425572969687,215,2.0578060613464126,1.333103155547279,0.045809898598221155,0.6396384448690984,1.6152560444210613,0.3657558480880315,233.04768582304885,14.121608843542319,0.9340082687889629,/data1/deasy/Himangi/breast_feature_extraction/Ductal_outputs/TCGA-D8-A1XK-01/tumor_core_wsi_summary.csv,TCGA-D8-A1XK,Alive,,,441.0,0.0,,,,matched
TCGA-D8-A1XM-01Z-00-DX1.5F6A140E-5D20-45F6-B76F-0F98AB27AD08,TCGA-D8-A1XM-01,TCGA-D8-A1XM,4,4,56.723276659097635,14.951855436669502,0.26359294309686937,1488979.8793858783,1488.9798793858783,99.5849569100399,1782,31.415674568831378,1.4161451082138579,0.15094200816952513,0.6381427817548866,2.1815963737833104,0.061302008054288294,99.56366628051393,13.247358879390909,0.9499867211923728,/data1/deasy/Himangi/breast_feature_extraction/Ductal_outputs/TCGA-D8-A1XM-01/tumor_core_wsi_summary.csv,TCGA-D8-A1XM,Alive,,,538.0,0.0,,,,matched
TCGA-D8-A1XQ-01Z-00-DX1.1A17A5C7-F14B-4AD2-AD5F-D3400D86A366,TCGA-D8-A1XQ-01,TCGA-D8-A1XQ,3,3,92.28155762545542,42.913152686349584,0.46502414773406686,1028393.1457964203,1028.3931457964202,23.96452093168037,807,8.744975927642914,1.371226840943153,0.13233486350368098,0.712671183777798,1.8999701032929814,0.19922785493185866,146.1824914006348,16.51391065185149,0.9333487318601561,/data1/deasy/Himangi/breast_feature_extraction/Ductal_outputs/TCGA-D8-A1XQ-01/tumor_core_wsi_summary.csv,TCGA-D8-A1XQ,Alive,,,499.0,0.0,,,,matched
TCGA-D8-A1XR-01Z-00-DX1.7F443346-C564-47B6-9736-6944230CAF46,TCGA-D8-A1XR-01,TCGA-D8-A1XR,18,18,298.16976680041154,131.453785485831,0.440868928115785,7279261.633304521,7279.261633304522,55.375062851188346,6471,21.702401519237693,1.2305319606889242,0.0512739214024177,0.6381410017490264,1.6120164799967276,0.15821161045955512,89.94012839302339,10.973781660755234,0.9661193528529148,/data1/deasy/Himangi/breast_feature_extraction/Ductal_outputs/TCGA-D8-A1XR-01/TCGA-D8-A1XR-01Z-00-DX1.7F443346-C564-47B6-9736-6944230CAF46__tumor_core_wsi_summary.csv,TCGA-D8-A1XR,Alive,,,482.0,0.0,,,,matched
TCGA-D8-A1XR-01Z-00-DX2.A103FB8B-4397-4DD4-8587-90A736407484,TCGA-D8-A1XR-01,TCGA-D8-A1XR,5,5,145.62004425517574,69.4791346402937,0.4771261744608637,3180292.1142541673,3180.2921142541672,45.77334088455659,2340,16.069216377242174,1.6962227775465364,0.03653862833050499,0.6264157638342891,1.5371835209749614,0.12437120123344632,94.98209881935941,11.263837065715501,0.9724826919886992,/data1/deasy/Himangi/breast_feature_extraction/Ductal_outputs/TCGA-D8-A1XR-01/TCGA-D8-A1XR-01Z-00-DX2.A103FB8B-4397-4DD4-8587-90A736407484__tumor_core_wsi_summary.csv,TCGA-D8-A1XR,Alive,,,482.0,0.0,,,,matched
TCGA-D8-A1XT-01Z-00-DX1.9E4DEEEB-AB0A-45F6-A69B-65B3E6F22D46,TCGA-D8-A1XT-01,TCGA-D8-A1XT,7,7,156.44131220066558,69.88068962540503,0.44668948784941037,3253834.6395665836,3253.8346395665835,46.562715064901944,1738,11.109597430189579,1.3459149934400207,0.03338625956177578,0.5931822363900128,1.9284660746349354,0.3575684778881037,133.46211986952227,15.026447135809144,0.9550009980056199,/data1/deasy/Himangi/breast_feature_extraction/Ductal_outputs/TCGA-D8-A1XT-01/tumor_core_wsi_summary.csv,TCGA-D8-A1XT,Alive,,,506.0,0.0,,,,matched
TCGA-D8-A1XU-01Z-00-DX1.769DBC38-6F0D-425B-A904-79EBA1C119EF,TCGA-D8-A1XU-01,TCGA-D8-A1XU,5,5,90.99575581956523,21.140780970158417,0.23232710998168205,2091312.569117185,2091.312569117185,98.92314631466114,2844,31.25420492840727,1.283722570678485,0.17261487072653192,0.7005935586663821,2.1058374052934314,0.06748809891283847,97.29818155869124,18.26586435998916,0.9486475602315233,/data1/deasy/Himangi/breast_feature_extraction/Ductal_outputs/TCGA-D8-A1XU-01/tumor_core_wsi_summary.csv,TCGA-D8-A1XU,Alive,,,395.0,0.0,,,,matched
TCGA-D8-A1XY-01Z-00-DX1.AC051FB4-1D51-449B-BF2D-9DDB4382414C,TCGA-D8-A1XY-01,TCGA-D8-A1XY,8,8,122.40847227707079,39.920432310458075,0.3261247491113069,2973157.730184325,2973.157730184325,74.47709250897661,2597,21.215851743674303,1.239677892310162,0.06923473022534038,0.597200738314505,2.072718404895385,0.13438524212552644,106.7430922287045,17.41281247582029,0.9561698406814426,/data1/deasy/Himangi/breast_feature_extraction/Ductal_outputs/TCGA-D8-A1XY-01/TCGA-D8-A1XY-01Z-00-DX1.AC051FB4-1D51-449B-BF2D-9DDB4382414C__tumor_core_wsi_summary.csv,TCGA-D8-A1XY,Alive,,,503.0,0.0,,,,matched
TCGA-D8-A1XY-01Z-00-DX2.33D96E5C-5291-4864-B282-8BACA2043586,TCGA-D8-A1XY-01,TCGA-D8-A1XY,3,3,4.942313214739559,1.6526628763959952,0.3343905585480147,63251.71838111263,63.25171838111263,38.27260797377339,49,9.914385809030946,1.5672557565631322,0.06520470917273549,0.6183241397015713,1.660282782586546,0.772239118625763,196.3831688656892,16.208666715397037,0.8536999405248864,/data1/deasy/Himangi/breast_feature_extraction/Ductal_outputs/TCGA-D8-A1XY-01/TCGA-D8-A1XY-01Z-00-DX2.33D96E5C-5291-4864-B282-8BACA2043586__tumor_core_wsi_summary.csv,TCGA-D8-A1XY,Alive,,,503.0,0.0,,,,matched
TCGA-D8-A1XZ-01Z-00-DX1.8E51A61D-B01C-4A52-8F5D-44D2ABCA46FC,TCGA-D8-A1XZ-01,TCGA-D8-A1XZ,7,7,89.241490820773,35.499474295366745,0.39779113917607745,2892733.2268179916,2892.7332268179916,81.48664971062797,2801,31.3867459433791,1.330912903857079,0.0902374038072348,0.5975724408702229,1.8935712733716858,0.12609082141621986,86.56737416404312,7.765181542429421,0.9473711921255984,/data1/deasy/Himangi/breast_feature_extraction/Ductal_outputs/TCGA-D8-A1XZ-01/TCGA-D8-A1XZ-01Z-00-DX1.8E51A61D-B01C-4A52-8F5D-44D2ABCA46FC__tumor_core_wsi_summary.csv,TCGA-D8-A1XZ,Alive,,,466.0,0.0,,,,matched
TCGA-D8-A1XZ-01Z-00-DX2.73D59546-C003-4DED-80D5-866E7055EC79,TCGA-D8-A1XZ-01,TCGA-D8-A1XZ,3,3,67.5233798461918,29.310034932045372,0.43407239090829386,1381647.249176732,1381.647249176732,47.13905160400009,1012,14.987401434957569,1.700956276328344,0.06351903688227789,0.6141260414689342,1.5249436158926792,0.30559790988001867,109.7574548799555,11.510554597711327,0.9597930191073809,/data1/deasy/Himangi/breast_feature_extraction/Ductal_outputs/TCGA-D8-A1XZ-01/TCGA-D8-A1XZ-01Z-00-DX2.73D59546-C003-4DED-80D5-866E7055EC79__tumor_core_wsi_summary.csv,TCGA-D8-A1XZ,Alive,,,466.0,0.0,,,,matched
TCGA-D8-A1Y0-01Z-00-DX1.10F40197-4174-43CC-AAD3-8CB85154FB2D,TCGA-D8-A1Y0-01,TCGA-D8-A1Y0,3,3,26.970417908533523,8.72512712924154,0.32350730191988925,720031.1085670504,720.0311085670504,82.5238529939496,703,26.06559536393274,,0.0813112348328137,0.6074526484867493,1.7059044761284672,0.1986525775347294,91.632472150324,10.50971147520439,0.9375722076564591,/data1/deasy/Himangi/breast_feature_extraction/Ductal_outputs/TCGA-D8-A1Y0-01/TCGA-D8-A1Y0-01Z-00-DX1.10F40197-4174-43CC-AAD3-8CB85154FB2D__tumor_core_wsi_summary.csv,TCGA-D8-A1Y0,Alive,,,472.0,0.0,,,,matched
TCGA-D8-A1Y0-01Z-00-DX2.7C25E941-12A6-46CE-B1A5-488D08E35684,TCGA-D8-A1Y0-01,TCGA-D8-A1Y0,5,5,25.285926737036483,5.548812507127379,0.2194427186645286,755227.1515754041,755.2271515754042,136.10608587068396,703,27.80202629355525,1.6110334504093378,0.09454657489387595,0.6157164965422477,1.8551875711955312,0.1393900847000356,93.8757883218693,12.038842302665355,0.9306203943071312,/data1/deasy/Himangi/breast_feature_extraction/Ductal_outputs/TCGA-D8-A1Y0-01/TCGA-D8-A1Y0-01Z-00-DX2.7C25E941-12A6-46CE-B1A5-488D08E35684__tumor_core_wsi_summary.csv,TCGA-D8-A1Y0,Alive,,,472.0,0.0,,,,matched
TCGA-D8-A1Y1-01Z-00-DX1.477390C8-2141-4ADD-813E-25220D2A71FC,TCGA-D8-A1Y1-01,TCGA-D8-A1Y1,13,13,269.0119278232206,138.40684414656485,0.5145007705290969,4519210.463129942,4519.210463129943,32.65164010490955,2779,10.330396954837635,1.5004483237912876,0.03534592843790307,0.6569057029073112,1.7837581157788913,0.4837450993312073,123.35417209747571,10.68319611193487,0.9449543912956953,/data1/deasy/Himangi/breast_feature_extraction/Ductal_outputs/TCGA-D8-A1Y1-01/TCGA-D8-A1Y1-01Z-00-DX1.477390C8-2141-4ADD-813E-25220D2A71FC__tumor_core_wsi_summary.csv,TCGA-D8-A1Y1,Dead,302.0,,302.0,1.0,302.0,9.921971252566735,0.8268309377138946,matched
TCGA-D8-A1Y1-01Z-00-DX2.B58DC955-F864-4E78-8B1A-8156E2F7D554,TCGA-D8-A1Y1-01,TCGA-D8-A1Y1,9,9,112.58066476255144,37.99078084862744,0.33745386855509674,2958308.2413619366,2958.308241361937,77.86910864373078,2306,20.483090989591158,1.6910638057018614,0.07132470635510407,0.588312222977765,1.8855824549121452,0.21431863484802977,101.9696180863735,9.373805055808758,0.9627719020429919,/data1/deasy/Himangi/breast_feature_extraction/Ductal_outputs/TCGA-D8-A1Y1-01/TCGA-D8-A1Y1-01Z-00-DX2.B58DC955-F864-4E78-8B1A-8156E2F7D554__tumor_core_wsi_summary.csv,TCGA-D8-A1Y1,Dead,302.0,,302.0,1.0,302.0,9.921971252566735,0.8268309377138946,matched
TCGA-D8-A1Y2-01Z-00-DX1.77451A0F-00FD-44A9-A0D0-CB7A39CE74CC,TCGA-D8-A1Y2-01,TCGA-D8-A1Y2,8,8,78.56963761679282,14.950984421720456,0.1902895937313698,1528867.4498835907,1528.8674498835908,102.25864777589403,1736,22.095049088389352,1.303594232565584,0.13692187969154698,0.63794582064811,2.1807461604438485,0.07433210731528392,105.44489053313958,16.05736784937822,0.951703949575885,/data1/deasy/Himangi/breast_feature_extraction/Ductal_outputs/TCGA-D8-A1Y2-01/TCGA-D8-A1Y2-01Z-00-DX1.77451A0F-00FD-44A9-A0D0-CB7A39CE74CC__tumor_core_wsi_summary.csv,TCGA-D8-A1Y2,Alive,,,433.0,0.0,,,,matched
TCGA-D8-A1Y2-01Z-00-DX2.A563ABFE-18DE-4D78-BB66-9CD18D3CBE3A,TCGA-D8-A1Y2-01,TCGA-D8-A1Y2,9,9,59.80820042468009,9.816663888106435,0.16413575092380725,1227272.5821145454,1227.2725821145455,125.01931369999036,1291,21.585668701499063,1.584666535192959,0.13347714457399,0.6448281824540381,2.0982443613540327,0.05884771594287459,103.47564604161184,16.495342939401635,0.9506724670939583,/data1/deasy/Himangi/breast_feature_extraction/Ductal_outputs/TCGA-D8-A1Y2-01/TCGA-D8-A1Y2-01Z-00-DX2.A563ABFE-18DE-4D78-BB66-9CD18D3CBE3A__tumor_core_wsi_summary.csv,TCGA-D8-A1Y2,Alive,,,433.0,0.0,,,,matched
TCGA-D8-A1Y3-01Z-00-DX1.8AA5F695-A06C-4DEA-AD71-16254A48B218,TCGA-D8-A1Y3-01,TCGA-D8-A1Y3,4,4,130.55636571951703,86.31079874905619,0.6610998879555476,1541642.068266516,1541.6420682665162,17.861520118111223,702,5.37698790963708,1.6139202109267237,0.025121048483571683,0.7017286795248635,1.5511933703561833,0.46724872802809503,141.90541188338938,10.955098990132493,0.931196248066134,/data1/deasy/Himangi/breast_feature_extraction/Ductal_outputs/TCGA-D8-A1Y3-01/TCGA-D8-A1Y3-01Z-00-DX1.8AA5F695-A06C-4DEA-AD71-16254A48B218__tumor_core_wsi_summary.csv,TCGA-D8-A1Y3,Alive,,,430.0,0.0,,,,matched
TCGA-D8-A1Y3-01Z-00-DX2.B9BD14AF-52A6-4241-B3B3-03F8F5DFC8DA,TCGA-D8-A1Y3-01,TCGA-D8-A1Y3,8,8,278.81340259187925,150.11607722708672,0.5384105492476031,6214432.697076929,6214.432697076929,41.39751592146991,2796,10.02821232411385,1.6787846125407093,0.02503414285335154,0.6785145624214141,1.5894031984817105,0.19787561977377932,121.06172020898921,9.715217624231332,0.965335787435794,/data1/deasy/Himangi/breast_feature_extraction/Ductal_outputs/TCGA-D8-A1Y3-01/TCGA-D8-A1Y3-01Z-00-DX2.B9BD14AF-52A6-4241-B3B3-03F8F5DFC8DA__tumor_core_wsi_summary.csv,TCGA-D8-A1Y3,Alive,,,430.0,0.0,,,,matched
TCGA-D8-A27F-01Z-00-DX1.C1A87F27-49F1-46BA-B2E2-A89293F7FD0C,TCGA-D8-A27F-01,TCGA-D8-A27F,9,9,188.25128554239376,81.32017810395442,0.43197674783283907,2752719.827225373,2752.719827225373,33.8503910272611,1733,9.205780428042456,1.3074053006192699,0.10990799883888915,0.6363226383012421,1.9125884975108678,0.11183972818713576,157.00384740429172,16.839544518947868,0.9587780442786386,/data1/deasy/Himangi/breast_feature_extraction/Ductal_outputs/TCGA-D8-A27F-01/tumor_core_wsi_summary.csv,TCGA-D8-A27F,Alive,,,488.0,0.0,,,,matched
TCGA-D8-A27H-01Z-00-DX1.BE9DFDD4-97C5-4327-B1DA-4B34A6F267C5,TCGA-D8-A27H-01,TCGA-D8-A27H,11,11,88.19543630913715,25.93034862143874,0.29401009515446236,2391732.971926257,2391.732971926257,92.23682283811702,2100,23.81075583819565,1.319820436242601,0.08844348977403005,0.6095748115485335,1.7994231695349747,0.10798182203621702,103.07709152793583,14.348524350129392,0.9512317075819389,/data1/deasy/Himangi/breast_feature_extraction/Ductal_outputs/TCGA-D8-A27H-01/tumor_core_wsi_summary.csv,TCGA-D8-A27H,Alive,,,397.0,0.0,,,,matched
TCGA-D8-A27K-01Z-00-DX1.25AF7928-046B-45BF-BAD6-F34156203F5A,TCGA-D8-A27K-01,TCGA-D8-A27K,13,13,175.96426445297666,55.129037521344074,0.3132967804157551,4393862.0991240395,4393.86209912404,79.70141139182572,5018,28.51715384143223,1.3581792717392727,0.13466105104824352,0.6430560203977412,1.854463171946699,0.05228989960442435,96.24678402417045,11.897203503218591,0.9640942629395083,/data1/deasy/Himangi/breast_feature_extraction/Ductal_outputs/TCGA-D8-A27K-01/tumor_core_wsi_summary.csv,TCGA-D8-A27K,Alive,,,1461.0,0.0,,,,matched
TCGA-D8-A27L-01Z-00-DX1.6572593C-B015-4F9A-8C9B-B634CAA0D3B4,TCGA-D8-A27L-01,TCGA-D8-A27L,2,2,55.70650224059565,12.029754575207459,0.215948840644331,1077843.807254758,1077.843807254758,89.59815435271838,1951,35.02284152707447,1.3640141542291744,0.25302050507900953,0.7804046654870154,2.1755919418807315,0.03695077496967051,80.27695733724278,15.864861486625953,0.9590616613989184,/data1/deasy/Himangi/breast_feature_extraction/Ductal_outputs/TCGA-D8-A27L-01/tumor_core_wsi_summary.csv,TCGA-D8-A27L,Alive,,,499.0,0.0,,,,matched
TCGA-D8-A27M-01Z-00-DX1.3020D223-2400-4A2D-8BFE-08A5B78FE13B,TCGA-D8-A27M-01,TCGA-D8-A27M,4,4,56.77670132176246,22.445899895739903,0.39533645620825114,1085238.4244566825,1085.2384244566824,48.34907174573358,905,15.939636839259528,1.3383281688818938,0.09017089949385104,0.60509042612869,1.8856404715881383,0.15099887013702434,108.3701305485834,12.226902090517717,0.9768757925212146,/data1/deasy/Himangi/breast_feature_extraction/Ductal_outputs/TCGA-D8-A27M-01/tumor_core_wsi_summary.csv,TCGA-D8-A27M,Alive,,,410.0,0.0,,,,matched
TCGA-D8-A27N-01Z-00-DX1.85613A4F-1FFB-4091-B925-8E8A7C7A6D95,TCGA-D8-A27N-01,TCGA-D8-A27N,7,7,109.95069854101573,26.48912483907777,0.24091820416399026,2453902.4728314877,2453.9024728314876,92.63811046001024,3081,28.021650074834874,1.4215959746120683,0.18143829467825065,0.6987097906235596,1.7375812863023012,0.07239625325388147,99.28793028451808,18.073506322589328,0.9534977287802872,/data1/deasy/Himangi/breast_feature_extraction/Ductal_outputs/TCGA-D8-A27N-01/TCGA-D8-A27N-01Z-00-DX1.85613A4F-1FFB-4091-B925-8E8A7C7A6D95__tumor_core_wsi_summary.csv,TCGA-D8-A27N,Alive,,,519.0,0.0,,,,matched
TCGA-D8-A27N-01Z-00-DX2.EB803DEC-438B-43A9-B906-FD7C3B9A0138,TCGA-D8-A27N-01,TCGA-D8-A27N,7,7,18.957719581454594,3.6121201284033075,0.19053558171294327,317273.72403576557,317.27372403576555,87.83587277204217,464,24.475517638414086,1.5570277779377024,0.23134709336047019,0.7681062582015555,1.7620197223080525,0.08758009381996515,108.5776479755471,20.174480602475683,0.9117097809808479,/data1/deasy/Himangi/breast_feature_extraction/Ductal_outputs/TCGA-D8-A27N-01/TCGA-D8-A27N-01Z-00-DX2.EB803DEC-438B-43A9-B906-FD7C3B9A0138__tumor_core_wsi_summary.csv,TCGA-D8-A27N,Alive,,,519.0,0.0,,,,matched
TCGA-D8-A27P-01Z-00-DX1.EF426996-D0DC-4418-BEC4-F7CE3C82C869,TCGA-D8-A27P-01,TCGA-D8-A27P,4,4,53.17175613257785,11.669087294999503,0.21946025754545204,1079818.917774365,1079.818917774365,92.53670749700318,1237,23.264230673812584,1.2954507935454447,0.12533628878036487,0.5778240302077532,1.892396605595439,0.0751652368627568,100.4630628205412,13.91113854016675,0.9558438100368781,/data1/deasy/Himangi/breast_feature_extraction/Ductal_outputs/TCGA-D8-A27P-01/tumor_core_wsi_summary.csv,TCGA-D8-A27P,Alive,,,49.0,0.0,,,,matched
TCGA-D8-A27R-01Z-00-DX1.F6E2FD1C-0666-4788-8D95-A76D15907270,TCGA-D8-A27R-01,TCGA-D8-A27R,18,18,236.20664047953383,98.55497890340942,0.41724050900232307,5000923.078216266,5000.923078216266,50.74247018121236,3742,15.842060970018437,1.3635040021935694,0.08581655174832567,0.6526912621803964,1.8589212008540186,0.0739330951930629,113.51120922034163,12.37217559736939,0.9768970270084357,/data1/deasy/Himangi/breast_feature_extraction/Ductal_outputs/TCGA-D8-A27R-01/TCGA-D8-A27R-01Z-00-DX1.F6E2FD1C-0666-4788-8D95-A76D15907270__tumor_core_wsi_summary.csv,TCGA-D8-A27R,Alive,,,307.0,0.0,,,,matched
TCGA-D8-A27R-01Z-00-DX2.31F47D8F-DFD7-42AE-BBBA-7DBBA12FA97D,TCGA-D8-A27R-01,TCGA-D8-A27R,26,26,222.1334162886897,93.82824746356722,0.42239591427174505,4821718.324817106,4821.718324817106,51.38877102750258,3373,15.18456815887787,1.6804574806372974,0.07775420927308252,0.6466745297506409,1.8058652040090073,0.10203212539455277,118.65245085827526,12.50208082277397,0.9640042974454395,/data1/deasy/Himangi/breast_feature_extraction/Ductal_outputs/TCGA-D8-A27R-01/TCGA-D8-A27R-01Z-00-DX2.31F47D8F-DFD7-42AE-BBBA-7DBBA12FA97D__tumor_core_wsi_summary.csv,TCGA-D8-A27R,Alive,,,307.0,0.0,,,,matched
TCGA-E2-A109-01Z-00-DX1.FCF5E9FC-F9FE-4F5F-96DD-5628E2609BEF,TCGA-E2-A109-01,TCGA-E2-A109,6,6,125.27329616357807,71.47956760908232,0.5705890225459261,2069955.7094352024,2069.9557094352026,28.95870496525206,1356,10.82433400833787,1.233579434766219,0.055547912946534966,0.6691429303713112,1.6276212101787324,0.23715153155504132,113.88976689056766,11.027523278450968,0.9514314138314464,/data1/deasy/Himangi/breast_feature_extraction/Ductal_outputs/TCGA-E2-A109-01/tumor_core_wsi_summary.csv,TCGA-E2-A109,Alive,,,1417.0,0.0,,,,matched
TCGA-E2-A10C-01Z-00-DX1.29A2B20B-29C6-4491-ADAB-0584C772EF25,TCGA-E2-A10C-01,TCGA-E2-A10C,6,6,62.62273341733921,26.92114867139348,0.429894180632164,1155946.407636667,1155.946407636667,42.93822755285996,1107,17.677286499498116,1.2477940198361148,0.06662062530528855,0.6650866807033801,1.6247772012239219,0.30175933108181957,106.64356870389008,14.56895455056354,0.9622150383908253,/data1/deasy/Himangi/breast_feature_extraction/Ductal_outputs/TCGA-E2-A10C-01/tumor_core_wsi_summary.csv,TCGA-E2-A10C,Alive,,,1220.0,0.0,,,,matched
TCGA-E2-A10E-01Z-00-DX1.C45030A9-CC1A-4BA7-8F62-872619C5AD5E,TCGA-E2-A10E-01,TCGA-E2-A10E,5,5,145.3571306443492,72.07168784827765,0.4958249212047132,2893993.966153666,2893.993966153666,40.15438034760589,2016,13.869288634574271,1.2875727876641305,0.03631451946964933,0.5843674241449875,1.8544799636670326,0.21053298061852788,110.14359306024451,13.388678245162243,0.9722496483007337,/data1/deasy/Himangi/breast_feature_extraction/Ductal_outputs/TCGA-E2-A10E-01/tumor_core_wsi_summary.csv,TCGA-E2-A10E,Alive,,,865.0,0.0,,,,matched
TCGA-E2-A14N-01Z-00-DX1.15F5644F-CA9F-4688-B56E-BCC00CA4769B,TCGA-E2-A14N-01,TCGA-E2-A14N,6,6,110.77743263705521,96.92833319218342,0.8749826646529516,300676.103439686,300.676103439686,3.1020455375367315,101,0.9117380462400728,1.0853337235466074,0.035879585690701245,0.8270394893250058,1.1370092208624731,0.98323765201318,155.17862654172254,14.048251639780677,0.9628759902817378,/data1/deasy/Himangi/breast_feature_extraction/Ductal_outputs/TCGA-E2-A14N-01/tumor_core_wsi_summary.csv,TCGA-E2-A14N,Alive,,,1434.0,0.0,,,,matched
TCGA-E2-A14O-01Z-00-DX1.432DB252-35D4-4B02-B0A7-39BF85A38F89,TCGA-E2-A14O-01,TCGA-E2-A14O,2,2,44.72309087710648,13.753095129629502,0.3075166510163912,1227470.104308315,1227.470104308315,89.25046273139407,1674,37.43032887865342,,0.1504122339008037,0.6719989650497135,1.7295994049112444,0.11911876680479097,88.64328024888819,12.790553215627419,0.9676646817638511,/data1/deasy/Himangi/breast_feature_extraction/Ductal_outputs/TCGA-E2-A14O-01/tumor_core_wsi_summary.csv,TCGA-E2-A14O,Alive,,,1359.0,0.0,,,,matched
TCGA-E2-A14P-01Z-00-DX1.663B02FF-C64B-41A6-8685-FD61CD76F9C6,TCGA-E2-A14P-01,TCGA-E2-A14P,7,7,126.12716009589376,39.46065002276662,0.31286401749444703,1748917.5836139387,1748.9175836139386,44.32054673719033,2099,16.641934999599947,1.2455898032818897,0.2096666663731982,0.7254024966531097,1.8899291560145792,0.046948355989177855,131.60639615292993,18.773816388416673,0.9612943292381971,/data1/deasy/Himangi/breast_feature_extraction/Ductal_outputs/TCGA-E2-A14P-01/tumor_core_wsi_summary.csv,TCGA-E2-A14P,Alive,,,1246.0,0.0,,,,matched
TCGA-E2-A14Q-01Z-00-DX1.C19BA7FD-D986-4E3B-9A79-F3531A78F05D,TCGA-E2-A14Q-01,TCGA-E2-A14Q,15,15,114.18778686028051,45.48867381879674,0.3983672428510802,1487478.561022689,1487.478561022689,32.69997641496499,1335,11.69126783789494,1.2777690133872395,0.23776171906312873,0.7509042525012819,1.7627035988797832,0.12177230752406946,118.497973184488,15.420960913274573,0.9124617328382939,/data1/deasy/Himangi/breast_feature_extraction/Ductal_outputs/TCGA-E2-A14Q-01/tumor_core_wsi_summary.csv,TCGA-E2-A14Q,Alive,,,1163.0,0.0,,,,matched
TCGA-E2-A14R-01Z-00-DX1.DDE62ED5-1FC0-4B3B-A874-95C08B33AB20,TCGA-E2-A14R-01,TCGA-E2-A14R,4,4,112.45899407807798,64.61666580258992,0.5745797953494755,1043572.1348952506,1043.5721348952507,16.15020091075982,719,6.393441501893686,1.0918467375539171,0.0759720697150191,0.7162381954264959,1.434722979668748,0.4116349987537583,148.74173064623173,16.511883122819306,0.903278024314658,/data1/deasy/Himangi/breast_feature_extraction/Ductal_outputs/TCGA-E2-A14R-01/tumor_core_wsi_summary.csv,TCGA-E2-A14R,Alive,,,1174.0,0.0,,,,matched
TCGA-E2-A14S-01Z-00-DX1.5C332E99-7296-473A-9917-7EFC38A8251D,TCGA-E2-A14S-01,TCGA-E2-A14S,5,5,36.715435297883154,15.172481009123793,0.4132452982247106,706978.7450633908,706.9787450633908,46.596119951526546,538,14.653237681510442,1.2410614591662872,0.06210804702332222,0.6032566827195283,1.807432439500415,0.2535784971768921,107.38870050947641,11.249603593328885,0.9447080043001052,/data1/deasy/Himangi/breast_feature_extraction/Ductal_outputs/TCGA-E2-A14S-01/tumor_core_wsi_summary.csv,TCGA-E2-A14S,Alive,,,1009.0,0.0,,,,matched
TCGA-E2-A14T-01Z-00-DX1.61B4C988-6D75-447B-A5F4-9DE92CEACC9F,TCGA-E2-A14T-01,TCGA-E2-A14T,13,13,100.3007558277917,23.247848180312296,0.2317813857776602,2203430.320002772,2203.430320002772,94.7799685765658,3638,36.27091311501333,1.4160009424035696,0.2184284457861062,0.7521009265721642,2.0185543057367004,0.032880142556457714,92.17105672474729,13.673730180300208,0.9331459895257233,/data1/deasy/Himangi/breast_feature_extraction/Ductal_outputs/TCGA-E2-A14T-01/tumor_core_wsi_summary.csv,TCGA-E2-A14T,Alive,,,2311.0,0.0,,,,matched
TCGA-E2-A14W-01Z-00-DX1.2AF665A9-F582-4C41-B2B8-1982648CDEC7,TCGA-E2-A14W-01,TCGA-E2-A14W,4,4,39.532918419412475,22.683273958850723,0.573781923160831,548111.5880222459,548.1115880222459,24.163689466369107,334,8.448655281568858,1.4211478235724346,0.04952945362749795,0.6550675179329992,1.6637067983139777,0.42887430324909825,120.97276340863192,11.82157210141682,0.8695811916582383,/data1/deasy/Himangi/breast_feature_extraction/Ductal_outputs/TCGA-E2-A14W-01/tumor_core_wsi_summary.csv,TCGA-E2-A14W,Alive,,,974.0,0.0,,,,matched
TCGA-E2-A14X-01Z-00-DX1.24ADDA43-F127-4A6B-9AAD-2FAD982A853D,TCGA-E2-A14X-01,TCGA-E2-A14X,10,10,157.12652498481347,70.96271551787882,0.4516278554797636,2523925.428405135,2523.925428405135,35.56692285499193,2559,16.28623811445796,1.216150462331159,0.12104601596082167,0.6695521809436964,1.752020473979241,0.1293303345005821,114.06714635503958,14.166718460341265,0.9659687400003748,/data1/deasy/Himangi/breast_feature_extraction/Ductal_outputs/TCGA-E2-A14X-01/tumor_core_wsi_summary.csv,TCGA-E2-A14X,Alive,,,972.0,0.0,,,,matched
TCGA-E2-A14Z-01Z-00-DX1.A1344A78-1842-4578-8CDE-921E50656891,TCGA-E2-A14Z-01,TCGA-E2-A14Z,1,1,81.63458681915236,29.382119656800917,0.35992243976063776,1779469.27377736,1779.46927377736,60.56299867274811,2090,25.601893528658902,,0.10629493553006888,0.6611613683398927,1.806480789895383,0.26044445995197774,100.26357841335007,13.768169813014364,0.9739254380951857,/data1/deasy/Himangi/breast_feature_extraction/Ductal_outputs/TCGA-E2-A14Z-01/tumor_core_wsi_summary.csv,TCGA-E2-A14Z,Dead,563.0,,563.0,1.0,563.0,18.496919917864478,1.541409993155373,matched
TCGA-E2-A150-01Z-00-DX1.55643D23-83E6-4058-8EA5-18AAA8547839,TCGA-E2-A150-01,TCGA-E2-A150,4,4,150.84624443943355,86.4290264037953,0.5729610751993068,1437823.5368434314,1437.8235368434314,16.635887232212223,710,4.706779427213867,1.2567381940148805,0.04927918093653263,0.5802602523482384,1.7979808783278948,0.3697078539942148,188.90638098535038,23.055248656002743,0.9651910197880365,/data1/deasy/Himangi/breast_feature_extraction/Ductal_outputs/TCGA-E2-A150-01/tumor_core_wsi_summary.csv,TCGA-E2-A150,Alive,,,1935.0,0.0,,,,matched
TCGA-E2-A152-01Z-00-DX1.B0860DEB-D34B-4C5D-97F5-C1C646437424,TCGA-E2-A152-01,TCGA-E2-A152,11,11,140.78259348670176,45.1641544912103,0.3208078028160241,2303123.9559105476,2303.1239559105475,50.994510621443695,2235,15.875542172130228,1.2687977399500212,0.1296577398738705,0.6512670658934644,1.7960010812125855,0.10040807002332372,127.28329446232433,20.00533160341261,0.9511382102371337,/data1/deasy/Himangi/breast_feature_extraction/Ductal_outputs/TCGA-E2-A152-01/tumor_core_wsi_summary.csv,TCGA-E2-A152,Alive,,,2128.0,0.0,,,,matched
TCGA-E2-A155-01Z-00-DX1.A5AF232A-61BB-4FDC-ABF9-2FE9BA461BDC,TCGA-E2-A155-01,TCGA-E2-A155,4,4,133.1753395197445,42.09483126762729,0.3160857814924987,3211778.1752344086,3211.7781752344085,76.29863521283198,3096,23.247547264867222,1.1812617135764052,0.08085250687021134,0.6223676910955742,1.6823305996807438,0.1298474757839673,94.65857047938255,12.365640987971974,0.9717047993432226,/data1/deasy/Himangi/breast_feature_extraction/Ductal_outputs/TCGA-E2-A155-01/tumor_core_wsi_summary.csv,TCGA-E2-A155,Alive,,,640.0,0.0,,,,matched
TCGA-E2-A156-01Z-00-DX1.CEF32B4D-A676-4230-992D-45A046E4043A,TCGA-E2-A156-01,TCGA-E2-A156,2,2,115.80636197816096,71.5118674577755,0.6175124253645182,1155565.7272354416,1155.5657272354415,16.159076364741146,822,7.098055633204458,1.5721205199906811,0.084978496054957,0.6976843739262041,1.526571892722463,0.36415541042743227,125.7134544820722,15.647453493286134,0.9785479952770199,/data1/deasy/Himangi/breast_feature_extraction/Ductal_outputs/TCGA-E2-A156-01/tumor_core_wsi_summary.csv,TCGA-E2-A156,Alive,,,726.0,0.0,,,,matched
TCGA-E2-A158-01Z-00-DX1.994C60FE-E651-4224-95E7-4669834F2338,TCGA-E2-A158-01,TCGA-E2-A158,1,1,21.301697112340655,5.529257834114766,0.2595688881010103,509652.1333467099,509.6521333467099,92.17369647735104,895,42.01543169447762,,0.23646014003308843,0.7007002695110568,2.03313033204959,0.019020131494973343,91.01785539112642,18.050277006184697,0.9491531219202045,/data1/deasy/Himangi/breast_feature_extraction/Ductal_outputs/TCGA-E2-A158-01/tumor_core_wsi_summary.csv,TCGA-E2-A158,Alive,,,450.0,0.0,,,,matched
TCGA-E2-A159-01Z-00-DX1.C8DC3356-CAE9-4E7A-AEFF-ABB4BE38192B,TCGA-E2-A159-01,TCGA-E2-A159,5,5,166.05385716872485,116.02876945211791,0.6987417903471091,1198149.0473631066,1198.1490473631065,10.326310043799541,359,2.1619491779418616,1.3533407678911518,0.04332558769934057,0.6970744068954909,1.589272049477777,0.4344084944088521,238.30016392228308,17.47817863647113,0.9619047012947435,/data1/deasy/Himangi/breast_feature_extraction/Ductal_outputs/TCGA-E2-A159-01/tumor_core_wsi_summary.csv,TCGA-E2-A159,Alive,,,762.0,0.0,,,,matched
TCGA-E2-A15A-01Z-00-DX1.B9D22735-FE9F-46D9-84E6-0C71A1BF84D6,TCGA-E2-A15A-01,TCGA-E2-A15A,16,16,128.80787614257216,38.47141651141486,0.29867285808542043,1797689.371409079,1797.689371409079,46.72792255714542,1381,10.721394074314428,1.2329640848298622,0.1581573819795929,0.723522902991328,1.624467729968098,0.10829003441640932,135.28606940200197,12.148456856911611,0.9517103541782818,/data1/deasy/Himangi/breast_feature_extraction/Ductal_outputs/TCGA-E2-A15A-01/tumor_core_wsi_summary.csv,TCGA-E2-A15A,Alive,,,710.0,0.0,,,,matched
TCGA-E2-A15C-01Z-00-DX1.26E13415-1D37-43C7-9EBB-4411BE7FCE10,TCGA-E2-A15C-01,TCGA-E2-A15C,5,5,107.04158590905917,26.163175958846157,0.24442066825386885,2448050.2949372693,2448.0502949372694,93.56854453709957,3684,34.41653044200847,,0.17525548174102135,0.686491015235722,2.2519407675941325,0.07830165273620877,86.68919241353954,14.581952222079918,0.9675145977872932,/data1/deasy/Himangi/breast_feature_extraction/Ductal_outputs/TCGA-E2-A15C-01/tumor_core_wsi_summary.csv,TCGA-E2-A15C,Alive,,,694.0,0.0,,,,matched
TCGA-E2-A15D-01Z-00-DX1.AA5AF847-3635-4BAF-AAC3-BADB4A1B2CB1,TCGA-E2-A15D-01,TCGA-E2-A15D,9,9,123.15033675147849,40.963239172590114,0.33262791035038175,2448570.578997638,2448.570578997638,59.774828076488134,3433,27.876497056828267,1.285438286371225,0.18628922378519014,0.672298314849889,1.941284657364458,0.11520530801585263,97.48501085796585,14.276461193723161,0.9714100643533523,/data1/deasy/Himangi/breast_feature_extraction/Ductal_outputs/TCGA-E2-A15D-01/tumor_core_wsi_summary.csv,TCGA-E2-A15D,Alive,,,526.0,0.0,,,,matched
TCGA-E2-A15F-01Z-00-DX1.F022214A-3F0C-4DA4-A0EE-735D27480A45,TCGA-E2-A15F-01,TCGA-E2-A15F,7,7,26.830207954558325,11.738076264716161,0.4374947926082666,492460.24329981353,492.46024329981356,41.95408448487549,523,19.492953647090342,1.4873685527540523,0.06784538722524186,0.6372194947116757,2.038090935356793,0.41178637779649524,92.05561542930498,12.972890904616452,0.9206871351445919,/data1/deasy/Himangi/breast_feature_extraction/Ductal_outputs/TCGA-E2-A15F-01/tumor_core_wsi_summary.csv,TCGA-E2-A15F,Alive,,,658.0,0.0,,,,matched
TCGA-E2-A15H-01Z-00-DX1.E3A9DFDC-204D-4F03-98D9-97BBBB74E840,TCGA-E2-A15H-01,TCGA-E2-A15H,10,10,47.79088639486611,10.938768238542146,0.2288881639097875,1120273.2639508604,1120.2732639508604,102.41310900103353,1638,34.27431720906438,1.3366194192618772,0.1934682577684133,0.6915359641047925,2.031505316719053,0.08777407480642449,107.32803627898723,16.19012926291012,0.9197856136290631,/data1/deasy/Himangi/breast_feature_extraction/Ductal_outputs/TCGA-E2-A15H-01/tumor_core_wsi_summary.csv,TCGA-E2-A15H,Alive,,,393.0,0.0,,,,matched
TCGA-E2-A15I-01Z-00-DX1.DFF60A40-B03D-438F-A233-06132A213619,TCGA-E2-A15I-01,TCGA-E2-A15I,1,1,1.1332070243666856,0.22642882526834648,0.19981240885344015,18320.64384629989,18.320643846299888,80.91127012909082,13,11.471866764385172,1.525233137000694,0.10895446440787432,0.6173453993858233,2.4538225056488914,0.30431658791013266,126.89150138996702,8.5,0.5581736099888672,/data1/deasy/Himangi/breast_feature_extraction/Ductal_outputs/TCGA-E2-A15I-01/tumor_core_wsi_summary.csv,TCGA-E2-A15I,Alive,,,1692.0,0.0,,,,matched
TCGA-E2-A15J-01Z-00-DX1.BF7901D1-30B1-4A76-B0A5-E9B8B36EF4C9,TCGA-E2-A15J-01,TCGA-E2-A15J,11,11,108.1276992305207,74.6672313210571,0.6905467503000484,1032102.4913461821,1032.102491346182,13.82269669151528,414,3.82880615185736,1.2216024138775485,0.0462232696291462,0.6995703190308148,1.750273020245724,0.3640333817468875,178.96652109090013,11.563736721420657,0.9494265553898121,/data1/deasy/Himangi/breast_feature_extraction/Ductal_outputs/TCGA-E2-A15J-01/tumor_core_wsi_summary.csv,TCGA-E2-A15J,Alive,,,1640.0,0.0,,,,matched
TCGA-E2-A15K-01Z-00-DX1.9F424BE2-9BFE-4DFF-8CC9-10D2DADBBEA7,TCGA-E2-A15K-01,TCGA-E2-A15K,5,5,28.302057257467588,12.142033893665925,0.4290159469047859,364352.0710157663,364.3520710157663,30.007499090068926,220,7.773286514073188,1.2627453223449117,0.07677132860360458,0.655834648357119,1.9422451651632517,0.4077255107476252,193.2960898697285,11.418922320432806,0.8591227662852435,/data1/deasy/Himangi/breast_feature_extraction/Ductal_outputs/TCGA-E2-A15K-01/tumor_core_wsi_summary.csv,TCGA-E2-A15K,Alive,,,275.0,0.0,,,,matched
TCGA-E2-A15O-01Z-00-DX1.4D0F3975-93EA-4DC2-AD0C-A76A24C3AE0C,TCGA-E2-A15O-01,TCGA-E2-A15O,9,9,70.62590426632097,30.379885695323967,0.4301521659923168,882797.6883300457,882.7976883300456,29.058624419575242,619,8.764489551395089,1.285804855463905,0.07120018788220582,0.6430078356904037,1.9600220360120728,0.332041454759758,128.13671321698232,12.993097987305468,0.9032164473278351,/data1/deasy/Himangi/breast_feature_extraction/Ductal_outputs/TCGA-E2-A15O-01/tumor_core_wsi_summary.csv,TCGA-E2-A15O,Alive,,,289.0,0.0,,,,matched
TCGA-E2-A15P-01Z-00-DX1.4C7F95DC-B319-4A78-8F34-8CB9166EA6A8,TCGA-E2-A15P-01,TCGA-E2-A15P,6,6,57.63178187610423,21.778736487156706,0.37789455363320623,1395911.5341084977,1395.9115341084976,64.09515698634264,1341,23.268411219400743,1.3072286928447743,0.08923316646981622,0.5400866462068118,1.711242564997755,0.27074995605619817,101.90890673769817,12.773233915395524,0.9600179889939592,/data1/deasy/Himangi/breast_feature_extraction/Ductal_outputs/TCGA-E2-A15P-01/tumor_core_wsi_summary.csv,TCGA-E2-A15P,Alive,,,595.0,0.0,,,,matched
TCGA-E2-A15R-01Z-00-DX1.B58D2D9D-05EE-4D66-8DC0-9E5C6AD2E3D3,TCGA-E2-A15R-01,TCGA-E2-A15R,21,21,56.856844337610084,21.315419791862062,0.374896286281618,1115754.4240687594,1115.7544240687594,52.3449425328578,1116,19.62824375854043,1.3204271827196838,0.08973950547831419,0.6813055577913153,1.8037506365025453,0.31889330015332296,112.65837046005412,13.96126213994722,0.9216030951877138,/data1/deasy/Himangi/breast_feature_extraction/Ductal_outputs/TCGA-E2-A15R-01/tumor_core_wsi_summary.csv,TCGA-E2-A15R,Alive,,,1732.0,0.0,,,,matched
TCGA-E2-A15S-01Z-00-DX1.77CFA95F-F1AE-41BD-BAF8-BCA6F0DFA3A3,TCGA-E2-A15S-01,TCGA-E2-A15S,7,7,28.503361651658576,8.83129175740704,0.3098333405489088,363471.0991818488,363.4710991818488,41.1571839280472,351,12.314336964516455,1.4162142702690685,0.17132718929207583,0.722894897036546,2.0754089775763918,0.24689930481785324,123.4897806840515,10.963449509195653,0.802719608432056,/data1/deasy/Himangi/breast_feature_extraction/Ductal_outputs/TCGA-E2-A15S-01/tumor_core_wsi_summary.csv,TCGA-E2-A15S,Alive,,,428.0,0.0,,,,matched
TCGA-E2-A15T-01Z-00-DX1.23913E37-53A8-4E11-9B64-CDD016F6D87A,TCGA-E2-A15T-01,TCGA-E2-A15T,14,14,117.86112401230297,43.82962732047929,0.3718751852044454,1274191.530925858,1274.1915309258582,29.071466239241673,932,7.907611672723509,1.4753079759367014,0.17871379578553784,0.7198674758473049,1.704335088111553,0.22545904442428846,138.40730975458118,15.54049022078809,0.9530301772648804,/data1/deasy/Himangi/breast_feature_extraction/Ductal_outputs/TCGA-E2-A15T-01/tumor_core_wsi_summary.csv,TCGA-E2-A15T,Alive,,,1563.0,0.0,,,,matched
TCGA-E2-A1B0-01Z-00-DX1.4C50EC91-A62A-450E-88C0-7DCAB8E9724C,TCGA-E2-A1B0-01,TCGA-E2-A1B0,16,16,147.47379532732094,42.622178403621206,0.28901526748545703,1965861.7736408275,1965.8617736408276,46.12297745611723,2127,14.422901338363758,1.3781873269781744,0.2141978260272962,0.7356140411947184,1.893141859857623,0.08226116293892999,159.485139191365,23.335648789715375,0.9307417334584737,/data1/deasy/Himangi/breast_feature_extraction/Ductal_outputs/TCGA-E2-A1B0-01/tumor_core_wsi_summary.csv,TCGA-E2-A1B0,Alive,,,1631.0,0.0,,,,matched
TCGA-E2-A1B1-01Z-00-DX1.7C8DF153-B09B-44C7-87B8-14591E319354,TCGA-E2-A1B1-01,TCGA-E2-A1B1,3,3,25.29990718673408,3.9042964035430017,0.15432058207668864,594633.5120609743,594.6335120609742,152.30234864375737,981,38.774845803165,1.3054854637587627,0.21554750832274333,0.6938526022284425,1.9463720768595176,0.01953767488188876,91.94505902670397,20.110780177091854,0.9546692764477794,/data1/deasy/Himangi/breast_feature_extraction/Ductal_outputs/TCGA-E2-A1B1-01/tumor_core_wsi_summary.csv,TCGA-E2-A1B1,Alive,,,2653.0,0.0,,,,matched
TCGA-E2-A1B4-01Z-00-DX1.E585C4FB-0D3E-4160-8192-53A329648F5C,TCGA-E2-A1B4-01,TCGA-E2-A1B4,13,13,22.897661719739908,3.8203516245597178,0.16684461808020432,217916.02455796272,217.91602455796271,57.040829215053414,232,10.13203893216723,1.147457823442051,0.2186398404527503,0.6827381210921563,2.200047585970003,0.35058611827486846,177.40886167397343,26.594580721883407,0.8176279733380424,/data1/deasy/Himangi/breast_feature_extraction/Ductal_outputs/TCGA-E2-A1B4-01/tumor_core_wsi_summary.csv,TCGA-E2-A1B4,Dead,1004.0,,1004.0,1.0,1004.0,32.98562628336756,2.74880219028063,matched
TCGA-E2-A1B6-01Z-00-DX1.8CD458BE-C4F9-4AF3-A927-18C042E9B4B7,TCGA-E2-A1B6-01,TCGA-E2-A1B6,7,7,60.092858770973145,24.53448738788674,0.4082762559423736,776446.9630346849,776.4469630346849,31.647164693485106,447,7.438487852668376,1.2650795213193895,0.09221393148769264,0.6406839091908695,1.921620612629219,0.1996889766355297,162.36924444229592,14.040604487497568,0.9259973668678757,/data1/deasy/Himangi/breast_feature_extraction/Ductal_outputs/TCGA-E2-A1B6-01/tumor_core_wsi_summary.csv,TCGA-E2-A1B6,Alive,,,867.0,0.0,,,,matched
TCGA-E2-A1BD-01Z-00-DX1.A2AFF7AD-ED47-43E4-87FE-62882BAEB8DA,TCGA-E2-A1BD-01,TCGA-E2-A1BD,9,9,137.9991752559272,51.00601646934683,0.369611023940928,3565368.615161339,3565.3686151613388,69.9009423193051,4645,33.65962145342961,1.3606874698559506,0.15171994229283037,0.6426579018020325,1.9782202582591346,0.04970382353220082,92.56300751074507,13.223428720927256,0.9746396117228739,/data1/deasy/Himangi/breast_feature_extraction/Ductal_outputs/TCGA-E2-A1BD-01/tumor_core_wsi_summary.csv,TCGA-E2-A1BD,Alive,,,1133.0,0.0,,,,matched
TCGA-E2-A1IE-01Z-00-DX1.D6BF29A7-4FBD-4F7D-B093-991FA0F49FE8,TCGA-E2-A1IE-01,TCGA-E2-A1IE,10,10,58.017539824903,22.313789324928234,0.3846041971491945,690412.0500561834,690.4120500561834,30.941049052788074,692,11.927427500174202,1.3597066534085003,0.13656089955652792,0.7238601316871993,1.8217143725817326,0.14152078860283462,132.0347190188406,21.164606317290986,0.9469694979756017,/data1/deasy/Himangi/breast_feature_extraction/Ductal_outputs/TCGA-E2-A1IE-01/tumor_core_wsi_summary.csv,TCGA-E2-A1IE,Alive,,,2362.0,0.0,,,,matched
TCGA-E2-A1IF-01Z-00-DX1.51F5B0AC-E4D6-439D-8168-34934471FA06,TCGA-E2-A1IF-01,TCGA-E2-A1IF,9,9,153.47266340916343,86.82480044482483,0.5657346299734625,2430574.698589013,2430.5746985890128,27.99401422331615,1623,10.575173219435346,1.3526016454348793,0.053976255724074954,0.6396033254889104,1.58017347120186,0.29891290373934937,125.71349172145688,12.607851023751818,0.9657554287613606,/data1/deasy/Himangi/breast_feature_extraction/Ductal_outputs/TCGA-E2-A1IF-01/tumor_core_wsi_summary.csv,TCGA-E2-A1IF,Alive,,,1138.0,0.0,,,,matched
TCGA-E2-A1IG-01Z-00-DX1.C894EEA1-708A-4043-8C60-3BCA98AA751E,TCGA-E2-A1IG-01,TCGA-E2-A1IG,24,24,181.1064885895859,60.73477728755412,0.3353539553471666,5329368.890245974,5329.368890245974,87.74822479406834,4753,26.244228116922976,1.5064307254169516,0.07435273584139339,0.5995762611672543,2.080816449134563,0.06353515364816185,96.7641048452915,12.161814197589091,0.9500981860842646,/data1/deasy/Himangi/breast_feature_extraction/Ductal_outputs/TCGA-E2-A1IG-01/tumor_core_wsi_summary.csv,TCGA-E2-A1IG,Alive,,,2140.0,0.0,,,,matched
TCGA-E2-A1II-01Z-00-DX1.7F782477-0F92-4C57-8735-A1E3F95A6B94,TCGA-E2-A1II-01,TCGA-E2-A1II,4,4,66.02618116617293,45.717331059493645,0.6924121651748038,701417.7918674969,701.4177918674969,15.342492127432289,377,5.709856201605488,1.6560196893550927,0.012828857430548898,0.570197299167596,1.2194566952777797,0.9372900078139542,118.00386428637144,13.07147040099991,0.9668449198477964,/data1/deasy/Himangi/breast_feature_extraction/Ductal_outputs/TCGA-E2-A1II-01/tumor_core_wsi_summary.csv,TCGA-E2-A1II,Alive,,,1025.0,0.0,,,,matched
TCGA-E2-A1IK-01Z-00-DX1.25C554BB-AA90-4FF4-9D68-EEC899B8A27D,TCGA-E2-A1IK-01,TCGA-E2-A1IK,16,16,65.6052849671647,18.766675175147025,0.28605431993077546,860311.8738487057,860.3118738487057,45.84253022016542,723,11.02045361683681,1.5702466309638914,0.14111944129907292,0.7260746994812066,1.8391886246210403,0.2358868380718394,139.91639915588556,17.534133429038885,0.9024258814036937,/data1/deasy/Himangi/breast_feature_extraction/Ductal_outputs/TCGA-E2-A1IK-01/tumor_core_wsi_summary.csv,TCGA-E2-A1IK,Alive,,,1800.0,0.0,,,,matched
TCGA-E2-A1IN-01Z-00-DX1.F63F004F-847D-41B0-BAEF-3189D4965838,TCGA-E2-A1IN-01,TCGA-E2-A1IN,1,1,31.75804984212854,8.97979815818789,0.2827565988096589,779109.9460158542,779.1099460158542,86.76252319830287,1096,34.510935194329996,,0.19165522830854725,0.7039668663751375,2.0733073458400852,0.10037914327446489,90.90733832866155,15.15132007450176,0.9589322330579884,/data1/deasy/Himangi/breast_feature_extraction/Ductal_outputs/TCGA-E2-A1IN-01/tumor_core_wsi_summary.csv,TCGA-E2-A1IN,Alive,,,675.0,0.0,,,,matched
TCGA-E2-A1IU-01Z-00-DX1.E2F24814-24BA-4158-8841-F27A8E100589,TCGA-E2-A1IU-01,TCGA-E2-A1IU,8,8,68.12111109362225,17.679107264994595,0.2595246463419735,1181944.6823497913,1181.9446823497913,66.85545059676703,1169,17.160612638766047,1.2819200583421928,0.13096698632748802,0.6566127243621641,1.806192334266614,0.09618821661592017,107.70950293333057,15.502872634627161,0.9634317259438007,/data1/deasy/Himangi/breast_feature_extraction/Ductal_outputs/TCGA-E2-A1IU-01/tumor_core_wsi_summary.csv,TCGA-E2-A1IU,Alive,,,337.0,0.0,,,,matched
TCGA-E2-A1L9-01Z-00-DX1.F2CC1036-8EEE-4664-962E-541B8ACB10DE,TCGA-E2-A1L9-01,TCGA-E2-A1L9,3,3,75.67184643766392,26.552022507985058,0.35088376665762705,1287843.2672114046,1287.8432672114047,48.502642946468896,1364,18.025197800923493,1.253041449541479,0.16364891129635956,0.6426831600914217,1.7930013811707617,0.05733403451750156,121.617377045895,16.183403391398443,0.938019396189685,/data1/deasy/Himangi/breast_feature_extraction/Ductal_outputs/TCGA-E2-A1L9-01/tumor_core_wsi_summary.csv,TCGA-E2-A1L9,Alive,,,598.0,0.0,,,,matched
TCGA-E2-A1LA-01Z-00-DX1.AE49E943-B830-4ED9-B09E-E499441BC2EC,TCGA-E2-A1LA-01,TCGA-E2-A1LA,14,14,57.849626463118454,24.01960542788603,0.41520761492210395,1012487.1250530543,1012.4871250530543,42.15252944486705,759,13.12022300582864,1.2991196354675636,0.1006533576462331,0.6528573418556182,1.7671198306203795,0.18846347093253812,117.88094699012896,12.523395028785293,0.9117306115978572,/data1/deasy/Himangi/breast_feature_extraction/Ductal_outputs/TCGA-E2-A1LA-01/tumor_core_wsi_summary.csv,TCGA-E2-A1LA,Alive,,,748.0,0.0,,,,matched
TCGA-E2-A1LB-01Z-00-DX1.B4AFDB08-BA09-4F6E-806E-4054B790AB8E,TCGA-E2-A1LB-01,TCGA-E2-A1LB,2,2,85.13899066998681,46.331069132842146,0.544181564383694,1359043.422000387,1359.043422000387,29.333305866602984,1471,17.27763024231572,,0.05575124188414024,0.6968123584180029,2.023971755349908,0.4619401515733637,93.69684825605555,13.755679797411902,0.9677571382946223,/data1/deasy/Himangi/breast_feature_extraction/Ductal_outputs/TCGA-E2-A1LB-01/tumor_core_wsi_summary.csv,TCGA-E2-A1LB,Alive,,,2306.0,0.0,,,,matched
TCGA-E2-A1LE-01Z-00-DX1.22856B2A-FBAA-4530-AEEC-E8F77BDA7F7F,TCGA-E2-A1LE-01,TCGA-E2-A1LE,11,11,40.262173459816225,7.021483444280456,0.17439404882819529,1053911.8575025483,1053.9118575025482,150.09817595753805,1030,25.582324834698614,1.4549461477519454,0.10460698383443412,0.5908715756135567,1.8327297591613674,0.10493652015405787,101.88587730765833,17.018661373526328,0.9413431423402935,/data1/deasy/Himangi/breast_feature_extraction/Ductal_outputs/TCGA-E2-A1LE-01/tumor_core_wsi_summary.csv,TCGA-E2-A1LE,Dead,879.0,,879.0,1.0,879.0,28.878850102669404,2.406570841889117,matched
TCGA-E2-A1LH-01Z-00-DX1.F85384B7-1EBF-4F57-A45B-4A668B68E535,TCGA-E2-A1LH-01,TCGA-E2-A1LH,4,4,76.20907418619043,29.864878097812422,0.391880867425944,1244500.2362644745,1244.5002362644746,41.67103017090946,1384,18.160567029310396,1.2182208204293818,0.13530765429644903,0.6876147336723654,1.7873530592438225,0.0721381653949273,115.37252139111831,18.87725533364728,0.9831248916910458,/data1/deasy/Himangi/breast_feature_extraction/Ductal_outputs/TCGA-E2-A1LH-01/tumor_core_wsi_summary.csv,TCGA-E2-A1LH,Alive,,,3247.0,0.0,,,,matched
TCGA-E2-A1LK-01Z-00-DX1.5EBAA1F4-F1B4-4938-A51F-0246621BB0ED,TCGA-E2-A1LK-01,TCGA-E2-A1LK,5,5,172.58932643770268,124.99831370933249,0.724252862499301,1289627.3557160553,1289.6273557160553,10.317158027546819,743,4.305017090776995,1.5156222059215494,0.021739858922227944,0.7165854309834218,2.1725059852537205,0.6178934000646441,129.26190844915087,12.077744826952062,0.9600208437523191,/data1/deasy/Himangi/breast_feature_extraction/Ductal_outputs/TCGA-E2-A1LK-01/tumor_core_wsi_summary.csv,TCGA-E2-A1LK,Dead,266.0,,266.0,1.0,266.0,8.739219712525667,0.7282683093771389,matched
TCGA-E2-A1LL-01Z-00-DX1.D1AA1613-902C-4579-9612-48A76042B0AE,TCGA-E2-A1LL-01,TCGA-E2-A1LL,4,4,73.40705575222982,54.45888328179114,0.7418753241596521,569272.3013965238,569.2723013965239,10.453249627813532,224,3.051477786495963,1.2169411321768455,0.015035036615925777,0.6951797854005756,2.187525786432778,0.9429735170601238,147.16014487392346,11.55013432064753,0.9535530749472106,/data1/deasy/Himangi/breast_feature_extraction/Ductal_outputs/TCGA-E2-A1LL-01/tumor_core_wsi_summary.csv,TCGA-E2-A1LL,Alive,,,1309.0,0.0,,,,matched
TCGA-E2-A1LS-01Z-00-DX1.9a43a58a-df40-4375-8456-ef0071bc9eb9,TCGA-E2-A1LS-01,TCGA-E2-A1LS,3,3,35.15548332462725,21.417580592447166,0.6092244670532989,469716.87301824504,469.71687301824505,21.931369464947363,358,10.183333185728456,1.2844767268811041,0.04194994337990221,0.7807258230052745,1.5294954277829023,0.2951610991207444,100.4141994427069,12.396961954544668,0.9551233796727512,/data1/deasy/Himangi/breast_feature_extraction/Ductal_outputs/TCGA-E2-A1LS-01/tumor_core_wsi_summary.csv,TCGA-E2-A1LS,Alive,,,1604.0,0.0,,,,matched
TCGA-E2-A56Z-01Z-00-DX1.EC28E279-B869-4485-A19F-C732D4CCD374,TCGA-E2-A56Z-01,TCGA-E2-A56Z,10,10,84.49140618380532,33.36330623200882,0.39487218569222543,1598007.7472576685,1598.0077472576686,47.89716391250628,1170,13.84756217046198,1.529583473706551,0.08671146382395883,0.6359475959263833,1.857632802525738,0.271676918276167,114.24189989871024,13.651426797601626,0.9218570512750788,/data1/deasy/Himangi/breast_feature_extraction/Ductal_outputs/TCGA-E2-A56Z-01/tumor_core_wsi_summary.csv,TCGA-E2-A56Z,Alive,,,252.0,0.0,,,,matched
TCGA-E2-A570-01Z-00-DX1.64E5F2CA-9396-40DC-A300-04A54657BDE6,TCGA-E2-A570-01,TCGA-E2-A570,15,15,121.39561251690219,34.02711454346256,0.2802993768718362,1765612.8854967973,1765.6128854967972,51.8884104393158,2725,22.447269250530713,1.3790054310605744,0.2655821129052666,0.7552593603581396,1.9727100643049382,0.1596043489215776,114.30602112689218,20.067320502362765,0.9169129667492771,/data1/deasy/Himangi/breast_feature_extraction/Ductal_outputs/TCGA-E2-A570-01/tumor_core_wsi_summary.csv,TCGA-E2-A570,Alive,,,931.0,0.0,,,,matched
TCGA-E2-A572-01Z-00-DX1.7DDF1C25-58E2-4AF9-B831-598222A4E85D,TCGA-E2-A572-01,TCGA-E2-A572,16,16,110.41411479240108,45.162446263257635,0.4090278344229031,1499761.8017150261,1499.7618017150262,33.208161333261806,1426,12.915015464111118,1.579116363009862,0.07431694169623389,0.7170115989862463,1.5945126171851771,0.6129173699983835,112.77956944113464,14.972868399899223,0.9450702957094901,/data1/deasy/Himangi/breast_feature_extraction/Ductal_outputs/TCGA-E2-A572-01/tumor_core_wsi_summary.csv,TCGA-E2-A572,Alive,,,1208.0,0.0,,,,matched
TCGA-E2-A9RU-01Z-00-DX1.A06BE284-B9DC-4B45-A202-A9D027AEEDD9,TCGA-E2-A9RU-01,TCGA-E2-A9RU,7,7,198.22300114787583,79.88388124922812,0.4030000594614858,3606684.0207360606,3606.6840207360606,45.14908344880789,3841,19.377166008775063,1.7332929734318892,0.09134296268539098,0.6035950647662888,1.8592641619994268,0.1966546757830308,102.30856581407366,13.905452498846097,0.9622149998424123,/data1/deasy/Himangi/breast_feature_extraction/Ductal_outputs/TCGA-E2-A9RU-01/tumor_core_wsi_summary.csv,TCGA-E2-A9RU,Alive,,,0.0,0.0,,,,matched
TCGA-E9-A1NH-01Z-00-DX1.20FF11B7-DAF0-41C2-B7C5-449BA5268EC0,TCGA-E9-A1NH-01,TCGA-E9-A1NH,7,7,31.419551284101594,4.742756444586255,0.1509492099903447,598168.717563859,598.168717563859,126.12258810942201,782,24.88896142815683,1.6856811122295008,0.17981702120743212,0.6766753554317388,1.838586926410334,0.07258187766956657,111.65190708281933,23.408813032655868,0.9362380049397141,/data1/deasy/Himangi/breast_feature_extraction/Ductal_outputs/TCGA-E9-A1NH-01/tumor_core_wsi_summary.csv,TCGA-E9-A1NH,Alive,,,576.0,0.0,,,,matched
TCGA-E9-A1QZ-01Z-00-DX1.CDAECCA9-4F09-491F-A975-B775D47E46F0,TCGA-E9-A1QZ-01,TCGA-E9-A1QZ,3,3,70.64152814988702,18.193530669246304,0.2575472409181652,1863014.057655456,1863.014057655456,102.3998085651747,2439,34.526433160179316,1.3224509498722874,0.14189561879856455,0.6734068592770092,1.758536150999307,0.07213464001908146,92.94987722050209,14.843266407239216,0.9781129048458431,/data1/deasy/Himangi/breast_feature_extraction/Ductal_outputs/TCGA-E9-A1QZ-01/tumor_core_wsi_summary.csv,TCGA-E9-A1QZ,Alive,,,755.0,0.0,,,,matched
TCGA-E9-A1R0-01Z-00-DX1.187C58EA-132E-4B3C-BAD0-7F59101D5C4D,TCGA-E9-A1R0-01,TCGA-E9-A1R0,3,3,80.3452460490809,27.411606076697694,0.3411727192913522,1403775.231796316,1403.7752317963161,51.2109807746599,1692,21.05911778484566,1.276021312631141,0.17046338529707725,0.6858513867656972,1.776659354646722,0.035833090448152596,110.35176920234633,15.452732662463497,0.9531106909397088,/data1/deasy/Himangi/breast_feature_extraction/Ductal_outputs/TCGA-E9-A1R0-01/tumor_core_wsi_summary.csv,TCGA-E9-A1R0,Alive,,,860.0,0.0,,,,matched
TCGA-E9-A1R2-01Z-00-DX1.5529C856-4F4F-4F17-94A2-5CEF94A940EB,TCGA-E9-A1R2-01,TCGA-E9-A1R2,7,7,102.47744086663906,37.97953731790231,0.3706136394187253,2631265.61135071,2631.26561135071,69.28113919150925,2483,24.229722941962404,1.5387316453023576,0.07390190340059433,0.59630453906859,1.7149462679284744,0.16577746101209118,97.90555797018855,11.690555916460884,0.9717483115209155,/data1/deasy/Himangi/breast_feature_extraction/Ductal_outputs/TCGA-E9-A1R2-01/tumor_core_wsi_summary.csv,TCGA-E9-A1R2,Alive,,,1063.0,0.0,,,,matched
TCGA-E9-A1R3-01Z-00-DX1.779642c7-b3b0-4ff2-af97-201d4bcfc197,TCGA-E9-A1R3-01,TCGA-E9-A1R3,5,5,5.029882077671246,0.8488877918257189,0.16876892513924305,75093.1187518508,75.0931187518508,88.46059452727741,137,27.23721906089472,1.4098832190048647,0.2616652173344201,0.7123707113278798,1.7848450336357546,0.18992593920044362,98.02923138250198,18.407758917593505,0.774789142095153,/data1/deasy/Himangi/breast_feature_extraction/Ductal_outputs/TCGA-E9-A1R3-01/tumor_core_wsi_summary.csv,TCGA-E9-A1R3,Alive,,,78.0,0.0,,,,matched
TCGA-E9-A1R4-01Z-00-DX1.B04D5A22-8CE5-49FD-8510-14444F46894D,TCGA-E9-A1R4-01,TCGA-E9-A1R4,6,6,13.629964158775564,4.384983480380012,0.32171643514974085,200207.27874346828,200.2072787434683,45.65747616593481,150,11.00516466900784,1.5156861179268788,0.08995942099304231,0.6043671141421448,2.007115094687944,0.44387469159719256,138.4540829664425,11.416292713685593,0.8767961684439832,/data1/deasy/Himangi/breast_feature_extraction/Ductal_outputs/TCGA-E9-A1R4-01/tumor_core_wsi_summary.csv,TCGA-E9-A1R4,Alive,,,186.0,0.0,,,,matched
TCGA-E9-A1R5-01Z-00-DX1.b870d5eb-6259-4b49-86e4-569a9e32ecd5,TCGA-E9-A1R5-01,TCGA-E9-A1R5,10,10,15.728093253935075,4.5668448700139805,0.29036227063769365,287593.5425790631,287.5935425790631,62.97423073584339,269,17.1031539333414,1.4301067669821776,0.10201111015066427,0.6182964849595728,2.283433134860859,0.29406914773683784,111.93860403141589,10.964305642885787,0.9146150605934682,/data1/deasy/Himangi/breast_feature_extraction/Ductal_outputs/TCGA-E9-A1R5-01/tumor_core_wsi_summary.csv,TCGA-E9-A1R5,Alive,,,92.0,0.0,,,,matched
TCGA-E9-A1R6-01Z-00-DX1.59770592-498A-47EA-AE32-42AC1D8E99BE,TCGA-E9-A1R6-01,TCGA-E9-A1R6,9,9,56.754052886395826,13.858157210728866,0.24417916441084195,911343.2370700997,911.3432370700997,65.76222388100386,1155,20.35096951246733,1.3365655717661507,0.17217400364070917,0.6759450993742026,1.8121581418365684,0.08213539013145463,112.16257502356326,18.954321173076128,0.9491277412327992,/data1/deasy/Himangi/breast_feature_extraction/Ductal_outputs/TCGA-E9-A1R6-01/tumor_core_wsi_summary.csv,TCGA-E9-A1R6,Alive,,,339.0,0.0,,,,matched
TCGA-E9-A1R7-01Z-00-DX1.af9ff432-440e-44ac-bc33-298f5db9a706,TCGA-E9-A1R7-01,TCGA-E9-A1R7,5,5,2.417073045531131,0.35606403897391253,0.14731207219088013,32174.14967019045,32.17414967019045,90.36057042690496,55,22.754794316906636,1.3809525518290398,0.28752215060624153,0.7583870305250202,2.205521548209356,0.32933894363174704,111.23478545248364,14.852168057724208,0.6793956371179939,/data1/deasy/Himangi/breast_feature_extraction/Ductal_outputs/TCGA-E9-A1R7-01/tumor_core_wsi_summary.csv,TCGA-E9-A1R7,Alive,,,1467.0,0.0,,,,matched
TCGA-E9-A1RA-01Z-00-DX1.E1C527C3-EDF2-442A-80FE-3E3AFBC5EF5A,TCGA-E9-A1RA-01,TCGA-E9-A1RA,8,8,11.894591315072647,2.203139493020027,0.18522195800273034,182180.54730430455,182.18054730430455,82.69133565145913,258,21.690530861120575,1.3597064024779857,0.21257159742083787,0.6786999830285494,2.014544213962876,0.19442584750742578,109.33988614442053,14.99263535150745,0.8499676983942066,/data1/deasy/Himangi/breast_feature_extraction/Ductal_outputs/TCGA-E9-A1RA-01/tumor_core_wsi_summary.csv,TCGA-E9-A1RA,Alive,,,1369.0,0.0,,,,matched
TCGA-E9-A1RB-01Z-00-DX1.845074ea-43bc-4752-9dc0-fca72d2ab5de,TCGA-E9-A1RB-01,TCGA-E9-A1RB,5,5,80.16620156071417,40.677132412284536,0.507410000977501,1046007.2850778652,1046.0072850778652,25.714872781001887,773,9.642467585476973,1.25291549660346,0.08514581947113574,0.6184244132788653,1.7435966162035916,0.22349069147861064,139.2548403641284,15.911804419153862,0.9708311005634037,/data1/deasy/Himangi/breast_feature_extraction/Ductal_outputs/TCGA-E9-A1RB-01/tumor_core_wsi_summary.csv,TCGA-E9-A1RB,Dead,976.0,,976.0,1.0,976.0,32.06570841889117,2.6721423682409307,matched
TCGA-E9-A1RD-01Z-00-DX1.34083668-cbd2-4610-b857-d50ee9f3e5bd,TCGA-E9-A1RD-01,TCGA-E9-A1RD,6,6,5.606108114174253,0.925884497588381,0.16515637564095717,82911.74629089257,82.91174629089257,89.54869263590642,142,25.329515076773678,1.3811054166230181,0.26105225796771486,0.7127562253908867,1.7253037463431569,0.1491601303626202,115.19187516549654,22.6178644707059,0.8474972115943029,/data1/deasy/Himangi/breast_feature_extraction/Ductal_outputs/TCGA-E9-A1RD-01/tumor_core_wsi_summary.csv,TCGA-E9-A1RD,Alive,,,34.0,0.0,,,,matched
TCGA-E9-A1RE-01Z-00-DX1.fd100503-ba95-4af8-8e59-689b2cea145c,TCGA-E9-A1RE-01,TCGA-E9-A1RE,7,7,111.85772237566006,69.6388950175906,0.6225667172420796,1304655.5423242282,1304.6555423242282,18.734581328360765,847,7.572119135015616,1.3099337499423063,0.04040466227459165,0.681601848850326,1.5835704751878363,0.47797125707608396,116.6649280340676,11.75070936561743,0.9743289699499568,/data1/deasy/Himangi/breast_feature_extraction/Ductal_outputs/TCGA-E9-A1RE-01/tumor_core_wsi_summary.csv,TCGA-E9-A1RE,Alive,,,1419.0,0.0,,,,matched
TCGA-E9-A1RG-01Z-00-DX1.044C235A-75AE-4C7D-AC7F-56C8E64354AA,TCGA-E9-A1RG-01,TCGA-E9-A1RG,15,15,18.596621901796468,5.052716005795013,0.2717007439564555,234909.07965097297,234.90907965097296,46.49164516302782,221,11.88387875857448,1.3671236188897367,0.13076182939613984,0.6576334337230929,2.4610669957860796,0.5027860605329978,162.57524117303262,8.723470695632084,0.7262497037585081,/data1/deasy/Himangi/breast_feature_extraction/Ductal_outputs/TCGA-E9-A1RG-01/tumor_core_wsi_summary.csv,TCGA-E9-A1RG,Alive,,,647.0,0.0,,,,matched
TCGA-E9-A228-01Z-00-DX1.adbeed20-3b14-44fe-a98a-3bf7cecea30a,TCGA-E9-A228-01,TCGA-E9-A228,7,7,132.98567491659801,70.79655324778204,0.5323622509881769,1358430.1035685448,1358.4301035685448,19.187799988145645,722,5.429156188836147,1.3608005462161807,0.1503674231036446,0.7897176357614103,1.7393988933386504,0.14397861240604715,195.3287306129575,14.116042461167053,0.9529335209333152,/data1/deasy/Himangi/breast_feature_extraction/Ductal_outputs/TCGA-E9-A228-01/tumor_core_wsi_summary.csv,TCGA-E9-A228,Alive,,,1285.0,0.0,,,,matched
TCGA-E9-A229-01Z-00-DX1.5B448B88-DA0C-44FF-87B3-20649A4A26FE,TCGA-E9-A229-01,TCGA-E9-A229,10,10,57.15178747972786,14.512373283885335,0.2539268485527766,1393769.304858786,1393.769304858786,96.04006716161577,1920,33.59474978242872,1.1293746602879662,0.169046838561429,0.6520624767052745,2.1266394351899,0.11588670720024173,91.00278889842618,15.565229070352599,0.970571248182234,/data1/deasy/Himangi/breast_feature_extraction/Ductal_outputs/TCGA-E9-A229-01/tumor_core_wsi_summary.csv,TCGA-E9-A229,Alive,,,1148.0,0.0,,,,matched
TCGA-E9-A22A-01Z-00-DX1.d986c9eb-2c54-4663-a54b-04c0756db6db,TCGA-E9-A22A-01,TCGA-E9-A22A,6,6,127.3116661414146,33.51748242334202,0.26327110027852146,3520154.739490672,3520.154739490672,105.02443754663356,3745,29.41600022609199,1.3800419893464626,0.11203711136757509,0.6226016823825047,1.9368840601520645,0.022389879013631944,95.43096559880594,12.350502795736055,0.9756368088893563,/data1/deasy/Himangi/breast_feature_extraction/Ductal_outputs/TCGA-E9-A22A-01/tumor_core_wsi_summary.csv,TCGA-E9-A22A,Alive,,,1189.0,0.0,,,,matched
TCGA-E9-A22D-01Z-00-DX1.b2867437-0add-4b7d-8002-fb09ed961942,TCGA-E9-A22D-01,TCGA-E9-A22D,5,5,118.72207716364865,57.950135018910125,0.4881159124181311,1917888.7321989418,1917.8887321989419,33.09550066748079,1494,12.58401163197847,1.222473180692924,0.08434205148312221,0.611080334065027,1.758333623526,0.11288539262261689,131.3617058895943,16.213886471233725,0.9648675412274643,/data1/deasy/Himangi/breast_feature_extraction/Ductal_outputs/TCGA-E9-A22D-01/tumor_core_wsi_summary.csv,TCGA-E9-A22D,Alive,,,1248.0,0.0,,,,matched
TCGA-E9-A22E-01Z-00-DX1.3d5b1ba6-466f-4852-b1fc-bc29ef3be9a2,TCGA-E9-A22E-01,TCGA-E9-A22E,7,7,94.24755094362935,16.22662295341579,0.17217023456791075,2068377.8819020465,2068.3778819020463,127.46816684161885,2870,30.45171966024436,1.2706377015176915,0.16356322578549873,0.6821848809735475,2.242278191580793,0.016232142806348878,98.94586828169508,19.391957015569734,0.9762989548384678,/data1/deasy/Himangi/breast_feature_extraction/Ductal_outputs/TCGA-E9-A22E-01/tumor_core_wsi_summary.csv,TCGA-E9-A22E,Alive,,,1269.0,0.0,,,,matched
TCGA-E9-A22G-01Z-00-DX1.2b47e321-7910-40ec-ad1c-c4e08ed26334,TCGA-E9-A22G-01,TCGA-E9-A22G,3,3,141.116689955773,106.44737312736157,0.7543216409109579,1006469.4059794323,1006.4694059794323,9.455089180784361,398,2.8203609376377528,1.3017408940373925,0.013839428357780199,0.5706604173876979,1.6893202840102828,0.9355788533651406,155.872494532598,11.668063202527769,0.9729555610618668,/data1/deasy/Himangi/breast_feature_extraction/Ductal_outputs/TCGA-E9-A22G-01/tumor_core_wsi_summary.csv,TCGA-E9-A22G,Alive,,,1239.0,0.0,,,,matched
TCGA-E9-A22H-01Z-00-DX1.0ee39fd1-b077-40ea-bd0d-8a3db474fdd5,TCGA-E9-A22H-01,TCGA-E9-A22H,5,5,84.70990448294799,25.724781840081004,0.30368092134089675,1719525.5730539348,1719.5255730539347,66.84315473473886,2032,23.98774986706589,1.4415872178870972,0.11681151008727843,0.6615235583653808,2.020318941901908,0.17785670500236508,102.99927308667515,16.02918773910506,0.9547858895805029,/data1/deasy/Himangi/breast_feature_extraction/Ductal_outputs/TCGA-E9-A22H-01/tumor_core_wsi_summary.csv,TCGA-E9-A22H,Alive,,,1232.0,0.0,,,,matched
TCGA-E9-A243-01Z-00-DX1.9A3B34E5-25EF-4243-8680-FABF2F1CCDA9,TCGA-E9-A243-01,TCGA-E9-A243,7,7,57.31404794987132,26.121515496835265,0.45576113415827774,749933.5620597965,749.9335620597965,28.70942010047825,669,11.672530975043475,1.249692603989448,0.09809856836655398,0.6956861015127148,1.6164327031526013,0.386947133347754,122.9682193377321,16.75311748402291,0.9562394552384991,/data1/deasy/Himangi/breast_feature_extraction/Ductal_outputs/TCGA-E9-A243-01/tumor_core_wsi_summary.csv,TCGA-E9-A243,Alive,,,612.0,0.0,,,,matched
TCGA-E9-A244-01Z-00-DX1.4FDAA892-9DBF-4E5D-89F3-2A84C8AC8F0A,TCGA-E9-A244-01,TCGA-E9-A244,8,8,127.92583155374552,36.54118710155037,0.2856435378041558,1903915.3434307477,1903.9153434307477,52.10327015757976,2330,18.213678751981348,1.33139895939229,0.21285126322285008,0.7285374087565741,1.9549014031587357,0.042794131746295476,116.67113354732898,19.341497467020556,0.9686138182449271,/data1/deasy/Himangi/breast_feature_extraction/Ductal_outputs/TCGA-E9-A244-01/tumor_core_wsi_summary.csv,TCGA-E9-A244,Alive,,,21.0,0.0,,,,matched
TCGA-E9-A245-01Z-00-DX1.648850D5-EB80-4FBE-8507-32313FAD1060,TCGA-E9-A245-01,TCGA-E9-A245,6,6,105.85405424255443,51.461075306313006,0.4861511982185857,2080082.2625764555,2080.0822625764554,40.4204974380176,1651,15.596946303227003,,0.04726028584251505,0.6264651449841057,1.3485427971007613,0.34657966308473026,108.95156439031427,10.951459577312818,0.9695487853741909,/data1/deasy/Himangi/breast_feature_extraction/Ductal_outputs/TCGA-E9-A245-01/tumor_core_wsi_summary.csv,TCGA-E9-A245,Dead,,,26.0,,,,,matched
TCGA-E9-A248-01Z-00-DX1.C991932F-39D4-4F2C-91C3-CE12B5BAEDB1,TCGA-E9-A248-01,TCGA-E9-A248,2,2,131.08585237388337,53.56582102972673,0.4086315957037543,2329554.152120525,2329.554152120525,43.48956307096876,2151,16.409093437977678,,0.09987111093706075,0.6491590765846126,1.9151921504209446,0.12913261447774602,109.07071721983687,13.550969559330973,0.9809438666949108,/data1/deasy/Himangi/breast_feature_extraction/Ductal_outputs/TCGA-E9-A248-01/tumor_core_wsi_summary.csv,TCGA-E9-A248,Alive,,,59.0,0.0,,,,matched
TCGA-E9-A249-01Z-00-DX1.CA244384-FD89-44F6-8F94-A060A4C241CA,TCGA-E9-A249-01,TCGA-E9-A249,4,4,223.51839395275252,101.07074221480819,0.45218087168330584,4464975.775418925,4464.975775418925,44.17673876312691,4874,21.80581165517085,,0.1127533465651407,0.6286894108265535,1.8557606066141275,0.08377368211175944,104.7631298654735,13.519942363459716,0.984661053341863,/data1/deasy/Himangi/breast_feature_extraction/Ductal_outputs/TCGA-E9-A249-01/tumor_core_wsi_summary.csv,TCGA-E9-A249,Alive,,,217.0,0.0,,,,matched
TCGA-E9-A24A-01Z-00-DX1.F0342837-5750-4172-B60D-5F902E2A02FD,TCGA-E9-A24A-01,TCGA-E9-A24A,3,3,68.61805893551815,40.414835160285115,0.5889824892637052,1274039.0765490297,1274.0390765490297,31.52404485868109,694,10.113955579130657,1.3740481555147395,0.025503525658888002,0.6354959768558139,1.5112026500426632,0.29025064413940965,114.80252538271169,7.8024822970007195,0.966330815427961,/data1/deasy/Himangi/breast_feature_extraction/Ductal_outputs/TCGA-E9-A24A-01/tumor_core_wsi_summary.csv,TCGA-E9-A24A,Alive,,,747.0,0.0,,,,matched
TCGA-EW-A1IY-01Z-00-DX1.3FD00274-C2CD-491A-915B-23FD535A4723,TCGA-EW-A1IY-01,TCGA-EW-A1IY,3,3,120.03104980158288,63.23987004339639,0.5268625922037251,1892440.3311308417,1892.4403311308417,29.924797913598077,1319,10.988823326800613,1.7140742999065333,0.04517359324661302,0.6353133111908666,1.7023197299569603,0.25833294639139814,119.83464238575128,16.753801172546368,0.9647197549100188,/data1/deasy/Himangi/breast_feature_extraction/Ductal_outputs/TCGA-EW-A1IY-01/tumor_core_wsi_summary.csv,TCGA-EW-A1IY,Alive,,,258.0,0.0,,,,matched
TCGA-EW-A1IZ-01Z-00-DX1.81D5544E-0A7D-4A92-A3B0-4F22CFB8BBB2,TCGA-EW-A1IZ-01,TCGA-EW-A1IZ,10,10,40.33894015316553,11.29909203824344,0.2801038399953293,442026.17357950367,442.0261735795037,39.120503849636854,335,8.30463068013232,1.546543825064887,0.19375146574122712,0.7378502114870299,1.848793907623626,0.19315075589535857,148.58549006762195,16.029220812268115,0.8679267084712012,/data1/deasy/Himangi/breast_feature_extraction/Ductal_outputs/TCGA-EW-A1IZ-01/tumor_core_wsi_summary.csv,TCGA-EW-A1IZ,Alive,,,554.0,0.0,,,,matched
TCGA-EW-A1J1-01Z-00-DX1.FFC2D5DB-E6D0-4143-A1E7-0A2027846C8C,TCGA-EW-A1J1-01,TCGA-EW-A1J1,6,6,151.34308238038665,95.10678310600893,0.6284184358487358,1183561.7274835748,1183.5617274835747,12.444556411547856,993,6.561251326335403,1.5530054288183484,0.05894840425916433,0.7778314446426667,1.3608775003003102,0.6958746151617131,124.33297008971053,20.284635799730665,0.9699529924678527,/data1/deasy/Himangi/breast_feature_extraction/Ductal_outputs/TCGA-EW-A1J1-01/tumor_core_wsi_summary.csv,TCGA-EW-A1J1,Alive,,,575.0,0.0,,,,matched
TCGA-EW-A1J6-01Z-00-DX1.F668E978-13B6-4284-9522-37C65C57A21A,TCGA-EW-A1J6-01,TCGA-EW-A1J6,1,1,86.30329435232883,60.79209128215977,0.7044005879309674,573773.7930354421,573.7737930354422,9.438296675341116,273,3.163262793717831,1.5656751379687701,0.0742959633193114,0.7529942853796678,1.4451042909472485,0.3702326752110205,126.50154396290979,13.914920050075747,0.9469861265713517,/data1/deasy/Himangi/breast_feature_extraction/Ductal_outputs/TCGA-EW-A1J6-01/tumor_core_wsi_summary.csv,TCGA-EW-A1J6,Alive,,,875.0,0.0,,,,matched
TCGA-EW-A1OV-01Z-00-DX1.93698123-5B34-4163-848B-2D75A5F7B001,TCGA-EW-A1OV-01,TCGA-EW-A1OV,8,8,153.0437475326715,73.71027372968993,0.48162878208372684,2070176.700681286,2070.176700681286,28.085321026930806,1844,12.048842437070789,1.5679381387867168,0.04916240716296404,0.6978419967464865,1.4857335924880397,0.7443136897525003,115.09986929728592,15.618123571155264,0.9538130431616958,/data1/deasy/Himangi/breast_feature_extraction/Ductal_outputs/TCGA-EW-A1OV-01/tumor_core_wsi_summary.csv,TCGA-EW-A1OV,Alive,,,789.0,0.0,,,,matched
TCGA-EW-A1OY-01Z-00-DX1.42AF5C9A-A90F-4A58-B5D4-B615F8CD4333,TCGA-EW-A1OY-01,TCGA-EW-A1OY,2,2,108.1837988982729,90.13487607986417,0.8331642722642746,613446.4828211732,613.4464828211732,6.805872593396898,262,2.421804398331058,1.4294410032607905,0.015060083611304433,0.7968313825924656,1.112838205115422,0.9423274519287701,125.7179382586272,10.75,0.9736751633375852,/data1/deasy/Himangi/breast_feature_extraction/Ductal_outputs/TCGA-EW-A1OY-01/tumor_core_wsi_summary.csv,TCGA-EW-A1OY,Alive,,,908.0,0.0,,,,matched
TCGA-EW-A1OZ-01Z-00-DX1.9639BB06-FF02-475F-A89D-773BE12721CC,TCGA-EW-A1OZ-01,TCGA-EW-A1OZ,20,20,156.03059096208202,50.40696195633805,0.3230582006100828,3871771.7550344723,3871.7717550344723,76.81025804308852,4128,26.456350479395233,1.6365797231737038,0.0741110045702161,0.5982303954616995,2.780404530100139,0.46853260394837454,99.82029146179161,13.804446471095966,0.95968381788102,/data1/deasy/Himangi/breast_feature_extraction/Ductal_outputs/TCGA-EW-A1OZ-01/tumor_core_wsi_summary.csv,TCGA-EW-A1OZ,Alive,,,1229.0,0.0,,,,matched
TCGA-EW-A1P1-01Z-00-DX1.4B670029-4B3B-4D76-8EA4-F4F29EEF9E37,TCGA-EW-A1P1-01,TCGA-EW-A1P1,15,15,96.09749687390088,34.66587887337301,0.3607365436257051,1111571.653556158,1111.571653556158,32.06529560714413,977,10.166758050753593,1.5884106676787622,0.14189151093049196,0.6470760462070179,1.933248731474905,0.2647211816084609,155.40419372656288,19.402672628785336,0.9067231705648117,/data1/deasy/Himangi/breast_feature_extraction/Ductal_outputs/TCGA-EW-A1P1-01/tumor_core_wsi_summary.csv,TCGA-EW-A1P1,Alive,,,1210.0,0.0,,,,matched
TCGA-EW-A1P5-01Z-00-DX1.B0D59A56-116E-48B3-BC90-237EA4B3F95B,TCGA-EW-A1P5-01,TCGA-EW-A1P5,3,3,108.63002810626107,57.896339824748566,0.5329681013072628,2041019.8067728563,2041.0198067728563,35.25300239965075,1094,10.070880207541302,1.728873918386924,0.0308832602437384,0.5269808876730135,1.8029708962224154,0.5885868862771164,120.59862469828845,12.095155234697657,0.9477322609588643,/data1/deasy/Himangi/breast_feature_extraction/Ductal_outputs/TCGA-EW-A1P5-01/tumor_core_wsi_summary.csv,TCGA-EW-A1P5,Alive,,,703.0,0.0,,,,matched
TCGA-EW-A1P6-01Z-00-DX1.A8024C26-6336-4858-88FD-5679795899BA,TCGA-EW-A1P6-01,TCGA-EW-A1P6,10,10,153.96400394276895,42.813485866736,0.27807464582858277,5391170.958389478,5391.170958389478,125.92226139143125,7311,47.485125177165585,1.7546312109505129,0.14862745561792962,0.6598959826020483,2.026466760280153,0.03407744819046822,81.48771331680975,11.659609819699213,0.9678393946388342,/data1/deasy/Himangi/breast_feature_extraction/Ductal_outputs/TCGA-EW-A1P6-01/tumor_core_wsi_summary.csv,TCGA-EW-A1P6,Alive,,,562.0,0.0,,,,matched
TCGA-EW-A1P7-01Z-00-DX1.97575C9F-C318-45A5-A4B7-1A902B93FA3F,TCGA-EW-A1P7-01,TCGA-EW-A1P7,23,23,79.118464554218,21.22200342882305,0.268230729051625,1561391.1774476396,1561.3911774476396,73.57416479006915,1822,23.02875833430042,1.4754573777917426,0.21837826373071115,0.6935923522090903,1.7759073894323067,0.16063525210333823,113.1624673187204,16.089728060494195,0.9255537335568602,/data1/deasy/Himangi/breast_feature_extraction/Ductal_outputs/TCGA-EW-A1P7-01/tumor_core_wsi_summary.csv,TCGA-EW-A1P7,Alive,,,915.0,0.0,,,,matched
TCGA-EW-A1P8-01Z-00-DX1.E9852193-8CDD-49EF-B49B-DA6931198F0D,TCGA-EW-A1P8-01,TCGA-EW-A1P8,5,5,210.20027366152178,171.6572367560882,0.8166365997815108,838807.3392497322,838.8073392497322,4.886524769367068,181,0.8610835602024859,1.4876135182670391,0.01959554275133964,0.743764449685875,1.3458146625937035,0.9340679825940245,188.03974160378874,13.64650920274018,0.8794447622577276,/data1/deasy/Himangi/breast_feature_extraction/Ductal_outputs/TCGA-EW-A1P8-01/tumor_core_wsi_summary.csv,TCGA-EW-A1P8,Dead,239.0,,239.0,1.0,239.0,7.852156057494867,0.6543463381245722,matched
TCGA-EW-A1PA-01Z-00-DX1.03B033F8-62C0-49E1-BDEA-C5217AB3460A,TCGA-EW-A1PA-01,TCGA-EW-A1PA,13,13,112.29381333489887,27.584636443168936,0.24564698289212097,2788464.638476567,2788.464638476567,101.08759795408153,2287,20.36621548490278,1.3062631459466854,0.09289252597587615,0.6157468572882396,1.8663146312407712,0.08745487681647166,111.38009779280104,12.848741231393019,0.9518171601580859,/data1/deasy/Himangi/breast_feature_extraction/Ductal_outputs/TCGA-EW-A1PA-01/tumor_core_wsi_summary.csv,TCGA-EW-A1PA,Alive,,,575.0,0.0,,,,matched
TCGA-EW-A1PB-01Z-00-DX1.B2E9B88F-C371-4821-9B7B-8A63BB120D95,TCGA-EW-A1PB-01,TCGA-EW-A1PB,7,7,120.07949531078957,45.39127499049935,0.3780102079294864,3109599.6209255774,3109.5996209255773,68.50654936607165,2518,20.969441897493958,1.2867931896024218,0.07392331052668766,0.6401618792335844,1.70863724664475,0.16533252817195015,107.31543945632995,11.316713707537287,0.968932899301656,/data1/deasy/Himangi/breast_feature_extraction/Ductal_outputs/TCGA-EW-A1PB-01/tumor_core_wsi_summary.csv,TCGA-EW-A1PB,Alive,,,608.0,0.0,,,,matched
TCGA-EW-A1PC-01Z-00-DX1.45369705-AD49-419F-A0F0-EC51473BBAB9,TCGA-EW-A1PC-01,TCGA-EW-A1PC,18,18,208.5222107314817,52.44218757517495,0.2514944925589045,5818019.698355945,5818.0196983559445,110.94159048983066,7156,34.31768718975902,1.4282315081905297,0.13281368678261457,0.6326077173339314,2.0272445040231655,0.09613773902729997,89.95102527660013,13.857926245248352,0.9666634653375531,/data1/deasy/Himangi/breast_feature_extraction/Ductal_outputs/TCGA-EW-A1PC-01/tumor_core_wsi_summary.csv,TCGA-EW-A1PC,Alive,,,187.0,0.0,,,,matched
TCGA-EW-A1PD-01Z-00-DX1.6F6A0122-A50B-4D00-9A3F-7A2502D44E38,TCGA-EW-A1PD-01,TCGA-EW-A1PD,15,15,63.662346414325405,18.982598641755253,0.2981762330626844,907053.8338161767,907.0538338161767,47.783438449832005,939,14.749691974732253,1.3951500353101012,0.14556904377975244,0.6896272202880174,1.8512594349927123,0.18413264501165422,118.33800927781226,16.825174781061456,0.9058728786571639,/data1/deasy/Himangi/breast_feature_extraction/Ductal_outputs/TCGA-EW-A1PD-01/tumor_core_wsi_summary.csv,TCGA-EW-A1PD,Alive,,,424.0,0.0,,,,matched
TCGA-EW-A1PF-01Z-00-DX1.9420D058-65CE-4DF8-815F-EB407003096E,TCGA-EW-A1PF-01,TCGA-EW-A1PF,6,6,48.909103754363066,11.002760908382008,0.22496345391322944,894203.5585193988,894.2035585193988,81.27083429016312,1898,38.806681257795155,,0.32691113251094595,0.7910635752976992,2.1645813797072138,0.024275304671187662,97.45983112476402,22.308552467892657,0.9573789327938375,/data1/deasy/Himangi/breast_feature_extraction/Ductal_outputs/TCGA-EW-A1PF-01/tumor_core_wsi_summary.csv,TCGA-EW-A1PF,Alive,,,439.0,0.0,,,,matched
TCGA-EW-A1PH-01Z-00-DX1.77e0f907-fe59-4dc2-b582-6f10330a9c01,TCGA-EW-A1PH-01,TCGA-EW-A1PH,12,12,200.1766621222966,129.88741979602418,0.6488639505671762,1602498.7998113814,1602.4987998113813,12.33759822412327,787,3.931527240269336,1.2845608305805467,0.030473265295937964,0.530914261847966,1.6090184327240913,0.6558260763551612,150.90995687309942,15.132928824440178,0.9579617801843332,/data1/deasy/Himangi/breast_feature_extraction/Ductal_outputs/TCGA-EW-A1PH-01/tumor_core_wsi_summary.csv,TCGA-EW-A1PH,Alive,,,607.0,0.0,,,,matched
TCGA-EW-A2FR-01Z-00-DX1.FF521BBF-F5BA-4B03-9CA1-101A337F4B45,TCGA-EW-A2FR-01,TCGA-EW-A2FR,5,5,49.98832987677782,15.321608421734759,0.3065037071553063,835242.0829347468,835.2420829347468,54.5139948720983,958,19.16447303523619,1.4978560705493087,0.17214642013855697,0.6735525892228185,1.7775932448240221,0.11734896751217379,115.78288937747166,15.806703872322402,0.934507046669834,/data1/deasy/Himangi/breast_feature_extraction/Ductal_outputs/TCGA-EW-A2FR-01/tumor_core_wsi_summary.csv,TCGA-EW-A2FR,Alive,,,1673.0,0.0,,,,matched
TCGA-EW-A2FS-01Z-00-DX1.A01C9183-2AC8-456A-B5A6-85C5BB0361D8,TCGA-EW-A2FS-01,TCGA-EW-A2FS,13,13,130.9846903532858,53.28848203040363,0.4068298507762732,2067834.8652314043,2067.8348652314044,38.80453686129783,2026,15.467456498431742,1.3439262766966376,0.13646929516395584,0.6881516736639834,1.8177488258046195,0.17653563658650895,116.1679260812302,16.99187190147571,0.9520809424250904,/data1/deasy/Himangi/breast_feature_extraction/Ductal_outputs/TCGA-EW-A2FS-01/tumor_core_wsi_summary.csv,TCGA-EW-A2FS,Alive,,,1604.0,0.0,,,,matched
TCGA-EW-A3U0-01Z-00-DX1.526F60F9-D1EB-4613-B428-18A1FC0BAAE2,TCGA-EW-A3U0-01,TCGA-EW-A3U0,16,16,70.40627825623987,12.348157006999028,0.1753843167516762,1614313.9854586208,1614.313985458621,130.73319237385917,1885,26.773180555569827,1.1993211319545052,0.14588679195832274,0.6402685561760707,1.7706339823065134,0.11611784530791372,106.09015055573047,17.70630751884066,0.9179407277058423,/data1/deasy/Himangi/breast_feature_extraction/Ductal_outputs/TCGA-EW-A3U0-01/tumor_core_wsi_summary.csv,TCGA-EW-A3U0,Alive,,,532.0,0.0,,,,matched
TCGA-EW-A6S9-01Z-00-DX1.4A8CD2D4-D528-465C-82DC-9CAE35DD424B,TCGA-EW-A6S9-01,TCGA-EW-A6S9,10,10,155.9754442323421,60.909341210918036,0.3905059640040971,3836201.619057496,3836.201619057496,62.982155820294025,3722,23.862730561970274,1.7058085286018616,0.07620658231397837,0.6279738340271667,1.8880747679232346,0.1525479009299443,95.31543404278847,13.063631795206424,0.9704525214474651,/data1/deasy/Himangi/breast_feature_extraction/Ductal_outputs/TCGA-EW-A6S9-01/tumor_core_wsi_summary.csv,TCGA-EW-A6S9,Alive,,,463.0,0.0,,,,matched
TCGA-EW-A6SA-01Z-00-DX1.DE032DD7-169D-4AA2-A4E0-1EFC158431FA,TCGA-EW-A6SA-01,TCGA-EW-A6SA,8,8,114.85854995600904,75.72380599326557,0.6592787913678857,1309172.3680642834,1309.1723680642833,17.288781921245658,1163,10.12549784448289,1.5989089687763487,0.03530253163826963,0.6825759871301237,1.7546596200672353,0.7258140172795854,98.99482627320155,11.287914136485723,0.9814625665088046,/data1/deasy/Himangi/breast_feature_extraction/Ductal_outputs/TCGA-EW-A6SA-01/tumor_core_wsi_summary.csv,TCGA-EW-A6SA,Alive,,,510.0,0.0,,,,matched
TCGA-EW-A6SD-01Z-00-DX1.32D8240E-2076-492B-BB95-300A9FCA96E7,TCGA-EW-A6SD-01,TCGA-EW-A6SD,16,16,165.33623525388455,63.25779495948527,0.38260091541547925,3934522.9159285296,3934.5229159285295,62.19823056507857,2357,14.25579817019949,1.7810422641214445,0.05112909428042255,0.5557923766591002,1.6094841184441553,0.12366060906927118,117.9482008094205,12.205191537637972,0.9706596314111051,/data1/deasy/Himangi/breast_feature_extraction/Ductal_outputs/TCGA-EW-A6SD-01/tumor_core_wsi_summary.csv,TCGA-EW-A6SD,Alive,,,1010.0,0.0,,,,matched
TCGA-GI-A2C8-01Z-00-DX1.09BD8AC9-645A-4C8B-9B36-77D833BDBA09,TCGA-GI-A2C8-01,TCGA-GI-A2C8,3,3,35.29700623414545,8.640416842581512,0.24479177597285817,623422.8780349427,623.4228780349426,72.15194467963671,1095,31.022461019391613,1.260230594979599,0.22843742140567158,0.7332801537171612,1.8248606392177962,0.07779720761740008,100.43631512240547,20.10826071431556,0.9602689096532727,/data1/deasy/Himangi/breast_feature_extraction/Ductal_outputs/TCGA-GI-A2C8-01/tumor_core_wsi_summary.csv,TCGA-GI-A2C8,Alive,,,225.0,0.0,,,,matched
TCGA-GM-A2D9-01Z-00-DX1.AF4BF2DD-05FB-400B-A1BC-6E7C9B9DDF05,TCGA-GM-A2D9-01,TCGA-GM-A2D9,2,2,96.98799006617605,34.10725077129585,0.35166468289552205,2148038.864785449,2148.0388647854493,62.97895069845988,2170,22.373904217618936,,0.08560647832416955,0.5953031930168076,1.9478640236009095,0.11948647311081832,93.5376453911516,11.460061933693273,0.9833615692733768,/data1/deasy/Himangi/breast_feature_extraction/Ductal_outputs/TCGA-GM-A2D9-01/tumor_core_wsi_summary.csv,TCGA-GM-A2D9,Dead,1812.0,,1812.0,1.0,1812.0,59.53182751540041,4.960985626283367,matched
TCGA-GM-A2DA-01Z-00-DX1.6E409F88-F654-48C8-A753-BB054037BE16,TCGA-GM-A2DA-01,TCGA-GM-A2DA,3,3,43.909087454447736,15.397973031652743,0.3506785024313463,1093261.147223279,1093.261147223279,71.00032874300558,1046,23.8219480440158,1.4877184687207103,0.06531711967877128,0.6331768711531084,1.706637138212576,0.3720778040865286,93.82516374694815,12.978861754143274,0.9585208821006062,/data1/deasy/Himangi/breast_feature_extraction/Ductal_outputs/TCGA-GM-A2DA-01/tumor_core_wsi_summary.csv,TCGA-GM-A2DA,Dead,6593.0,,6593.0,1.0,6593.0,216.60780287474333,18.050650239561943,matched
TCGA-GM-A2DB-01Z-00-DX1.9EE36AA6-2594-44C7-B05C-91A0AEC7E511,TCGA-GM-A2DB-01,TCGA-GM-A2DB,5,5,95.99118264453104,57.600341212427345,0.60005866815632,840058.053437825,840.0580534378249,14.58425481091736,412,4.292060881525905,1.0778308021984437,0.09353750385823359,0.665232208351931,1.4267541010627565,0.19474033019110953,170.2605869683987,17.394924407666274,0.9461658684013292,/data1/deasy/Himangi/breast_feature_extraction/Ductal_outputs/TCGA-GM-A2DB-01/tumor_core_wsi_summary.csv,TCGA-GM-A2DB,Alive,,,2406.0,0.0,,,,matched
TCGA-GM-A2DC-01Z-00-DX1.39F956BB-52D0-4385-9923-4D7D36D78862,TCGA-GM-A2DC-01,TCGA-GM-A2DC,5,5,37.00960201386958,12.440508526901143,0.3361427264805221,779596.763933953,779.5967639339531,62.66598847210839,871,23.534433028314847,1.4912333563241513,0.14120500366837735,0.6887616095443878,1.792164738389152,0.14917312207827418,105.91362215409191,14.18795094518775,0.9393921203995497,/data1/deasy/Himangi/breast_feature_extraction/Ductal_outputs/TCGA-GM-A2DC-01/tumor_core_wsi_summary.csv,TCGA-GM-A2DC,Alive,,,2535.0,0.0,,,,matched
TCGA-GM-A2DD-01Z-00-DX1.01332FF3-7488-41B7-A515-7841715DE92B,TCGA-GM-A2DD-01,TCGA-GM-A2DD,8,8,37.757858754383896,9.905611510552472,0.262345690071802,675922.5085257379,675.922508525738,68.23632319980206,624,16.526360884475476,1.5503272268389356,0.13640837905858885,0.6278994275318887,2.032218468548832,0.13450272149847928,158.87436038319262,17.20956111061931,0.9126118266506741,/data1/deasy/Himangi/breast_feature_extraction/Ductal_outputs/TCGA-GM-A2DD-01/tumor_core_wsi_summary.csv,TCGA-GM-A2DD,Alive,,,2282.0,0.0,,,,matched
TCGA-GM-A2DF-01Z-00-DX1.CD0BE6D7-2DB3-4193-84CC-F9BE7BF18CC2,TCGA-GM-A2DF-01,TCGA-GM-A2DF,9,9,15.71273412424154,2.883825123923055,0.18353426597309386,206067.08989633192,206.0670898963319,71.45616708408637,264,16.801658954611973,1.3160955723223524,0.17995383945884547,0.6844139195712192,1.6920536918410596,0.235383675095464,145.81169766371056,32.63071287441945,0.8559510707548077,/data1/deasy/Himangi/breast_feature_extraction/Ductal_outputs/TCGA-GM-A2DF-01/tumor_core_wsi_summary.csv,TCGA-GM-A2DF,Alive,,,2155.0,0.0,,,,matched
TCGA-GM-A2DH-01Z-00-DX1.5790F15F-2A0F-4929-8FE4-18A557007989,TCGA-GM-A2DH-01,TCGA-GM-A2DH,10,10,84.15937990235433,33.82082224010676,0.40186634311406844,1366149.39143291,1366.14939143291,40.39373678540696,987,11.727748007948298,1.2962253220850446,0.0982029179321051,0.6519881385295084,1.7410461982324308,0.1565578033883797,133.233193626799,14.901416972250612,0.9441657667587589,/data1/deasy/Himangi/breast_feature_extraction/Ductal_outputs/TCGA-GM-A2DH-01/tumor_core_wsi_summary.csv,TCGA-GM-A2DH,Alive,,,2193.0,0.0,,,,matched
TCGA-GM-A2DI-01Z-00-DX1.5E9715EA-9D2B-49D0-8F1D-972CF24B1960,TCGA-GM-A2DI-01,TCGA-GM-A2DI,4,4,33.29267629931835,9.99968511245368,0.30035690199704423,1044312.444920902,1044.312444920902,104.43453300547512,1266,38.02638119621283,1.3697736832871479,0.14047583769609068,0.597076857760304,1.84456586223885,0.06501624020905811,92.34516969343238,11.596411374438976,0.9572434180505441,/data1/deasy/Himangi/breast_feature_extraction/Ductal_outputs/TCGA-GM-A2DI-01/tumor_core_wsi_summary.csv,TCGA-GM-A2DI,Alive,,,2590.0,0.0,,,,matched
TCGA-GM-A2DK-01Z-00-DX1.4F81A585-9549-454C-8E15-2E4545795460,TCGA-GM-A2DK-01,TCGA-GM-A2DK,9,9,132.90648450585886,61.712886457180495,0.46433314888003085,3012661.251707287,3012.661251707287,48.817377125888015,2850,21.44364897315725,1.356805104813316,0.07813760153810906,0.6069064892575917,1.7106475413048046,0.16677312551789722,95.61824317011293,11.071116039268865,0.969385134564846,/data1/deasy/Himangi/breast_feature_extraction/Ductal_outputs/TCGA-GM-A2DK-01/tumor_core_wsi_summary.csv,TCGA-GM-A2DK,Alive,,,2645.0,0.0,,,,matched
TCGA-GM-A2DL-01Z-00-DX1.1CE6992E-B1CE-45AB-B2EB-75338B6FEE9D,TCGA-GM-A2DL-01,TCGA-GM-A2DL,10,10,60.138567078561636,20.061349413765278,0.3335854242678956,1317447.884612176,1317.447884612176,65.67095051483412,1285,21.367319881788145,1.2252857487761253,0.11657030567004976,0.6367955849443949,1.8955461792539738,0.1549588728043983,127.96154059009392,16.260526484069754,0.9407011598467907,/data1/deasy/Himangi/breast_feature_extraction/Ductal_outputs/TCGA-GM-A2DL-01/tumor_core_wsi_summary.csv,TCGA-GM-A2DL,Alive,,,3519.0,0.0,,,,matched
TCGA-GM-A2DM-01Z-00-DX1.652038F4-C370-40EB-A545-51062783C74C,TCGA-GM-A2DM-01,TCGA-GM-A2DM,6,6,111.44458156978547,61.30266654286351,0.5500731007229489,1394367.9124666264,1394.3679124666264,22.74563230445561,593,5.321030342140675,1.3285870559651736,0.047469739386238934,0.6719778849082617,1.6410999194508693,0.38490966110704666,176.77945014914837,9.73289612593013,0.8872730848636593,/data1/deasy/Himangi/breast_feature_extraction/Ductal_outputs/TCGA-GM-A2DM-01/tumor_core_wsi_summary.csv,TCGA-GM-A2DM,Alive,,,3226.0,0.0,,,,matched
TCGA-GM-A2DN-01Z-00-DX1.593003B0-BA87-486B-B472-D6B85867D54D,TCGA-GM-A2DN-01,TCGA-GM-A2DN,6,6,85.77505805490982,28.759830971622716,0.33529363458095013,971850.5155404373,971.8505155404373,33.791941145250846,937,10.923921490092953,1.4741743462004633,0.21047388179816354,0.7281261351321513,1.702304340749937,0.06782973945075438,121.36129782668206,16.21813486013009,0.9791032072666885,/data1/deasy/Himangi/breast_feature_extraction/Ductal_outputs/TCGA-GM-A2DN-01/tumor_core_wsi_summary.csv,TCGA-GM-A2DN,Alive,,,3091.0,0.0,,,,matched
TCGA-LD-A7W5-01Z-00-DX1.C9920081-C2FE-461E-AEF8-625D4A95BE2F,TCGA-LD-A7W5-01,TCGA-LD-A7W5,5,5,107.66116426853121,33.647865161392204,0.31253484383158664,1573681.0556631882,1573.6810556631883,46.7691203621691,1903,17.67582593899402,1.682664206923582,0.16397568940088397,0.6783636049232837,1.830601694793216,0.09629803575609565,112.09729118525159,19.572563600558105,0.9770906789017464,/data1/deasy/Himangi/breast_feature_extraction/Ductal_outputs/TCGA-LD-A7W5-01/tumor_core_wsi_summary.csv,TCGA-LD-A7W5,Alive,,,216.0,0.0,,,,matched
TCGA-LD-A9QF-01Z-00-DX1.092108DF-1A60-459E-ACE6-5A71826A98D1,TCGA-LD-A9QF-01,TCGA-LD-A9QF,7,7,25.93694394446396,11.072126809338801,0.426886329902489,505561.4158767248,505.5614158767248,45.66073208720012,527,20.31850788313417,1.6441712595971432,0.08097871283453868,0.624796487975567,1.7329213567669972,0.5486298115410084,112.79791134175564,15.451163031514314,0.9043233665643582,/data1/deasy/Himangi/breast_feature_extraction/Ductal_outputs/TCGA-LD-A9QF-01/tumor_core_wsi_summary.csv,TCGA-LD-A9QF,Alive,,,323.0,0.0,,,,matched
TCGA-LL-A441-01Z-00-DX1.33B13078-BB14-4C42-88A6-7460AD2BCD00,TCGA-LL-A441-01,TCGA-LL-A441,8,8,66.66682207977593,40.92159421281249,0.6138224822512799,463572.9885476212,463.57298854762115,11.328321817982282,243,3.6449915028080597,1.3476802637671363,0.032235959445686864,0.6590247855735124,1.5009643555639625,0.8875357295417108,175.25022541734654,23.6057049562501,0.9363888789302884,/data1/deasy/Himangi/breast_feature_extraction/Ductal_outputs/TCGA-LL-A441-01/tumor_core_wsi_summary.csv,TCGA-LL-A441,Alive,,,996.0,0.0,,,,matched
TCGA-LL-A442-01Z-00-DX1.9275EDBD-1C89-4AF3-B02B-19F613A4E083,TCGA-LL-A442-01,TCGA-LL-A442,5,5,244.19708107929165,192.2595662278615,0.7873131217544495,1180330.1144314338,1180.330114431434,6.1392529775737374,430,1.7608728085508012,1.176977867683701,0.022644623951803097,0.7007416117638489,1.2368165072279491,0.8172750436477894,169.34729513054526,11.843266825655386,0.9739325649966085,/data1/deasy/Himangi/breast_feature_extraction/Ductal_outputs/TCGA-LL-A442-01/tumor_core_wsi_summary.csv,TCGA-LL-A442,Alive,,,889.0,0.0,,,,matched
TCGA-LL-A5YN-01Z-00-DX1.F221939B-3680-4B95-93A9-BE8599550E87,TCGA-LL-A5YN-01,TCGA-LL-A5YN,8,8,80.46775271911858,42.528901416477595,0.5285210532090954,1265309.7060622359,1265.3097060622358,29.751760894815835,874,10.861493834067813,1.2347233360520342,0.04641264067389496,0.6297542064031558,1.9274728446434133,0.4156611889596519,116.20573901263991,13.441512173728324,0.9593134703566378,/data1/deasy/Himangi/breast_feature_extraction/Ductal_outputs/TCGA-LL-A5YN-01/tumor_core_wsi_summary.csv,TCGA-LL-A5YN,Alive,,,447.0,0.0,,,,matched
TCGA-LL-A5YO-01Z-00-DX1.B5B6DFDB-1020-41FF-AA50-9C633E17DE5F,TCGA-LL-A5YO-01,TCGA-LL-A5YO,11,11,59.76780117340255,22.119561817376084,0.37009161091941883,1047382.494405953,1047.382494405953,47.350960342405095,1095,18.320901530626983,1.3525217038367434,0.08587244556183873,0.6798606861427382,1.5626056998200455,0.39395547839067924,111.33154865533766,16.093181221465315,0.9382095989396341,/data1/deasy/Himangi/breast_feature_extraction/Ductal_outputs/TCGA-LL-A5YO-01/tumor_core_wsi_summary.csv,TCGA-LL-A5YO,Alive,,,440.0,0.0,,,,matched
TCGA-LL-A5YP-01Z-00-DX1.ADA978DF-6625-4C4D-AE0C-F589B2BA4897,TCGA-LL-A5YP-01,TCGA-LL-A5YP,6,6,90.86098522016565,57.555041898126426,0.6334406539689675,730989.1122953345,730.9891122953345,12.700696380157273,371,4.083160655819748,1.2260863092796084,0.045135386198393,0.5725289232901574,1.7202684632939405,0.6340809679060261,144.08460624132636,16.327897671672414,0.9475176937322219,/data1/deasy/Himangi/breast_feature_extraction/Ductal_outputs/TCGA-LL-A5YP-01/tumor_core_wsi_summary.csv,TCGA-LL-A5YP,Alive,,,450.0,0.0,,,,matched
TCGA-LL-A6FR-01Z-00-DX1.107010FD-8EDD-406D-B4DE-DEC9E85576FF,TCGA-LL-A6FR-01,TCGA-LL-A6FR,9,9,102.31544783690747,44.51732225877451,0.43509873826419515,1603399.2499908807,1603.3992499908807,36.01742352494809,1694,16.55663964546453,1.7864126797596331,0.09694709331849122,0.5691022468896594,1.93184453871887,0.34671484119339757,114.74434633427215,16.945242495793014,0.9723942057776293,/data1/deasy/Himangi/breast_feature_extraction/Ductal_outputs/TCGA-LL-A6FR-01/tumor_core_wsi_summary.csv,TCGA-LL-A6FR,Alive,,,489.0,0.0,,,,matched
TCGA-LL-A73Y-01Z-00-DX1.50C20931-3AA9-40B4-8A73-56B1976423A8,TCGA-LL-A73Y-01,TCGA-LL-A73Y,6,6,11.137525350151417,2.0832475845355347,0.18704761776431894,142047.81552165613,142.04781552165613,68.18575793684458,254,22.80578423074447,1.508944758371707,0.28089904592677317,0.7330178762167352,1.7362169855660088,0.15504952362421554,113.15979212480885,22.70533726620576,0.8848145693431577,/data1/deasy/Himangi/breast_feature_extraction/Ductal_outputs/TCGA-LL-A73Y-01/tumor_core_wsi_summary.csv,TCGA-LL-A73Y,Alive,,,477.0,0.0,,,,matched
TCGA-LL-A73Z-01Z-00-DX1.C010142E-29C0-411D-9E0E-4B7D8A4C09BF,TCGA-LL-A73Z-01,TCGA-LL-A73Z,9,9,33.98309533760239,16.279084084038143,0.47903476485337376,606453.667109441,606.453667109441,37.25354964558951,409,12.035395714746453,1.5712140935542775,0.03555864747210161,0.5784655427438977,1.2475758559672872,0.8108844028070841,112.04392688845381,11.673793556191223,0.9193177186825156,/data1/deasy/Himangi/breast_feature_extraction/Ductal_outputs/TCGA-LL-A73Z-01/tumor_core_wsi_summary.csv,TCGA-LL-A73Z,Dead,227.0,,227.0,1.0,227.0,7.457905544147844,0.621492128678987,matched
TCGA-LL-A740-01Z-00-DX1.757D94A5-EF0F-4A0E-99A9-8809B66438DA,TCGA-LL-A740-01,TCGA-LL-A740,13,13,56.68272924677891,17.396484475212784,0.30690978903774946,839149.2887993486,839.1492887993486,48.23671644664774,924,16.301261641393314,1.667208142611003,0.1445272869162456,0.6543443875875532,2.0789857408784913,0.24262595263916684,120.56350402725698,19.223260298681424,0.9059690845995362,/data1/deasy/Himangi/breast_feature_extraction/Ductal_outputs/TCGA-LL-A740-01/tumor_core_wsi_summary.csv,TCGA-LL-A740,Alive,,,441.0,0.0,,,,matched
TCGA-LL-A7SZ-01Z-00-DX1.4DAF6421-6A1D-41C8-BFD6-859FE10CB8CC,TCGA-LL-A7SZ-01,TCGA-LL-A7SZ,5,5,203.0350116992879,129.47537756920306,0.6376997567344054,2526611.6907057893,2526.6116907057894,19.514225315584387,1443,7.10714860418855,1.7274122936678005,0.028793822697947523,0.5979371369693692,2.001225712668882,0.34037306933048656,120.82441633311313,11.360306378548895,0.978176363617884,/data1/deasy/Himangi/breast_feature_extraction/Ductal_outputs/TCGA-LL-A7SZ-01/tumor_core_wsi_summary.csv,TCGA-LL-A7SZ,Alive,,,594.0,0.0,,,,matched
TCGA-OL-A5D6-01Z-00-DX1.6B11331B-4A0D-4E13-B054-A5C7A6FC3AAC,TCGA-OL-A5D6-01,TCGA-OL-A5D6,7,7,126.65108036150572,74.73717108160895,0.5901029100445363,1762146.6775279804,1762.1466775279805,23.57791513949346,1161,9.16691746083892,1.126488561273479,0.06008903598501691,0.6492082991518705,1.646256854197834,0.3042368756992282,127.50203480829624,11.820255108622142,0.9289796185447319,/data1/deasy/Himangi/breast_feature_extraction/Ductal_outputs/TCGA-OL-A5D6-01/tumor_core_wsi_summary.csv,TCGA-OL-A5D6,Dead,1104.0,,1104.0,1.0,1104.0,36.271047227926076,3.02258726899384,matched
TCGA-OL-A5D7-01Z-00-DX1.A4A45393-9AE1-4370-8B92-CB85CDB04934,TCGA-OL-A5D7-01,TCGA-OL-A5D7,2,2,136.5488479652221,100.87280078024646,0.7387305150017666,786539.2887934999,786.5392887935,7.7973376639654575,325,2.3801006368268656,1.594727864234441,0.019218609867795215,0.649712978643623,1.298934327679729,0.9503636035508836,157.63014684636238,21.8258933491924,0.8951893096832523,/data1/deasy/Himangi/breast_feature_extraction/Ductal_outputs/TCGA-OL-A5D7-01/tumor_core_wsi_summary.csv,TCGA-OL-A5D7,Alive,,,1780.0,0.0,,,,matched
TCGA-OL-A5RU-01Z-00-DX1.A48CAF2D-9310-4611-B27D-400F3A324607,TCGA-OL-A5RU-01,TCGA-OL-A5RU,2,2,5.137336048453784,0.9903510056162651,0.19277520416721367,112781.04060924378,112.78104060924377,113.87986680446049,112,21.80118235280897,1.236371946996032,0.18639245931612675,0.6532210031183348,1.9508451473215471,0.10934117390876708,105.08866772486556,11.758122440568206,0.8723606034955655,/data1/deasy/Himangi/breast_feature_extraction/Ductal_outputs/TCGA-OL-A5RU-01/tumor_core_wsi_summary.csv,TCGA-OL-A5RU,Alive,,,1219.0,0.0,,,,matched
TCGA-OL-A5RV-01Z-00-DX1.920AC243-1DAC-4854-BEB6-1CBCC950F26B,TCGA-OL-A5RV-01,TCGA-OL-A5RV,2,2,2.617033101434988,0.42299106127235553,0.16163000041551573,81561.9476849339,81.5619476849339,192.82191789016974,85,32.479528040127676,,0.18997301010060047,0.6251603702275064,1.92146507633669,0.19367380392414432,92.11798847719004,9.651376733884879,0.8403382864380817,/data1/deasy/Himangi/breast_feature_extraction/Ductal_outputs/TCGA-OL-A5RV-01/tumor_core_wsi_summary.csv,TCGA-OL-A5RV,Alive,,,1062.0,0.0,,,,matched
TCGA-OL-A5RY-01Z-00-DX1.AE4E9D74-FC1C-4C1E-AE6D-5DF38899BBA6,TCGA-OL-A5RY-01,TCGA-OL-A5RY,2,2,3.260378016559687,0.7483142231622512,0.2295176262879676,74218.08267676823,74.21808267676823,99.18037153314418,111,34.0451320172763,1.6657277866146676,0.31011748332510625,0.6979054040160648,1.7587129225225886,0.19130511250100354,96.65507997546668,15.107409056166336,0.8363691529237954,/data1/deasy/Himangi/breast_feature_extraction/Ductal_outputs/TCGA-OL-A5RY-01/tumor_core_wsi_summary.csv,TCGA-OL-A5RY,Alive,,,752.0,0.0,,,,matched
TCGA-OL-A5S0-01Z-00-DX1.49A7AC9D-C186-406C-BA67-2D73DE82E13B,TCGA-OL-A5S0-01,TCGA-OL-A5S0,2,2,5.253033176259148,1.2552532544436774,0.23895780063159303,109385.18177970764,109.38518177970764,87.14192247060666,85,16.18112757866327,1.5716255945240096,0.0938514945321157,0.5678395616451405,1.6557613975811392,0.26973229564249,107.20521069493701,6.188204084798688,0.8394890214409556,/data1/deasy/Himangi/breast_feature_extraction/Ductal_outputs/TCGA-OL-A5S0-01/tumor_core_wsi_summary.csv,TCGA-OL-A5S0,Alive,,,620.0,0.0,,,,matched
TCGA-OL-A66I-01Z-00-DX1.8CE9DCAB-98D3-4163-94AC-1557D86C1E25,TCGA-OL-A66I-01,TCGA-OL-A66I,5,5,55.04765857412612,18.4326498368377,0.3348489348010444,623524.7897430313,623.5247897430313,33.82719225192003,496,9.010374153009542,1.5428365024689286,0.12124689538621977,0.6703621999678895,1.6950774847473764,0.28022658411079415,150.27510632634895,18.39754755962147,0.9227962311876388,/data1/deasy/Himangi/breast_feature_extraction/Ductal_outputs/TCGA-OL-A66I-01/tumor_core_wsi_summary.csv,TCGA-OL-A66I,Alive,,,714.0,0.0,,,,matched
TCGA-OL-A66O-01Z-00-DX1.5F1E4C60-5CE8-41B4-A94D-4AA80D9253F9,TCGA-OL-A66O-01,TCGA-OL-A66O,4,4,71.45930768114133,23.02443993638457,0.32220351250983226,911161.7054425512,911.1617054425511,39.57367510176349,1043,14.59571935196982,1.6200475810885338,0.20286146240975145,0.6866692038810989,1.924368422669837,0.06563661542500858,143.24328848254777,24.603229195792558,0.9726991483288926,/data1/deasy/Himangi/breast_feature_extraction/Ductal_outputs/TCGA-OL-A66O-01/tumor_core_wsi_summary.csv,TCGA-OL-A66O,Alive,,,528.0,0.0,,,,matched
TCGA-OL-A66P-01Z-00-DX1.5ADD0D6D-37C6-4BC9-8C2B-64DB18BE99B3,TCGA-OL-A66P-01,TCGA-OL-A66P,8,8,83.02901234890072,34.72881964518804,0.4182733078800478,916549.1921191312,916.5491921191312,26.391602176036713,557,6.708498442199939,1.6857745851246495,0.07826354647959985,0.6184580122228015,1.7118483752343416,0.40051385311133914,168.1706244348404,22.358874487436772,0.9507694494354089,/data1/deasy/Himangi/breast_feature_extraction/Ductal_outputs/TCGA-OL-A66P-01/tumor_core_wsi_summary.csv,TCGA-OL-A66P,Alive,,,428.0,0.0,,,,matched
TCGA-OL-A6VO-01Z-00-DX1.291D54D6-EBAF-4622-BD42-97AA5997F014,TCGA-OL-A6VO-01,TCGA-OL-A6VO,7,7,59.65922333768281,35.19160634764968,0.5898770446349652,417244.86115916795,417.24486115916795,11.856374416027025,161,2.698660676299936,1.5022134246548249,0.04761830689042872,0.6973951927021077,2.501175129628586,0.7089481413644071,195.5813260496688,18.714343174029228,0.9308976309919722,/data1/deasy/Himangi/breast_feature_extraction/Ductal_outputs/TCGA-OL-A6VO-01/tumor_core_wsi_summary.csv,TCGA-OL-A6VO,Alive,,,858.0,0.0,,,,matched
TCGA-PL-A8LX-01A-01-DX1.9646D69F-A764-4246-9243-67A63006DE96,TCGA-PL-A8LX-01,TCGA-PL-A8LX,4,4,14.392793843486839,4.606723313682247,0.3200715138268255,343134.71520312154,343.1347152031215,74.48563584967012,217,15.076989385087236,1.6796154688616984,0.06653061285265505,0.6115203113883785,1.8425680127785253,0.2269873209908023,119.88716190779243,12.44902446084819,0.8797125958062966,/data1/deasy/Himangi/breast_feature_extraction/Ductal_outputs/TCGA-PL-A8LX-01/TCGA-PL-A8LX-01A-01-DX1.9646D69F-A764-4246-9243-67A63006DE96__tumor_core_wsi_summary.csv,TCGA-PL-A8LX,Alive,,,5.0,0.0,,,,matched
TCGA-PL-A8LX-01A-02-DX2.84DA8B75-1196-4704-B6B2-C5E7BF645E95,TCGA-PL-A8LX-01,TCGA-PL-A8LX,7,7,18.9936666455014,5.206332886951053,0.27410889030129215,507729.5383853725,507.7295383853725,97.52152799486291,313,16.47917728797948,1.6088083949878027,0.04453999861459374,0.5773770369868673,1.8794811594701375,0.4130067702400183,108.3466255680975,8.283604281644788,0.8884335006644843,/data1/deasy/Himangi/breast_feature_extraction/Ductal_outputs/TCGA-PL-A8LX-01/TCGA-PL-A8LX-01A-02-DX2.84DA8B75-1196-4704-B6B2-C5E7BF645E95__tumor_core_wsi_summary.csv,TCGA-PL-A8LX,Alive,,,5.0,0.0,,,,matched
TCGA-PL-A8LY-01A-01-DX1.32047D5E-8A42-480A-B2B8-A56B47B949FD,TCGA-PL-A8LY-01,TCGA-PL-A8LY,1,1,0.25351745717805174,0.02441534375,0.09630636099687796,3406.7288411783484,3.4067288411783485,139.53229068005027,2,7.88900307798271,1.3656849212225513,0.05424876447580769,0.35693111629017993,2.81441510244367,0.8571542254772712,182.00210335323052,5.667892024377317,0.20107243012329917,/data1/deasy/Himangi/breast_feature_extraction/Ductal_outputs/TCGA-PL-A8LY-01/TCGA-PL-A8LY-01A-01-DX1.32047D5E-8A42-480A-B2B8-A56B47B949FD__tumor_core_wsi_summary.csv,TCGA-PL-A8LY,Alive,,,8.0,0.0,,,,matched
TCGA-PL-A8LY-01A-02-DX2.6F9520F1-3210-4A96-81C2-A14424F650D1,TCGA-PL-A8LY-01,TCGA-PL-A8LY,3,3,7.232904035860692,1.511203967822111,0.20893460777712128,120577.86942746594,120.57786942746594,79.7892753029481,90,12.44313481193454,1.5513258986656662,0.08115467739260498,0.5750776619081593,1.6842622441128927,0.3670145759314176,139.008641877276,14.842055564493556,0.8061741064139154,/data1/deasy/Himangi/breast_feature_extraction/Ductal_outputs/TCGA-PL-A8LY-01/TCGA-PL-A8LY-01A-02-DX2.6F9520F1-3210-4A96-81C2-A14424F650D1__tumor_core_wsi_summary.csv,TCGA-PL-A8LY,Alive,,,8.0,0.0,,,,matched
TCGA-PL-A8LZ-01A-03-DX3.E5D16DBF-CABD-4C96-A794-5F27BC305055,TCGA-PL-A8LZ-01,TCGA-PL-A8LZ,5,5,33.72390347680714,8.198907868799406,0.24311859018449697,832697.2767055366,832.6972767055366,101.56197508625881,916,27.16174302390465,1.6969251984684053,0.10873489170834597,0.593027628336081,1.8824314704494693,0.1078030841876019,105.7376293031932,15.18935539525387,0.9435088595536766,/data1/deasy/Himangi/breast_feature_extraction/Ductal_outputs/TCGA-PL-A8LZ-01/tumor_core_wsi_summary.csv,TCGA-PL-A8LZ,Alive,,,302.0,0.0,,,,matched
TCGA-S3-A6ZF-01Z-00-DX1.E50205A0-63CA-49DE-8831-2A8916DEF403,TCGA-S3-A6ZF-01,TCGA-S3-A6ZF,8,8,76.05014154512787,22.17010870310223,0.29151962445653795,2246572.071026383,2246.572071026383,101.3333809550525,2720,35.765876890392924,1.6584700251704494,0.11340253256940319,0.6227930102133676,1.8083265345192339,0.16476562245770515,88.17352687751851,13.852762713817974,0.9588513383857015,/data1/deasy/Himangi/breast_feature_extraction/Ductal_outputs/TCGA-S3-A6ZF-01/tumor_core_wsi_summary.csv,TCGA-S3-A6ZF,Alive,,,572.0,0.0,,,,matched
TCGA-S3-AA0Z-01Z-00-DX1.4D96156A-4067-41F2-90B8-41EF7ED794CF,TCGA-S3-AA0Z-01,TCGA-S3-AA0Z,11,11,125.63838920094196,62.32111351244132,0.49603559794743113,1578531.9873051003,1578.5319873051003,25.32900807348338,1210,9.630814337047614,1.5658881162634017,0.04769855930472038,0.7141694805637411,1.879404697356204,0.563642741922095,121.97207203237652,12.819547695939331,0.9633819051513245,/data1/deasy/Himangi/breast_feature_extraction/Ductal_outputs/TCGA-S3-AA0Z-01/tumor_core_wsi_summary.csv,TCGA-S3-AA0Z,Alive,,,629.0,0.0,,,,matched
TCGA-S3-AA10-01Z-00-DX1.C0468882-0DD8-4FC5-8C2F-E18BE8000F69,TCGA-S3-AA10-01,TCGA-S3-AA10,3,3,54.891007036187375,26.04514997725503,0.47448847058106514,818782.3148547773,818.7823148547773,31.437035899958794,561,10.220253376480338,1.6920657846233205,0.051775064889629296,0.6541743764954631,1.5247368804864252,0.31428606306957463,118.11511481587864,13.045660896651592,0.9584325027418615,/data1/deasy/Himangi/breast_feature_extraction/Ductal_outputs/TCGA-S3-AA10-01/tumor_core_wsi_summary.csv,TCGA-S3-AA10,Alive,,,586.0,0.0,,,,matched
TCGA-S3-AA11-01Z-00-DX1.36B83B37-2928-4DB7-A04A-8D511F1183FD,TCGA-S3-AA11-01,TCGA-S3-AA11,9,9,36.702613424019155,11.813875470629783,0.32188104247907506,496458.7184711511,496.4587184711511,42.023358017052594,456,12.424183388030391,1.5648654740976111,0.20610418399948413,0.7486595579091825,1.6664886205696976,0.2623203437649552,235.56135183246852,16.121358569297755,0.8165084574096446,/data1/deasy/Himangi/breast_feature_extraction/Ductal_outputs/TCGA-S3-AA11-01/tumor_core_wsi_summary.csv,TCGA-S3-AA11,Alive,,,421.0,0.0,,,,matched
TCGA-S3-AA14-01Z-00-DX1.000A865F-19E6-4018-9352-BFA54EF0CE31,TCGA-S3-AA14-01,TCGA-S3-AA14,15,15,93.12032676686901,27.423866381796767,0.29449924988400944,1981454.6546769978,1981.4546546769977,72.25292841975903,2549,27.373185731849265,1.632325946570557,0.15549305756243537,0.6358702017011131,1.8908502888592609,0.13247715295497126,98.45116168077556,13.248157387334079,0.9418316504695861,/data1/deasy/Himangi/breast_feature_extraction/Ductal_outputs/TCGA-S3-AA14-01/tumor_core_wsi_summary.csv,TCGA-S3-AA14,Alive,,,529.0,0.0,,,,matched
TCGA-S3-AA15-01Z-00-DX1.A2456A4A-E6E8-4429-8F09-B997AA497BB0,TCGA-S3-AA15-01,TCGA-S3-AA15,1,1,1.222837675322343,0.16451811612848763,0.13453798443454093,11656.503528193227,11.656503528193227,70.8524009543701,11,8.995470308109677,1.287711335387906,0.13880977751038062,0.6391114818018934,4.630473229444483,0.48636563424875406,138.40610535666409,57.33508960488333,0.7709260382284746,/data1/deasy/Himangi/breast_feature_extraction/Ductal_outputs/TCGA-S3-AA15-01/TCGA-S3-AA15-01Z-00-DX1.A2456A4A-E6E8-4429-8F09-B997AA497BB0__tumor_core_wsi_summary.csv,TCGA-S3-AA15,Alive,,,525.0,0.0,,,,matched
TCGA-S3-AA15-01Z-00-DX2.915A4F90-25CB-4535-99C7-D0D0CFC90412,TCGA-S3-AA15-01,TCGA-S3-AA15,4,4,4.023569645106182,0.7326570523689939,0.18209130622608105,46454.47042673942,46.45447042673942,63.405477742324635,43,10.687027637834072,1.3455152757364828,0.12715430604488903,0.5510472073078984,2.30098380051749,0.25697365468244854,152.62477204488593,15.063185349635887,0.7625544510230243,/data1/deasy/Himangi/breast_feature_extraction/Ductal_outputs/TCGA-S3-AA15-01/TCGA-S3-AA15-01Z-00-DX2.915A4F90-25CB-4535-99C7-D0D0CFC90412__tumor_core_wsi_summary.csv,TCGA-S3-AA15,Alive,,,525.0,0.0,,,,matched
TCGA-S3-AA17-01Z-00-DX1.9B7DC02E-ECB2-4403-A894-F418AD452E49,TCGA-S3-AA17-01,TCGA-S3-AA17,7,7,53.18446905300627,21.675600390028144,0.4075550771866344,1093360.745514585,1093.360745514585,50.44200510439311,684,12.860897404433837,1.6058074725602043,0.04726472576668934,0.6057972786776411,1.8396728934202695,0.2803590260923744,126.51161757206012,10.288518834763089,0.9471890931012442,/data1/deasy/Himangi/breast_feature_extraction/Ductal_outputs/TCGA-S3-AA17-01/tumor_core_wsi_summary.csv,TCGA-S3-AA17,Alive,,,424.0,0.0,,,,matched
TCGA-UL-AAZ6-01Z-00-DX1.0488628B-C06B-4A1D-9198-EC29D0BACF6E,TCGA-UL-AAZ6-01,TCGA-UL-AAZ6,9,9,116.17724664073329,46.31792215072339,0.398683249001046,2208712.4437844353,2208.7124437844354,47.68591381532731,2101,18.08443615897643,1.6544147517690033,0.09630187983379378,0.6446442487458856,1.828290725748931,0.20747099409282113,108.5988638794907,11.953197755658543,0.9820690518403814,/data1/deasy/Himangi/breast_feature_extraction/Ductal_outputs/TCGA-UL-AAZ6-01/tumor_core_wsi_summary.csv,TCGA-UL-AAZ6,Alive,,,518.0,0.0,,,,matched
TCGA-UU-A93S-01Z-00-DX1.C4809779-DF5F-4F5D-A78C-B7F95F2D050F,TCGA-UU-A93S-01,TCGA-UU-A93S,12,12,277.00907818821264,158.43229829077222,0.57193901126636,2840208.1309583336,2840.2081309583336,17.926951521877655,1161,4.191198380910691,1.77129743388471,0.09528487936797626,0.6546494990520059,1.658489110057811,0.11064874680410196,206.94626478926827,13.925366602984916,0.9825600521014133,/data1/deasy/Himangi/breast_feature_extraction/Ductal_outputs/TCGA-UU-A93S-01/tumor_core_wsi_summary.csv,TCGA-UU-A93S,Dead,116.0,,116.0,1.0,116.0,3.811088295687885,0.31759069130732376,matched
TCGA-WT-AB41-01Z-00-DX1.75BDFDF2-CD87-46D1-B32C-725741CB02BE,TCGA-WT-AB41-01,TCGA-WT-AB41,13,13,59.01638051585335,20.247509720480092,0.34308287874484406,1120556.4558388295,1120.5564558388296,55.34292717021893,1204,20.401115579708822,1.7057463601265954,0.0875756098764258,0.6058141260942224,1.8881273142677806,0.20953914310002947,106.9243249912186,16.850256542958604,0.9562764257474047,/data1/deasy/Himangi/breast_feature_extraction/Ductal_outputs/TCGA-WT-AB41-01/tumor_core_wsi_summary.csv,TCGA-WT-AB41,Alive,,,1611.0,0.0,,,,matched
