subject_id,n_clusters,n_clusters_with_tumor,wsi_cluster_area_mm2,wsi_tumor_area_mm2,wsi_tumor_fraction_of_cluster,wsi_tumor_perimeter_mm,wsi_tumor_boundary_density_per_mm,wsi_tumor_n_islands,wsi_tumor_patch_density_per_mm2,wsi_area_weighted_tumor_boundary_fractal_dimension,wsi_area_weighted_tumor_compactness_mean,wsi_area_weighted_tumor_solidity_mean,wsi_area_weighted_tumor_elongation_mean,wsi_area_weighted_tumor_largest_patch_index,wsi_area_weighted_tumor_island_nnd_median_um,wsi_area_weighted_tumor_island_gap_median_um,wsi_area_weighted_tumor_spread_frac
TCGA-3C-AALJ,14.5,14.5,201.24191504900108,84.4201376755212,0.41861923504958404,3291.1454487489705,39.34990358801009,2939.5,14.667824493555596,1.2928997787225978,0.12093204762946275,0.6533108623227786,1.7424251561294337,0.1427493084636731,128.77207762646773,15.913588354464913,0.9581980012211855
TCGA-3C-AALK,12.0,12.0,86.9392208565296,27.888929139543063,0.3207865088366323,1120.8801237095554,40.19086276497743,1456.0,16.74733205169559,1.3448112722822232,0.2504309203926236,0.750175980128353,2.0084334384383475,0.1895288791507364,127.01946035231738,19.475934064368424,0.901774543216516
TCGA-A1-A0SD,4.0,4.0,32.01889933550009,7.523054992122477,0.2349567020806831,559.4316914124465,74.36230254839786,570.0,17.801986071645754,1.6618780151556982,0.1149018018717338,0.6427753091015138,1.8809195482518075,0.1197106594809243,114.07819113330147,17.605548374317678,0.9460347690604896
TCGA-A1-A0SF,9.0,9.0,39.87387025271544,6.048614539109098,0.1516936906493842,594.7293628125917,98.32489059555604,1072.0,26.88477424453163,1.5227591235033575,0.2611725823152583,0.7100423154286988,2.3297651411259195,0.1055861013992848,100.67245779029916,22.934916716114387,0.9180275064184662
TCGA-A1-A0SH,1.0,1.0,61.17221500057602,14.25519945566809,0.2330338938280043,1491.5799363459514,104.63409796436598,2419.0,39.54409693971719,1.6765210144962548,0.2065658073430819,0.665255967280795,2.1637119984880595,0.0314567377529915,87.0807814618128,14.249999999999998,0.9714671517533052
TCGA-A1-A0SI,4.0,4.0,55.77395161302857,18.541544788331358,0.3324409379664632,1132.0990559370496,61.05742907945335,1296.0,23.23665371591242,1.7257858793784484,0.1211813430717879,0.6360626636600363,1.925878804864424,0.1730456125428869,106.52697499906036,16.455751426072244,0.9558445800603
TCGA-A1-A0SJ,7.0,7.0,77.91749824011282,27.24853576442836,0.3497100956765638,1286.6523165711917,47.21913601870872,1297.0,16.64581165071711,1.491672745042609,0.1391550180411484,0.7517772770723407,1.5858785406279263,0.322196273919609,215.00455925601827,10.791195576937945,0.8598950963459416
TCGA-A2-A04N,4.0,4.0,81.34572077543868,19.929507201183466,0.2449976103377393,2551.6117149672755,128.03185192736498,4516.0,55.51613480033912,,0.2074903486293718,0.6910454410382034,2.080440549459155,0.0179865261148566,78.91731869879202,13.361659525274431,0.9753976614911604
TCGA-A2-A04P,6.0,6.0,59.09802244982208,16.170855801681626,0.2736276973635065,1026.0458725858502,63.45031364877736,964.0,16.31188253073098,1.5294105249690009,0.1596915232958273,0.688764262486811,1.6199267697021715,0.080486662954119,122.04562843231,16.45579340859699,0.9472979242699252
TCGA-A2-A04Q,7.0,7.0,15.701685357385688,2.356535319630284,0.1500816801504576,201.02867942064276,85.30688156720778,300.0,19.106229246842435,1.3839785809081668,0.2241068606537463,0.727428370962276,1.69886618127361,0.2052475016819826,110.20836720944315,19.481174502859236,0.8873953572771427
TCGA-A2-A04T,5.0,5.0,47.29463406250689,23.940315502915023,0.5061951736696884,522.7377137483866,21.83503862698622,316.0,6.681519082743278,1.6091601293394833,0.0664122776374568,0.6645050557602186,1.6674622010066371,0.3935890527414205,153.5368269540676,16.19219880000459,0.9146268148011016
TCGA-A2-A04U,5.0,5.0,103.666658020741,80.97250567005698,0.7810853288417619,685.853566851658,8.470203079133334,263.0,2.5369777035484304,1.363431018114386,0.0159837294319022,0.8123113590892025,1.4348894406301953,0.9487598128621284,145.78259276543264,11.638830494090266,0.9377202630253644
TCGA-A2-A04V,14.0,14.0,208.00570168058564,64.902197008182,0.3120212402054538,4659.265832353217,71.78903099021191,6147.0,29.55207453610746,1.756692541903646,0.1703427276694772,0.6612668035688886,2.088591967346223,0.0269143948261951,102.09778006544848,17.162702474510372,0.977995628115764
TCGA-A2-A04X,8.0,8.0,81.27452446546359,26.14846685899797,0.3217301735196172,1779.040085693056,68.0361145181584,1617.0,19.89553320225356,1.7504375351000787,0.1344119410173072,0.5960465231585738,1.9264120477004767,0.0543201045191999,116.22943734590685,10.162352462427094,0.9458478886377366
TCGA-A2-A0CL,11.0,11.0,42.95918529139544,9.025375414415914,0.2100918663423456,700.605075447963,77.62614221331019,722.0,16.806650198382926,1.5887782277364724,0.1461061733883319,0.6907119625462254,1.8373689205495944,0.1191903712905498,119.8088178443925,15.968501598384844,0.9337863679399658
TCGA-A2-A0CM,3.0,3.0,100.77985040911908,79.28211243803548,0.7866861492271239,585.3237954802087,7.382797676306621,273.0,2.708874828566897,1.526156933124878,0.0240635061670168,0.8237533149510797,1.800584016035598,0.7738927449297317,118.48781592327246,15.002164579136574,0.9564655343396008
TCGA-A2-A0CP,6.0,6.0,28.73206434968949,5.764565751842421,0.2006317987348068,701.3142156927657,121.6595049624714,1128.0,39.25927445628146,1.6892918236215542,0.210778654398115,0.7135148912053245,2.0332092576037955,0.0553571387053528,94.4506521043982,16.77103284877293,0.9438743740243845
TCGA-A2-A0CQ,6.0,6.0,58.19632276250173,31.46025160417181,0.5405883071437451,937.7169830926216,29.806404439825748,709.0,12.182900333641658,1.6829492000114064,0.0492349305895781,0.6303429148114035,1.9485069997864732,0.4370436569572815,106.72640591455723,10.702021969497514,0.915006127786362
TCGA-A2-A0CV,18.0,18.0,221.79888843398336,81.89034859060439,0.369209914300262,3251.37886881931,39.70405456537956,3536.0,15.942370247957584,1.7103776466778196,0.2449151271623036,0.7725504869370149,1.8178518667481736,0.0430711602162531,111.3976505934151,17.58254530116033,0.957858787600702
TCGA-A2-A0CW,8.0,8.0,73.43784411813168,25.84634057370497,0.3519485203314071,1463.733591331891,56.63214052131753,1836.0,25.00073391379275,1.7560077429750809,0.1542322891403261,0.6399939344987176,1.8522124478680264,0.0551940215093154,104.08755394464885,13.489028502246246,0.963490108862028
TCGA-A2-A0CZ,31.0,31.0,87.16388969974788,24.59637646388533,0.2821853929260395,1650.170625629432,67.08998896859318,1708.0,19.595270540168887,1.5567887851765438,0.0931500818971054,0.5504963295225429,2.096490903543524,0.4666776988091078,97.04950525686849,11.625356456378109,0.9298494994709896
TCGA-A2-A0D0,9.0,9.0,33.90625100603906,20.549158498481265,0.6060581128483138,197.6638321903681,9.619071856639623,110.0,3.244239535075932,1.4155109615251085,0.1087272566440028,0.7913321229288741,1.6674940388240345,0.4218793543867498,142.27763260788515,12.839660419642458,0.9012382110935352
TCGA-A2-A0D3,5.0,5.0,1.32580425627925,0.1573277944552357,0.1186659295368096,25.501510939287535,162.0915810050553,32.0,24.136293007389423,1.365793032743405,0.1532429708566864,0.6014185702985773,2.3566603757856264,0.4364808682296241,104.01315885397037,16.021887569427694,0.6023883126637795
TCGA-A2-A0EO,11.0,11.0,76.80684289010483,16.55361769619158,0.2155226939854367,1327.4520949249538,80.19105667943238,1841.0,23.96921850614406,1.5891657048646408,0.1987116407329368,0.6952156720938143,2.403901934951615,0.0979151701361185,103.44842145514536,19.595393132110285,0.9583727223860492
TCGA-A2-A0EQ,9.0,9.0,67.97218502872589,14.067014679186569,0.2069525155509075,933.6672549003774,66.37280732221197,704.0,10.357177714714936,1.6427543104479416,0.1166561800914973,0.6706129785597691,1.8740106464567043,0.1267599071101669,175.94959641850878,23.51417323972378,0.9312476271119828
TCGA-A2-A0ET,5.0,5.0,95.93881519864586,71.37331776544335,0.743946207983302,581.0172363123502,8.140538432327997,249.0,2.5954041592491395,1.5218807968579724,0.0292375402748402,0.6830323511257285,1.570284402210115,0.84003587544616,167.0223933802076,13.563552589441471,0.9588014226050868
TCGA-A2-A0EU,4.0,4.0,32.60997299140841,14.066568562862862,0.4313578722242092,430.8262515225209,30.62767224267793,410.0,12.572840833324843,1.6731029841705565,0.1155849394373906,0.7240706391619413,1.724273139366809,0.2073076333498531,120.9253797137058,14.560590363988917,0.9068902923420864
TCGA-A2-A0EY,9.0,9.0,224.70259414582944,122.52252553743595,0.5452652916766962,3058.4667876528883,24.962485667326483,2827.0,12.581074156025585,1.7567957237967895,0.065223598972381,0.6722629937826964,1.6541788002067594,0.1170339175318151,110.0854183586528,14.802918257482997,0.97783206770416
TCGA-A2-A0ST,5.0,5.0,3.5815209782665343,1.3311131056472376,0.3716614013221556,31.792977387661484,23.88450481989848,37.0,10.330806443554073,1.2700753743418305,0.1744969739218977,0.8370729324327341,1.2111096320305057,0.8809842546880057,423.8745404368423,8.398366986666478,0.4085195212495275
TCGA-A2-A0SV,8.0,8.0,179.1175077024991,84.61588038158197,0.4724042974186683,2101.0100700727894,24.829973529769106,1371.0,7.654193147199934,1.3339436176521189,0.0600241155392386,0.7054806698868014,1.5418613013987863,0.4538967667606297,143.6661084285112,17.690568740536133,0.9756717156197772
TCGA-A2-A0SW,9.0,9.0,101.99375819327396,40.87630520542356,0.4007726152022426,2471.8467717767103,60.471384567525455,1886.0,18.49132764012978,1.4425484690935018,0.0511818834703946,0.6315033095745853,1.719805221093778,0.219951874222134,108.34144847924512,12.10244674463918,0.9719559022442136
TCGA-A2-A0T1,3.0,3.0,88.46282358165806,29.64488122140433,0.3351111802806046,1979.5916236797527,66.7768445046236,2181.0,24.654424442904737,1.287443316480857,0.1139290248257012,0.6159665826489433,1.7515653048593762,0.0803393764557843,101.34060455338827,14.218550996966467,0.9705645785417972
TCGA-A2-A0T3,10.0,10.0,61.19430185030648,15.533380058512735,0.2538370336589589,1119.6998289725038,72.08346314547788,962.0,15.720417929650456,1.5214650796153215,0.0974712050453081,0.6422690911483471,1.880665218988563,0.2094462486390715,119.22976835662686,13.907353617570866,0.9359469560251694
TCGA-A2-A0T5,17.0,17.0,208.0525794869724,109.05337008536824,0.5241625475361954,3106.254875763133,28.483804520039328,2653.0,12.751584270389316,1.4232817105502449,0.0769623521841383,0.6570345440102424,1.7131604887528875,0.1501651397204262,117.24314134246292,14.312838846290443,0.9838209537473984
TCGA-A2-A0YC,5.0,5.0,71.94001380590258,19.44733271610571,0.2703270639977287,1703.9347743828728,87.6179165162184,2076.0,28.85737561298142,1.703165450283052,0.1309439008711756,0.6014862000060166,1.899595148531969,0.1105011708689654,93.98702048173304,14.18093013277065,0.9593959327672652
TCGA-A2-A0YE,9.0,9.0,97.9456663468084,37.64837765133012,0.3843802289120565,1341.6187193376252,35.63549887229272,1078.0,11.006102058492218,1.723659869925757,0.107917928781887,0.5905891195055687,1.8430874789467853,0.1700116454427238,147.81218438269795,20.865838687457018,0.9509306884898936
TCGA-A2-A0YF,6.0,6.0,98.5037526592471,46.180233455889,0.4688169964005306,1170.8622377909985,25.35418619980336,823.0,8.355011639475244,1.568101787941636,0.0508600953116973,0.6658236575145835,1.645249006489396,0.5025888817813391,115.37417695791862,10.856427604508788,0.9616672519191308
TCGA-A2-A0YG,3.0,3.0,85.08135489976694,48.761110091321626,0.5731115841862927,1265.1217634395528,25.94530274372724,1031.0,12.117813605749529,1.668488778751812,0.0462976150440577,0.6514075407923352,1.9779705032808497,0.2992422805637613,107.8241710848326,11.611641282494784,0.9643261115137968
TCGA-A2-A0YH,2.0,2.0,53.62784312836487,32.35010803912444,0.6032334353199786,504.29134361709896,15.588552069353389,380.0,7.085871402480668,1.6704562600527308,0.0648174389657725,0.7763816087702456,1.4230498455461729,0.2326831087674452,132.48806686210096,13.650340737665434,0.9547901007804832
TCGA-A2-A0YJ,1.0,1.0,122.08074068962404,48.08472154536477,0.3938763909338864,1388.7274594106734,28.88084644725457,1737.0,14.228288509619372,1.776682391495741,0.1663769407270338,0.7503567927644031,1.5800785313028407,0.1750222592233148,103.12401514681244,18.39327322691641,0.9749076918424135
TCGA-A2-A0YM,3.0,3.0,67.68511816989026,36.14913601133282,0.5340780512578579,819.0036739511173,22.65624477703584,424.0,6.264301687939085,1.6972006944838265,0.0582526645891303,0.5201242678132307,2.384138894302149,0.5732111409507831,157.02085172399285,16.380958631060356,0.9734210147623394
TCGA-A2-A0YT,16.0,16.0,82.83434277684859,11.446644486202544,0.1381871830267213,1146.3709504458468,100.14908315075648,2479.0,29.92720068629381,1.532867522925062,0.367244589104753,0.8135301512666765,1.8248521060309604,0.0438023561327267,94.7175832977964,22.27643236211517,0.9565326074122998
TCGA-A2-A1FW,9.0,9.0,92.1386810134866,17.47122349105376,0.1896187713876265,2476.971059072388,141.77433311071402,2707.0,29.37962612687899,1.683571468263667,0.1189515233420566,0.6314371540838444,1.9285001500212733,0.0490702736725747,97.39997433213595,14.846493122420169,0.9607670195211844
TCGA-A2-A1FX,2.0,2.0,48.17223439920387,8.316723305131282,0.1726455791153571,1512.073383090447,181.8111926553481,1477.0,30.660815683990982,1.653173442767006,0.1161563296893379,0.6691806694078432,1.9069966461432144,0.0636185308730235,85.4100847524153,14.361020653630652,0.9675095911223254
TCGA-A2-A1FZ,6.0,6.0,78.1364550777417,22.16268920916285,0.2836408330415313,1291.4524831453173,58.27147017029795,1821.0,23.305382848354203,1.6784071172629909,0.194731670103479,0.6684739302801094,1.891892166296139,0.1568808751548642,112.75000061332254,17.19202381426649,0.947085097260024
TCGA-A2-A1G1,6.0,6.0,50.58234900447593,15.362630035205957,0.3037152354044796,768.4007069904512,50.0175233817085,411.0,8.125364046727672,1.6872401466632097,0.0926747883550922,0.6017832102509881,1.83992283408824,0.0913006784194754,184.2380451070273,20.67997611263076,0.9305905321696032
TCGA-A2-A1G4,20.0,20.0,152.02988043888448,58.80909657091942,0.3868259081777052,1330.7971560380088,22.62910389097996,992.0,6.52503308649763,1.5778081865630422,0.242044864187948,0.8451134636016897,1.5965565517102425,0.1280251446557147,211.94634390379608,22.74594249435864,0.9028737389651192
TCGA-A2-A1G6,4.0,4.0,73.70291249286397,30.633446775176157,0.4156341417056231,1338.0201981170094,43.67840837294468,1114.0,15.11473512132725,1.717236153475756,0.0765955065587198,0.5989818629391411,1.8857478182741048,0.2184703546911493,119.05401939743616,14.74216105707115,0.961142140850986
TCGA-A2-A259,10.0,10.0,91.59212313899694,33.07226580939487,0.3610819869215781,1616.416562591136,48.87528940130733,1988.0,21.70492321684783,1.3329756015344898,0.1965071131359127,0.707055095311305,2.0735075079484773,0.0679930353225516,112.9078933128377,13.533480645798011,0.9232581196045986
TCGA-A2-A25B,16.0,16.0,195.447573978204,92.71492667399716,0.4743723587192575,3578.722912504777,38.59920986712559,3256.0,16.659198851775486,1.3079985766012778,0.079886418578779,0.6851283505598266,1.9433256851850125,0.1188714381993827,106.87922743117602,11.794317971292225,0.96984288216296
TCGA-A2-A25C,7.0,7.0,161.31227507802785,58.78620631303413,0.3644248789163677,3563.4990454519484,60.61794541522994,4106.0,25.453735607001388,1.2894321049986377,0.1253033310741255,0.5948576325052444,1.7574372497994626,0.0700662178455158,101.70510913841916,14.114537555808152,0.9770488690986302
TCGA-A2-A25E,7.0,7.0,144.69139674762687,51.87363253172248,0.3585122107999366,4939.792915168677,95.22743394050585,4794.0,33.132584989567654,1.3939823863887637,0.0856774067482199,0.5919850838557065,1.7916297358362514,0.0774881376711389,84.61713175994736,10.73624315982332,0.9716282962712848
TCGA-A2-A25F,9.0,9.0,60.61970522970372,16.804170163768664,0.2772063984820336,1494.0604749626586,88.91010150468426,1168.0,19.267662150024425,1.2754245341382895,0.0721715460341795,0.5999381356622558,1.7443828088617743,0.128759690797655,106.18392103071656,13.444916826329475,0.95492700528232
TCGA-A2-A3XS,1.0,1.0,59.41623746749938,13.271426975828453,0.2233636383166791,1160.5430971587798,87.44674549861918,2238.0,37.66647124406327,,0.2768321036652417,0.7867423254070507,1.889425724675366,0.0281755414449922,82.46097561877376,15.20690632574555,0.9609419953856648
TCGA-A2-A3XU,5.0,5.0,178.19313933713562,131.49133264114343,0.737914675785391,1451.00358934504,11.034975159199377,555.0,3.114598025853049,1.1488876863916555,0.0131949116970921,0.6925323460219317,1.1870689801157932,0.9117952123056612,151.13997051881228,14.281079006247982,0.9727471862959058
TCGA-A2-A3XV,6.0,6.0,153.90883470630703,99.05561021824592,0.6435992476147745,1403.1782445882693,14.165560552266484,772.0,5.015956371011132,1.232554867372273,0.057836376121973,0.6740004018361431,1.7409848981089078,0.2747083134711007,159.99411996303095,19.12894350522477,0.9486691301884104
TCGA-A2-A3XW,6.0,6.0,110.6093888373022,71.26860298760069,0.6443268852378459,1002.1815850395302,14.062034935831278,697.0,6.301454219453583,1.3733888802167276,0.0395594299413191,0.7130408273121404,1.6671562811437084,0.3305894875687838,120.68320773066888,12.507102038010526,0.969966208955362
TCGA-A2-A3XX,4.0,4.0,69.25274621291572,46.61667125665458,0.6731382335847429,563.8862907875555,12.09623672361763,261.0,3.7688036110158354,1.352265041268799,0.05454968233559,0.7013267040609493,1.2423179722513902,0.2213004408125329,149.04017377558867,13.778003458840182,0.9451752274610598
TCGA-A2-A3XY,16.0,16.0,108.45454669909576,52.27643399195672,0.4820123783007112,1367.0093592711287,26.14962909446841,1055.0,9.727577423997438,1.2512473891110878,0.0749772574208789,0.5741412881270185,1.7414585320662856,0.2540379124331952,130.73073406611508,16.208494197960338,0.9352657512623468
TCGA-A2-A3XZ,6.0,6.0,82.53827294384571,54.1104018301457,0.6555795257184422,694.0475226568789,12.826508382538288,335.0,4.058723160198841,1.38329660580208,0.0536526919839104,0.7066495862213197,1.233549307047937,0.7027105530925067,181.21438113856595,19.63370605614193,0.937549222516196
TCGA-A2-A3Y0,11.0,11.0,111.03172778286174,72.24880139955008,0.6507041081162208,747.5614389532939,10.34704278094708,302.0,2.7199432633400407,1.271243736795427,0.0299378190578304,0.6553614050497437,2.0759939504328258,0.8126276417366518,184.3901153409664,19.589880875644347,0.9318447673980214
TCGA-A2-A4S3,4.0,4.0,130.71039534148892,66.61002608471551,0.5096000659373171,1580.225437902114,23.723537292904854,937.0,7.168519363376035,1.2757503448294454,0.0499402827852287,0.649657317372181,1.6574835656192488,0.1861791318708408,137.18939670791758,12.805797308964657,0.960273684169176
TCGA-A7-A0CD,2.0,2.0,22.644132891631934,12.198567307778946,0.5387076363735211,293.4812802468824,24.05866794371264,169.0,7.463301898499871,,0.0439916412394808,0.6728107750345829,1.5368246675546269,0.6709681695876193,115.018804632081,12.720832398722807,0.8823724670998659
TCGA-A7-A0CE,7.0,7.0,100.20777503881312,62.05038543036937,0.6192172753694573,630.3070529950026,10.15798771632627,187.0,1.866122662912833,1.509554527112726,0.0562705740288147,0.6632694922574218,1.5926638556078765,0.5625361476767499,264.5142858127313,27.98442344381621,0.8684072005936255
TCGA-A7-A0CJ,6.0,6.0,22.827979588924507,11.213296321849104,0.4015716681866563,279.97550808050545,42.526033436550804,164.5,10.249437517831064,1.421746855121371,0.0751609270323411,0.5987650454529916,2.0053428466217156,0.5334243809715689,153.31518019207493,16.30230654115917,0.8367268521098402
TCGA-A7-A0D9,4.5,4.5,10.37000311002232,2.1764540489253066,0.20990565469203645,191.2231219866702,88.47501063171575,269.5,25.98247132658803,1.4225887535370343,0.20805896649528283,0.6840760988615618,1.8108832989914387,0.1816616778323002,107.63082080278522,15.861632687802363,0.8883025036292997
TCGA-A7-A0DB,5.0,5.0,42.95163524044458,11.65254473698458,0.2712945542527839,942.3132251316543,80.86759127736283,1198.0,27.891836790230663,,0.1597508217824865,0.6310339430374865,1.849345385913872,0.1383419253034559,96.39274275293046,14.454019022667236,0.9464130378377562
TCGA-A7-A13F,3.5,3.5,57.150788103410136,12.736760593263527,0.2231722826309931,1399.861024212636,110.06850830643299,2000.5,35.17239018779726,1.3764621797181351,0.17836666405842794,0.658061621962031,2.034155805592661,0.0684434368586595,87.21227331958258,13.51327665243598,0.9538058658074964
TCGA-A7-A13G,2.0,2.0,13.262687135238156,5.407638481491181,0.4077332463889171,268.11007367988515,49.57988123606084,173.0,13.04411377844762,1.7190057207146512,0.0709476379853998,0.5711774850954663,1.6521683373596106,0.2644483512981124,129.09234172750757,8.9090858135718,0.8876863561286015
TCGA-A7-A26H,14.0,14.0,20.518009106165525,5.867385655255045,0.2859627181611852,325.7720299045613,55.52251872395468,303.0,14.767514646874316,1.4384331331236146,0.1261437756733869,0.6718660034023243,1.589818108043201,0.5025324217209923,129.778479645508,12.633031185841864,0.7932683932587167
TCGA-A7-A2KD,9.0,9.0,125.0388855488226,44.395185071448985,0.3550510297383806,2133.349918554054,48.05363273338473,2157.0,17.250633597160295,1.248746995603066,0.1250711054783021,0.6374204480687146,1.843176023755844,0.2031352525617859,119.49125220735498,14.599998832637718,0.9599258695724812
TCGA-A7-A4SD,4.0,4.0,64.31089802901673,34.86602033631257,0.542147931452943,566.2864750879214,16.24178697842783,311.0,4.835883334418352,1.6712970395095377,0.0768287707204568,0.6256077564619748,1.668077057852148,0.5518917417618725,159.93582229874224,21.958743075918747,0.9147773386949904
TCGA-A7-A4SF,2.0,2.0,16.03297724259512,10.2597025082896,0.6399124974139206,178.64203791074803,17.41200953598893,107.0,6.673744893476867,,0.0413508830321466,0.7170574281711021,1.7503775973194269,0.7747307597486357,118.15847568567467,11.66699433621562,0.9381904863556566
TCGA-A7-A56D,4.0,4.0,43.87944290364803,13.810965218349754,0.3147479617887661,832.2712433959601,60.26162764425575,982.0,22.37950017178452,,0.1558388820353353,0.6178909459201812,1.814365494973028,0.105550443370436,110.61735171492111,16.049520881859113,0.9418808822742166
TCGA-A7-A6VV,1.0,1.0,40.62151476860984,12.797133042076814,0.3150333786165394,611.0559818050397,47.74944355082464,690.0,16.986072625070975,,0.1939318214188626,0.687905393735868,1.818703840270032,0.0692063632261346,131.61628947911424,20.066096560859677,0.9730071679683594
TCGA-A7-A6VW,4.0,4.0,34.802001410396635,21.88286804576211,0.6287818849184028,246.40759539498563,11.260297090842512,81.0,2.3274523509387115,1.506768272721989,0.0835123480686997,0.7485386768170085,1.8767760031150091,0.6748641390866889,206.20297170562637,16.775703432007827,0.7849039320864575
TCGA-A7-A6VX,6.0,6.0,27.44368679560776,15.93074540716272,0.5804885300510122,313.1273970119525,19.65553958769345,243.0,8.854495454994447,1.5284028604941151,0.0589068487535759,0.7571807230080974,1.7145701761281835,0.8445227789763979,125.26439982576645,16.105135559818144,0.9090064997197072
TCGA-A7-A6VY,4.0,4.0,20.8213438779042,10.003722380064517,0.4804551732455921,329.6047055363745,32.94820597912763,225.0,10.806218912640508,1.2748332163974596,0.0571351413028419,0.6270308882914142,1.3504254925479973,0.522743444886142,125.54403637297472,11.489739356623105,0.9215723039998128
TCGA-A8-A06O,3.0,3.0,22.52763576563684,7.173733289668331,0.3184414629346496,412.7215750671978,57.53232778553432,339.0,15.048183641050482,1.6190273700216522,0.0791637267619297,0.645977717097685,1.7649992984830063,0.3028977962760061,113.36943311868254,16.58688248150965,0.9154738621592508
TCGA-A8-A06P,3.0,3.0,28.631251972576557,8.849554882478404,0.3090872481215506,642.7845271256533,72.63467323066482,785.0,27.41759252274001,1.6657493620587234,0.0921293997972419,0.6399709707024294,1.8923168835273216,0.4070890562520847,95.38226774276303,16.715774359402467,0.9478165375730632
TCGA-A8-A06Q,1.0,1.0,26.452694588230752,18.578304780804803,0.7023218265662282,271.87236447813166,14.633862867780678,98.0,3.704726551509873,1.448164276710241,0.0252642725146916,0.777203406400697,1.2930810864171158,0.5140450905199958,124.94530053187276,13.941058513869546,0.8683125804273166
TCGA-A8-A06R,1.0,1.0,33.029606730446496,13.785675989903858,0.4173733009420394,927.8188363515052,67.30310773523235,467.0,14.138830165650209,1.777043998724505,0.0322344051699637,0.5876041947861829,1.6077135333215131,0.3290016405650097,113.36404302070387,13.865424623862047,0.9550269945581004
TCGA-A8-A06T,1.0,1.0,36.61314481922556,22.73516353225209,0.6209563162220871,451.7493555993596,19.87007284810193,214.0,5.844895352655656,1.663628974627805,0.0375273333165466,0.6797298283167056,1.6840145770300252,0.4958830110399865,137.89517301998828,10.423929188706742,0.943059107979968
TCGA-A8-A06U,3.0,3.0,18.18501941214017,8.159377791749847,0.4486867793114762,237.713260197756,29.133748462795023,83.0,4.564196392586189,1.4290753393396838,0.0497676225274648,0.71598249835588,1.6576941556787308,0.5337516786374013,244.4328243593808,11.793679934505096,0.8593744854370335
TCGA-A8-A06X,2.0,2.0,36.90987956654519,27.81228270181104,0.7535186521448274,253.35620417121316,9.10950772676834,102.0,2.76348774902132,1.3909234594542794,0.0432262061668497,0.8201506300398246,1.423736254300832,0.6627486722957578,127.55621674684478,10.52492471675931,0.923921534011604
TCGA-A8-A06Z,1.0,1.0,54.00255215190334,44.43279358825327,0.822790624103628,206.1888007938424,4.640464489010943,54.0,0.999952740161314,1.3268164527997897,0.0309813565594127,0.8454988844765361,1.508908832353416,0.958040494160622,243.6259724023192,11.715169943749476,0.9307199133942916
TCGA-A8-A075,1.0,1.0,42.266752259272,23.327128539024844,0.5519025544222553,647.8562595642271,27.77265356429977,358.0,8.470014393440085,1.6725296100005935,0.0259286515190067,0.554043717299712,1.606500637053935,0.4499990794035237,126.608367182262,11.79478211736217,0.940237300206192
TCGA-A8-A076,1.0,1.0,42.911713146077,25.40681233504948,0.5920717322228879,538.4994649085986,21.19508176811784,367.0,8.552443449430339,1.5576813222834085,0.0323024468813881,0.6679948555473191,1.3264769481734804,0.7750356441187177,117.2108310108328,16.25,0.9703741769980788
TCGA-A8-A079,3.0,3.0,94.13936648436314,53.54475683743888,0.5687817842531675,1274.8819312669125,23.809650217246023,732.0,7.775705608998204,1.7035303454268658,0.0475840728921346,0.6543648855147873,1.6037735896546792,0.2344870431798194,140.78844531950895,11.556670120829136,0.9715933293447933
TCGA-A8-A07E,11.0,11.0,17.909298972789045,2.669225864035742,0.149041337022253,303.48602210243195,113.6981422934272,468.0,26.131676103630177,1.53397000428117,0.2410380027002485,0.7322141073446663,1.8420526477499888,0.1130296902803526,111.68602660428974,27.526287649811227,0.8862097484557839
TCGA-A8-A07F,1.0,1.0,34.6139801900702,7.0110251200357,0.2025489435637618,1095.6986074867775,156.28222531332173,1054.0,30.45012432006775,1.7473027640072458,0.1058878290589913,0.633628920466329,2.105526352829448,0.0357050070423467,99.28616312186358,14.825001260266593,0.9623646140449555
TCGA-A8-A07G,3.0,3.0,11.54213464012599,0.8108475037540683,0.0702510869120495,367.4010842329897,453.1074986751432,176.0,15.24847920142429,1.4692494136396486,0.0702229794307011,0.6125263705013876,1.846732352272141,0.1018563325855211,114.19661507275217,37.75275611105637,0.8713413425121043
TCGA-A8-A07J,4.0,4.0,15.081371541177925,3.253263125368619,0.2157140095969364,397.77251222434666,122.26877965159244,455.0,30.16966983126672,1.7096840240177764,0.1262674534568907,0.6146280827274277,2.065663624608624,0.1435490730190547,92.58492222298872,12.768829123069338,0.9079897491680126
TCGA-A8-A07O,2.0,2.0,36.63022319388905,14.651626871524844,0.3999873763796543,714.460556251514,48.763223532538525,406.0,11.083743548353048,1.7078114278950938,0.0605449179147872,0.6196468845340134,1.692939039520977,0.2634110592836487,130.36507238607024,8.266957533714994,0.9629773903805058
TCGA-A8-A07P,1.0,1.0,24.524292478007943,12.53928100399956,0.5113004183604525,471.8935775495843,37.63322453648403,210.0,8.5629381637948,1.678236402916374,0.0312846926527504,0.5928725585202188,1.98067792526759,0.3825139302934455,132.74481316033618,13.598023316528984,0.93686178137376
TCGA-A8-A07R,1.0,1.0,31.85520849266362,18.143866741013703,0.569573002329974,499.88463773255455,27.551163424419297,233.0,7.314345472064978,1.666332337874325,0.0320879921709558,0.6827866436296268,1.5810192936920162,0.2639071435355948,130.55320993755765,14.67353059082919,0.917881436839098
TCGA-A8-A07W,1.0,1.0,50.26918583046736,23.59899400121001,0.4694524809054501,995.321896507812,42.176454490254045,854.0,16.98853852298527,1.7582413680426372,0.0663227997193084,0.5763297787515962,1.955827148569807,0.2328561342411241,98.13614586379477,12.25,0.951072189340431
TCGA-A8-A07Z,1.0,1.0,34.839088291906,22.77228687307702,0.6536418715172749,320.9878161283042,14.095545955369037,107.0,3.07126291892256,1.6220537716908596,0.051148522475474,0.6544989626011508,1.4448113468306203,0.4803024352402608,160.22191641595103,12.502499750049989,0.9002145287632967
TCGA-A8-A081,1.0,1.0,19.208578739992547,10.244625951390836,0.5333359687909326,250.53008532216208,24.454781122403936,94.0,4.8936468060643445,1.5005576030624717,0.0747923924363221,0.7942816069716426,1.4017443772202856,0.2979497135556383,150.98087389808168,5.963430220938282,0.8916227021157027
TCGA-A8-A082,1.0,1.0,31.95879506044597,21.25152817715786,0.6649665025531568,456.5729234872826,21.484239612378964,343.0,10.73256984036036,1.5490251964321986,0.0384759277345618,0.7720079846573593,1.616134234769247,0.43228678289264,81.25338935238332,4.190763653560053,0.9666437983798588
TCGA-A8-A083,4.0,4.0,55.98156047290518,29.740576653854987,0.5312566567030459,1031.7355314411952,34.691174399520634,576.0,10.289102253210348,1.644049666912721,0.0354610641642511,0.6639221039156414,1.7092217700551215,0.4846624929149378,116.21554285768951,5.802753142613648,0.9270691231552802
TCGA-A8-A085,3.0,3.0,40.40424625317655,21.686088335028217,0.536727951788564,721.2156383334982,33.25706449182735,448.0,11.087943509521072,1.574891009512363,0.0303896829391581,0.672147848502997,2.1000887536697537,0.4205517331691319,125.61728090938628,10.455871331997615,0.9614886098080532
TCGA-A8-A08A,2.0,2.0,35.16555155366654,12.630238405176852,0.3591650876256471,818.5060544912254,64.80527352165721,911.0,25.90603473429708,1.7702360132154495,0.1099256805807071,0.6318781084769876,1.6470578677437406,0.1999453524154013,99.79192200136332,13.58891830575807,0.936391865970374
TCGA-A8-A08B,2.0,2.0,31.353529811204275,17.69030146669657,0.5642204106912035,388.0084987901951,21.93340229507409,184.0,5.868557738409634,1.5817272722171714,0.0504162323901726,0.6468935707468881,1.6435523945799233,0.5474071153086847,156.2204193791141,13.573723529715744,0.8974901940833618
TCGA-A8-A08C,2.0,2.0,37.910376509890405,15.918377672848196,0.4198950033823923,767.1222508459858,48.19098193369654,675.0,17.805151574369088,1.796694080844625,0.0942214254694497,0.6274974499200271,1.4842788625785257,0.2413719238766634,121.0843313654105,14.205227051299554,0.9510148033691682
TCGA-A8-A08F,1.0,1.0,35.08374511564019,16.066198280457574,0.4579385190349968,413.80940227910224,25.75652279745901,300.0,8.55096851864487,1.626748838472893,0.0672861918643469,0.7234607744355975,1.5654528197871176,0.5740155373873549,137.40786869545303,15.141896304530077,0.9729683235955622
TCGA-A8-A08G,3.0,3.0,41.49964313793857,23.54651802142684,0.567390855462582,616.9703948597685,26.20219237079293,418.0,10.072375769850138,1.560126244169041,0.0375204344799637,0.7424486075872975,1.5411371422846736,0.7268793961387321,115.98444286489608,11.20272220292972,0.949120047686604
TCGA-A8-A08H,1.0,1.0,35.986362828931604,17.050609331833602,0.4738075201677672,984.568586081664,57.7438944802675,676.0,18.784893689131675,1.7216199286191765,0.0374618600294315,0.5996104492743096,1.7143732262277942,0.4857424519875179,103.85092338593616,13.594128316913771,0.9626986967433646
TCGA-A8-A08I,2.0,2.0,26.13532897802119,9.448271298673308,0.3615133869797063,412.38090784776,43.64617556077852,241.0,9.221234605566732,1.6361134010911589,0.0849030278093444,0.6510380697266157,1.952403698731619,0.2077197449492425,171.3232180692458,17.89071775198555,0.924323717711464
TCGA-A8-A08L,3.0,3.0,57.352558110712366,31.045029288190687,0.5413015619680279,980.6117666433792,31.58675604846013,563.0,9.8164758215875,1.666886359856474,0.0311168362827324,0.6674126231165105,1.8120466747342732,0.7032648449252509,126.68490547003395,14.290903586380846,0.9548411738110456
TCGA-A8-A08O,1.0,1.0,21.39958062533356,7.575242425529135,0.3539902280403245,491.9908577112589,64.94720961710912,501.0,23.411673750601405,1.748599943463136,0.11509102346946,0.6190855908219496,1.8409735572290105,0.1279613264711941,109.20581557888757,14.285044627161652,0.9568381268682208
TCGA-A8-A08P,4.0,4.0,51.81121115791431,24.41331428784877,0.4711975215835035,568.7749719765486,23.297736852535618,395.0,7.6238325870454515,1.564362166727781,0.0645993620465582,0.6892213737629234,1.617665370013525,0.5754386740092156,147.88206894080437,15.97455648325264,0.9400133111933324
TCGA-A8-A08R,2.0,2.0,16.863583213823535,11.537085,0.6841419675589907,146.22931251912388,12.674719178988788,43.0,2.5498732656504304,1.3326922242346757,0.0271436554857035,0.7533292745254229,1.578725569767998,0.9520038393128334,345.14479399257874,8.825509197587179,0.8175849249934007
TCGA-A8-A08S,2.0,2.0,26.993072574274247,15.309500871002628,0.5671640688134685,447.42569743417874,29.225361506176693,276.0,10.224845624393344,1.6289226427170906,0.023685739099013,0.5526777929073494,1.8052419031930784,0.8714786150086986,116.69445996554292,15.288183014021556,0.9560236065548168
TCGA-A8-A08T,2.0,2.0,42.79327912236646,14.49675011603953,0.3387623106559884,989.9003914483486,68.28429706828571,911.0,21.28838964163076,1.8103056845770809,0.0806824506544522,0.6264856805782618,1.7748870450453802,0.1182255937916541,105.10891358363044,14.484244921744583,0.961486695567096
TCGA-A8-A08X,2.0,2.0,28.056982015747167,8.580846013174485,0.3058363871195565,382.6084252094501,44.58865997851697,340.0,12.118195742121255,1.6964258329260515,0.150990847424157,0.6800308685063033,1.843522239946462,0.1813231118375273,137.052672857743,18.007966359471904,0.9180337805160848
TCGA-A8-A08Z,2.0,2.0,41.42994819075077,15.944366067492917,0.3848512190766509,936.3043332209774,58.72320851500629,715.0,17.258047166943445,1.6870321315780683,0.0553958394447434,0.5399436501018647,2.2875930717212243,0.1634268682164553,106.71372274660908,13.776635158154866,0.97006131630516
TCGA-A8-A090,1.0,1.0,14.894251228295934,8.95976257460644,0.6015584427355961,237.14427557262005,26.467696392394267,161.0,10.809539703085845,1.4950456170936297,0.0312830102146524,0.7760285264934742,1.8960479131086403,0.6218996873734335,91.74489086592234,11.002840542332692,0.9274931806106624
TCGA-A8-A091,2.0,2.0,20.590932213977045,12.550065863277444,0.6094947879415827,193.39230209960337,15.40966431622368,79.0,3.8366402831618815,1.4560915689780982,0.0483947025884574,0.7852806408051278,1.181578513579199,0.7004247493916074,171.08249801770242,10.749999999999998,0.9446580993763825
TCGA-A8-A092,4.0,4.0,45.88599540653357,16.068729695118964,0.3501881032056893,871.423909167434,54.23103914879703,781.0,17.020443668718926,1.770819212276947,0.0936345645665742,0.6561706747857011,1.7133490749857267,0.1374358305375739,111.68048321278796,16.413212135269134,0.9492990333927064
TCGA-A8-A093,2.0,2.0,14.375491232174571,3.1729096582472565,0.2207166076624772,415.133369081418,130.83680715660253,480.0,33.39016331669319,1.7218354166699452,0.1306004695426673,0.6157607499643859,2.040947848701051,0.116759326524731,91.80175531843577,15.455815758056822,0.9028254378978808
TCGA-A8-A095,1.0,1.0,13.849975610452091,5.894591235355588,0.4256030047379395,215.54785623295135,36.567057430564745,129.0,9.314095824302262,1.554194857330406,0.0623259658714133,0.6084153601973679,1.7198789705859023,0.4906261668673327,149.0999690853422,17.69180601295413,0.925456230471298
TCGA-A8-A099,2.0,2.0,49.67009865361755,25.604925889540148,0.5154997993480993,1096.1598500995597,42.81050665127491,857.0,17.2538413095659,1.7019359494133213,0.0561182766441043,0.6459089211849146,1.8364169682618048,0.3122684579916828,107.40754485801016,12.016576086425172,0.9658336417932184
TCGA-A8-A09A,3.0,3.0,33.04840645324539,12.204964685757185,0.369305694149699,805.1489379948379,65.96896908144453,620.0,18.760359924679975,1.724298154022244,0.0674650078621644,0.5724427343871883,1.6091515983174876,0.1786041553061757,109.01941104101476,13.937065714037937,0.9542287614426518
TCGA-A8-A09B,2.0,2.0,33.71340665983476,13.844722213852538,0.4106592476264573,705.2738121527249,50.94170914076216,690.0,20.46663533478055,1.664663163263416,0.0674273294875302,0.6843736461124671,1.6542833505936956,0.500065424876095,102.38704462451167,15.524392436943067,0.93565075203664
TCGA-A8-A09C,1.0,1.0,20.98831636840285,7.249654833418943,0.3454138343527657,560.324872642483,77.28986903756262,560.0,26.681511283251844,1.758586950040082,0.0986244889167212,0.5918277962188654,1.6939147175214622,0.2557020354464699,92.92081377134105,11.535226185793308,0.925760743265402
TCGA-A8-A09D,5.0,5.0,40.49867649250753,18.339822696274467,0.452849927075208,665.1152884039064,36.26617876404101,527.0,13.01277092592144,1.667544410213138,0.0716123269576141,0.6765144545330919,1.5953822844207304,0.1809668020448583,121.41732143227772,15.23086107981376,0.9490775421992264
TCGA-A8-A09E,1.0,1.0,20.431773433127947,11.026427444969134,0.5396706008442201,287.8500495904356,26.105468069965735,186.0,9.103468213797868,1.7091021682980885,0.0675152473738137,0.6270063924082039,2.278236356251748,0.6549036045259087,148.51995429469892,16.140012391568973,0.9380302315515628
TCGA-A8-A09G,3.0,3.0,56.84601794507213,17.83445260778254,0.3137326632978093,1434.5924060825364,80.43938536451147,1104.0,19.420885400746062,1.7419226220878885,0.0476537500088074,0.6425048088586418,1.6460901308303566,0.2686642925975412,102.78390865352009,12.472687981111797,0.959207533823498
TCGA-A8-A09N,2.0,2.0,27.78377846039292,6.733664729391744,0.2423595746342024,867.5108732488451,128.83190775184437,978.0,35.20039584947688,1.7431311740503252,0.1155881375227563,0.6520036586269862,1.9958792059171917,0.0785613068804693,90.60333442201096,13.843171556717126,0.9481924534095704
TCGA-A8-A09Q,1.0,1.0,30.817057649177183,18.059192307300293,0.5860128670584641,387.1980306329537,21.440495457619765,167.0,5.419076730203635,1.6567353832048222,0.0575684274143611,0.7092633677680974,1.96121092372264,0.2388772863524376,149.0934192251623,11.884864324004711,0.9220944829615176
TCGA-A8-A09R,1.0,1.0,41.21820694003458,18.771841885165472,0.4554259701901948,685.2240151677779,36.50275872551852,474.0,11.499772435263589,1.745992026163225,0.0627613001307553,0.6525969949427333,1.7838212395535629,0.3685496487529078,135.1673152984848,15.17586915526948,0.9516913842292792
TCGA-A8-A0A9,1.0,1.0,17.273212785536934,7.200081179459445,0.4168350884606804,378.43972894490906,52.56048084909522,299.0,17.31003975417684,1.724581918670884,0.0802467079584413,0.5719712863755683,1.7111907792366263,0.135023294357609,116.95685636165156,13.25943060617612,0.9320784690299332
TCGA-AC-A23C,1.0,1.0,9.708004746456476,1.8743978300988609,0.1930775560017145,188.73235852648537,100.68959507733273,309.0,31.829403473745547,,0.2292916337873521,0.6944031069093488,1.8794103639192823,0.0585314872030769,99.03000255604358,18.25,0.9313625347937842
TCGA-AC-A23E,2.0,2.0,33.72915027989892,6.844117460007162,0.2029140195709571,653.9366713044082,95.54726012895225,865.0,25.645472620029263,1.5214319780454784,0.1750291411773484,0.6637994521992515,2.00596766790785,0.1121732049778724,104.24854944554797,17.449757754812016,0.952374894955206
TCGA-AC-A23H,1.0,1.0,24.920549763723685,10.140044507389586,0.4068948961210412,379.4186040173638,37.417844048008014,417.0,16.733178198460855,,0.108725466487828,0.6321964730695308,1.8221027631758095,0.3306623325623134,116.61302524268037,16.00781059358212,0.9599988848273864
TCGA-AC-A2BM,4.0,4.0,76.85885259134605,44.77575806099715,0.5825712530353164,714.9332738643217,15.966971969304952,293.0,3.812182853650751,1.656647678621422,0.0881572822763257,0.6879955635601285,1.5511197301725053,0.4004673879269579,195.7698845629652,15.590033798317876,0.9151393550455378
TCGA-AC-A5EH,2.0,2.0,61.43275095374239,21.228562487566474,0.3455577384700085,1158.2613877640908,54.56146116546904,1263.0,20.55906630245182,1.736586675441458,0.1047749509088364,0.5976332012153166,1.949418177023223,0.1575643304833116,112.04506581598189,16.82502312063639,0.9554249314482524
TCGA-AC-A5XU,2.0,2.0,79.76730282365232,31.41807519472789,0.3938716000487848,893.6595586742113,28.444121835451327,697.0,8.737916105060131,1.7151710720752784,0.134673427747735,0.6677761044465613,1.6899003946682594,0.0664443404402809,164.34836376645345,20.92473918583668,0.9656480616511328
TCGA-AC-A62V,1.0,1.0,18.924519197906022,12.874675692914868,0.6803171884197426,182.22052789645716,14.153407219160936,78.0,4.1216370775026405,1.559887660335928,0.0226599683007061,0.7144963979701167,2.242236563641144,0.9333045891754268,114.1748952956432,11.797678870241068,0.9187466348531012
TCGA-AC-A6IW,2.0,2.0,25.450231010487386,18.34315709201199,0.7207461922232944,168.1544445649225,9.167148475119902,57.0,2.2396653286373613,1.4338111238944766,0.0414796053208533,0.7189573778801939,1.1159663323380746,0.8955654414227618,176.91564719750835,13.246574062293892,0.8590688495485
TCGA-AC-A6NO,2.0,2.0,23.468633355866288,13.443646265339549,0.5728346453535239,304.45800411569445,22.64698119145317,180.0,7.669811755570619,1.5754809625432382,0.0823301052470034,0.7137492104489961,1.6683308550658336,0.4839512975553087,140.0613368559023,11.703960748286876,0.8796915213227608
TCGA-AC-A7VB,2.0,2.0,14.150660705537732,5.500904636698795,0.3887383600785556,157.26167698986967,28.58832998861904,94.0,6.6427993685986655,1.6351079479336663,0.1271748528114436,0.6815038495160249,2.187776652777645,0.449542554442437,194.81694215,18.602226796727543,0.8839321889500555
TCGA-AN-A03Y,7.0,7.0,54.60375483177848,21.31697978048427,0.390394027776239,1109.125448572728,52.03014029164368,839.0,15.365243701367511,1.6752463288966175,0.0701994831608948,0.6719218460491286,1.662149934038932,0.4469752788223756,110.24110911930524,13.11876030424498,0.9300456797332702
TCGA-AN-A041,6.0,6.0,8.473479140896119,1.2633511620996272,0.1490947391375794,127.3149800892026,100.7756069006272,235.0,27.73359042873001,1.5215690914044182,0.3026845540679788,0.7623312566302707,1.835375131939548,0.1004456623985401,111.83467045309862,28.46075219282801,0.8930443885255175
TCGA-AN-A046,2.0,2.0,58.47230401573962,18.95201340728116,0.3241194908649339,1456.1795039324588,76.8350819851684,1957.0,33.46883679276967,1.784164541479372,0.1541270739648233,0.6166538331825607,1.8084720539740569,0.0830912348461157,92.39979445007054,13.37608305726248,0.950674988303501
TCGA-AN-A0AK,7.0,7.0,190.5753162145332,96.26341603194275,0.5051200645710997,3163.01093251624,32.857871275487135,2083.0,10.930061885113911,1.363026206348641,0.0582867890693038,0.6367582626213208,1.809855229304748,0.167857704238608,119.47245630695666,12.41028791514023,0.9572878004846253
TCGA-AN-A0AM,1.0,1.0,39.16544336945807,26.06169076871827,0.6654256540101282,460.2830160982354,17.661287603439412,257.0,6.561907076492164,,0.0347770470733281,0.6441894235711813,1.6821630512763035,0.6756353467764566,114.01961522584612,12.75245074485685,0.9758196070229168
TCGA-AN-A0AR,9.0,9.0,93.41625776506444,33.587132880702576,0.3595426929343706,1342.4860405166046,39.97024828778783,1090.0,11.6682045082696,1.1865317322296491,0.1236378144916129,0.6376042474576998,1.856887498952248,0.1175900830759721,147.70538399376892,19.23063356299672,0.9549582765511776
TCGA-AN-A0AT,16.0,16.0,112.99184908435736,63.81191301145879,0.5647479311876571,901.1501283766928,14.121973246827311,422.0,3.734782671668145,1.4124481701515992,0.0517349755866732,0.5253323743511439,1.4908637637232172,0.6361654335514264,176.3793572484438,13.98850528350367,0.9223326442932216
TCGA-AN-A0FF,8.0,8.0,179.45182447809506,83.38457531303237,0.4646627336085444,3520.349847840157,42.21823802093471,3404.0,18.96887930730129,1.213745725770636,0.0917798702899484,0.6484291178011985,1.7757059241070368,0.1650971164278822,102.4858086486079,11.770617383447563,0.974415606667122
TCGA-AN-A0FK,6.0,6.0,188.94796878077267,108.35154961416524,0.5734464906573321,2838.7458383226613,26.199402301409638,2428.0,12.85009844597532,1.2276779051968771,0.0454398160662783,0.6182751634647681,1.459771905625517,0.3321776827780101,109.29318028046646,13.456865303935862,0.930334569963556
TCGA-AN-A0FL,3.0,3.0,135.77325392854854,117.85385359668314,0.8680196591495436,344.2291227044404,2.920813466842193,78.0,0.5744872258939007,1.459149143399626,0.0663547955718283,0.8973293359234591,1.4918044258707974,0.9740138222055256,182.24661607440012,15.700333600044864,0.8859361596578229
TCGA-AN-A0FT,3.0,3.0,89.7266522237525,23.191942025559847,0.2584732791292136,2955.0195413792712,127.41578683331232,5829.0,64.96397509030147,1.284915878792392,0.2491636056495018,0.7498322945706696,1.848342099473796,0.0167422656058943,70.23589163694011,9.314939729405811,0.961013766865384
TCGA-AN-A0FW,3.0,3.0,42.93053800376892,6.637132764066355,0.1546016675468561,905.6566689221644,136.45299877462418,1258.0,29.303150123335488,,0.1642031235610773,0.672046892714901,2.096556583523149,0.1365907326944028,92.92444208558922,17.102595067327233,0.9470389551546762
TCGA-AN-A0FX,3.0,3.0,68.66739257091206,33.79707563961403,0.492185218838944,1211.8466682725305,35.85655401652881,1209.0,17.606609989617404,1.3455606382876706,0.0789526366027804,0.6096214338532897,1.893221742579106,0.3830028283255336,110.1696941821747,14.856183901160492,0.982082938456519
TCGA-AN-A0FY,2.0,2.0,62.81009462678629,21.15402755826733,0.3367934355769285,1343.6052458112752,63.51533967280725,1606.0,25.569138361321585,,0.134117144415271,0.646320794051682,1.7906746241831768,0.0803268079167538,104.2059036301171,14.958454192968558,0.9645337810295465
TCGA-AN-A0FZ,2.0,2.0,62.08567386615725,22.549875423724515,0.3632057771062769,1473.5103019211415,65.34449854968489,1781.0,28.686166857742982,1.3199451518407486,0.1779086675090117,0.7173020782985483,1.927751349709824,0.0288270633874214,101.79366703969627,11.294882640706051,0.9725711166335734
TCGA-AN-A0G0,1.0,1.0,55.95637781668502,40.6332480601464,0.7261593699517558,412.632163114612,10.155037630853998,246.0,4.396281703685401,,0.0315328005540312,0.7129393353881763,1.8270430118743783,0.8718123000979631,130.36846642379322,15.651213905513302,0.9528168402234216
TCGA-AN-A0XN,5.0,5.0,40.32123404418942,9.285669400399367,0.2302922919031418,1063.685845269848,114.5513370553662,1243.0,30.827429503713944,1.6599206116795684,0.1344052840974768,0.6306350076794702,2.4074357516040426,0.0735898634455563,94.35913643876412,13.857399105376231,0.956945032123323
TCGA-AN-A0XO,6.0,6.0,16.991270167014584,2.823671044379119,0.1661836352800013,312.2859165964685,110.59571447535076,512.0,30.13312100668928,1.5404001946682389,0.2194121686679529,0.7012138613291723,2.20383319001206,0.1113175435983607,92.48416032073553,18.252286578577973,0.906911644061171
TCGA-AN-A0XS,2.0,2.0,14.110081289355277,2.7940113384175964,0.1980152545630912,387.17265633664033,138.57232825544568,578.0,40.963619425498734,1.6153375049237215,0.1984088836071048,0.6508871577003307,1.7884027793886217,0.0450741236546181,86.89749395700788,15.14479585856424,0.9560331959717838
TCGA-AN-A0XT,1.0,1.0,46.35859653384511,18.288700854161263,0.3945050588580522,1003.7543396652478,54.88385138285324,904.0,19.500158926079976,1.7448674152898065,0.0623879645295715,0.6329162959715594,1.4766795743842316,0.3136467295327168,100.28856295279208,12.794022696210549,0.9596650031011276
TCGA-AO-A03L,4.0,4.0,38.137718043314166,14.501828537451573,0.3802489839843433,1183.0058791540248,81.5763250888578,818.0,21.44858271464938,1.6511036662927687,0.0605751232037564,0.5720066007004585,1.7430012364655996,0.3157863203620542,94.47195632643152,7.660964175190097,0.9447180580985692
TCGA-AO-A03M,2.0,2.0,32.07928601789472,15.35233738092933,0.4785747841259736,725.070939252079,47.22870018169103,441.0,13.747188754575085,,0.0474614675599324,0.653594229819014,1.6768805717338262,0.2643171545746642,105.478304788583,8.67092579801977,0.9151679046513816
TCGA-AO-A03O,5.0,5.0,45.91435348376989,25.879399137576144,0.5636450733586865,752.263159063895,29.06803033041175,307.0,6.686362252895935,1.576795604680588,0.0441134897181129,0.6805198763610197,1.486837297108822,0.2508323969043812,137.77046881603098,8.887021111340218,0.9418254864393772
TCGA-AO-A03P,1.0,1.0,36.22103014809569,22.438870168208105,0.6194983984846113,622.2066875531448,27.7289668726147,307.0,8.475739059457435,,0.025780308840415,0.6599623366610247,1.3874073821515849,0.5833228707627809,112.7001171527785,8.764274071479052,0.9538626353837502
TCGA-AO-A03R,2.0,2.0,12.569918006720258,3.5316204673226936,0.2809581148766907,439.731472523306,124.51266397169358,434.0,34.526875972299145,1.730832814348522,0.1495553885472337,0.6970463263662419,1.862124708306774,0.0612946287341333,81.46185436075343,7.21692101390162,0.9347357600740837
TCGA-AO-A03V,2.0,2.0,29.26781662571048,8.20451534644555,0.2803255005786201,1079.968216782454,131.63095821989407,1133.0,38.71146298643643,1.5234015338103082,0.132292885419122,0.6380996182591885,1.905396555846809,0.077912796518756,84.95781825086073,9.286848187683931,0.9426076379764722
TCGA-AO-A0J2,1.0,1.0,9.533321727484145,4.851813846850628,0.508932141969264,438.68509470328826,90.41672012788456,260.0,27.272760474497733,1.7969771628893887,0.0457851994008865,0.6021847216770176,1.7945571841026964,0.2734205569059095,92.31450965173975,3.2015621187164243,0.9141979387688672
TCGA-AO-A0J4,2.0,2.0,21.80315937658425,10.325075965340789,0.4735587071123977,630.1020304499859,61.02638203971692,332.0,15.227150995215636,1.4325571700435291,0.036353323786318,0.6030364441754303,1.735049409244947,0.423512138867054,100.67396652635072,5.596071930791746,0.9296192757777172
TCGA-AO-A0J6,1.0,1.0,72.21583498158316,60.73088246215657,0.8409635155176765,331.6304929430161,5.460656580277194,114.0,1.5786011479209905,,0.0502882977281251,0.8003664406797395,1.420621752343187,0.8422838265595389,139.04228289238512,12.96991661260953,0.7784411731634183
TCGA-AO-A0JA,2.0,2.0,17.088874413137418,1.4502519891074606,0.0848652728112127,547.1661210551811,377.29037792385833,183.0,10.708721684987928,1.289702901906125,0.1977576258099031,0.6798504323686309,2.2914319450572087,0.0890853804638534,109.38164028561238,56.56556059277835,0.941809782124702
TCGA-AO-A0JB,6.0,6.0,61.4820914631316,22.88815121136321,0.3722734647875202,2269.1438604092677,99.140548288702,1581.0,25.71480511439764,1.3575870585329783,0.0611304825925074,0.5476471508267983,1.8232674721242383,0.2518294775626022,91.7796605249936,7.569898766322048,0.953643389512446
TCGA-AO-A0JD,7.0,7.0,61.27740819493388,36.31577911844089,0.5926454820496684,779.7241488226717,21.47067108982204,275.0,4.487787719826174,1.3765699701307772,0.0477442408583178,0.6957757641453431,1.3206357904167207,0.3996913116153631,158.3708274111275,7.1690793070254655,0.9025558218539284
TCGA-AO-A0JE,3.0,3.0,45.18177840141173,20.575050174453008,0.455383805206971,1173.4139179848232,57.03091404568197,1062.0,23.50505087614739,1.5423412227296758,0.0802080228300337,0.6281758472907607,1.696228590035577,0.1799469256440834,88.2141533712496,7.655501888830867,0.9517524946399992
TCGA-AO-A0JI,1.0,1.0,15.532701510807511,10.035730920407977,0.6461033783096397,262.4210658752028,26.14867496512499,125.0,8.047537636194589,1.6082245086045124,0.0341225304552547,0.6547739203958772,1.5283628332967112,0.4928330537822447,100.39064323929796,6.020797289396148,0.8287895421962358
TCGA-AO-A0JL,4.0,4.0,44.063898082515365,21.39661861496253,0.4855816109345248,826.9991287442576,38.65092628075082,565.0,12.822288190254168,1.2543113373532362,0.0641373886164462,0.5939726280173802,1.7924956128764444,0.254948606624747,106.33764255355912,10.901170209203894,0.9265353081729856
TCGA-AO-A0JM,2.0,2.0,30.23713368570136,16.689287464775674,0.551946743307477,712.0449656906525,42.66479124369396,392.0,12.964191780696805,,0.0350693212570107,0.626282518144024,1.549881183963561,0.3427821872361715,96.900815680845,6.949377541805051,0.9514091332004282
TCGA-AO-A126,1.0,1.0,31.11796499799404,15.066653788457286,0.4841786340921886,789.6448578103094,52.41010173176371,562.0,18.06030696532464,,0.0677484351963368,0.6153819820488651,1.96013151013266,0.218110716454932,98.3144619722645,8.019446874193768,0.9458224310995964
TCGA-AO-A129,1.0,1.0,17.938665080748375,9.32939274835782,0.5200717392494298,417.6290613380514,44.76487083380249,181.0,10.08993697051893,,0.0378851535281035,0.5342860700963104,1.865319563766604,0.308668573490537,139.46011974754646,7.25,0.9260473318637034
TCGA-AO-A12A,4.0,4.0,56.89564146463599,19.30819958005829,0.3393616643211497,1783.1362055913112,92.35124166796749,2145.0,37.700603153112255,,0.1334001833092603,0.6281398855079021,1.8074192304793684,0.094150792317464,81.41139214681348,7.887855581479902,0.957161891857458
TCGA-AO-A12C,2.0,2.0,41.74122707274974,10.452345578584264,0.2504082009943583,1746.9697873084829,167.1366272932878,2274.0,54.47851343796632,,0.1954656011286452,0.6453976520921393,1.9429808714166992,0.0401771684240218,72.8708638178252,8.22337765554011,0.9522582616627217
TCGA-AO-A12D,2.0,2.0,54.62794724877826,17.559406184202523,0.321436317279801,1366.2728979251688,77.80860489202354,1279.0,23.41292441715544,,0.1220619971650782,0.607026548342846,1.8370514083302805,0.0740174386754309,108.30101113060572,10.964310311640398,0.9540978824244796
TCGA-AO-A12F,13.0,13.0,66.70579306109337,27.71692764591024,0.4155100535350106,1683.1856217543316,60.72771279910216,836.0,12.532644642037887,1.5338382392896166,0.0396972069102434,0.554149381450418,1.9416575250590375,0.5433369751684204,120.5854747916352,5.972115732117986,0.9233238023078956
TCGA-AO-A1KP,1.0,1.0,38.14615736689236,17.67987813664308,0.4634773030110686,1460.732936631021,82.62121069734782,1132.0,29.67533503079606,1.747135985148501,0.0546327930174524,0.6052294998124765,1.7669226008900203,0.2786735623849548,79.6947454695288,5.220153254455275,0.956284450765862
TCGA-AO-A1KQ,1.0,1.0,33.689070811022674,20.476184736760963,0.6077990352307785,445.0395357034513,21.734495045088664,277.0,8.222251113835078,1.6333098796183954,0.0501902446438892,0.6687007561834999,1.4161103060197298,0.6924596479822708,107.04452928571362,7.0,0.8833269620845685
TCGA-AO-A1KR,11.0,11.0,71.4827516250721,38.116163573689285,0.5332218291429104,908.0294121568644,23.82268641494802,637.0,8.911240621249064,1.6679117881723502,0.0623435323641858,0.6890820132264388,1.6348989391234894,0.3423727092888553,159.4098648192806,12.713798379240204,0.9614717671231058
TCGA-AO-A1KT,1.0,1.0,31.40319257329509,8.270750072608688,0.2633729055829196,991.4874376387248,119.87878111833676,745.0,23.723702558622637,1.6723813494497122,0.0780373682828163,0.6035671970936182,1.845032208648452,0.1131337176488166,88.3961475758418,7.516648189186454,0.9523804148962928
TCGA-AQ-A04H,3.0,3.0,75.8522905344661,56.82753984637468,0.7491868662892007,419.3146626778136,7.378722777923737,211.0,2.781722193400671,1.4793616710453263,0.0393784479616998,0.7715807048954276,1.885235473981727,0.952055582795445,144.1033624670579,15.605212173078668,0.8616729718989066
TCGA-AQ-A04J,8.0,8.0,87.23513856557886,29.4893621636433,0.3380445385717445,1332.4639808892882,45.18456430136186,1356.0,15.544194945946344,1.2823967815843709,0.1590745037187456,0.6527446753013219,1.6999358461189304,0.1741956990964948,114.15766341665334,14.941758313611514,0.9519242572616866
TCGA-AQ-A04L,3.0,3.0,32.68202002485995,12.695965463099876,0.38846942304798,754.5098053457796,59.42910033417472,636.0,19.460241426821824,1.7306668799767218,0.1030358062197979,0.6350893080918598,1.8086528048977184,0.0910900460563391,114.61106474560088,11.985264928028167,0.960327769999218
TCGA-AQ-A0Y5,4.0,4.0,52.21321119020573,17.07164598778277,0.326960276884581,809.5058968452277,47.41815156104725,1032.0,19.7651126309884,1.6755367279932667,0.1640442039387513,0.6935404587996586,1.839668111665185,0.1908128450051675,114.78186033740784,17.661069060781013,0.9399731882306476
TCGA-AR-A0TP,4.0,4.0,161.84329178389183,96.91149551657615,0.5987983465263509,1799.024196342947,18.56357893099725,1068.0,6.598976010856802,1.2856384508183931,0.0581741748856942,0.5717332722178489,2.058320758237244,0.346875786347169,134.30665498394902,12.604030066139844,0.9840406353761764
TCGA-AR-A0TQ,2.0,2.0,70.48923859770493,30.69569166743718,0.4354663531354503,852.5207596507659,27.773303461838683,626.0,8.880788223188185,1.2390360968613712,0.1242129524398437,0.6984054531839008,1.8377945710007408,0.1087568428622847,144.81853782024814,15.097617366261444,0.962718749279948
TCGA-AR-A0TR,10.0,10.0,99.19951107557452,42.51423314340822,0.4285730109195701,1964.000868062363,46.19631410114894,2349.0,23.67955219265576,1.395706945647344,0.0769333174105191,0.6406885673040165,1.592659573523222,0.3601258905961842,100.886159897084,12.572939031042615,0.9634862969326168
TCGA-AR-A0TS,15.0,15.0,85.31572891984405,13.85720194773167,0.1624225933854565,1073.2922864980862,77.45375224713217,1414.0,16.573731689363907,1.1892250273747078,0.270142480644981,0.7350106998961317,2.226878760148651,0.081399455730174,123.31699236234635,22.883500786836628,0.9234576179454176
TCGA-AR-A0TT,4.0,4.0,100.92880197282042,61.0547730204018,0.6049291364505002,1183.9574714628748,19.391726688874083,790.0,7.827299884256456,1.3832929546872683,0.0411167847086053,0.6374975468063617,1.4027483954064606,0.4392936628931377,122.74873094008048,13.3607962464229,0.948067307765371
TCGA-AR-A0TU,5.0,5.0,92.3271139642358,52.282148135317335,0.5662707940331543,1113.243493915547,21.292994523374134,688.0,7.451765472345495,1.4545467125604148,0.0501489842258188,0.665175456623224,1.6809637225946732,0.489042250428309,142.39627135595111,15.33787381379459,0.9479555697128148
TCGA-AR-A0TW,15.0,15.0,292.88280505843494,133.50358479125623,0.4558259566129874,4616.792478831044,34.581786594343335,2829.0,9.659153597069544,1.3739595194029437,0.0731702675892776,0.5824655538844874,1.8077471142882904,0.1683142193548498,149.49506081463244,15.044491646982689,0.9531514270288102
TCGA-AR-A0TX,3.0,3.0,2.257913945567014,0.58830809375,0.2605538155716835,17.95765365724564,30.524233557250188,12.0,5.314640101125079,1.2803061420761972,0.2568931423675235,0.730068727066952,1.8437101023395568,0.7153891215521211,235.5431718896006,38.75106590962364,0.4591186551882056
TCGA-AR-A0TY,5.0,5.0,74.28027606347304,28.52167370647333,0.3839737170887915,1130.1340279617946,39.62369248005587,1000.0,13.462524010350911,1.2404494227022098,0.0848128295787507,0.6430648075433946,1.924136110753015,0.2069407362472783,111.30230220031665,16.037729132627366,0.9480716495630394
TCGA-AR-A0TZ,3.0,3.0,46.67077954909797,16.51915772116315,0.3539507563567668,988.3296603131996,59.82930104523568,1045.0,22.390883762733232,1.4106624610896363,0.0856494049396465,0.6098856190245813,1.6300616792908695,0.2483146634129142,100.36531598157411,14.641156410696528,0.978152158463305
TCGA-AR-A0U0,5.0,5.0,15.065117952946627,5.851161639289674,0.3883913592687953,161.87521366706517,27.66548313758713,89.0,5.907686901488364,1.3709372984168906,0.0994723265399538,0.6094807686179056,1.9096709383768031,0.2140876809269508,177.0896597794314,15.390284400048102,0.889339496345026
TCGA-AR-A0U1,5.0,5.0,87.4719757814537,56.44408996903197,0.6452819827696127,760.0285702322686,13.465157656882376,310.0,3.543992201279715,1.1775692862711356,0.0435445615314681,0.6892001587451547,1.4539095582050217,0.651367889128734,172.53907364698804,15.121127928516024,0.9668193760627876
TCGA-AR-A0U2,5.0,5.0,93.26023781983112,51.44721507693586,0.5516521969022468,1907.6066621747032,37.07891008914681,1463.0,15.687285752223367,1.3233865018047588,0.044334639598324,0.6565508915618044,1.698302366288614,0.2863420360052856,94.82044762026692,9.000233621466725,0.9564835171235382
TCGA-AR-A0U3,14.0,14.0,144.00630930425615,59.62842882832047,0.4140681690712432,2855.483409925517,47.88795321350657,2581.0,17.9228258294355,1.390003890571341,0.0696389414667593,0.621701133457891,1.675546413494687,0.2287462125319007,105.86016156596158,13.123789039508669,0.9712460449918952
TCGA-AR-A0U4,10.0,10.0,163.2516268426835,115.60536560699003,0.7081421964535303,934.150441514736,8.080511113043466,297.0,1.8192774292301688,1.3756981344348702,0.0268439482568144,0.625378331217584,2.401558099071671,0.8925522628125319,160.8843099430392,9.746679999740048,0.9382188022219208
TCGA-AR-A1AJ,7.0,7.0,43.77885776957796,15.899850389725326,0.3631855923105919,567.3720385887689,35.68411177978199,474.0,10.82714406334703,1.2517673566025675,0.1211407133032226,0.6772460305752954,1.6336623816754836,0.1825320023619272,150.89258135459795,16.194040386625083,0.930516292632754
TCGA-AR-A1AP,13.0,13.0,49.40884880999055,18.386410760656133,0.3721278921385914,746.0999323517332,40.57887871994371,585.0,11.839984417562713,1.2546600925736084,0.0909793573052623,0.6442314360147886,1.626003181969025,0.3344463432175868,141.88352238611316,16.861042035084466,0.9243154412525522
TCGA-AR-A1AQ,6.0,6.0,72.09961196362775,36.52550796183946,0.5065978438311924,769.1785687345629,21.05866863065048,500.0,6.934850082858089,1.3761677723585264,0.0548217594848101,0.5545015801720545,1.585777431330862,0.5792803367427439,129.16133820880475,16.884576216675015,0.9446320186359122
TCGA-AR-A1AR,3.0,3.0,25.39611783479804,11.071286169175478,0.4359440384232853,346.489036498567,31.296186477706357,216.0,8.505236958069018,,0.0588166720453636,0.6747097410044101,1.5941691021677356,0.4492527437260361,135.2327208862976,12.320683094209992,0.9324283659868065
TCGA-AR-A1AS,12.0,12.0,163.28542169915747,73.59037906361351,0.4506855437419204,2798.453228075958,38.02743325532947,2711.0,16.602829400133697,1.2564416919089154,0.0695869694295191,0.5810422630706933,1.5125674594189973,0.4772184063954083,110.09827008110764,14.244507176851624,0.957014228658071
TCGA-AR-A1AU,7.0,7.0,170.29334983474578,64.75368944052474,0.3802479045914728,3954.8998737757606,61.07605463018868,5369.0,31.52794871443968,1.3172285663998056,0.1479613972762779,0.6880962452467162,1.7589704390119982,0.1692533857720576,92.5080606490948,12.788448883048542,0.9610101395938594
TCGA-AR-A1AV,6.0,6.0,67.72721614244847,31.5491298667214,0.46582646775803,1172.6993009668013,37.17057509734321,935.0,13.805380661644865,1.3413510539745517,0.0709136309923184,0.6084994454861963,1.9233172260767335,0.2192424405948428,120.26777136837477,12.82690003628738,0.945851629293592
TCGA-AR-A1AW,9.0,9.0,108.78722709878907,36.489711431117634,0.3354227550811781,1030.133737658292,28.230799785931342,772.0,7.096421340889138,1.3161922137000643,0.1443098727785432,0.6628534632747486,1.6969276303039007,0.190194833224514,187.42927983305023,26.08610888655561,0.9439555588380688
TCGA-AR-A1AX,4.0,4.0,59.22986871292335,15.56399708297968,0.2627727769989768,1141.1794923525486,73.3217493082486,1416.0,23.906856975542198,,0.1762048827449608,0.7096734939844731,1.6905312249814703,0.1377245761154001,96.2222435036578,15.450809760284832,0.9647132586661492
TCGA-AR-A1AY,7.0,7.0,87.38969340788108,49.09698000883871,0.5618165952326247,1168.2142162081298,23.794013725443428,835.0,9.55490249980322,1.276151498409951,0.0388249136967835,0.5354988371465489,1.3443151605571395,0.7458296582187861,126.48829700095166,13.32361429616335,0.9473079269415204
TCGA-AR-A24L,2.0,2.0,88.88547769967839,28.12547045480121,0.3164236856534661,1961.4680802555647,69.7399207386673,2374.0,26.70852496311205,,0.1483221428998171,0.6326433250315479,1.7675115483792732,0.061809115813521,97.79626494897649,13.874703995125254,0.9702378537389686
TCGA-AR-A24N,12.0,12.0,145.9508165817523,44.80422584547981,0.3069816729691497,2884.227790523229,64.37401240834544,3686.0,25.25508309119558,1.3886292927962551,0.1676408573237352,0.6644457600512972,1.965662927093069,0.1108017151510381,105.65423931725132,16.034730271848723,0.9623704542033168
TCGA-AR-A24P,8.0,8.0,52.472810007048416,10.069160219385727,0.1918929102145127,984.0734579128996,97.7314330561852,1507.0,28.719635937118134,,0.2155978037986313,0.6614812245450119,1.8686138597703796,0.1066355457970401,100.96052196792628,20.82638119910214,0.9475104419999408
TCGA-AR-A24R,7.0,7.0,153.616412072746,79.33391496333002,0.5164416607111024,2736.285248430497,34.49073765860757,2530.0,16.46959439986076,1.1726782188185232,0.0567857156905777,0.5429566665931136,1.9155515299052743,0.37510668656355,103.94987648361467,12.63590158578825,0.9451979063669678
TCGA-AR-A24U,6.0,6.0,53.34500676426848,19.129959473151573,0.3586082490848084,1181.2410384702166,61.74822482651149,1277.0,23.938510414724693,1.4642912433360011,0.1144200510792393,0.6423196585928563,1.6705625397580464,0.2043705831393146,103.05356969333393,10.314607325448652,0.9460397157638796
TCGA-AR-A24V,2.0,2.0,131.79509079947542,57.27710621698807,0.4345921071076498,2467.9082452133857,43.0871670762134,2967.0,22.5122194006016,1.4920372430384266,0.0968299018184243,0.6660865615281824,1.7222536246138318,0.2388618786448821,93.89196218365096,13.26732013917922,0.97802336464053
TCGA-AR-A24Z,1.0,1.0,24.82505901014771,9.667769759945347,0.3894359226293667,447.6817308576985,46.30661900043317,522.0,21.02714034986272,,0.0910056372653439,0.6931140039945202,1.6301365039341085,0.2851227782438885,100.45647767192516,15.101738310538954,0.9394062777613268
TCGA-AR-A250,8.0,8.0,144.89725133722996,50.00704818477504,0.345120750899477,3130.0082871513955,62.59134263606358,3935.0,27.157174920052743,1.4001586893228333,0.1442792182560487,0.6405785477819368,1.8669662523010468,0.0910208315277937,95.970366634668,12.627634931576065,0.96029797423442
TCGA-AR-A251,2.0,2.0,73.65026318274246,36.83949143010658,0.5001949733526372,1213.0886078627334,32.92902699713583,1110.0,15.071229239817466,,0.0677614523110758,0.6275902538528431,1.8004404412941926,0.485230888036767,111.29076002469684,12.635244746413186,0.961153462927613
TCGA-AR-A254,3.0,3.0,144.538972990378,66.86594524208984,0.4626153338348482,2884.052497737395,43.1318586358962,2878.0,19.911584678214016,,0.0827813477461175,0.5923365059445761,1.7475449681088018,0.2019604825482577,105.95507198822897,12.605785877141187,0.964931276895248
TCGA-AR-A255,4.0,4.0,16.376608908111574,5.917703325298138,0.361350958461676,265.4931704828281,44.86422449531168,201.0,12.273603230546817,1.3129522864056826,0.0753470968494879,0.6714459996464864,1.5981916084501209,0.4933981162022628,113.18981015760372,12.407730902604538,0.8938041453489444
TCGA-AR-A256,4.0,4.0,52.96676835845222,21.503151310145395,0.4059743868952505,847.3511256360716,39.40590443765716,792.0,14.952771795329207,1.1434949747224843,0.0872817473705812,0.6229325203885022,1.8128142719030595,0.23571921072697,114.19351978747412,14.116634484672042,0.9576511612930216
TCGA-B6-A0I1,3.0,3.0,168.6757035997648,129.08396234275233,0.7652789322227693,1007.5556673905892,7.805428723323972,222.0,1.3161350168531891,1.5295797746542097,0.0218313196969189,0.7245605542093307,1.334776608139358,0.846784618556186,203.9794083355803,12.283151540929058,0.9627004554057726
TCGA-B6-A0I5,5.0,5.0,87.10218512754746,30.21470408450613,0.346888014809978,1650.4814193864802,54.62510619896603,1778.0,20.412805917513992,1.692069236747073,0.1516092105317986,0.6694887289928841,2.0050400207994183,0.059943582922614,103.75837873223662,13.996710135535306,0.9311540776047408
TCGA-B6-A0I8,15.0,15.0,234.27670122620356,64.77878148211838,0.2765054362771305,5148.365700458624,79.47611212600202,6009.0,25.649157464438044,1.7219384677741378,0.1293034208535133,0.6530835805165888,1.7352658491854125,0.1031798231136869,94.89668236280086,12.098935344920204,0.9646643510846228
TCGA-B6-A0I9,12.0,12.0,361.9764290967997,211.5127115225174,0.584327305648829,3528.134553531395,16.680484724228,1926.0,5.32078844140691,1.7762500013719142,0.0739689356949967,0.6985964363273832,1.7761223167486475,0.130915032463235,170.18470105021322,16.12914199568263,0.9752782988361997
TCGA-B6-A0IB,2.0,2.0,128.07748160652378,86.81244305404753,0.6778119148278571,1683.3186837527542,19.39029273378192,1112.0,8.682244419953983,1.6304660366971382,0.0225871512481677,0.6619961254495403,1.5043861328596722,0.5318191587139117,99.60456153022449,9.823754237392803,0.9863884315257524
TCGA-B6-A0IG,7.0,7.0,208.7430215871731,60.76467977560733,0.2910980176179515,4586.412466141004,75.4782627519436,5745.0,27.521878127077088,1.752983175327347,0.1571555396153596,0.6391296535742897,1.834556555199236,0.0384930194892161,97.73183273993644,15.084367700534427,0.977079101132485
TCGA-B6-A0IJ,6.0,6.0,31.654196566051635,13.794733713870237,0.4357947826944614,353.1555663273692,25.600752696826664,139.0,4.391202907644611,1.4783508042586646,0.0709273718074724,0.6356278448109873,1.6090501440893723,0.2411644684189349,214.9379926000261,17.255809339017585,0.8721881755493652
TCGA-B6-A0IK,11.0,11.0,29.42572436282249,10.029204069584164,0.3408311702346883,421.4595199585319,42.02322707109964,320.0,10.874838493501946,1.545943137324825,0.1071128228120465,0.6843562626813405,1.668675665471253,0.4255990489575435,142.08261565573622,14.386190472998164,0.843923467688179
TCGA-B6-A0IO,6.0,6.0,70.72908470307951,21.847736256011384,0.308893241694391,1050.4432386009717,48.08018672012041,1019.0,14.407085914906986,1.7762014686493888,0.181924164433044,0.724674456441742,1.893040725559048,0.0264744375061926,150.57263864660376,19.91856000410729,0.961913106734276
TCGA-B6-A0IQ,6.0,6.0,247.2285194223628,188.039855123004,0.7605912762910599,1274.0920683862114,6.7756490641453615,296.0,1.197272874066428,1.6599948170759105,0.0198511325943546,0.6815082947078871,1.4398176127009126,0.6181044056164431,207.4333124798993,16.95712989621814,0.973524034706155
TCGA-B6-A0RE,6.0,6.0,96.05973883813463,61.62003975854248,0.6414762365987197,892.3425639202812,14.481369493056429,624.0,6.495957698276388,1.6128514476430558,0.0386773613218883,0.728498201441078,1.551113400197905,0.7051396188801343,137.01784383132673,16.771056462080146,0.963038709139152
TCGA-B6-A0RG,12.0,12.0,403.7623822452413,199.92117998169,0.495145632116515,7654.892585137703,38.28955284196895,5815.0,14.402035097137963,1.7752694379990286,0.0663772798114975,0.6228140318038544,1.819175012503893,0.2017887471469148,116.38299143455755,13.54110085623986,0.98041339010475
TCGA-B6-A0RL,7.0,7.0,153.6782125938996,62.76812997952325,0.4084387039650858,2288.4090554136524,36.45813657600117,2751.0,17.90104110118472,1.7053257408621818,0.1367654991359101,0.7216582945091337,1.7133195422512075,0.1926081492703489,111.78299082077795,18.007414068036525,0.9509051093990496
TCGA-B6-A0RM,6.0,6.0,93.13395567946291,41.55032186142163,0.4461350487938517,1494.4957935681578,35.96833253308099,1491.0,16.009198676490684,1.659735122488832,0.1079439144031552,0.7065885188741782,1.6488876702686623,0.2941924494955902,111.89407011659756,13.49871233624008,0.953071362097289
TCGA-B6-A0RN,6.0,6.0,15.699242819230072,3.191755751100946,0.2033063497298959,490.6626112674712,153.72812004747695,566.0,36.05269416603354,1.671658502266258,0.1568603183457011,0.6135780024370847,2.075973603362877,0.0931899263713153,89.42633410819445,11.666277356821873,0.8988497033772621
TCGA-B6-A0RS,10.0,10.0,127.3889993557124,47.38028938542455,0.3719339159979036,2158.6861360726816,45.56084743409675,2001.0,15.707792746001113,1.7273604732744392,0.0977165241975742,0.5879637734569743,1.7909990727588272,0.2180528705786989,122.6527921749404,16.969770699212773,0.964682089949609
TCGA-B6-A0RT,4.0,4.0,67.58218918692573,30.30959319663988,0.4484849271870506,1275.853752089815,42.09405727792007,1062.0,15.714199447765916,1.6019413473086317,0.0430044423290664,0.654009865245283,1.6072218256975126,0.5963452789187322,104.7248822792719,12.557074502499765,0.9728500602493412
TCGA-B6-A0WS,2.0,2.0,70.36369851558335,15.922605428269454,0.2262900581433066,1138.216744502705,71.48432771447581,1832.0,26.036152712954244,,0.2135638204808579,0.7062877366386366,2.070887428288092,0.056838104895324,107.18002979439292,18.74156871022916,0.9622552581629352
TCGA-B6-A0WT,6.0,6.0,139.79493938845428,72.8238659902505,0.5209334923626358,1982.43510081352,27.22232710192733,1516.0,10.844455504840736,1.737958793130115,0.0836766089628004,0.6569370984910436,1.6745297878911842,0.3197062954197704,135.98048296577312,14.64101536520104,0.9677891186252616
TCGA-B6-A0WW,22.0,22.0,130.2638295003548,37.56241221308418,0.2883564252422187,3019.6074344811964,80.38907132352303,3207.0,24.61926700835449,1.6127977448414932,0.1212175713453999,0.6402984981472216,2.059004657948189,0.1265264387326245,104.35697090773486,13.167984149141672,0.9574893730341496
TCGA-B6-A0WZ,5.0,5.0,92.50535617861992,25.477857024611158,0.275420344043815,2288.7219326037834,89.83180690561687,3592.0,38.83018398485116,1.7318844705121743,0.1890307400544061,0.6926439972680688,1.8913297089388217,0.0297697237749212,87.78680484153405,13.672483282664576,0.9736052947764924
TCGA-B6-A0X1,31.0,31.0,364.71970256165935,246.8517821446531,0.6768260129925949,1952.8231594162096,7.910913757437941,788.0,2.160563288644328,1.5419183632188145,0.0473308967877634,0.6702094048787399,2.356623870404275,0.8444872990672265,219.0207759576341,20.54503447098739,0.9242952532469256
TCGA-B6-A0X4,12.0,12.0,145.45593257294956,49.19410241834234,0.3382062288430231,2826.7535270312515,57.4612278315963,2631.0,18.087952505343782,1.7614228647920176,0.1174258972816511,0.6201817928236845,2.172629570040816,0.176728227265327,118.30225126025734,12.370009322494523,0.9529656696662152
TCGA-B6-A0X5,11.0,11.0,73.41468647265539,36.99189178032308,0.5038759076373823,1353.60823117957,36.59202506370837,1000.0,13.62125274991766,1.6506834636416912,0.0451256771050145,0.6742795869768968,1.6226127250473623,0.4904002276281089,104.08740715370332,7.932881629373901,0.9538209345512932
TCGA-B6-A1KC,7.0,7.0,103.18618099436353,40.78673678292081,0.3952732467649787,2567.3955336907284,62.94682380096191,2428.0,23.530282607635492,1.2349952432132292,0.0951543293951479,0.6357848269072586,1.8835291702349384,0.244080399831269,102.13847220323169,13.271919670975397,0.9699896384998205
TCGA-B6-A1KF,8.0,8.0,63.60539069407989,48.66240653624348,0.7650673316400644,312.8411508726072,6.42880558403138,116.0,1.8237447916627096,1.4056021681676458,0.0338448661182321,0.7476725016988293,1.1028556169610786,0.9171931068412872,167.90742495117593,16.20911627275712,0.9291027394652625
TCGA-B6-A1KI,6.0,6.0,57.60319090595126,11.439565388466525,0.1985925642061028,915.0361056719968,79.98871238539752,1172.0,20.34609509590405,1.267324450320288,0.190646337961109,0.695230238645166,1.93345770878835,0.044245828811846,127.0855866656645,23.055965138117475,0.9600555574873004
TCGA-B6-A1KN,14.0,14.0,142.58628633274412,51.27075522936805,0.3595770431226529,2765.823317663032,53.94543741923973,3135.0,21.98668666272757,1.3273081456939066,0.1246147432773776,0.6849666623695502,1.806640514709072,0.1013611803709646,96.99910142507942,16.512021617555302,0.968867064704918
TCGA-BH-A0AU,2.0,2.0,122.14580091387285,75.31727886640925,0.6166178313368037,1941.164226593458,25.77315930434122,1705.0,13.958727907496597,1.7063798534490362,0.0426498991193688,0.5819836497843769,1.70631275671021,0.4471284700936105,102.18043079078902,12.148277975742513,0.9798496563720376
TCGA-BH-A0AV,7.0,7.0,55.27673351827075,22.862422064962185,0.4135993683021342,944.5421723589974,41.31417789747465,1026.0,18.561154661226023,1.5293040464751655,0.0914108175743312,0.6335529599809461,1.6001453254188438,0.2312661248324337,101.72552390811656,15.524792833829428,0.9469664212955444
TCGA-BH-A0AW,10.0,10.0,57.82470181565885,10.357376965428436,0.1791168244748937,1231.3320428097911,118.88454450579675,1401.0,24.228399905394948,1.5789649560260963,0.137900460927722,0.6612509608218775,1.8535161465390664,0.0949394129339687,113.20149288669496,17.13990569516659,0.9397919105366058
TCGA-BH-A0AY,8.0,8.0,113.58823051578686,50.447873350463325,0.4441294060254941,2512.8097951936256,49.81002425487867,2308.0,20.31900655129253,1.6551612717281523,0.0588602217251347,0.6252734293814978,2.300635852822222,0.2266413846123557,96.07521860407786,11.277930775821568,0.9564888803063736
TCGA-BH-A0B0,7.0,7.0,31.318597731622248,7.213853647028074,0.2303376961141615,622.8315779081485,86.33826084962777,985.0,31.450961133085787,1.647364661079096,0.2098798514713833,0.6706066769823764,2.1555430290222146,0.0407910372231954,94.9036631849498,13.639622605812011,0.9391946720089804
TCGA-BH-A0B1,1.0,1.0,53.79400489826084,36.76760639583454,0.6834889215884211,790.4835416153596,21.499456154559866,390.0,7.249878508536343,1.6030217613580826,0.0175868824853702,0.7369892332593545,1.416237081682949,0.5982358111642169,108.0480940368686,9.430411306712264,0.9407197705201956
TCGA-BH-A0B4,13.0,13.0,84.55020496186465,29.364899627497557,0.3473072553844457,2100.6587533645,71.53638459562193,1911.0,22.60195585406249,1.6065536593008825,0.0821087702252624,0.6185466100101336,1.826092766075193,0.1627739950692008,96.70339376017309,12.319792654506632,0.9610073551782656
TCGA-BH-A0B6,4.0,4.0,42.52128871642282,13.446996734456892,0.316241514318528,954.7315839678764,70.99961447312992,1291.0,30.361262298745483,1.820862005627612,0.196775893841866,0.6594318842015369,1.8961941251365984,0.036631730830519,104.35732552082928,15.145949303479387,0.9564705731061004
TCGA-BH-A0B7,5.0,5.0,84.76116940430163,38.21164652579564,0.4508154712157191,1236.102275994678,32.34883571845613,1385.0,16.340029399473,1.715387804405121,0.1229621728236802,0.6814900129593328,1.5971695738023572,0.2367932270006344,109.8955599137303,14.58155056179859,0.9716561046249368
TCGA-BH-A0B9,14.0,14.0,92.76339228804844,56.7859286646666,0.6121588189480522,998.744691812782,17.587890438678727,613.0,6.608210252774233,1.637679430177296,0.0419743163258745,0.6180229552520534,1.3586202497407571,0.6641567622538311,136.59123037610885,13.363802070656009,0.9400575399328852
TCGA-BH-A0BC,6.0,6.0,49.49511446619979,12.042120942599375,0.2432991836158484,1140.5841413670432,94.71621708533016,1281.0,25.881342306517844,1.586877724355353,0.1073238371118706,0.6170872915589823,1.7396760805309042,0.2035676030100297,101.42541022875793,14.2062226307536,0.963211376558194
TCGA-BH-A0BD,8.0,8.0,67.51061193101808,38.06093215202153,0.5637770279865326,959.3852688299912,25.206562598048077,626.0,9.272616290897243,1.5951636120361754,0.0393121304107773,0.7063352099295703,1.9084410045197584,0.4206210605281533,108.34164326209331,10.102687493405504,0.947305539351729
TCGA-BH-A0BG,5.0,5.0,77.82515871828036,29.27441085528692,0.3761561343068697,1742.152101108907,59.51109006841983,2298.0,29.527726481336718,1.759377591185148,0.1668975399365738,0.6204496044358,1.6910633425327075,0.0742665935526729,95.74652305791724,12.508522311975174,0.9734244384765148
TCGA-BH-A0BP,6.0,6.0,40.59349742722229,7.714595958824304,0.1900451167740684,636.5832964877175,82.51673838596365,1134.0,27.935508686658064,1.6541546356960226,0.2628128386502524,0.7165643832626111,2.066654595168974,0.0493358933147058,101.86026884581138,19.552608622375807,0.925491681314607
TCGA-BH-A0BR,2.0,2.0,59.807123402333,19.18766113905431,0.3208256817499071,960.864707659478,50.077218932314096,1092.0,18.258694581478608,1.7312334593150802,0.181651166318513,0.6526481705149154,2.058323352996084,0.0372376692620386,126.52590753465182,18.577814205077264,0.9271860419585654
TCGA-BH-A0BS,15.0,15.0,63.7392984554632,18.038320437111004,0.2830015527973686,1087.792878403482,60.304554528564616,1365.0,21.4153596458827,1.6069510879589053,0.1801883219416801,0.6955983767904946,2.0246863319044834,0.2077700815107122,110.52772508754126,14.854016528932194,0.9118475979280058
TCGA-BH-A0BT,6.0,6.0,149.77922163519096,68.05501639105044,0.4543688747215439,2809.92946317426,41.28908656825743,2960.0,19.76242076627631,1.7464971600040846,0.1009124270211141,0.632374005950725,2.209192018147435,0.1078406154362243,108.47909059883544,13.914506618246469,0.9737572075571402
TCGA-BH-A0BV,9.0,9.0,184.3556019663237,50.31380217411528,0.2729171320940175,4097.538772355166,81.43965662096609,7509.0,40.73106496309059,1.8032004526550405,0.2772371759220483,0.7774746829075456,1.793063467851795,0.0101226461684137,92.33984040851398,14.680291811407908,0.9881208110850086
TCGA-BH-A0BZ,5.0,5.0,91.31002358664789,15.426066765049448,0.1689416578718874,2224.6747420252905,144.21529323765762,3878.0,42.4706932237292,1.6844051839956824,0.2692449010531425,0.7613322224281244,1.971103026185616,0.0153060127877338,79.1151822834965,16.703851381042956,0.9790317601002968
TCGA-BH-A0DE,11.0,11.0,27.00506443298932,6.573378526788175,0.2434128066274173,422.3161185246993,64.24643230321433,570.0,21.10715200900204,1.5373491166245588,0.1492330522349245,0.7142715028889455,1.830712099153976,0.1946758888810647,112.09688520086418,17.78367091980072,0.9232421909247704
TCGA-BH-A0DK,4.0,4.0,128.61298357814317,67.24894371808877,0.522878342816994,2279.9321542801504,33.902869372012,1781.0,13.847746552881212,1.686565411412374,0.0351068985039165,0.583727689650647,1.515863074738169,0.4166148528200624,104.61593984920356,12.25194685963554,0.9757664026170412
TCGA-BH-A0DO,3.0,3.0,71.73947576033609,17.920921228236026,0.2498055782858715,1420.6212945943605,79.27166670182355,2005.0,27.948350315497297,1.7421263104148466,0.178636318706068,0.6529144761884543,1.8545029854797948,0.0241985712063957,101.7100507221358,15.539559746532031,0.9726108059056662
TCGA-BH-A0DQ,13.0,13.0,145.56363948209764,57.47795230097099,0.3948647650297311,2859.440416382044,49.74847401329115,2529.0,17.373844244331586,1.7009239952239823,0.0724946530255317,0.5790210268464052,1.823491348287526,0.1601586197251297,106.5261847327508,12.460004149090054,0.9645721156685992
TCGA-BH-A0DS,3.0,3.0,59.35313314342732,18.991233127625264,0.3199701872811465,1625.982151361965,85.61751311434108,1611.0,27.14262777176405,1.6851670487423436,0.0799062351553991,0.579337865383788,1.756464932346003,0.1411565080621649,94.12085347090265,13.019091016231272,0.927624725575827
TCGA-BH-A0DT,5.0,5.0,40.53558110362678,12.014727867293692,0.2963995467729638,738.5793553545936,61.47283263611347,1026.0,25.31109637671389,1.6814450548417108,0.1991863353704981,0.6829038109089186,2.011639896180197,0.1117388549243512,115.32753825232255,20.34360123954362,0.924697644103468
TCGA-BH-A0DV,12.0,12.0,16.21603550950203,2.206117014183357,0.136045398574186,322.28093464931175,146.08514987071578,580.0,35.767065239844854,1.5724185059333369,0.3069925717177041,0.7314677708686738,2.1733440155573365,0.1004806061870083,91.59302774991498,24.97085842175815,0.8788095443584156
TCGA-BH-A0DX,5.0,5.0,18.68374728661612,5.884109742301179,0.3149319915344922,336.13853059179013,57.12648902097666,367.0,19.6427405257668,1.6472768889237006,0.165624760771895,0.6228319640257477,1.8676877913652117,0.0979982573560053,119.87051401311044,11.19660010921452,0.909841609238004
TCGA-BH-A0DZ,10.0,10.0,110.32953313198593,47.67086912119891,0.4320771398911914,2419.933737020808,50.76336516685575,2395.0,21.707696316768512,1.691970833601882,0.0735505994122485,0.5944040947910608,2.150433703216082,0.198488073093653,96.1400386714792,10.645312788198927,0.9769319623127344
TCGA-BH-A0E2,10.0,10.0,99.04118844474684,36.202057725459206,0.3655252758366851,2130.99636987596,58.86395701693305,1866.0,18.84064629374884,1.7706877197334094,0.077195861363465,0.6701848627417625,1.784407257851336,0.088909778421014,101.7187254256008,13.611787723964111,0.95708362999638
TCGA-BH-A0E7,3.0,3.0,54.40320265392557,35.112060242118424,0.6454042874180836,974.5331118446552,27.75493961689154,520.0,9.558260812472192,1.6300910372978108,0.0207772369786486,0.6861669891477755,1.5402130710757087,0.3590385247035547,95.63002538339028,3.308593815553006,0.975710386653867
TCGA-BH-A0EA,8.0,8.0,46.2126554766369,9.992384129555388,0.2162261403612069,724.5256013387641,72.50778112060048,821.0,17.76569624775321,1.539823677321349,0.169099278697141,0.653864212436598,2.0123695892843365,0.1207956490182366,123.55834674480462,16.574353173229625,0.9210046466606654
TCGA-BH-A0EE,12.0,12.0,199.38773437674348,116.13347725775137,0.582450458252948,1850.4804637435388,15.934082983122147,372.0,1.8657115552409325,1.686492219563665,0.0376605039148232,0.631523978763632,1.6734237365514852,0.2543353135868088,243.2628874545233,10.789621672276368,0.8941879396806126
TCGA-BH-A0EI,9.0,9.0,43.54119195870505,10.467816215744518,0.2404117973084501,1041.0302948187534,99.45057052615732,1237.0,28.40987911339645,1.6529450602396176,0.1430533120197045,0.640660839039133,1.7700643451980231,0.1593848032864913,103.3584431186334,13.605539977892482,0.9391155581693996
TCGA-BH-A0GY,10.0,10.0,106.90922262656572,22.16019382539184,0.2072804691770837,2832.1128988729447,127.80181081393891,3579.0,33.476999570948706,1.682821690423784,0.1577713356487268,0.6485025735442215,1.909837947202368,0.0348192676410207,85.67937236373727,12.388018770613362,0.9610065054402616
TCGA-BH-A0GZ,1.0,1.0,50.736802841874926,17.59051343954312,0.3467012593277759,975.3240453182876,55.446024851428085,960.0,18.92117646813325,1.720113654344518,0.1038665053456252,0.6918251921613601,1.8353548503662525,0.1788133227039988,112.53004534844632,12.850097275896395,0.9691966128738913
TCGA-BH-A0H0,3.0,3.0,32.52193470722951,23.87147507567508,0.734011530696805,161.0616658619123,6.747034498342893,97.0,2.982602384305176,1.3773610870385862,0.056129649642631,0.8692918951019802,1.344408942540869,0.9340933936882062,141.33687262125494,14.92221214957282,0.9247448383305767
TCGA-BH-A0H3,4.0,4.0,31.089093464764684,6.051463588520347,0.1946490847466771,460.7742136308856,76.14260697279519,711.0,22.86975658540263,1.651144304841491,0.2362665263203822,0.7132364112611584,2.2273784420294067,0.0615234304021944,104.25758650743856,16.828216775176116,0.9464945797246048
TCGA-BH-A0H7,3.0,3.0,46.287988719354665,15.76319298236644,0.3405460772542766,1372.9399791810192,87.0978348559752,1359.0,29.35966840641217,1.695578556723395,0.0805974174088205,0.6234160651797744,1.9062516200622368,0.100546356391586,91.40130537020757,10.201944774998406,0.960858781824008
TCGA-BH-A0H9,3.0,3.0,113.9273953498044,54.5199905133407,0.4785503113271545,1400.4164067893332,25.68629219490895,826.0,7.250231583578621,1.732750816637482,0.0717262502009311,0.6448956588532794,1.5566918761279682,0.1716900765114626,174.16895405539233,21.99717633592707,0.9636389400652696
TCGA-BH-A0HB,8.0,8.0,114.41810186321128,49.13722966137408,0.4294532845870704,1766.0307955992084,35.94078884319875,1613.0,14.09741967165622,1.68109185399728,0.1632359892909018,0.709024095477786,2.0786343214885084,0.0578030685877155,129.09812552381874,14.04476665902124,0.9678207171114028
TCGA-BH-A0HF,6.0,6.0,51.82023314363848,13.876159320553231,0.2677749303460378,1200.465502081274,86.51280764001868,1462.0,28.2129182234194,1.7382460850822916,0.1630468902366291,0.6350739065256609,1.9149853780667527,0.0423617996212511,102.5526787124884,13.412791212672843,0.954671029647246
TCGA-BH-A0HI,7.0,7.0,72.32757441425423,26.212737137283277,0.3624169253506349,1239.5399312358502,47.28769547201578,1325.0,18.319430877234986,1.717254398610326,0.1303412948025998,0.6728633167820488,1.8258277272742,0.0867963867797658,108.32607050708972,13.527384169071924,0.9579012933912252
TCGA-BH-A0HL,12.0,12.0,123.58956184044588,50.89617024274769,0.4118160909774454,2473.5552948745544,48.60002792109917,1499.0,12.1288560107949,1.6598079087818156,0.0634066349948287,0.5840130118494535,1.7906572876413422,0.2678559223839777,128.98230318506617,8.952029525287163,0.9478461944363644
TCGA-BH-A0HO,3.0,3.0,94.51773262272452,54.841110441172,0.5802203345278595,739.4805224210122,13.484054507142998,511.0,5.406392915070228,1.5641327999984524,0.0504569213387175,0.7693434132746303,1.6018327875062706,0.6724545797639244,131.59857144417572,14.859384769896735,0.9635382283759168
TCGA-BH-A0HU,10.0,10.0,111.91507615383024,60.00972886108012,0.5362077293196418,1237.0688092709768,20.61447089912265,490.0,4.378319855016513,1.6715781872608206,0.0790409532919192,0.6050159602244892,1.4197090555096332,0.4638270483986069,221.1135386233531,18.571977515267847,0.9139982346645056
TCGA-BH-A0HW,2.0,2.0,120.64081691508572,85.3260690955653,0.7072736348894498,866.7101215021714,10.157623932393452,187.0,1.5500558167773506,1.7102490713876022,0.0496213343310944,0.6514921330891463,1.2687126214497877,0.5327985357884245,244.77036736732288,8.100867089714892,0.90072347240884
TCGA-BH-A0HX,8.0,8.0,153.13675342151856,74.85114741247092,0.488786302047546,2845.2648410011943,38.012307617974415,2785.0,18.186359170969965,1.8224864133560217,0.061024999121443,0.5850534637831417,1.767577814768443,0.3554610297857493,102.27851187744012,13.309644810853571,0.97017343238451
TCGA-BH-A0HY,10.0,10.0,83.39921089013811,33.67674305391284,0.4038016990145778,1461.5916502401635,43.4006236262311,1181.0,14.160805448815733,1.5975603576703274,0.127295325283904,0.6360478001300129,1.78198405512318,0.2647420751915393,116.49459537066876,13.35377570165833,0.910892062614928
TCGA-BH-A0RX,4.0,4.0,130.224804462235,94.3408368516318,0.7244459858566384,604.1570835233277,6.403982662073214,91.0,0.6987916040710191,1.7058172837791474,0.0229704549130537,0.4952261131592724,1.4016109239384902,0.5603062338917199,401.0654983837756,20.97502852131034,0.8834084260650518
TCGA-BH-A0W3,13.0,13.0,105.62000382079678,63.62353826960909,0.602381518349098,1182.8383842619376,18.59120722348982,1118.0,10.585116072300917,1.5995007445074652,0.0307549120899494,0.6147849203951287,1.605814974518644,0.8196192045707145,100.93125991085395,14.367153312531812,0.9675038132741234
TCGA-BH-A0W4,7.0,7.0,65.96097605863055,17.98385403210712,0.2726438434768137,1307.3071134146842,72.69337879859951,1907.0,28.91103367398521,1.7360343262482048,0.2134996078356206,0.6886095204426,2.170335932250941,0.054985857570337,106.09878867241147,16.303579281715216,0.9494361511730532
TCGA-BH-A0W5,7.0,7.0,56.767851883381184,13.05429156204026,0.2299592309544817,1358.3563133480377,104.05438754699756,2079.0,36.62284076330583,1.673774748898848,0.1943834987781609,0.6654233013654235,1.8309410604124627,0.0498532572875958,89.92480970074537,14.281122667554246,0.96425665409004
TCGA-BH-A0W7,7.0,7.0,54.75799257523703,19.892440147414124,0.3632792075071429,1237.851460398931,62.227230607495024,1332.0,24.32521605261265,1.6573265224433242,0.091918583536534,0.5930910627995909,2.020126449195076,0.336026327529506,96.74656024289824,13.050776801610487,0.960897409481926
TCGA-BH-A18F,8.0,8.0,56.42215672568023,16.025160430179714,0.2840224720244689,1525.2617014030127,95.17918451103505,1956.0,34.66723205052064,1.7123694407509749,0.1439457343705805,0.6151448225621664,2.065804099593257,0.0916918969852995,92.2717872485876,12.28011363388492,0.9485322507854989
TCGA-BH-A18G,1.0,1.0,53.506199403941366,38.43046940002805,0.7182433031712806,577.5706055238178,15.028976084361751,237.0,4.429393278539274,1.5950652871915914,0.0276199554706011,0.7079633706730364,1.8978436060352528,0.5159894046944551,137.77094044554534,6.020797289396148,0.9540324178661428
TCGA-BH-A18H,2.0,2.0,7.211871896587672,2.019720287287984,0.2800549311259429,148.74336870826187,73.64552886082545,111.0,15.391288363360992,1.5376187978923086,0.0819412370670171,0.6495681876680163,1.4578331983754915,0.4832186084886706,131.70525726107346,9.880457660328329,0.8474999908640585
TCGA-BH-A18I,5.0,5.0,70.52311606251725,22.75679479267374,0.3226856109491862,1672.454244359324,73.49252210587007,1852.0,26.26089292989041,1.6746761371460317,0.1101043436243657,0.581483723776523,1.899015880692192,0.2172791593513479,97.89262456141064,12.767188374956849,0.9651798817180908
TCGA-BH-A18J,7.0,7.0,199.4126691041522,69.07875355262918,0.3464110573463599,4233.888409363529,61.29074703320822,4765.0,23.89517186348509,1.7082298202673485,0.095482127089676,0.606217749229685,1.9432764642806404,0.167532256974885,99.94190721836596,14.175618059443014,0.9739172766080968
TCGA-BH-A18M,13.0,13.0,162.58272772092252,62.64777897197852,0.3853286253107714,3441.459542051163,54.9334644982463,4003.0,24.62131160003204,1.7642810303566543,0.1245449923382163,0.6162849329748868,1.89535604329748,0.129711380335341,101.79112409381548,13.75029185067075,0.9734375003081528
TCGA-BH-A18P,4.0,4.0,127.9773092095853,65.39776388455391,0.5110106181202294,2741.856168622136,41.92583974984695,1977.0,15.448051003809711,1.7688517165829285,0.0515599937264119,0.6391128218301083,1.6362864275614482,0.1668218751604658,103.69017330754552,11.277145114975571,0.980847564761228
TCGA-BH-A18Q,3.0,3.0,198.15601685729808,85.68860481335095,0.4324299921463375,3201.4996344773235,37.36202312373868,3630.0,18.318898701996734,1.744216806846711,0.1286289224425197,0.656588564082364,1.722090326649727,0.1108955148205579,114.608446167008,16.663488143503926,0.9845527823307948
TCGA-BH-A18U,5.0,5.0,113.995565091332,41.60848165932726,0.3650008807447113,1958.273433008001,47.06428485041871,1861.0,16.32519649785487,1.717897816685827,0.0887613082391592,0.5990142621596567,1.7363011331475082,0.2322799738934949,105.70321626586592,15.301804090629432,0.9634390076155874
TCGA-BH-A18V,6.0,6.0,109.20160923039076,64.5927580390286,0.5915000565857271,706.0116035851539,10.930197517786183,344.0,3.150136728060825,1.529558815648769,0.0615018973060962,0.7154155402294526,1.796667352175611,0.7576391900289093,224.83263415564585,24.87274659059454,0.966856219956578
TCGA-BH-A1EV,11.0,11.0,158.01705863772784,85.09518400270697,0.5385189721686783,2064.415213853602,24.2600710962436,1686.0,10.669734106779874,1.713358476086443,0.0883034264889534,0.6831376338714651,1.598463969192376,0.1789162730235903,123.78714770078808,13.59729786911261,0.9557440484476544
TCGA-BH-A1EW,11.0,11.0,164.5455576424423,67.02524031064144,0.4073354593764687,2942.6780141814206,43.9040278041975,2746.0,16.688387333841376,1.6631773300207928,0.0948305441792148,0.6094926293399516,1.8680302195705347,0.0888624096068327,112.0455432417472,13.426033550766808,0.9595824199795184
TCGA-BH-A1EX,8.0,8.0,131.6272336633907,51.31865340505949,0.3898786898180683,2404.884623781618,46.86180295495674,2519.0,19.13737704494967,1.7287754520584049,0.1282521490263712,0.6448174205781347,1.8431693083285148,0.0885729917021139,116.46994804030264,13.981159446867457,0.9735560848920276
TCGA-BH-A1EY,8.0,8.0,152.42759511207203,45.25960293496042,0.2969252575406927,2686.2777578316127,59.35265852181436,3840.0,25.192288818679117,1.7594787869662043,0.1450147147794922,0.6346767983962569,1.8707416109730612,0.1403661669042802,105.7706625179953,19.574853077820286,0.975059280514619
TCGA-BH-A1F5,6.0,6.0,122.31670417509886,83.56085277371216,0.6831516049851464,1510.9143186756903,18.08160482477767,1475.0,12.05885990754384,1.6152523910533882,0.0373822328188934,0.6806905461113381,1.511392744690002,0.6927898327150052,90.1500989830886,10.288416285521915,0.9691462827924252
TCGA-BH-A1FB,18.0,18.0,100.4680755596406,25.28912539003739,0.251713046648585,1885.3354760073305,74.55123286905189,3427.0,34.11033784523561,1.6842306497986328,0.2603508581711983,0.7303775169397946,2.1627380693891496,0.076313934710056,97.75251035074344,17.165809051766868,0.9350535235297326
TCGA-BH-A1FE,7.0,7.0,25.57432498873549,5.911214663055353,0.2311386386799658,332.67882113247657,56.27926578469467,468.0,18.299603223394403,1.4356731125757984,0.2880513568611097,0.7518274297491646,2.019845658558319,0.2790386242696324,101.84570364386104,19.790709561252903,0.8204327612961557
TCGA-BH-A1FG,2.0,2.0,70.76779779426671,31.907725750614404,0.4508791674339684,1134.2331722993947,35.547289743066514,1153.0,16.292721208478962,1.671856222071149,0.0933957795467565,0.6599155742450745,2.22314424652107,0.2660582794196701,112.4440483173406,12.897323649984449,0.9587064165293752
TCGA-BH-A1FJ,8.0,8.0,114.13782586050364,25.122355950262254,0.2201054362202952,2265.16771150834,90.1654174470326,2862.0,25.07494757695721,1.632555526161296,0.2065448796574799,0.7281050287422535,1.7096371364982328,0.0715110332193118,97.26101709757668,15.91897271373645,0.9558990177722816
TCGA-BH-A1FM,5.0,5.0,103.98163706851004,37.900572446414806,0.364492938512243,2090.334730565206,55.1531176348483,1836.0,17.656963784772117,1.7340487012009058,0.1431487529817344,0.6643612998383421,1.8043577188611064,0.2281604057383206,106.59809666874744,12.446367633071834,0.9665911027560594
TCGA-BH-A1FU,9.0,9.0,26.532717657926284,5.386931455945656,0.203029765943949,254.65552035603451,47.2728347183565,272.0,10.251494155508937,1.4124558757264176,0.2243896193691149,0.7214650364019922,1.9545675807623244,0.3241493923537227,158.2033166762863,34.05282570336221,0.8920510702133806
TCGA-BH-A201,5.0,5.0,49.37366564354657,11.270280110197955,0.2282650065231899,915.7806591198486,81.25624653208051,1326.0,26.85642199574696,1.2089397985478756,0.2051028409684895,0.6614836393494801,1.9988684807746449,0.0435052588774287,100.53035422183748,16.837571616772305,0.9546868306684329
TCGA-BH-A202,8.0,8.0,130.7569647810842,80.43749705230205,0.6151679735528582,888.7019817229198,11.048354490009409,280.0,2.141377329068332,1.3622391723104967,0.1210568298470916,0.7555559775833749,1.7454709457515567,0.1912816138158229,303.9071982304385,16.81588088804826,0.9170584940109346
TCGA-BH-A203,15.0,15.0,137.50624006064675,39.95377704777022,0.2905597377264384,2819.6005339386447,70.57156399925408,2545.0,18.508250962847463,1.3303455534898905,0.1262147112349854,0.6639368042997114,1.8269059390871576,0.0531332905587455,127.51685305108226,19.416284532808387,0.9624527414388964
TCGA-BH-A42V,1.0,1.0,33.76721615173948,10.316883667118292,0.3055295888401754,773.9456759103889,75.01738905684172,1129.0,33.434796488008416,,0.199301941029861,0.686686485846727,1.96409752068718,0.0490116515784496,99.07580746579865,14.502155012273176,0.9694983667336724
TCGA-BH-A5J0,3.0,3.0,67.01274634671195,27.584946772558133,0.4116373119501557,1195.1210661777257,43.32511771843068,1142.0,17.041534070122967,1.5833769344221704,0.098726290742276,0.5941589002804841,1.9070616170159709,0.134190437260478,117.74206367475624,15.912682136253103,0.9601866487691736
TCGA-C8-A12L,1.0,1.0,110.73786635322485,53.81046304092683,0.4859264930144628,1456.2784583416958,27.063109589562323,579.0,5.228563806287736,,0.0393695560069535,0.4908870737587533,1.9370977430251128,0.2482028236092188,159.04819434687084,15.350081433008752,0.97562090370641
TCGA-C8-A12M,1.0,1.0,154.23285416548072,137.9462467163664,0.8944024764552438,408.4990800767649,2.961291733559716,147.0,0.9531043226515123,1.3635369809372209,0.0224979372117458,0.8993005926849026,1.0310230583830466,0.9877019685528536,136.36646398583488,14.162009038268549,0.9744634931031496
TCGA-C8-A12O,5.0,5.0,88.99888576268195,33.70013623420541,0.3786579567306918,2757.233080272152,81.81667460066761,2122.0,23.84299513207809,1.7570383129144769,0.0579999582168651,0.5769655709891319,1.796168811258913,0.1755580766662537,99.23154733039914,10.810307162015013,0.976121114400103
TCGA-C8-A12P,5.0,5.0,15.162144222205637,2.3123805053265976,0.152510124652423,261.9502053349946,113.2816181124123,376.0,24.79860331689308,1.404268111298959,0.2256257796771146,0.6955750376283218,1.9216441345481243,0.0952802833819925,104.7322493224819,18.972174780421327,0.924632614603336
TCGA-C8-A12Q,2.0,2.0,114.73719429805185,39.28802577994912,0.342417522236869,2732.957390866324,69.56209523414397,3250.0,28.325601125974043,,0.1020222203175945,0.6293457443696687,1.8468499433498344,0.2713709059375863,94.2271973345818,14.33615740433021,0.97779339091758
TCGA-C8-A12W,2.0,2.0,106.34951943016928,19.35908086250727,0.1820326125236395,2497.1764331048034,128.99251007009764,3531.0,33.20184255574854,,0.1675994547728378,0.713864510189071,1.7904110854118411,0.0332584913220586,90.41932268057027,15.502420570420844,0.9793586667919412
TCGA-C8-A12Y,2.0,2.0,88.60291553432903,24.016159563031835,0.2710538295291967,2113.9602104629157,88.02240861677744,2449.0,27.64017397431058,,0.1259941424986387,0.6293675911421535,1.9094710227979288,0.0578863046874289,97.53929982557148,13.9968474786194,0.9750292968964708
TCGA-C8-A12Z,9.0,9.0,133.1014509462125,78.38204327069211,0.5888894727553872,1680.4621832332714,21.439377095973388,1027.0,7.715918892687503,1.2469414829948389,0.0385137186425758,0.6179038998396104,1.5198978913508383,0.4563207715480802,135.68712045035272,13.592605010024553,0.9771952945733192
TCGA-C8-A130,5.0,5.0,102.39357130099422,43.35932832721704,0.4234575254706056,2432.3891800826805,56.0984054394553,1751.0,17.100682960386187,1.182350117304482,0.0490658115618505,0.5878358406748918,1.661078165034794,0.2177279327456844,105.86777122636823,12.10178557245061,0.9660857817974928
TCGA-C8-A131,1.0,1.0,126.07470839551898,95.12224964667956,0.7544911335290501,818.7758598300338,8.60761664985091,218.0,1.7291334858066447,,0.0151276863965469,0.6933391488095441,1.5737879624054485,0.5995042761558084,170.7876619927501,14.964284385151103,0.9581215506724372
TCGA-C8-A135,9.0,9.0,166.39587876485547,78.53770532909184,0.4719930920890083,2743.182383760291,34.92822170275664,2180.0,13.101286018511887,1.4150407327951522,0.049146796799618,0.5899437094696351,1.9094093092322824,0.3490399413464944,118.41283427845283,14.676769933445506,0.973830774950389
TCGA-C8-A137,5.0,5.0,85.62151097161673,29.967611411428887,0.3500009643763827,1787.724947752327,59.65523655550785,1437.0,16.78316562851082,1.3159567564239658,0.0567884880525496,0.6157682286909671,1.6347903980394067,0.3932249056780909,111.34984291060358,13.266384541516045,0.978982053283634
TCGA-C8-A138,12.0,12.0,120.3546302111292,54.70329489644967,0.4545175769348279,2035.1205889978985,37.20288865323871,1543.0,12.820445688655512,1.3586722473011656,0.063462297546961,0.6143366424339435,1.781458016154423,0.225264149736021,114.9057287633263,13.45647964197916,0.9616243971938278
TCGA-C8-A1HF,3.0,3.0,133.3005113506465,59.76036742873637,0.448313114655179,2280.246191858997,38.15649551650043,2013.0,15.101217389217744,1.1931765221453172,0.070261119657843,0.6819534738017898,1.5324849787417305,0.1637318331625393,105.01765200985444,15.036405417004692,0.9814803024002112
TCGA-C8-A1HG,12.0,12.0,146.7539644497242,64.21023453997562,0.4375366265622971,2501.1776670142726,38.95294394941206,2295.0,15.63841909556204,1.556229250663209,0.0741324366686957,0.6511806184311228,1.626195592362101,0.3235410813590039,109.04681829426175,13.795642284900428,0.9625643345061988
TCGA-C8-A1HI,8.0,8.0,53.71778285183044,12.880827839212868,0.2397870343000196,1520.8263117484585,118.06898832376557,2177.0,40.52661678172406,1.3830845962361047,0.1771169949827788,0.6490566562501088,2.0586034518996903,0.024055678935542,86.86500003430801,13.472939335269,0.9588385162259604
TCGA-C8-A1HJ,4.0,4.0,131.35596043216333,90.48152424354817,0.6888269397586709,830.659430758486,9.180431449437222,348.0,2.6492897532405397,1.4661432651123003,0.0354408446006245,0.6978970077508171,1.40149356114095,0.814318745436349,171.7548024701305,19.47480209441991,0.9403539967192892
TCGA-C8-A1HM,2.0,2.0,51.13778290045527,33.06071504629915,0.6465027064363563,545.6387855776267,16.504143507286482,189.0,3.695897422223156,1.2875903153121158,0.0141532838699773,0.630600863647073,1.521305568191767,0.8347349758576682,146.00120903047193,10.651836036759612,0.9192504183242652
TCGA-C8-A1HN,4.0,4.0,92.58878671190114,57.3756169987491,0.6196821346982202,1589.5103430319878,27.70358605584393,949.0,10.249621295426456,1.115855943870933,0.0224265864946482,0.6045739638309172,1.5903142181569816,0.6524302781609003,107.38169886451573,11.507160948053317,0.9696395497434523
TCGA-C8-A1HO,4.0,4.0,118.88006295244077,61.45783030838156,0.5169733997614757,1689.5897441634777,27.491854751225294,1108.0,9.320318079266723,1.287118296266244,0.0980912297868233,0.7292519886719442,1.5677966115264386,0.1057665681198343,133.70876739717608,10.82097385477988,0.966696108457505
TCGA-C8-A26W,4.0,4.0,167.49935563432587,93.81461178678668,0.5600893891890361,2655.6712791862224,28.307650893677312,1690.0,10.089591053051588,1.397321251715846,0.0333271733721787,0.6283576784884555,1.4321760397509402,0.255091298102441,118.133842598083,14.063504620814449,0.9822983357915832
TCGA-C8-A26X,3.0,3.0,31.698574884352738,18.65211911151543,0.5884213779188733,296.2905554418762,15.885088105562902,122.0,3.848753467469683,1.3555684827267314,0.0627010949834963,0.6683359849542844,1.6011809764036615,0.5456080174643346,198.68392169398228,13.879505758654444,0.943578920965866
TCGA-C8-A26Z,4.0,4.0,190.8801158683296,100.70053223973404,0.5275590481577346,3881.493719492581,38.544917620217255,3083.0,16.151498997028455,1.8311157435030847,0.0603780517484333,0.6223286246526409,1.6201890107193435,0.2729389507416532,106.26340213393532,11.900053506889424,0.97482611276034
TCGA-C8-A273,4.0,4.0,114.6351897870624,53.2276858690103,0.464322394963379,4353.56341378108,81.79133363969463,3971.0,34.64032298787333,1.294790462218363,0.0581151333886903,0.6500805173479518,1.718456694529707,0.2496781968081766,76.63187691254588,5.7884226961075775,0.975330503446804
TCGA-C8-A274,4.0,4.0,138.63286243086117,55.41707764945573,0.3997398356907858,5508.5349990964805,99.40139813833328,3257.0,23.493708078229485,,0.0301537626434477,0.6213336464301525,1.7524829490859335,0.1802646158445765,97.63435612369562,8.57775810233638,0.961892008950977
TCGA-C8-A275,4.0,4.0,174.58992861351766,87.2242848805448,0.4995951689380062,2429.016340089165,27.84793642522545,1330.0,7.617850643287476,1.3945217621540853,0.0634207255245769,0.6272676410321892,1.6547613594738213,0.1198621757102997,157.9246667719476,16.990757769809864,0.9736555279572716
TCGA-C8-A27A,4.0,4.0,104.7353972443923,73.98193709985897,0.7063699479482337,921.3263810067356,12.453396290004578,484.0,4.621169277380233,1.4479458310918536,0.0353437161426499,0.8041990433445017,1.2800846137345918,0.705335645001109,131.1871868856562,12.482931057338192,0.9626168157566214
TCGA-C8-A27B,3.0,3.0,147.2874843431492,109.05333074949618,0.7404113882169691,731.3713349813977,6.706547429178604,159.0,1.079521459064119,1.3046186642687827,0.0169183037782263,0.5597403910519753,1.5167627262028671,0.8965705665996037,272.0370886442361,18.670234651435816,0.9313263825137232
TCGA-D8-A13Y,4.0,4.0,154.0697704595212,91.32986637349637,0.5986998672808057,2034.1291485932175,22.130077221355894,1462.0,9.383805394467831,1.5190662827926151,0.03720106054049405,0.6638548129368634,1.9690740521424241,0.4463547451012697,109.91434566322829,13.253236997868202,0.9727794521928058
TCGA-D8-A140,1.5,1.5,34.249134095377926,19.45509293759679,0.5766946529718002,573.7618523081771,29.304338993745493,258.5,7.227369822899626,1.4194302400892242,0.031489403205960956,0.6888241031694639,1.9169066054145127,0.48489196117406175,125.2138532731634,9.92468056980009,0.9270043392350042
TCGA-D8-A141,5.0,5.0,69.47630061629279,20.09038131280322,0.26445861588355485,1223.6710951250657,70.12051924511998,1535.5,22.961296508399826,1.7443973729048026,0.18818471047150956,0.6920112571025812,1.7229124476635742,0.0752114255519508,107.99160357394877,18.24159160629538,0.9522992942628183
TCGA-D8-A142,11.0,11.0,101.34897472294163,48.51392905631684,0.478681991494632,971.9609949588378,20.03467898529818,462.0,4.558506894252975,1.3276291461174423,0.0489730905218697,0.4863131318682641,1.6863067705336596,0.4107007645843159,159.9336296222041,19.943201285323926,0.9584351659409208
TCGA-D8-A143,15.0,15.0,103.93373702252838,50.95067990811206,0.4902227262074501,1048.421795211086,20.57718949191417,366.0,3.5214744556011386,1.1540271614774302,0.0968361575468728,0.7270519784044932,1.9188386448704644,0.2772182910038178,205.70685038119413,14.74178036195132,0.8831852666416824
TCGA-D8-A145,8.5,8.5,90.17654478296745,30.368515616368825,0.3257190720994299,3268.110687561121,112.68060144037705,2493.0,27.77402979423089,1.596229524637116,0.05516679437060305,0.5811446647571517,1.6795172516755372,0.1308971523380195,90.48336467448586,8.95193627364583,0.964951801667356
TCGA-D8-A146,5.0,5.0,49.53460487400025,13.22861045761571,0.2670579585981345,938.4905115313026,70.94399782488217,1255.0,25.335823374231158,1.352556658628682,0.1671189693125363,0.674895823915251,1.853566209698873,0.128971548268502,106.0337698334156,19.444564572029662,0.9600630913147752
TCGA-D8-A1J8,8.0,8.0,264.1938113466445,87.47872020794537,0.3311157054060056,6401.035600992449,73.17248795794644,5058.0,19.14503588944208,1.752065303493178,0.0802947447898833,0.6095880650986625,1.7685335039065062,0.0347124438006391,112.9787939746134,13.831567846421065,0.968162852260272
TCGA-D8-A1J9,5.0,5.0,115.31185038908193,44.980424619595716,0.4001062517765911,2693.9333033967823,60.26097609934351,2437.5,21.610865441532802,1.578758886842554,0.0566649932373647,0.5973082301665238,1.6566658829224088,0.24625242723641924,95.9478541207917,11.900646831475957,0.9744346009536831
TCGA-D8-A1JA,5.0,5.0,211.00912764288609,114.5932501630491,0.5430724795800673,3450.459761274764,30.110497401594547,1789.0,8.478306222978757,1.3335819799929698,0.027586913271254,0.6522001867406332,1.4995974245736936,0.3811300910680818,130.66191319100406,14.93633829251056,0.9802351639555364
TCGA-D8-A1JC,6.0,6.0,77.26429799784243,19.787442506427027,0.2561007220563834,1981.8139092468332,100.1551316499408,2573.0,33.30127972005712,1.6453069121511592,0.1548950420626413,0.6644205946222626,1.947369169054428,0.0737750990108268,94.92837786283788,14.914614122029546,0.9587629313182456
TCGA-D8-A1JD,7.0,7.0,123.89516987521617,31.767276628294496,0.2535858788280318,2881.0491091996255,93.08431381057757,3510.5,28.034700695961355,1.488055445039806,0.13334690737061644,0.6567490727585679,1.8813103885425158,0.07241135403904655,96.13037373198037,15.698503143165627,0.9633817957096309
TCGA-D8-A1JE,8.5,8.5,154.28413243859706,52.073407510838976,0.32199216933345776,4021.231075203827,76.03995365138215,3941.0,25.02710870953576,1.5611662337970307,0.0926332923069767,0.6192319921431344,2.016327111822993,0.1974918431529003,97.07200522021844,13.85794172314705,0.9584539996869759
TCGA-D8-A1JF,13.0,13.0,187.5050418458844,90.7179439566812,0.4838160246978573,4302.09123462471,47.42271536355591,2001.0,10.671713039293511,1.2816185111463438,0.0320933897789236,0.6033740512911098,1.6514676429636004,0.2572228228729275,136.0377020191302,14.577861771221851,0.9591723909540972
TCGA-D8-A1JG,10.0,10.0,126.07145032711604,48.46972128300575,0.3844623121035092,1368.3993089338849,28.232044103246523,554.0,4.394333519306258,1.233792243782574,0.0941123403755803,0.6425038014348177,1.9690926922198984,0.1255263334237526,186.97119935357009,20.00924317630116,0.9602198430185476
TCGA-D8-A1JH,9.0,9.0,80.18700694753763,16.99912753173105,0.2119935408345236,1624.9236677519873,95.58865093039974,2853.0,35.57933022573815,1.2273674461281532,0.2435161834632107,0.727074332134066,2.117066307539901,0.0350103871892884,96.0536765441016,19.1918056226781,0.9599100549924074
TCGA-D8-A1JI,5.0,5.0,86.87882001529965,28.339943194040245,0.32405363215282323,2041.4145235733026,79.29380925940865,2037.0,23.629495004774743,1.5452968899288897,0.09731013824350375,0.6446549911212004,1.862213752578071,0.0968942165931672,105.1459966923432,14.105587773490274,0.9563393165532509
TCGA-D8-A1JJ,10.5,10.5,147.42448099911127,28.522310553712025,0.1933538366965563,3626.0499421661652,128.24911698927815,5217.0,34.58021988863533,1.548251209157685,0.16634228085995828,0.6966585763107724,2.0826363093590516,0.05953935339994745,90.09023464731446,15.9573609061627,0.9616629612694585
TCGA-D8-A1JK,21.0,21.0,143.9432395080619,47.21151181718649,0.3279870036170909,2334.470423148417,49.44705927206921,1861.0,12.928707220708132,1.248776382031421,0.0913872147308233,0.5926080674602429,2.027652676874602,0.1271617270234966,132.87095541231605,17.636733252690522,0.9522183427049032
TCGA-D8-A1JL,3.0,3.0,311.00855129337293,186.86548307261864,0.6008371226305906,3775.708602926668,20.2054897503964,1546.0,4.970924412112596,1.3294540359542562,0.0335514784548949,0.6225699482030075,1.5517845246209316,0.1983890475544339,155.65575454546615,18.811205256656184,0.9725412212411452
TCGA-D8-A1JM,5.0,5.0,168.24502784368087,143.66722007954925,0.8539165877343655,458.7429665998715,3.1930941960585253,79.0,0.4695532522565847,1.1562587927470278,0.0312801945711798,0.7862638902686405,1.588767481317041,0.7678213870790718,257.7886555770988,14.921796066716906,0.9277462852289332
TCGA-D8-A1JP,2.0,2.0,90.14446123351571,22.584506204930346,0.2505368149733133,1568.070216378393,69.4312375993447,1880.0,20.855413347359555,1.1924367737009716,0.1687055168032415,0.7317834015733952,2.032457954072671,0.0222946675254791,113.1363333033411,18.531765303524036,0.9793677435005984
TCGA-D8-A1JU,1.0,1.0,62.26523319683302,14.471567845839452,0.2324181104420165,1402.5379798305496,96.9167953860491,1889.0,30.33795752484357,,0.1632789512671346,0.6524914301263801,2.139483313476617,0.0606122450386132,94.51397052817111,16.450683876362103,0.978930007754313
TCGA-D8-A1X6,5.0,5.0,187.49120801354107,75.003293316653,0.4000363222964359,5094.913565364913,67.9291980400771,6038.0,32.20417673965768,1.3133167476277177,0.084126471414213,0.60760499727886,2.228445177525238,0.3100244560156693,86.34390624316349,12.941310575363389,0.9812922777338584
TCGA-D8-A1X9,4.0,4.0,138.1236855414663,66.41264583109657,0.4808201111253923,2480.5545283107417,37.35063551931649,1847.0,13.372072955912472,1.37078531414123,0.0754607265324155,0.6887243470857735,1.8936293192508435,0.1707908914126676,112.37069427485096,12.97233962005596,0.956922530260118
TCGA-D8-A1XA,3.0,3.0,11.522440229921427,1.3949894983623008,0.1210671932790588,182.0835570879628,130.52682998813003,237.0,20.56855972093128,1.2259554017347187,0.1866772743935981,0.693055478428106,2.2127013170929084,0.1209496446049057,110.68743259035784,23.79794186445236,0.9007890939162176
TCGA-D8-A1XB,3.0,3.0,105.21656160914799,25.0826550087155,0.23619312115386415,2296.0589439328605,90.78926117260326,3524.0,33.43266078036845,1.5241441943735414,0.21073991999107464,0.6985990343444601,1.9785690473970243,0.02865874007246925,94.52111157230317,17.096190540428616,0.9730350980564717
TCGA-D8-A1XD,8.0,8.0,166.48804601656937,70.94333835351087,0.4261167095831635,2558.4423393231004,36.06317941473764,1929.0,11.586417440493117,1.3718854592730565,0.1238738020832484,0.6876715556540255,1.7965234075410557,0.065775211605742,138.92883102321056,20.236304909274114,0.9776380636386564
TCGA-D8-A1XF,8.0,8.0,107.54297670954418,51.505772771257,0.48311176267565525,1230.3864959546863,23.76588281789717,632.5,5.856553933080587,1.4628319583023828,0.08253420961971045,0.7187186643827326,1.7148047380674956,0.20941179227743145,154.26247824087196,15.280039288869453,0.9616928982098696
TCGA-D8-A1XG,11.0,11.0,114.83599936783315,35.669420089859834,0.3106118315355666,2745.7667251426883,76.97817116806056,2197.0,19.131631301111,1.207275676598022,0.1188194519735746,0.6450256471061615,1.915565492064606,0.1503177700028518,118.29646708136345,10.551377447746043,0.9700041293573944
TCGA-D8-A1XK,16.0,16.0,104.48020541805894,63.69673595990067,0.6096536248663518,822.6067557952391,12.914425572969687,215.0,2.0578060613464126,1.333103155547279,0.0458098985982211,0.6396384448690984,1.6152560444210613,0.3657558480880315,233.04768582304885,14.12160884354232,0.9340082687889628
TCGA-D8-A1XM,4.0,4.0,56.72327665909764,14.951855436669502,0.2635929430968693,1488.9798793858783,99.5849569100399,1782.0,31.415674568831378,1.416145108213858,0.1509420081695251,0.6381427817548866,2.1815963737833104,0.0613020080542882,99.56366628051391,13.247358879390909,0.9499867211923728
TCGA-D8-A1XQ,3.0,3.0,92.28155762545542,42.913152686349584,0.4650241477340668,1028.3931457964202,23.96452093168037,807.0,8.744975927642914,1.371226840943153,0.1323348635036809,0.712671183777798,1.8999701032929812,0.1992278549318586,146.1824914006348,16.51391065185149,0.933348731860156
TCGA-D8-A1XR,11.5,11.5,221.89490552779364,100.46646006306234,0.4589975512883243,5229.776873779345,50.57420186787247,4405.5,18.885808948239934,1.4633773691177303,0.0439062748664613,0.6322783827916578,1.5746000004858445,0.14129140584650068,92.46111360619139,11.118809363235368,0.969301022420807
TCGA-D8-A1XT,7.0,7.0,156.44131220066558,69.88068962540503,0.4466894878494103,3253.8346395665835,46.56271506490194,1738.0,11.10959743018958,1.3459149934400207,0.0333862595617757,0.5931822363900128,1.9284660746349356,0.3575684778881037,133.46211986952227,15.026447135809144,0.95500099800562
TCGA-D8-A1XU,5.0,5.0,90.99575581956525,21.140780970158417,0.232327109981682,2091.312569117185,98.92314631466114,2844.0,31.25420492840727,1.283722570678485,0.1726148707265319,0.7005935586663821,2.1058374052934314,0.0674880989128384,97.29818155869124,18.26586435998916,0.9486475602315232
TCGA-D8-A1XY,5.5,5.5,63.67539274590518,20.786547593427038,0.33025765382966077,1518.2047242827189,56.374850241375,1323.0,15.565118776352625,1.403466824436647,0.06721971969903784,0.6077624390080382,1.8665005937409656,0.4533121803756447,151.56313054719686,16.810739595608663,0.9049348906031645
TCGA-D8-A1XZ,5.0,5.0,78.38243533348239,32.40475461370606,0.4159317650421856,2137.190237997362,64.31285065731403,1906.5,23.187073689168336,1.5159345900927115,0.0768782203447563,0.6058492411695786,1.7092574446321824,0.2158443656481192,98.16241452199931,9.637868070070375,0.9535821056164896
TCGA-D8-A1Y0,4.0,4.0,26.128172322785005,7.136969818184459,0.2714750102922089,737.6291300712273,109.31496943231679,703.0,26.933810828743994,1.6110334504093378,0.0879289048633448,0.6115845725144985,1.7805460236619992,0.1690213311173825,92.75413023609664,11.274276888934875,0.9340963009817952
TCGA-D8-A1Y1,11.0,11.0,190.79629629288604,88.19881249759615,0.42597731954209683,3738.7593522459397,55.260374374320165,2542.5,15.4067439722144,1.5957560647465745,0.053335317396503504,0.6226089629425381,1.834670285345518,0.34903186708961853,112.6618950919246,10.028500583871814,0.9538631466693437
TCGA-D8-A1Y2,8.5,8.5,69.18891902073645,12.383824154913446,0.1772126723275885,1378.0700159990683,113.6389807379422,1513.5,21.84035889494421,1.4441303838792714,0.13519951213276843,0.6413870015510741,2.139495260898941,0.06658991162907921,104.46026828737571,16.276355394389928,0.9511882083349217
TCGA-D8-A1Y3,6.0,6.0,204.68488415569814,118.21343798807146,0.5997552186015753,3878.0373826717223,29.629518019790567,1749.0,7.702600116875465,1.6463524117337163,0.02507759566846155,0.6901216209731388,1.5702982844189468,0.3325621739009371,131.48356604618928,10.335158307181914,0.948266017750964
TCGA-D8-A27F,9.0,9.0,188.25128554239376,81.32017810395442,0.431976747832839,2752.719827225373,33.8503910272611,1733.0,9.205780428042456,1.30740530061927,0.1099079988388891,0.6363226383012421,1.912588497510868,0.1118397281871357,157.00384740429172,16.839544518947868,0.9587780442786386
TCGA-D8-A27H,11.0,11.0,88.19543630913715,25.93034862143874,0.2940100951544623,2391.732971926257,92.23682283811702,2100.0,23.81075583819565,1.319820436242601,0.08844348977403,0.6095748115485335,1.7994231695349747,0.107981822036217,103.07709152793583,14.348524350129392,0.9512317075819388
TCGA-D8-A27K,13.0,13.0,175.96426445297666,55.12903752134408,0.3132967804157551,4393.86209912404,79.70141139182572,5018.0,28.51715384143223,1.3581792717392729,0.1346610510482435,0.6430560203977412,1.854463171946699,0.0522898996044243,96.24678402417044,11.897203503218591,0.9640942629395084
TCGA-D8-A27L,2.0,2.0,55.70650224059565,12.02975457520746,0.215948840644331,1077.843807254758,89.59815435271838,1951.0,35.02284152707447,1.3640141542291744,0.2530205050790095,0.7804046654870154,2.1755919418807315,0.0369507749696705,80.27695733724278,15.864861486625951,0.9590616613989184
TCGA-D8-A27M,4.0,4.0,56.77670132176246,22.445899895739903,0.3953364562082511,1085.2384244566824,48.34907174573358,905.0,15.939636839259528,1.3383281688818938,0.090170899493851,0.60509042612869,1.8856404715881383,0.1509988701370243,108.3701305485834,12.226902090517717,0.9768757925212146
TCGA-D8-A27N,7.0,7.0,64.45420906123516,15.05062248374054,0.2157268929384667,1385.5880984336268,90.2369916160262,1772.5,26.248583856624485,1.4893118762748854,0.20639269401936033,0.7334080244125576,1.7498005043051768,0.07998817353692325,103.93278913003259,19.123993462532503,0.9326037548805676
TCGA-D8-A27P,4.0,4.0,53.17175613257785,11.669087294999503,0.219460257545452,1079.818917774365,92.53670749700318,1237.0,23.264230673812584,1.295450793545445,0.1253362887803648,0.5778240302077532,1.892396605595439,0.0751652368627568,100.4630628205412,13.91113854016675,0.955843810036878
TCGA-D8-A27R,22.0,22.0,229.17002838411176,96.19161318348833,0.41981821163703403,4911.320701516686,51.06562060435747,3557.5,15.513314564448152,1.5219807414154334,0.08178538051070405,0.6496828959655186,1.832393202431513,0.0879826102938078,116.08183003930844,12.43712821007168,0.9704506622269375
TCGA-E2-A109,6.0,6.0,125.27329616357808,71.47956760908232,0.5705890225459261,2069.9557094352026,28.95870496525206,1356.0,10.82433400833787,1.233579434766219,0.0555479129465349,0.6691429303713112,1.6276212101787324,0.2371515315550413,113.88976689056766,11.027523278450968,0.9514314138314464
TCGA-E2-A10C,6.0,6.0,62.62273341733921,26.92114867139348,0.429894180632164,1155.946407636667,42.93822755285996,1107.0,17.677286499498116,1.2477940198361148,0.0666206253052885,0.6650866807033801,1.624777201223922,0.3017593310818195,106.64356870389008,14.56895455056354,0.9622150383908252
TCGA-E2-A10E,5.0,5.0,145.3571306443492,72.07168784827765,0.4958249212047132,2893.993966153666,40.15438034760589,2016.0,13.869288634574271,1.2875727876641303,0.0363145194696493,0.5843674241449875,1.8544799636670328,0.2105329806185278,110.14359306024453,13.388678245162245,0.9722496483007336
TCGA-E2-A14N,6.0,6.0,110.7774326370552,96.92833319218342,0.8749826646529516,300.676103439686,3.1020455375367315,101.0,0.9117380462400728,1.0853337235466074,0.0358795856907012,0.8270394893250058,1.1370092208624731,0.98323765201318,155.17862654172254,14.048251639780675,0.9628759902817378
TCGA-E2-A14O,2.0,2.0,44.72309087710648,13.753095129629502,0.3075166510163912,1227.470104308315,89.25046273139407,1674.0,37.43032887865342,,0.1504122339008037,0.6719989650497135,1.7295994049112444,0.1191187668047909,88.64328024888819,12.79055321562742,0.9676646817638512
TCGA-E2-A14P,7.0,7.0,126.12716009589376,39.46065002276662,0.312864017494447,1748.9175836139386,44.32054673719033,2099.0,16.641934999599947,1.2455898032818895,0.2096666663731982,0.7254024966531097,1.8899291560145792,0.0469483559891778,131.60639615292993,18.773816388416677,0.9612943292381972
TCGA-E2-A14Q,15.0,15.0,114.18778686028053,45.48867381879674,0.3983672428510802,1487.478561022689,32.69997641496499,1335.0,11.69126783789494,1.2777690133872397,0.2377617190631287,0.7509042525012819,1.7627035988797832,0.1217723075240694,118.497973184488,15.420960913274572,0.912461732838294
TCGA-E2-A14R,4.0,4.0,112.45899407807798,64.61666580258992,0.5745797953494755,1043.5721348952509,16.15020091075982,719.0,6.393441501893686,1.0918467375539171,0.0759720697150191,0.7162381954264959,1.434722979668748,0.4116349987537583,148.74173064623173,16.511883122819306,0.903278024314658
TCGA-E2-A14S,5.0,5.0,36.715435297883154,15.172481009123793,0.4132452982247106,706.9787450633908,46.59611995152655,538.0,14.653237681510442,1.2410614591662872,0.0621080470233222,0.6032566827195283,1.807432439500415,0.2535784971768921,107.3887005094764,11.249603593328883,0.9447080043001052
TCGA-E2-A14T,13.0,13.0,100.3007558277917,23.247848180312296,0.2317813857776602,2203.430320002772,94.7799685765658,3638.0,36.27091311501333,1.4160009424035696,0.2184284457861062,0.7521009265721642,2.0185543057367004,0.0328801425564577,92.17105672474727,13.673730180300208,0.9331459895257233
TCGA-E2-A14W,4.0,4.0,39.53291841941248,22.683273958850723,0.573781923160831,548.1115880222459,24.163689466369107,334.0,8.448655281568858,1.4211478235724346,0.0495294536274979,0.6550675179329992,1.6637067983139775,0.4288743032490982,120.97276340863192,11.82157210141682,0.8695811916582383
TCGA-E2-A14X,10.0,10.0,157.12652498481347,70.96271551787882,0.4516278554797636,2523.925428405135,35.56692285499193,2559.0,16.28623811445796,1.216150462331159,0.1210460159608216,0.6695521809436964,1.752020473979241,0.1293303345005821,114.06714635503958,14.166718460341263,0.9659687400003748
TCGA-E2-A14Z,1.0,1.0,81.63458681915236,29.38211965680092,0.3599224397606377,1779.46927377736,60.56299867274811,2090.0,25.601893528658906,,0.1062949355300688,0.6611613683398927,1.806480789895383,0.2604444599519777,100.26357841335007,13.768169813014364,0.9739254380951856
TCGA-E2-A150,4.0,4.0,150.84624443943355,86.4290264037953,0.5729610751993068,1437.8235368434314,16.635887232212223,710.0,4.706779427213867,1.2567381940148803,0.0492791809365326,0.5802602523482384,1.7979808783278948,0.3697078539942148,188.9063809853504,23.055248656002743,0.9651910197880365
TCGA-E2-A152,11.0,11.0,140.78259348670176,45.1641544912103,0.3208078028160241,2303.1239559105475,50.994510621443695,2235.0,15.875542172130228,1.2687977399500212,0.1296577398738705,0.6512670658934644,1.7960010812125855,0.1004080700233237,127.28329446232432,20.00533160341261,0.9511382102371336
TCGA-E2-A155,4.0,4.0,133.1753395197445,42.09483126762729,0.3160857814924987,3211.7781752344085,76.29863521283198,3096.0,23.247547264867222,1.1812617135764052,0.0808525068702113,0.6223676910955742,1.6823305996807438,0.1298474757839673,94.65857047938256,12.365640987971974,0.9717047993432226
TCGA-E2-A156,2.0,2.0,115.80636197816096,71.5118674577755,0.6175124253645182,1155.5657272354415,16.159076364741146,822.0,7.098055633204458,1.5721205199906811,0.084978496054957,0.6976843739262041,1.526571892722463,0.3641554104274322,125.7134544820722,15.647453493286134,0.97854799527702
TCGA-E2-A158,1.0,1.0,21.30169711234065,5.529257834114766,0.2595688881010103,509.6521333467099,92.17369647735104,895.0,42.01543169447762,,0.2364601400330884,0.7007002695110568,2.03313033204959,0.0190201314949733,91.01785539112642,18.050277006184697,0.9491531219202044
TCGA-E2-A159,5.0,5.0,166.05385716872485,116.02876945211791,0.6987417903471091,1198.1490473631063,10.32631004379954,359.0,2.1619491779418616,1.3533407678911518,0.0433255876993405,0.6970744068954909,1.589272049477777,0.4344084944088521,238.30016392228308,17.47817863647113,0.9619047012947436
TCGA-E2-A15A,16.0,16.0,128.80787614257216,38.47141651141486,0.2986728580854204,1797.689371409079,46.72792255714542,1381.0,10.721394074314428,1.2329640848298622,0.1581573819795929,0.723522902991328,1.624467729968098,0.1082900344164093,135.28606940200197,12.148456856911611,0.9517103541782818
TCGA-E2-A15C,5.0,5.0,107.04158590905917,26.16317595884616,0.2444206682538688,2448.050294937269,93.56854453709956,3684.0,34.41653044200847,,0.1752554817410213,0.686491015235722,2.2519407675941325,0.0783016527362087,86.68919241353954,14.581952222079918,0.9675145977872932
TCGA-E2-A15D,9.0,9.0,123.15033675147848,40.963239172590114,0.3326279103503817,2448.570578997638,59.77482807648813,3433.0,27.876497056828267,1.285438286371225,0.1862892237851901,0.672298314849889,1.941284657364458,0.1152053080158526,97.48501085796585,14.27646119372316,0.9714100643533524
TCGA-E2-A15F,7.0,7.0,26.830207954558325,11.73807626471616,0.4374947926082666,492.4602432998136,41.95408448487549,523.0,19.492953647090346,1.4873685527540523,0.0678453872252418,0.6372194947116757,2.038090935356793,0.4117863777964952,92.05561542930498,12.972890904616452,0.920687135144592
TCGA-E2-A15H,10.0,10.0,47.79088639486611,10.938768238542146,0.2288881639097875,1120.2732639508604,102.41310900103352,1638.0,34.27431720906438,1.3366194192618772,0.1934682577684133,0.6915359641047925,2.031505316719053,0.0877740748064244,107.32803627898724,16.19012926291012,0.9197856136290632
TCGA-E2-A15I,1.0,1.0,1.1332070243666856,0.2264288252683464,0.1998124088534401,18.320643846299888,80.91127012909082,13.0,11.471866764385172,1.525233137000694,0.1089544644078743,0.6173453993858233,2.453822505648892,0.3043165879101326,126.89150138996702,8.5,0.5581736099888672
TCGA-E2-A15J,11.0,11.0,108.1276992305207,74.6672313210571,0.6905467503000484,1032.102491346182,13.82269669151528,414.0,3.82880615185736,1.2216024138775483,0.0462232696291462,0.6995703190308148,1.750273020245724,0.3640333817468875,178.96652109090013,11.563736721420655,0.949426555389812
TCGA-E2-A15K,5.0,5.0,28.302057257467588,12.142033893665923,0.4290159469047859,364.3520710157663,30.00749909006893,220.0,7.773286514073188,1.2627453223449117,0.0767713286036045,0.655834648357119,1.942245165163252,0.4077255107476252,193.2960898697285,11.418922320432806,0.8591227662852435
TCGA-E2-A15O,9.0,9.0,70.62590426632097,30.379885695323967,0.4301521659923168,882.7976883300456,29.05862441957524,619.0,8.764489551395089,1.285804855463905,0.0712001878822058,0.6430078356904037,1.9600220360120728,0.332041454759758,128.13671321698232,12.993097987305468,0.9032164473278352
TCGA-E2-A15P,6.0,6.0,57.63178187610423,21.778736487156703,0.3778945536332062,1395.9115341084976,64.09515698634264,1341.0,23.268411219400743,1.3072286928447745,0.0892331664698162,0.5400866462068118,1.711242564997755,0.2707499560561981,101.90890673769816,12.773233915395524,0.9600179889939592
TCGA-E2-A15R,21.0,21.0,56.85684433761008,21.315419791862062,0.374896286281618,1115.7544240687594,52.3449425328578,1116.0,19.62824375854043,1.3204271827196838,0.0897395054783141,0.6813055577913153,1.8037506365025453,0.3188933001533229,112.65837046005412,13.96126213994722,0.9216030951877138
TCGA-E2-A15S,7.0,7.0,28.503361651658576,8.83129175740704,0.3098333405489088,363.4710991818488,41.1571839280472,351.0,12.314336964516457,1.4162142702690683,0.1713271892920758,0.722894897036546,2.075408977576392,0.2468993048178532,123.4897806840515,10.963449509195652,0.802719608432056
TCGA-E2-A15T,14.0,14.0,117.86112401230297,43.82962732047929,0.3718751852044454,1274.1915309258582,29.071466239241676,932.0,7.907611672723509,1.4753079759367014,0.1787137957855378,0.7198674758473049,1.704335088111553,0.2254590444242884,138.40730975458118,15.54049022078809,0.9530301772648804
TCGA-E2-A1B0,16.0,16.0,147.47379532732094,42.622178403621206,0.289015267485457,1965.861773640828,46.12297745611723,2127.0,14.422901338363758,1.3781873269781744,0.2141978260272962,0.7356140411947184,1.893141859857623,0.0822611629389299,159.485139191365,23.33564878971537,0.9307417334584736
TCGA-E2-A1B1,3.0,3.0,25.29990718673408,3.9042964035430017,0.1543205820766886,594.6335120609742,152.30234864375737,981.0,38.774845803165,1.3054854637587627,0.2155475083227433,0.6938526022284425,1.9463720768595176,0.0195376748818887,91.94505902670396,20.11078017709185,0.9546692764477794
TCGA-E2-A1B4,13.0,13.0,22.897661719739908,3.8203516245597178,0.1668446180802043,217.91602455796271,57.04082921505341,232.0,10.13203893216723,1.147457823442051,0.2186398404527503,0.6827381210921563,2.200047585970003,0.3505861182748684,177.40886167397343,26.594580721883407,0.8176279733380424
TCGA-E2-A1B6,7.0,7.0,60.092858770973145,24.53448738788674,0.4082762559423736,776.4469630346849,31.647164693485102,447.0,7.438487852668376,1.2650795213193895,0.0922139314876926,0.6406839091908695,1.921620612629219,0.1996889766355297,162.36924444229592,14.040604487497568,0.9259973668678756
TCGA-E2-A1BD,9.0,9.0,137.9991752559272,51.00601646934683,0.369611023940928,3565.3686151613388,69.9009423193051,4645.0,33.65962145342961,1.3606874698559506,0.1517199422928303,0.6426579018020325,1.9782202582591344,0.0497038235322008,92.56300751074508,13.223428720927256,0.974639611722874
TCGA-E2-A1IE,10.0,10.0,58.017539824903,22.313789324928237,0.3846041971491945,690.4120500561834,30.941049052788077,692.0,11.927427500174202,1.3597066534085005,0.1365608995565279,0.7238601316871993,1.8217143725817329,0.1415207886028346,132.0347190188406,21.164606317290986,0.9469694979756016
TCGA-E2-A1IF,9.0,9.0,153.47266340916343,86.82480044482483,0.5657346299734625,2430.5746985890128,27.99401422331615,1623.0,10.575173219435346,1.3526016454348793,0.0539762557240749,0.6396033254889104,1.58017347120186,0.2989129037393493,125.71349172145688,12.607851023751818,0.9657554287613606
TCGA-E2-A1IG,24.0,24.0,181.1064885895859,60.73477728755412,0.3353539553471666,5329.368890245974,87.74822479406834,4753.0,26.244228116922976,1.5064307254169516,0.0743527358413933,0.5995762611672543,2.080816449134563,0.0635351536481618,96.7641048452915,12.161814197589091,0.9500981860842646
TCGA-E2-A1II,4.0,4.0,66.02618116617293,45.717331059493645,0.6924121651748038,701.4177918674969,15.342492127432289,377.0,5.709856201605488,1.6560196893550927,0.0128288574305488,0.570197299167596,1.2194566952777797,0.9372900078139542,118.00386428637144,13.07147040099991,0.9668449198477964
TCGA-E2-A1IK,16.0,16.0,65.6052849671647,18.766675175147025,0.2860543199307754,860.3118738487057,45.84253022016542,723.0,11.02045361683681,1.5702466309638914,0.1411194412990729,0.7260746994812066,1.8391886246210405,0.2358868380718394,139.91639915588556,17.534133429038885,0.9024258814036936
TCGA-E2-A1IN,1.0,1.0,31.75804984212854,8.97979815818789,0.2827565988096589,779.1099460158542,86.76252319830287,1096.0,34.51093519433,,0.1916552283085472,0.7039668663751375,2.073307345840085,0.1003791432744648,90.90733832866157,15.15132007450176,0.9589322330579884
TCGA-E2-A1IU,8.0,8.0,68.12111109362225,17.679107264994595,0.2595246463419735,1181.9446823497913,66.85545059676703,1169.0,17.160612638766047,1.2819200583421928,0.130966986327488,0.6566127243621641,1.806192334266614,0.0961882166159201,107.70950293333055,15.50287263462716,0.9634317259438008
TCGA-E2-A1L9,3.0,3.0,75.67184643766392,26.552022507985058,0.350883766657627,1287.8432672114047,48.502642946468896,1364.0,18.025197800923493,1.253041449541479,0.1636489112963595,0.6426831600914217,1.7930013811707617,0.0573340345175015,121.617377045895,16.183403391398443,0.938019396189685
TCGA-E2-A1LA,14.0,14.0,57.84962646311845,24.01960542788603,0.4152076149221039,1012.4871250530545,42.15252944486705,759.0,13.12022300582864,1.2991196354675636,0.1006533576462331,0.6528573418556182,1.7671198306203797,0.1884634709325381,117.88094699012896,12.523395028785291,0.9117306115978572
TCGA-E2-A1LB,2.0,2.0,85.13899066998681,46.33106913284215,0.544181564383694,1359.043422000387,29.333305866602984,1471.0,17.27763024231572,,0.0557512418841402,0.6968123584180029,2.023971755349908,0.4619401515733637,93.69684825605556,13.755679797411902,0.9677571382946224
TCGA-E2-A1LE,11.0,11.0,40.26217345981623,7.021483444280456,0.1743940488281952,1053.9118575025482,150.09817595753805,1030.0,25.58232483469861,1.4549461477519454,0.1046069838344341,0.5908715756135567,1.8327297591613676,0.1049365201540578,101.88587730765832,17.018661373526328,0.9413431423402936
TCGA-E2-A1LH,4.0,4.0,76.20907418619043,29.864878097812426,0.391880867425944,1244.5002362644746,41.67103017090946,1384.0,18.1605670293104,1.2182208204293818,0.135307654296449,0.6876147336723654,1.7873530592438225,0.0721381653949273,115.37252139111833,18.87725533364728,0.9831248916910458
TCGA-E2-A1LK,5.0,5.0,172.58932643770268,124.99831370933248,0.724252862499301,1289.6273557160553,10.31715802754682,743.0,4.305017090776995,1.5156222059215494,0.0217398589222279,0.7165854309834218,2.1725059852537205,0.6178934000646441,129.26190844915087,12.077744826952062,0.9600208437523192
TCGA-E2-A1LL,4.0,4.0,73.40705575222982,54.45888328179114,0.7418753241596521,569.2723013965239,10.453249627813532,224.0,3.051477786495963,1.2169411321768455,0.0150350366159257,0.6951797854005756,2.187525786432778,0.9429735170601238,147.16014487392346,11.55013432064753,0.9535530749472106
TCGA-E2-A1LS,3.0,3.0,35.15548332462725,21.41758059244717,0.6092244670532989,469.71687301824505,21.931369464947363,358.0,10.183333185728456,1.284476726881104,0.0419499433799022,0.7807258230052745,1.5294954277829025,0.2951610991207444,100.4141994427069,12.396961954544668,0.9551233796727512
TCGA-E2-A56Z,10.0,10.0,84.49140618380532,33.36330623200882,0.3948721856922254,1598.0077472576686,47.89716391250628,1170.0,13.84756217046198,1.529583473706551,0.0867114638239588,0.6359475959263833,1.857632802525738,0.271676918276167,114.24189989871024,13.651426797601626,0.9218570512750788
TCGA-E2-A570,15.0,15.0,121.3956125169022,34.02711454346256,0.2802993768718362,1765.6128854967972,51.8884104393158,2725.0,22.447269250530717,1.3790054310605744,0.2655821129052666,0.7552593603581396,1.9727100643049384,0.1596043489215776,114.30602112689218,20.067320502362765,0.9169129667492772
TCGA-E2-A572,16.0,16.0,110.41411479240108,45.16244626325764,0.4090278344229031,1499.7618017150262,33.208161333261806,1426.0,12.915015464111118,1.579116363009862,0.0743169416962338,0.7170115989862463,1.5945126171851771,0.6129173699983835,112.77956944113464,14.972868399899223,0.94507029570949
TCGA-E2-A9RU,7.0,7.0,198.22300114787583,79.88388124922812,0.4030000594614858,3606.6840207360606,45.14908344880789,3841.0,19.377166008775063,1.7332929734318892,0.0913429626853909,0.6035950647662888,1.8592641619994268,0.1966546757830308,102.30856581407366,13.905452498846095,0.9622149998424124
TCGA-E9-A1NH,7.0,7.0,31.419551284101598,4.742756444586255,0.1509492099903447,598.168717563859,126.122588109422,782.0,24.88896142815683,1.6856811122295008,0.1798170212074321,0.6766753554317388,1.838586926410334,0.0725818776695665,111.65190708281932,23.408813032655868,0.936238004939714
TCGA-E9-A1QZ,3.0,3.0,70.64152814988702,18.193530669246304,0.2575472409181652,1863.014057655456,102.3998085651747,2439.0,34.52643316017932,1.3224509498722874,0.1418956187985645,0.6734068592770092,1.758536150999307,0.0721346400190814,92.94987722050207,14.843266407239216,0.9781129048458432
TCGA-E9-A1R0,3.0,3.0,80.3452460490809,27.41160607669769,0.3411727192913522,1403.775231796316,51.2109807746599,1692.0,21.05911778484566,1.276021312631141,0.1704633852970772,0.6858513867656972,1.776659354646722,0.0358330904481525,110.35176920234632,15.452732662463497,0.9531106909397088
TCGA-E9-A1R2,7.0,7.0,102.47744086663906,37.97953731790231,0.3706136394187253,2631.26561135071,69.28113919150925,2483.0,24.229722941962404,1.5387316453023576,0.0739019034005943,0.59630453906859,1.7149462679284744,0.1657774610120911,97.90555797018855,11.690555916460884,0.9717483115209156
TCGA-E9-A1R3,5.0,5.0,5.029882077671246,0.8488877918257189,0.168768925139243,75.0931187518508,88.46059452727741,137.0,27.23721906089472,1.409883219004865,0.2616652173344201,0.7123707113278798,1.7848450336357546,0.1899259392004436,98.02923138250198,18.407758917593505,0.774789142095153
TCGA-E9-A1R4,6.0,6.0,13.629964158775564,4.384983480380012,0.3217164351497408,200.2072787434683,45.65747616593481,150.0,11.00516466900784,1.5156861179268788,0.0899594209930423,0.6043671141421448,2.007115094687944,0.4438746915971925,138.4540829664425,11.416292713685593,0.8767961684439832
TCGA-E9-A1R5,10.0,10.0,15.728093253935077,4.5668448700139805,0.2903622706376936,287.5935425790631,62.97423073584339,269.0,17.1031539333414,1.4301067669821776,0.1020111101506642,0.6182964849595728,2.283433134860859,0.2940691477368378,111.93860403141588,10.964305642885789,0.9146150605934682
TCGA-E9-A1R6,9.0,9.0,56.75405288639583,13.858157210728866,0.2441791644108419,911.3432370700996,65.76222388100386,1155.0,20.35096951246733,1.3365655717661509,0.1721740036407091,0.6759450993742026,1.8121581418365684,0.0821353901314546,112.16257502356326,18.954321173076128,0.9491277412327992
TCGA-E9-A1R7,5.0,5.0,2.417073045531131,0.3560640389739125,0.1473120721908801,32.17414967019045,90.36057042690496,55.0,22.75479431690664,1.3809525518290398,0.2875221506062415,0.7583870305250202,2.205521548209356,0.329338943631747,111.23478545248364,14.852168057724208,0.6793956371179939
TCGA-E9-A1RA,8.0,8.0,11.894591315072647,2.203139493020027,0.1852219580027303,182.18054730430453,82.69133565145913,258.0,21.69053086112057,1.3597064024779857,0.2125715974208378,0.6786999830285494,2.014544213962876,0.1944258475074257,109.33988614442052,14.99263535150745,0.8499676983942066
TCGA-E9-A1RB,5.0,5.0,80.16620156071417,40.677132412284536,0.507410000977501,1046.0072850778652,25.714872781001887,773.0,9.642467585476972,1.25291549660346,0.0851458194711357,0.6184244132788653,1.7435966162035916,0.2234906914786106,139.2548403641284,15.911804419153862,0.9708311005634036
TCGA-E9-A1RD,6.0,6.0,5.606108114174253,0.925884497588381,0.1651563756409571,82.91174629089257,89.54869263590642,142.0,25.32951507677368,1.381105416623018,0.2610522579677148,0.7127562253908867,1.7253037463431569,0.1491601303626202,115.19187516549654,22.6178644707059,0.8474972115943029
TCGA-E9-A1RE,7.0,7.0,111.85772237566006,69.6388950175906,0.6225667172420796,1304.6555423242282,18.734581328360765,847.0,7.572119135015616,1.3099337499423065,0.0404046622745916,0.681601848850326,1.5835704751878363,0.4779712570760839,116.6649280340676,11.75070936561743,0.9743289699499568
TCGA-E9-A1RG,15.0,15.0,18.596621901796468,5.052716005795013,0.2717007439564555,234.90907965097296,46.49164516302782,221.0,11.88387875857448,1.3671236188897369,0.1307618293961398,0.6576334337230929,2.46106699578608,0.5027860605329978,162.57524117303262,8.723470695632084,0.7262497037585081
TCGA-E9-A228,7.0,7.0,132.985674916598,70.79655324778204,0.5323622509881769,1358.4301035685448,19.187799988145645,722.0,5.429156188836147,1.3608005462161807,0.1503674231036446,0.7897176357614103,1.7393988933386504,0.1439786124060471,195.3287306129575,14.116042461167051,0.9529335209333152
TCGA-E9-A229,10.0,10.0,57.15178747972786,14.512373283885337,0.2539268485527766,1393.769304858786,96.04006716161577,1920.0,33.59474978242872,1.1293746602879662,0.169046838561429,0.6520624767052745,2.1266394351899,0.1158867072002417,91.00278889842618,15.5652290703526,0.970571248182234
TCGA-E9-A22A,6.0,6.0,127.3116661414146,33.51748242334202,0.2632711002785214,3520.154739490672,105.02443754663356,3745.0,29.41600022609199,1.3800419893464626,0.112037111367575,0.6226016823825047,1.9368840601520645,0.0223898790136319,95.43096559880594,12.350502795736055,0.9756368088893564
TCGA-E9-A22D,5.0,5.0,118.72207716364863,57.950135018910125,0.4881159124181311,1917.8887321989416,33.09550066748079,1494.0,12.58401163197847,1.222473180692924,0.0843420514831222,0.611080334065027,1.758333623526,0.1128853926226168,131.3617058895943,16.213886471233725,0.9648675412274644
TCGA-E9-A22E,7.0,7.0,94.24755094362936,16.22662295341579,0.1721702345679107,2068.3778819020463,127.46816684161884,2870.0,30.45171966024436,1.2706377015176915,0.1635632257854987,0.6821848809735475,2.242278191580793,0.0162321428063488,98.94586828169508,19.391957015569734,0.9762989548384678
TCGA-E9-A22G,3.0,3.0,141.116689955773,106.44737312736156,0.7543216409109579,1006.4694059794324,9.45508918078436,398.0,2.8203609376377528,1.3017408940373925,0.0138394283577801,0.5706604173876979,1.6893202840102828,0.9355788533651406,155.872494532598,11.668063202527769,0.9729555610618668
TCGA-E9-A22H,5.0,5.0,84.70990448294799,25.724781840081004,0.3036809213408967,1719.5255730539347,66.84315473473886,2032.0,23.98774986706589,1.4415872178870972,0.1168115100872784,0.6615235583653808,2.020318941901908,0.177856705002365,102.99927308667516,16.02918773910506,0.9547858895805028
TCGA-E9-A243,7.0,7.0,57.31404794987132,26.121515496835265,0.4557611341582777,749.9335620597965,28.70942010047825,669.0,11.672530975043475,1.249692603989448,0.0980985683665539,0.6956861015127148,1.6164327031526011,0.386947133347754,122.9682193377321,16.75311748402291,0.9562394552384992
TCGA-E9-A244,8.0,8.0,127.92583155374552,36.54118710155037,0.2856435378041558,1903.915343430748,52.10327015757976,2330.0,18.213678751981348,1.33139895939229,0.21285126322285,0.7285374087565741,1.954901403158736,0.0427941317462954,116.67113354732898,19.34149746702056,0.9686138182449272
TCGA-E9-A245,6.0,6.0,105.85405424255444,51.461075306313006,0.4861511982185857,2080.0822625764554,40.4204974380176,1651.0,15.596946303227003,,0.047260285842515,0.6264651449841057,1.3485427971007613,0.3465796630847302,108.95156439031427,10.951459577312818,0.9695487853741908
TCGA-E9-A248,2.0,2.0,131.08585237388337,53.56582102972673,0.4086315957037543,2329.554152120525,43.48956307096876,2151.0,16.409093437977678,,0.0998711109370607,0.6491590765846126,1.9151921504209448,0.129132614477746,109.07071721983688,13.550969559330971,0.9809438666949108
TCGA-E9-A249,4.0,4.0,223.5183939527525,101.0707422148082,0.4521808716833058,4464.975775418925,44.17673876312691,4874.0,21.80581165517085,,0.1127533465651407,0.6286894108265535,1.8557606066141277,0.0837736821117594,104.7631298654735,13.519942363459716,0.984661053341863
TCGA-E9-A24A,3.0,3.0,68.61805893551815,40.41483516028512,0.5889824892637052,1274.0390765490297,31.52404485868109,694.0,10.113955579130655,1.3740481555147397,0.025503525658888,0.6354959768558139,1.5112026500426632,0.2902506441394096,114.80252538271168,7.802482297000719,0.966330815427961
TCGA-EW-A1IY,3.0,3.0,120.03104980158288,63.23987004339639,0.5268625922037251,1892.4403311308415,29.92479791359808,1319.0,10.988823326800611,1.7140742999065333,0.045173593246613,0.6353133111908666,1.7023197299569603,0.2583329463913981,119.83464238575128,16.753801172546368,0.9647197549100188
TCGA-EW-A1IZ,10.0,10.0,40.33894015316553,11.29909203824344,0.2801038399953293,442.0261735795037,39.12050384963685,335.0,8.30463068013232,1.546543825064887,0.1937514657412271,0.7378502114870299,1.848793907623626,0.1931507558953585,148.58549006762195,16.029220812268115,0.8679267084712012
TCGA-EW-A1J1,6.0,6.0,151.34308238038665,95.10678310600892,0.6284184358487358,1183.5617274835747,12.444556411547856,993.0,6.561251326335403,1.5530054288183484,0.0589484042591643,0.7778314446426667,1.3608775003003102,0.6958746151617131,124.33297008971051,20.284635799730665,0.9699529924678528
TCGA-EW-A1J6,1.0,1.0,86.30329435232883,60.79209128215977,0.7044005879309674,573.7737930354422,9.438296675341116,273.0,3.163262793717831,1.56567513796877,0.0742959633193114,0.7529942853796678,1.4451042909472485,0.3702326752110205,126.5015439629098,13.914920050075748,0.9469861265713516
TCGA-EW-A1OV,8.0,8.0,153.0437475326715,73.71027372968993,0.4816287820837268,2070.176700681286,28.085321026930806,1844.0,12.048842437070787,1.5679381387867168,0.049162407162964,0.6978419967464865,1.4857335924880395,0.7443136897525003,115.09986929728592,15.618123571155264,0.9538130431616958
TCGA-EW-A1OY,2.0,2.0,108.1837988982729,90.13487607986416,0.8331642722642746,613.4464828211732,6.805872593396898,262.0,2.421804398331058,1.4294410032607905,0.0150600836113044,0.7968313825924656,1.112838205115422,0.94232745192877,125.7179382586272,10.75,0.9736751633375852
TCGA-EW-A1OZ,20.0,20.0,156.03059096208202,50.40696195633805,0.3230582006100828,3871.771755034472,76.81025804308852,4128.0,26.456350479395237,1.6365797231737038,0.0741110045702161,0.5982303954616995,2.780404530100139,0.4685326039483745,99.8202914617916,13.804446471095966,0.95968381788102
TCGA-EW-A1P1,15.0,15.0,96.09749687390088,34.66587887337301,0.3607365436257051,1111.571653556158,32.06529560714413,977.0,10.166758050753591,1.5884106676787622,0.1418915109304919,0.6470760462070179,1.933248731474905,0.2647211816084609,155.40419372656288,19.402672628785336,0.9067231705648116
TCGA-EW-A1P5,3.0,3.0,108.63002810626108,57.896339824748566,0.5329681013072628,2041.0198067728563,35.25300239965075,1094.0,10.070880207541302,1.728873918386924,0.0308832602437384,0.5269808876730135,1.8029708962224156,0.5885868862771164,120.59862469828845,12.095155234697655,0.9477322609588644
TCGA-EW-A1P6,10.0,10.0,153.96400394276895,42.813485866736,0.2780746458285827,5391.170958389478,125.92226139143123,7311.0,47.48512517716559,1.7546312109505129,0.1486274556179296,0.6598959826020483,2.026466760280153,0.0340774481904682,81.48771331680975,11.659609819699211,0.9678393946388342
TCGA-EW-A1P7,23.0,23.0,79.118464554218,21.22200342882305,0.268230729051625,1561.3911774476396,73.57416479006915,1822.0,23.02875833430042,1.4754573777917426,0.2183782637307111,0.6935923522090903,1.7759073894323067,0.1606352521033382,113.1624673187204,16.089728060494195,0.9255537335568602
TCGA-EW-A1P8,5.0,5.0,210.20027366152175,171.6572367560882,0.8166365997815108,838.8073392497322,4.886524769367068,181.0,0.8610835602024859,1.4876135182670391,0.0195955427513396,0.743764449685875,1.3458146625937035,0.9340679825940243,188.03974160378877,13.64650920274018,0.8794447622577276
TCGA-EW-A1PA,13.0,13.0,112.29381333489889,27.584636443168936,0.2456469828921209,2788.464638476567,101.08759795408152,2287.0,20.36621548490278,1.3062631459466854,0.0928925259758761,0.6157468572882396,1.8663146312407712,0.0874548768164716,111.38009779280104,12.84874123139302,0.951817160158086
TCGA-EW-A1PB,7.0,7.0,120.07949531078955,45.39127499049935,0.3780102079294864,3109.5996209255773,68.50654936607165,2518.0,20.96944189749396,1.2867931896024218,0.0739233105266876,0.6401618792335844,1.70863724664475,0.1653325281719501,107.31543945632995,11.316713707537287,0.968932899301656
TCGA-EW-A1PC,18.0,18.0,208.5222107314817,52.44218757517495,0.2514944925589045,5818.0196983559445,110.94159048983066,7156.0,34.31768718975902,1.4282315081905297,0.1328136867826145,0.6326077173339314,2.027244504023165,0.0961377390272999,89.95102527660013,13.857926245248352,0.9666634653375532
TCGA-EW-A1PD,15.0,15.0,63.662346414325405,18.982598641755253,0.2981762330626844,907.0538338161768,47.783438449832005,939.0,14.749691974732253,1.3951500353101012,0.1455690437797524,0.6896272202880174,1.8512594349927125,0.1841326450116542,118.33800927781226,16.825174781061456,0.905872878657164
TCGA-EW-A1PF,6.0,6.0,48.909103754363066,11.002760908382008,0.2249634539132294,894.2035585193988,81.27083429016312,1898.0,38.80668125779516,,0.3269111325109459,0.7910635752976992,2.1645813797072138,0.0242753046711876,97.45983112476402,22.308552467892657,0.9573789327938376
TCGA-EW-A1PH,12.0,12.0,200.1766621222966,129.88741979602418,0.6488639505671762,1602.498799811381,12.33759822412327,787.0,3.931527240269336,1.2845608305805467,0.0304732652959379,0.530914261847966,1.6090184327240913,0.6558260763551612,150.90995687309942,15.132928824440178,0.9579617801843332
TCGA-EW-A2FR,5.0,5.0,49.98832987677782,15.32160842173476,0.3065037071553063,835.2420829347468,54.5139948720983,958.0,19.16447303523619,1.4978560705493087,0.1721464201385569,0.6735525892228185,1.777593244824022,0.1173489675121737,115.78288937747166,15.806703872322402,0.934507046669834
TCGA-EW-A2FS,13.0,13.0,130.9846903532858,53.28848203040363,0.4068298507762732,2067.8348652314044,38.80453686129783,2026.0,15.467456498431742,1.3439262766966376,0.1364692951639558,0.6881516736639834,1.8177488258046195,0.1765356365865089,116.1679260812302,16.99187190147571,0.9520809424250904
TCGA-EW-A3U0,16.0,16.0,70.40627825623987,12.348157006999028,0.1753843167516762,1614.313985458621,130.73319237385917,1885.0,26.773180555569827,1.1993211319545052,0.1458867919583227,0.6402685561760707,1.7706339823065134,0.1161178453079137,106.09015055573047,17.70630751884066,0.9179407277058425
TCGA-EW-A6S9,10.0,10.0,155.9754442323421,60.90934121091804,0.3905059640040971,3836.201619057496,62.982155820294025,3722.0,23.862730561970277,1.7058085286018616,0.0762065823139783,0.6279738340271667,1.8880747679232344,0.1525479009299443,95.31543404278848,13.063631795206424,0.9704525214474652
TCGA-EW-A6SA,8.0,8.0,114.85854995600904,75.72380599326557,0.6592787913678857,1309.172368064283,17.288781921245658,1163.0,10.12549784448289,1.5989089687763487,0.0353025316382696,0.6825759871301237,1.7546596200672353,0.7258140172795854,98.99482627320155,11.287914136485725,0.9814625665088046
TCGA-EW-A6SD,16.0,16.0,165.33623525388455,63.25779495948527,0.3826009154154792,3934.5229159285295,62.19823056507857,2357.0,14.25579817019949,1.7810422641214445,0.0511290942804225,0.5557923766591002,1.6094841184441553,0.1236606090692711,117.9482008094205,12.205191537637972,0.9706596314111052
TCGA-GI-A2C8,3.0,3.0,35.29700623414545,8.640416842581512,0.2447917759728581,623.4228780349426,72.15194467963671,1095.0,31.022461019391613,1.260230594979599,0.2284374214056715,0.7332801537171612,1.824860639217796,0.0777972076174,100.43631512240547,20.10826071431556,0.9602689096532728
TCGA-GM-A2D9,2.0,2.0,96.98799006617604,34.10725077129585,0.351664682895522,2148.0388647854493,62.97895069845988,2170.0,22.373904217618936,,0.0856064783241695,0.5953031930168076,1.9478640236009093,0.1194864731108183,93.5376453911516,11.460061933693272,0.9833615692733768
TCGA-GM-A2DA,3.0,3.0,43.909087454447736,15.397973031652745,0.3506785024313463,1093.261147223279,71.00032874300558,1046.0,23.8219480440158,1.4877184687207103,0.0653171196787712,0.6331768711531084,1.706637138212576,0.3720778040865286,93.82516374694816,12.978861754143274,0.9585208821006062
TCGA-GM-A2DB,5.0,5.0,95.99118264453104,57.60034121242735,0.60005866815632,840.0580534378249,14.58425481091736,412.0,4.292060881525905,1.0778308021984435,0.0935375038582335,0.665232208351931,1.4267541010627565,0.1947403301911095,170.2605869683987,17.394924407666274,0.9461658684013292
TCGA-GM-A2DC,5.0,5.0,37.00960201386958,12.440508526901144,0.3361427264805221,779.5967639339531,62.66598847210839,871.0,23.534433028314847,1.491233356324151,0.1412050036683773,0.6887616095443878,1.792164738389152,0.1491731220782741,105.91362215409193,14.18795094518775,0.9393921203995496
TCGA-GM-A2DD,8.0,8.0,37.757858754383896,9.905611510552472,0.262345690071802,675.922508525738,68.23632319980206,624.0,16.526360884475476,1.5503272268389356,0.1364083790585888,0.6278994275318887,2.032218468548832,0.1345027214984792,158.87436038319262,17.20956111061931,0.912611826650674
TCGA-GM-A2DF,9.0,9.0,15.71273412424154,2.883825123923055,0.1835342659730938,206.0670898963319,71.45616708408637,264.0,16.801658954611973,1.3160955723223524,0.1799538394588454,0.6844139195712192,1.6920536918410596,0.235383675095464,145.81169766371056,32.63071287441945,0.8559510707548077
TCGA-GM-A2DH,10.0,10.0,84.15937990235433,33.82082224010676,0.4018663431140684,1366.14939143291,40.39373678540696,987.0,11.727748007948298,1.2962253220850446,0.0982029179321051,0.6519881385295084,1.7410461982324308,0.1565578033883797,133.233193626799,14.901416972250612,0.9441657667587589
TCGA-GM-A2DI,4.0,4.0,33.29267629931835,9.99968511245368,0.3003569019970442,1044.312444920902,104.43453300547512,1266.0,38.02638119621283,1.369773683287148,0.1404758376960906,0.597076857760304,1.84456586223885,0.0650162402090581,92.34516969343238,11.596411374438976,0.957243418050544
TCGA-GM-A2DK,9.0,9.0,132.90648450585886,61.712886457180495,0.4643331488800308,3012.661251707287,48.817377125888015,2850.0,21.44364897315725,1.356805104813316,0.078137601538109,0.6069064892575917,1.7106475413048046,0.1667731255178972,95.61824317011292,11.071116039268864,0.969385134564846
TCGA-GM-A2DL,10.0,10.0,60.13856707856164,20.06134941376528,0.3335854242678956,1317.447884612176,65.67095051483412,1285.0,21.367319881788145,1.2252857487761253,0.1165703056700497,0.6367955849443949,1.8955461792539736,0.1549588728043983,127.96154059009392,16.260526484069754,0.9407011598467908
TCGA-GM-A2DM,6.0,6.0,111.44458156978548,61.30266654286351,0.5500731007229489,1394.3679124666264,22.74563230445561,593.0,5.321030342140675,1.3285870559651736,0.0474697393862389,0.6719778849082617,1.6410999194508693,0.3849096611070466,176.77945014914835,9.73289612593013,0.8872730848636593
TCGA-GM-A2DN,6.0,6.0,85.77505805490982,28.75983097162272,0.3352936345809501,971.8505155404372,33.791941145250846,937.0,10.923921490092953,1.4741743462004633,0.2104738817981635,0.7281261351321513,1.702304340749937,0.0678297394507543,121.36129782668206,16.21813486013009,0.9791032072666884
TCGA-LD-A7W5,5.0,5.0,107.6611642685312,33.647865161392204,0.3125348438315866,1573.6810556631883,46.7691203621691,1903.0,17.67582593899402,1.682664206923582,0.1639756894008839,0.6783636049232837,1.830601694793216,0.0962980357560956,112.0972911852516,19.572563600558105,0.9770906789017464
TCGA-LD-A9QF,7.0,7.0,25.93694394446396,11.0721268093388,0.426886329902489,505.5614158767248,45.66073208720012,527.0,20.31850788313417,1.6441712595971432,0.0809787128345386,0.624796487975567,1.7329213567669972,0.5486298115410084,112.79791134175564,15.451163031514314,0.9043233665643582
TCGA-LL-A441,8.0,8.0,66.66682207977593,40.92159421281249,0.6138224822512799,463.5729885476212,11.328321817982282,243.0,3.64499150280806,1.3476802637671363,0.0322359594456868,0.6590247855735124,1.5009643555639625,0.8875357295417108,175.25022541734654,23.6057049562501,0.9363888789302884
TCGA-LL-A442,5.0,5.0,244.19708107929165,192.2595662278615,0.7873131217544495,1180.330114431434,6.1392529775737374,430.0,1.7608728085508012,1.176977867683701,0.022644623951803,0.7007416117638489,1.2368165072279491,0.8172750436477894,169.34729513054526,11.843266825655386,0.9739325649966084
TCGA-LL-A5YN,8.0,8.0,80.46775271911858,42.5289014164776,0.5285210532090954,1265.3097060622358,29.751760894815835,874.0,10.861493834067812,1.2347233360520342,0.0464126406738949,0.6297542064031558,1.9274728446434133,0.4156611889596519,116.20573901263992,13.441512173728324,0.9593134703566378
TCGA-LL-A5YO,11.0,11.0,59.76780117340255,22.119561817376084,0.3700916109194188,1047.382494405953,47.350960342405095,1095.0,18.320901530626983,1.3525217038367434,0.0858724455618387,0.6798606861427382,1.5626056998200455,0.3939554783906792,111.33154865533766,16.093181221465315,0.938209598939634
TCGA-LL-A5YP,6.0,6.0,90.86098522016565,57.555041898126426,0.6334406539689675,730.9891122953345,12.700696380157272,371.0,4.083160655819748,1.2260863092796084,0.045135386198393,0.5725289232901574,1.7202684632939405,0.6340809679060261,144.08460624132636,16.327897671672414,0.947517693732222
TCGA-LL-A6FR,9.0,9.0,102.31544783690748,44.51732225877451,0.4350987382641951,1603.399249990881,36.01742352494809,1694.0,16.55663964546453,1.7864126797596331,0.0969470933184912,0.5691022468896594,1.93184453871887,0.3467148411933975,114.74434633427217,16.945242495793014,0.9723942057776293
TCGA-LL-A73Y,6.0,6.0,11.137525350151416,2.0832475845355347,0.1870476177643189,142.04781552165613,68.18575793684458,254.0,22.80578423074447,1.508944758371707,0.2808990459267731,0.7330178762167352,1.7362169855660088,0.1550495236242155,113.15979212480885,22.70533726620576,0.8848145693431577
TCGA-LL-A73Z,9.0,9.0,33.98309533760239,16.279084084038143,0.4790347648533737,606.453667109441,37.25354964558951,409.0,12.035395714746452,1.5712140935542775,0.0355586474721016,0.5784655427438977,1.2475758559672872,0.8108844028070841,112.0439268884538,11.673793556191224,0.9193177186825156
TCGA-LL-A740,13.0,13.0,56.68272924677891,17.396484475212784,0.3069097890377494,839.1492887993486,48.23671644664774,924.0,16.301261641393314,1.667208142611003,0.1445272869162456,0.6543443875875532,2.0789857408784918,0.2426259526391668,120.56350402725698,19.223260298681424,0.9059690845995362
TCGA-LL-A7SZ,5.0,5.0,203.0350116992879,129.47537756920306,0.6376997567344054,2526.611690705789,19.514225315584387,1443.0,7.10714860418855,1.7274122936678005,0.0287938226979475,0.5979371369693692,2.001225712668882,0.3403730693304865,120.82441633311312,11.360306378548897,0.978176363617884
TCGA-OL-A5D6,7.0,7.0,126.65108036150572,74.73717108160895,0.5901029100445363,1762.1466775279805,23.57791513949346,1161.0,9.16691746083892,1.126488561273479,0.0600890359850169,0.6492082991518705,1.646256854197834,0.3042368756992282,127.50203480829624,11.820255108622142,0.928979618544732
TCGA-OL-A5D7,2.0,2.0,136.5488479652221,100.87280078024646,0.7387305150017666,786.5392887935,7.7973376639654575,325.0,2.3801006368268656,1.594727864234441,0.0192186098677952,0.649712978643623,1.298934327679729,0.9503636035508836,157.63014684636238,21.8258933491924,0.8951893096832523
TCGA-OL-A5RU,2.0,2.0,5.137336048453784,0.9903510056162652,0.1927752041672136,112.78104060924376,113.87986680446048,112.0,21.80118235280897,1.236371946996032,0.1863924593161267,0.6532210031183348,1.9508451473215471,0.109341173908767,105.08866772486556,11.758122440568206,0.8723606034955655
TCGA-OL-A5RV,2.0,2.0,2.617033101434988,0.4229910612723555,0.1616300004155157,81.5619476849339,192.82191789016971,85.0,32.47952804012768,,0.1899730101006004,0.6251603702275064,1.92146507633669,0.1936738039241443,92.11798847719004,9.65137673388488,0.8403382864380817
TCGA-OL-A5RY,2.0,2.0,3.260378016559687,0.7483142231622512,0.2295176262879676,74.21808267676823,99.18037153314418,111.0,34.0451320172763,1.6657277866146676,0.3101174833251062,0.6979054040160648,1.7587129225225886,0.1913051125010035,96.65507997546668,15.107409056166336,0.8363691529237954
TCGA-OL-A5S0,2.0,2.0,5.253033176259148,1.2552532544436774,0.238957800631593,109.38518177970764,87.14192247060666,85.0,16.18112757866327,1.5716255945240096,0.0938514945321157,0.5678395616451405,1.6557613975811392,0.26973229564249,107.205210694937,6.188204084798688,0.8394890214409556
TCGA-OL-A66I,5.0,5.0,55.04765857412612,18.4326498368377,0.3348489348010444,623.5247897430313,33.82719225192003,496.0,9.010374153009542,1.5428365024689286,0.1212468953862197,0.6703621999678895,1.6950774847473764,0.2802265841107941,150.27510632634895,18.39754755962147,0.9227962311876388
TCGA-OL-A66O,4.0,4.0,71.45930768114133,23.02443993638457,0.3222035125098322,911.1617054425512,39.57367510176349,1043.0,14.59571935196982,1.6200475810885338,0.2028614624097514,0.6866692038810989,1.924368422669837,0.0656366154250085,143.24328848254777,24.60322919579256,0.9726991483288926
TCGA-OL-A66P,8.0,8.0,83.02901234890072,34.72881964518804,0.4182733078800478,916.5491921191312,26.391602176036717,557.0,6.708498442199939,1.6857745851246495,0.0782635464795998,0.6184580122228015,1.7118483752343416,0.4005138531113391,168.1706244348404,22.35887448743677,0.9507694494354088
TCGA-OL-A6VO,7.0,7.0,59.65922333768281,35.19160634764968,0.5898770446349652,417.244861159168,11.856374416027023,161.0,2.698660676299936,1.5022134246548249,0.0476183068904287,0.6973951927021077,2.501175129628586,0.7089481413644071,195.5813260496688,18.714343174029228,0.9308976309919722
TCGA-PL-A8LX,5.5,5.5,16.69323024449412,4.90652810031665,0.2970902020640588,425.432126794247,86.00358192226652,265.0,15.778083336533356,1.6442119319247506,0.05553530573362435,0.5944486741876229,1.8610245861243313,0.3199970456154103,114.11689373794496,10.366314371246489,0.8840730482353905
TCGA-PL-A8LY,2.0,2.0,3.7432107465193716,0.7678096557860555,0.15262048438699954,61.992299134322145,109.66078299149919,46.0,10.166068944958624,1.4585054099441086,0.06770172093420625,0.46600438909916964,2.2493386732782814,0.6120844007043444,160.50537261525324,10.254973794435436,0.5036232682686073
TCGA-PL-A8LZ,5.0,5.0,33.72390347680714,8.198907868799406,0.2431185901844969,832.6972767055366,101.5619750862588,916.0,27.16174302390465,1.6969251984684053,0.1087348917083459,0.593027628336081,1.8824314704494691,0.1078030841876019,105.7376293031932,15.18935539525387,0.9435088595536766
TCGA-S3-A6ZF,8.0,8.0,76.05014154512787,22.17010870310223,0.2915196244565379,2246.572071026383,101.3333809550525,2720.0,35.765876890392924,1.6584700251704494,0.1134025325694031,0.6227930102133676,1.8083265345192336,0.1647656224577051,88.17352687751851,13.852762713817974,0.9588513383857016
TCGA-S3-AA0Z,11.0,11.0,125.63838920094196,62.32111351244132,0.4960355979474311,1578.5319873051003,25.32900807348338,1210.0,9.630814337047614,1.5658881162634015,0.0476985593047203,0.7141694805637411,1.879404697356204,0.563642741922095,121.97207203237652,12.819547695939333,0.9633819051513244
TCGA-S3-AA10,3.0,3.0,54.891007036187375,26.04514997725503,0.4744884705810651,818.7823148547773,31.437035899958797,561.0,10.220253376480338,1.6920657846233205,0.0517750648896292,0.6541743764954631,1.5247368804864252,0.3142860630695746,118.11511481587864,13.045660896651592,0.9584325027418616
TCGA-S3-AA11,9.0,9.0,36.70261342401916,11.813875470629783,0.321881042479075,496.4587184711511,42.023358017052594,456.0,12.424183388030391,1.5648654740976111,0.2061041839994841,0.7486595579091825,1.6664886205696976,0.2623203437649552,235.5613518324685,16.121358569297755,0.8165084574096446
TCGA-S3-AA14,15.0,15.0,93.120326766869,27.423866381796767,0.2944992498840094,1981.4546546769975,72.25292841975903,2549.0,27.373185731849265,1.632325946570557,0.1554930575624353,0.6358702017011131,1.8908502888592609,0.1324771529549712,98.45116168077556,13.24815738733408,0.941831650469586
TCGA-S3-AA15,2.5,2.5,2.6232036602142625,0.4485875842487408,0.15831464533031095,29.055486977466323,67.12893934834737,27.0,9.841248972971876,1.3166133055621945,0.13298204177763479,0.5950793445548959,3.4657285149809867,0.37166964446560125,145.515438700775,36.19913747725961,0.7667402446257494
TCGA-S3-AA17,7.0,7.0,53.18446905300627,21.675600390028144,0.4075550771866344,1093.360745514585,50.44200510439311,684.0,12.860897404433835,1.6058074725602045,0.0472647257666893,0.6057972786776411,1.8396728934202693,0.2803590260923744,126.51161757206012,10.288518834763089,0.9471890931012442
TCGA-UL-AAZ6,9.0,9.0,116.17724664073327,46.31792215072339,0.398683249001046,2208.7124437844354,47.68591381532731,2101.0,18.08443615897643,1.654414751769003,0.0963018798337937,0.6446442487458856,1.828290725748931,0.2074709940928211,108.5988638794907,11.953197755658543,0.9820690518403814
TCGA-UU-A93S,12.0,12.0,277.00907818821264,158.43229829077222,0.57193901126636,2840.2081309583336,17.926951521877655,1161.0,4.191198380910691,1.77129743388471,0.0952848793679762,0.6546494990520059,1.658489110057811,0.1106487468041019,206.94626478926827,13.925366602984916,0.9825600521014132
TCGA-WT-AB41,13.0,13.0,59.01638051585335,20.24750972048009,0.343082878744844,1120.5564558388296,55.34292717021893,1204.0,20.401115579708826,1.7057463601265954,0.0875756098764258,0.6058141260942224,1.8881273142677808,0.2095391431000294,106.9243249912186,16.850256542958604,0.9562764257474048
