wsi_name,sample_id,subject_id,WSI_tumor_stroma_ratio,WSI_TSR_category,WSI_sTIL_pct,WSI_neighborhood_sTIL_pct,WSI_neighborhood_intratumoral_TIL_pct,WSI_tumor_pct_TS_compartment,WSI_stroma_pct_TS_compartment,n_clusters_input,n_clusters_scored,n_clusters_sTIL_reliable,n_til_neighborhoods,n_master_rois,n_foci,n_intertumor_edges,WSI_TSR_stroma_fraction,WSI_TSR_compartment_stroma_fraction,WSI_sTILs_pct_stromal_occupancy,WSI_iTILs_pct_computational,WSI_inter_tumor_sTILs_pct,mean_master_tissue_fraction,total_master_area_mm2,source_file,tcga_case_id,vital_status,days_to_death,diagnosis_days_to_last_follow_up,followup_days_to_follow_up,OS_event,OS_days,OS_months,OS_years,survival_match
TCGA-3C-AALJ-01Z-00-DX1.777C0957-255A-42F0-9EEB-A3606BCF0C96,TCGA-3C-AALJ-01,TCGA-3C-AALJ,0.6761919417441568,stroma-high,2.4520578908088924,2.4520578908088924,0.37356148986246795,40.34096125295455,59.65903874704546,62,18,18,18,18,62,60,0.5965903874704546,0.5984274540278359,2.4520578908088924,0.37356148986246795,2.647198449332857,0.9304440772993576,201.49427199999997,/data1/deasy/Himangi/breast_feature_extraction/Ductal_outputs/TCGA-3C-AALJ-01/TCGA-3C-AALJ-01Z-00-DX1.777C0957-255A-42F0-9EEB-A3606BCF0C96__tils_tsr_wsi_summary.csv,TCGA-3C-AALJ,Alive,,,1474.0,0.0,,,,matched
TCGA-3C-AALJ-01Z-00-DX2.62DFE56B-B84C-40F9-9625-FCB55767B70D,TCGA-3C-AALJ-01,TCGA-3C-AALJ,0.9077424896149197,stroma-high,2.0197276860498206,2.0197276860498206,0.6465779693611221,47.58202401824938,52.41797598175063,32,11,11,11,11,32,26,0.5241797598175063,0.5244253695468251,2.0197276860498206,0.6465779693611221,1.1624875991335204,0.8821020664068395,213.47379199999997,/data1/deasy/Himangi/breast_feature_extraction/Ductal_outputs/TCGA-3C-AALJ-01/TCGA-3C-AALJ-01Z-00-DX2.62DFE56B-B84C-40F9-9625-FCB55767B70D__tils_tsr_wsi_summary.csv,TCGA-3C-AALJ,Alive,,,1474.0,0.0,,,,matched
TCGA-3C-AALK-01Z-00-DX1.4E6EB156-BB19-410F-878F-FC0EA7BD0B53,TCGA-3C-AALK-01,TCGA-3C-AALK,0.490509779007306,stroma-high,4.661590383503892,4.661590383503892,1.9419997793570372,32.90886017091349,67.09113982908652,50,12,12,12,12,50,51,0.6709113982908651,0.6724671637329864,4.661590383503892,1.9419997793570372,1.6182595334883483,0.9834418746711905,90.730752,/data1/deasy/Himangi/breast_feature_extraction/Ductal_outputs/TCGA-3C-AALK-01/tils_tsr_wsi_summary.csv,TCGA-3C-AALK,Alive,,,1448.0,0.0,,,,matched
TCGA-A1-A0SD-01Z-00-DX1.DB17BFA9-D951-42A8-91D2-F4C2EBC6EB9F,TCGA-A1-A0SD-01,TCGA-A1-A0SD,0.32958467998870794,stroma-high,1.5416666731322346,1.5416666731322346,0.6130295770224963,24.788543742208812,75.21145625779118,35,4,4,4,4,35,51,0.7521145625779119,0.7532383104004723,1.5416666731322346,0.6130295770224963,1.6807141829778258,0.9868751304263423,33.279021,/data1/deasy/Himangi/breast_feature_extraction/Ductal_outputs/TCGA-A1-A0SD-01/tils_tsr_wsi_summary.csv,TCGA-A1-A0SD,Alive,,,437.0,0.0,,,,matched
TCGA-A1-A0SF-01Z-00-DX1.7F252D89-EA78-419F-A969-1B7313D77499,TCGA-A1-A0SF-01,TCGA-A1-A0SF,0.22097420200871298,stroma-high,5.192974965174339,5.192974965174339,9.545591605556938,18.09818763125153,81.90181236874847,56,9,9,9,9,56,83,0.8190181236874847,0.813408625454128,5.192974965174339,9.545591605556938,4.4120324065664125,0.9396140002590846,41.435523,/data1/deasy/Himangi/breast_feature_extraction/Ductal_outputs/TCGA-A1-A0SF-01/tils_tsr_wsi_summary.csv,TCGA-A1-A0SF,Alive,,,1463.0,0.0,,,,matched
TCGA-A1-A0SH-01Z-00-DX1.90E71B08-E1D9-4FC2-85AC-062E56DDF17C,TCGA-A1-A0SH-01,TCGA-A1-A0SH,0.3123709671338013,stroma-high,1.0640040922144842,1.0640040922144842,0.6893587217668921,23.80203272981685,76.19796727018316,32,1,1,1,1,32,47,0.7619796727018315,0.761993135348926,1.0640040922144842,0.6893587217668921,1.6973485209509662,0.9943667446914775,63.428508,/data1/deasy/Himangi/breast_feature_extraction/Ductal_outputs/TCGA-A1-A0SH-01/tils_tsr_wsi_summary.csv,TCGA-A1-A0SH,Alive,,,1437.0,0.0,,,,matched
TCGA-A1-A0SI-01Z-00-DX1.AB717348-F964-4F29-BBE2-972B7C640432,TCGA-A1-A0SI-01,TCGA-A1-A0SI,0.558011759520807,stroma-high,17.075099187860275,17.075099187860275,12.690849853566194,35.81563207792687,64.18436792207314,21,4,4,4,4,21,25,0.6418436792207314,0.631989561484024,17.075099187860275,12.690849853566194,16.64094459426188,0.9931670575534584,57.711564,/data1/deasy/Himangi/breast_feature_extraction/Ductal_outputs/TCGA-A1-A0SI-01/tils_tsr_wsi_summary.csv,TCGA-A1-A0SI,Alive,,,635.0,0.0,,,,matched
TCGA-A1-A0SJ-01Z-00-DX1.C196FA66-C376-4016-86BC-3D8E745B3A51,TCGA-A1-A0SJ-01,TCGA-A1-A0SJ,0.7183831134138308,stroma-high,2.5352058918048557,2.5352058918048557,2.2453586293750596,41.805759600759394,58.194240399240606,53,7,7,7,7,53,68,0.581942403992406,0.5805036957595979,2.5352058918048557,2.2453586293750596,3.4902407477345694,0.8723501804065341,80.98593300000002,/data1/deasy/Himangi/breast_feature_extraction/Ductal_outputs/TCGA-A1-A0SJ-01/tils_tsr_wsi_summary.csv,TCGA-A1-A0SJ,Alive,,,416.0,0.0,,,,matched
TCGA-A2-A04N-01Z-00-DX1.9E9B7DB0-1CF1-4631-8292-A9DBCA0BD37C,TCGA-A2-A04N-01,TCGA-A2-A04N,0.36629330059551224,stroma-high,0.291912852396936,0.291912852396936,0.34617034947206077,26.8092729749798,73.1907270250202,17,4,4,4,4,17,17,0.731907270250202,0.731490742171279,0.291912852396936,0.34617034947206077,1.8211651781522478,0.9759980684509019,84.27567950000001,/data1/deasy/Himangi/breast_feature_extraction/Ductal_outputs/TCGA-A2-A04N-01/tils_tsr_wsi_summary.csv,TCGA-A2-A04N,Alive,,,4354.0,0.0,,,,matched
TCGA-A2-A04P-01Z-00-DX1.5B481E02-D269-4732-8FDD-6494E6EE2B71,TCGA-A2-A04P-01,TCGA-A2-A04P,0.6768833772380233,stroma-high,26.321574350126788,26.321574350126788,19.77045352517736,40.36556068394635,59.634439316053644,37,6,6,6,6,37,42,0.5963443931605364,0.5985035397954996,26.321574350126788,19.77045352517736,16.30808157570588,0.9716756484150221,62.0032303125,/data1/deasy/Himangi/breast_feature_extraction/Ductal_outputs/TCGA-A2-A04P-01/tils_tsr_wsi_summary.csv,TCGA-A2-A04P,Dead,548.0,,548.0,1.0,548.0,18.0041067761807,1.5003422313483916,matched
TCGA-A2-A04Q-01Z-00-DX1.DF7ED6B6-7701-486D-9007-F26B6F0682C4,TCGA-A2-A04Q-01,TCGA-A2-A04Q,0.2704678163725743,stroma-high,14.826384279670417,14.826384279670417,14.690474853236537,21.288836512585654,78.71116348741434,25,7,7,7,7,25,23,0.7871116348741434,0.7857724628275262,14.826384279670417,14.690474853236537,15.27373160317928,0.937937039303345,16.2969215625,/data1/deasy/Himangi/breast_feature_extraction/Ductal_outputs/TCGA-A2-A04Q-01/tils_tsr_wsi_summary.csv,TCGA-A2-A04Q,Alive,,,2385.0,0.0,,,,matched
TCGA-A2-A04T-01Z-00-DX1.71444266-BD56-4183-9603-C7AC20C9DA1E,TCGA-A2-A04T-01,TCGA-A2-A04T,1.4764094670163628,stroma-low,36.174876239946364,36.174876239946364,13.064171647232431,59.61895585850656,40.38104414149345,13,5,5,5,5,13,11,0.4038104414149345,0.42636758958805565,36.174876239946364,13.064171647232431,31.25472548758213,0.9275625779797474,49.0531095,/data1/deasy/Himangi/breast_feature_extraction/Ductal_outputs/TCGA-A2-A04T-01/tils_tsr_wsi_summary.csv,TCGA-A2-A04T,Alive,,,2246.0,0.0,,,,matched
TCGA-A2-A04U-01Z-00-DX1.06D17357-46A8-4DC3-A22B-2F4EB6EE3F79,TCGA-A2-A04U-01,TCGA-A2-A04U,3.2452969045958904,stroma-low,6.090848625024367,6.090848625024367,1.6676876943614078,76.44452149112549,23.555478508874515,14,5,5,5,5,14,9,0.23555478508874517,0.23704156807477067,6.090848625024367,1.6676876943614078,10.270467937423732,0.8622126364532499,105.69886125000001,/data1/deasy/Himangi/breast_feature_extraction/Ductal_outputs/TCGA-A2-A04U-01/tils_tsr_wsi_summary.csv,TCGA-A2-A04U,Alive,,,2654.0,0.0,,,,matched
TCGA-A2-A04V-01Z-00-DX1.EB430DDB-8FE9-4302-8829-53DBAD09E79F,TCGA-A2-A04V-01,TCGA-A2-A04V,0.5451743407162576,stroma-high,3.651082924974427,3.651082924974427,5.045769860126328,35.282383764122365,64.71761623587764,29,14,14,14,14,29,15,0.6471761623587764,0.6389467918521574,3.651082924974427,5.045769860126328,0.9499331441880224,0.9737994104924846,214.89457950000002,/data1/deasy/Himangi/breast_feature_extraction/Ductal_outputs/TCGA-A2-A04V-01/tils_tsr_wsi_summary.csv,TCGA-A2-A04V,Dead,1920.0,,1920.0,1.0,1920.0,63.08008213552361,5.256673511293634,matched
TCGA-A2-A04X-01Z-00-DX1.E01A4522-67B3-4FEF-BD6B-99DFED9E7C85,TCGA-A2-A04X-01,TCGA-A2-A04X,0.8716165230777825,stroma-high,27.77338944573769,27.77338944573769,43.0885537012383,46.57025156224051,53.42974843775949,26,8,8,8,8,26,30,0.534297484377595,0.43316581370583246,27.77338944573769,43.0885537012383,20.087293170623028,0.9814307777358843,83.76992324999999,/data1/deasy/Himangi/breast_feature_extraction/Ductal_outputs/TCGA-A2-A04X-01/tils_tsr_wsi_summary.csv,TCGA-A2-A04X,Alive,,,1686.0,0.0,,,,matched
TCGA-A2-A0CL-01Z-00-DX1.5342E971-DCD2-42C4-B4FF-E6942A95829E,TCGA-A2-A0CL-01,TCGA-A2-A0CL,0.33631375324607127,stroma-high,16.03601113529498,16.03601113529498,13.030480581983026,25.167274708437564,74.83272529156243,56,11,11,11,11,56,68,0.7483272529156243,0.7510528378736456,16.03601113529498,13.030480581983026,19.211776442105133,0.9935042119894425,44.757216,/data1/deasy/Himangi/breast_feature_extraction/Ductal_outputs/TCGA-A2-A0CL-01/tils_tsr_wsi_summary.csv,TCGA-A2-A0CL,Alive,,,3015.0,0.0,,,,matched
TCGA-A2-A0CM-01Z-00-DX1.AC4901DE-4B6D-4185-BB9F-156033839828,TCGA-A2-A0CM-01,TCGA-A2-A0CM,2.908401440181564,stroma-low,11.835744089630348,11.835744089630348,0.783986410552835,74.41409191698729,25.58590808301271,7,3,3,3,3,7,4,0.2558590808301271,0.26196251475767507,11.835744089630348,0.783986410552835,3.016090265849016,0.9546411405190199,102.4124035,/data1/deasy/Himangi/breast_feature_extraction/Ductal_outputs/TCGA-A2-A0CM-01/tils_tsr_wsi_summary.csv,TCGA-A2-A0CM,Dead,754.0,,754.0,1.0,754.0,24.772073921971252,2.0643394934976045,matched
TCGA-A2-A0CP-01Z-00-DX1.ECFD263C-BB17-4ADA-8F2C-654C2AA4C45F,TCGA-A2-A0CP-01,TCGA-A2-A0CP,0.29404004897932173,stroma-high,0.3835365396318068,0.3835365396318068,0.4375756980423584,22.722639010380462,77.27736098961955,17,6,6,6,6,17,15,0.7727736098961955,0.7724932779581116,0.3835365396318068,0.4375756980423584,0.8429386612217362,0.9573562382539428,29.9380846875,/data1/deasy/Himangi/breast_feature_extraction/Ductal_outputs/TCGA-A2-A0CP-01/tils_tsr_wsi_summary.csv,TCGA-A2-A0CP,Alive,,,2813.0,0.0,,,,matched
TCGA-A2-A0CQ-01Z-00-DX1.4E5FB4E5-A08C-4C87-A3BE-0640A95AE649,TCGA-A2-A0CQ-01,TCGA-A2-A0CQ,1.3482897806800862,stroma-low,2.185660460122846,2.185660460122846,0.9785829783343296,57.41581774842154,42.58418225157846,8,6,6,6,6,8,2,0.4258418225157846,0.4248762636709228,2.185660460122846,0.9785829783343296,0.780406878535757,0.7671998753252779,59.7109060625,/data1/deasy/Himangi/breast_feature_extraction/Ductal_outputs/TCGA-A2-A0CQ-01/tils_tsr_wsi_summary.csv,TCGA-A2-A0CQ,Alive,,,2695.0,0.0,,,,matched
TCGA-A2-A0CV-01Z-00-DX1.B02D017A-61CD-45FE-BB31-705CD127DDAB,TCGA-A2-A0CV-01,TCGA-A2-A0CV,0.5746034421306944,stroma-high,1.1165120890823532,1.1165120890823532,1.126569977299166,36.49194627398772,63.50805372601227,95,18,18,18,18,95,114,0.6350805372601227,0.6341035885186179,1.1165120890823532,1.126569977299166,1.7921208834700244,0.961248038688795,230.17996799999997,/data1/deasy/Himangi/breast_feature_extraction/Ductal_outputs/TCGA-A2-A0CV-01/tils_tsr_wsi_summary.csv,TCGA-A2-A0CV,Alive,,,3011.0,0.0,,,,matched
TCGA-A2-A0CW-01Z-00-DX1.8E313A22-B0E8-44CF-ADEA-8BF29BA23FFE,TCGA-A2-A0CW-01,TCGA-A2-A0CW,0.5824384670224398,stroma-high,7.237279410222182,7.237279410222182,3.769952835672251,36.806389579139356,63.193610420860644,18,8,8,8,8,18,11,0.6319361042086065,0.6297319444134354,7.237279410222182,3.769952835672251,2.216846744804448,0.9483116626550177,75.81502743749998,/data1/deasy/Himangi/breast_feature_extraction/Ductal_outputs/TCGA-A2-A0CW-01/tils_tsr_wsi_summary.csv,TCGA-A2-A0CW,Alive,,,3283.0,0.0,,,,matched
TCGA-A2-A0CZ-01Z-00-DX1.A433A414-4F1B-4F99-8FD9-E64803F5E042,TCGA-A2-A0CZ-01,TCGA-A2-A0CZ,0.4072365705367418,stroma-high,0.8695650254029328,0.8695650254029328,2.02020043198133,28.938742714838302,71.06125728516169,88,31,31,31,31,88,73,0.7106125728516169,0.7078131552358365,0.8695650254029328,2.02020043198133,0.04629249956448997,0.9670930439999663,91.555875125,/data1/deasy/Himangi/breast_feature_extraction/Ductal_outputs/TCGA-A2-A0CZ-01/tils_tsr_wsi_summary.csv,TCGA-A2-A0CZ,Alive,,,1616.0,0.0,,,,matched
TCGA-A2-A0D0-01Z-00-DX1.4FF6B8E5-703B-400F-920A-104F56E0F874,TCGA-A2-A0D0-01,TCGA-A2-A0D0,2.2323846217292767,stroma-low,27.26868267318411,27.26868267318411,5.551823332706303,69.0630875645914,30.936912435408605,18,9,9,9,9,18,12,0.30936912435408603,0.35134848126578155,27.26868267318411,5.551823332706303,5.176524867220898,0.8938855293446228,35.315498625000004,/data1/deasy/Himangi/breast_feature_extraction/Ductal_outputs/TCGA-A2-A0D0-01/tils_tsr_wsi_summary.csv,TCGA-A2-A0D0,Alive,,,2048.0,0.0,,,,matched
TCGA-A2-A0D3-01Z-00-DX1.D18CE1C0-291D-41C1-8F71-2A0551F8C661,TCGA-A2-A0D3-01,TCGA-A2-A0D3,0.14601161273163235,stroma-high,0.22992273437625108,0.22992273437625108,0.08558059958700566,12.740849316840618,87.25915068315938,5,5,5,5,5,5,0,0.8725915068315938,0.8727241123088504,0.22992273437625108,0.08558059958700566,,0.9431438135368602,1.54851975,/data1/deasy/Himangi/breast_feature_extraction/Ductal_outputs/TCGA-A2-A0D3-01/tils_tsr_wsi_summary.csv,TCGA-A2-A0D3,Alive,,,1873.0,0.0,,,,matched
TCGA-A2-A0EO-01Z-00-DX1.D7A09E23-2CAB-4B3B-814C-BF0BA75B7589,TCGA-A2-A0EO-01,TCGA-A2-A0EO,0.30814073253554547,stroma-high,1.2834309768054188,1.2834309768054188,1.1192317217122156,23.55562554330694,76.44437445669307,72,11,11,11,11,72,84,0.7644437445669306,0.7642873788602482,1.2834309768054188,1.1192317217122156,1.3569703537760847,0.9578926838651192,80.80104724999997,/data1/deasy/Himangi/breast_feature_extraction/Ductal_outputs/TCGA-A2-A0EO-01/tils_tsr_wsi_summary.csv,TCGA-A2-A0EO,Alive,,,2442.0,0.0,,,,matched
TCGA-A2-A0EQ-01Z-00-DX1.5FCD8890-4594-4BE2-93B1-B8F698BFD2A0,TCGA-A2-A0EQ-01,TCGA-A2-A0EQ,0.40398437946366594,stroma-high,18.97646724637377,18.97646724637377,13.778655382198496,28.774136334621573,71.22586366537843,83,9,9,9,9,83,137,0.7122586366537842,0.7189441800508386,18.97646724637377,13.778655382198496,18.903308273489852,0.986389884941143,70.73269775000001,/data1/deasy/Himangi/breast_feature_extraction/Ductal_outputs/TCGA-A2-A0EQ-01/tils_tsr_wsi_summary.csv,TCGA-A2-A0EQ,Alive,,,2426.0,0.0,,,,matched
TCGA-A2-A0ET-01Z-00-DX1.41E86BB9-EA52-4615-94E7-0F09DDB094F4,TCGA-A2-A0ET-01,TCGA-A2-A0ET,2.876852715209698,stroma-low,3.460410128674414,3.460410128674414,1.472761097146146,74.20588107263418,25.794118927365805,10,5,5,5,5,10,5,0.25794118927365806,0.25839475085644936,3.460410128674414,1.472761097146146,1.6640413278473627,0.9230804837805767,98.22997043749999,/data1/deasy/Himangi/breast_feature_extraction/Ductal_outputs/TCGA-A2-A0ET-01/tils_tsr_wsi_summary.csv,TCGA-A2-A0ET,Alive,,,1066.0,0.0,,,,matched
TCGA-A2-A0EU-01Z-00-DX1.13335BEB-63D4-469B-A389-8A079A096129,TCGA-A2-A0EU-01,TCGA-A2-A0EU,0.9035950247422785,stroma-high,3.880171981547483,3.880171981547483,0.7909254420681325,47.46781815447396,52.532181845526026,10,4,4,4,4,10,11,0.5253218184552603,0.5283226467586618,3.880171981547483,0.7909254420681325,10.78213630893049,0.8923236845444105,33.840841375000004,/data1/deasy/Himangi/breast_feature_extraction/Ductal_outputs/TCGA-A2-A0EU-01/tils_tsr_wsi_summary.csv,TCGA-A2-A0EU,Alive,,,1043.0,0.0,,,,matched
TCGA-A2-A0EY-01Z-00-DX1.2F2428B3-0767-48E0-AC22-443C244CBD16,TCGA-A2-A0EY-01,TCGA-A2-A0EY,1.0131543223915083,stroma-low,0.7309365617674323,0.7309365617674323,0.3776064276198058,50.326709240449134,49.67329075955087,21,9,9,9,9,21,16,0.49673290759550875,0.49645278119019004,0.7309365617674323,0.3776064276198058,0.0395539484319369,0.9935804260153456,231.30507468749997,/data1/deasy/Himangi/breast_feature_extraction/Ductal_outputs/TCGA-A2-A0EY-01/tils_tsr_wsi_summary.csv,TCGA-A2-A0EY,Alive,,,1925.0,0.0,,,,matched
TCGA-A2-A0ST-01Z-00-DX1.AE05A5DB-4861-40DE-B0F5-7955FC903A96,TCGA-A2-A0ST-01,TCGA-A2-A0ST,1.3574724665495983,stroma-low,63.03031480289639,63.03031480289639,19.84088582470318,57.581689110303714,42.41831088969629,5,5,5,5,5,5,0,0.4241831088969629,0.5798479762818175,63.03031480289639,19.84088582470318,,0.990476188523058,3.9583900000000005,/data1/deasy/Himangi/breast_feature_extraction/Ductal_outputs/TCGA-A2-A0ST-01/tils_tsr_wsi_summary.csv,TCGA-A2-A0ST,Alive,,,3017.0,0.0,,,,matched
TCGA-A2-A0SV-01Z-00-DX1.F5645E47-3540-4753-AF5D-F5709BD8DFC1,TCGA-A2-A0SV-01,TCGA-A2-A0SV,0.9550950823453391,stroma-high,0.7260989271241206,0.7260989271241206,0.868512327299642,48.85159248621317,51.14840751378681,91,8,8,8,8,91,124,0.5114840751378681,0.510435935827603,0.7260989271241206,0.868512327299642,0.21377082367378722,0.9591581778695375,185.20157600000002,/data1/deasy/Himangi/breast_feature_extraction/Ductal_outputs/TCGA-A2-A0SV-01/tils_tsr_wsi_summary.csv,TCGA-A2-A0SV,Dead,825.0,,825.0,1.0,825.0,27.104722792607802,2.2587268993839835,matched
TCGA-A2-A0SW-01Z-00-DX1.E1EA0407-B831-4D75-826E-80B82B821797,TCGA-A2-A0SW-01,TCGA-A2-A0SW,0.7452960140750229,stroma-high,13.29819413019366,13.29819413019366,9.650488045219552,42.703129329612146,57.29687067038785,30,9,9,9,9,30,27,0.5729687067038784,0.5681153572102301,13.29819413019366,9.650488045219552,14.255379405319948,0.9581129312287574,106.27638700000001,/data1/deasy/Himangi/breast_feature_extraction/Ductal_outputs/TCGA-A2-A0SW-01/tils_tsr_wsi_summary.csv,TCGA-A2-A0SW,Dead,1365.0,,1365.0,1.0,1365.0,44.84599589322382,3.7371663244353184,matched
TCGA-A2-A0T1-01Z-00-DX1.CD1E9C46-18A3-466B-AA0B-24F3055FA851,TCGA-A2-A0T1-01,TCGA-A2-A0T1,0.5473419495768411,stroma-high,3.4315611387802405,3.4315611387802405,2.981410003374577,35.373044059622714,64.62695594037729,17,3,3,3,3,17,19,0.6462695594037728,0.6428185218834127,3.4315611387802405,2.981410003374577,1.3115742367031349,0.9075801527063726,91.885724,/data1/deasy/Himangi/breast_feature_extraction/Ductal_outputs/TCGA-A2-A0T1-01/tils_tsr_wsi_summary.csv,TCGA-A2-A0T1,Alive,,,521.0,0.0,,,,matched
TCGA-A2-A0T2-01Z-00-DX1.29A5C4C8-6AE8-44EE-98C2-ACBCBFBE9D60,TCGA-A2-A0T2-01,TCGA-A2-A0T2,0.9824809130335147,stroma-high,7.591503622235053,7.591503622235053,1.6973053441433201,49.558152442948916,50.44184755705109,51,15,15,15,15,51,53,0.5044184755705109,0.5088244641698717,7.591503622235053,1.6973053441433201,6.326094927433543,0.9309481071430296,223.278734,/data1/deasy/Himangi/breast_feature_extraction/Ductal_outputs/TCGA-A2-A0T2-01/tils_tsr_wsi_summary.csv,TCGA-A2-A0T2,Dead,255.0,,255.0,1.0,255.0,8.37782340862423,0.6981519507186859,matched
TCGA-A2-A0T3-01Z-00-DX1.5E96BC87-F4FB-4ABA-8D81-FAB7F4A80661,TCGA-A2-A0T3-01,TCGA-A2-A0T3,0.35952235279428923,stroma-high,1.6900905457027142,1.6900905457027142,2.6405958972495527,26.44475481078677,73.55524518921324,60,10,10,10,10,60,70,0.7355524518921324,0.7331902451336232,1.6900905457027142,2.6405958972495527,1.7986710288955594,0.967588252460299,64.2510815625,/data1/deasy/Himangi/breast_feature_extraction/Ductal_outputs/TCGA-A2-A0T3-01/tils_tsr_wsi_summary.csv,TCGA-A2-A0T3,Alive,,,1516.0,0.0,,,,matched
TCGA-A2-A0T5-01Z-00-DX1.128C288B-B357-439B-A8D4-8E7DEBF73E4E,TCGA-A2-A0T5-01,TCGA-A2-A0T5,1.0025953156840037,stroma-low,1.3797342940786077,1.3797342940786077,0.23416564593490294,50.064798805422086,49.935201194577914,29,17,17,17,17,29,12,0.4993520119457791,0.4995469910432549,1.3797342940786077,0.23416564593490294,2.6866179793550744,0.9645334266665903,213.05076499999996,/data1/deasy/Himangi/breast_feature_extraction/Ductal_outputs/TCGA-A2-A0T5-01/tils_tsr_wsi_summary.csv,TCGA-A2-A0T5,Alive,,,531.0,0.0,,,,matched
TCGA-A2-A0YC-01Z-00-DX1.F01F2268-17D8-45FD-8917-FD89454D0709,TCGA-A2-A0YC-01,TCGA-A2-A0YC,0.385653038176297,stroma-high,0.30470566228086304,0.30470566228086304,0.23391556189727947,27.831861768503575,72.16813823149644,39,5,5,5,5,39,51,0.7216813823149644,0.7215463081221057,0.30470566228086304,0.23391556189727947,0.11052096423876451,0.8758406614756564,74.803494375,/data1/deasy/Himangi/breast_feature_extraction/Ductal_outputs/TCGA-A2-A0YC-01/tils_tsr_wsi_summary.csv,TCGA-A2-A0YC,Alive,,,990.0,0.0,,,,matched
TCGA-A2-A0YE-01Z-00-DX1.8A2E3094-5755-42BC-969D-7F0A2ECA0F39,TCGA-A2-A0YE-01,TCGA-A2-A0YE,0.6437769296012888,stroma-high,5.379063388669603,5.379063388669603,1.6192369198371845,39.16449476860842,60.835505231391586,36,9,9,9,9,36,41,0.6083550523139158,0.6102296855180483,5.379063388669603,1.6192369198371845,6.40383018046764,0.9951892493853669,100.828616625,/data1/deasy/Himangi/breast_feature_extraction/Ductal_outputs/TCGA-A2-A0YE-01/tils_tsr_wsi_summary.csv,TCGA-A2-A0YE,Alive,,,554.0,0.0,,,,matched
TCGA-A2-A0YF-01Z-00-DX1.6166E995-0669-43D6-B9C7-FE39BCE529CF,TCGA-A2-A0YF-01,TCGA-A2-A0YF,0.9247903561218882,stroma-high,4.1343999371830735,4.1343999371830735,4.055312535906179,48.046289985844325,51.95371001415566,61,6,5,6,6,61,82,0.5195371001415566,0.5166113959718845,4.1343999371830735,4.055312535906179,2.458510024026764,0.9804722591102674,101.61536456249999,/data1/deasy/Himangi/breast_feature_extraction/Ductal_outputs/TCGA-A2-A0YF-01/tils_tsr_wsi_summary.csv,TCGA-A2-A0YF,Alive,,,1535.0,0.0,,,,matched
TCGA-A2-A0YG-01Z-00-DX1.89A39319-F880-47DE-B311-DA1F6A64B6F3,TCGA-A2-A0YG-01,TCGA-A2-A0YG,1.3895479965206057,stroma-low,3.1471358382502044,3.1471358382502044,0.5259781347529572,58.15108123142583,41.84891876857418,4,3,3,3,3,4,1,0.4184891876857418,0.41856765291741266,3.1471358382502044,0.5259781347529572,3.69723146585808,0.9099982206401022,87.1541881875,/data1/deasy/Himangi/breast_feature_extraction/Ductal_outputs/TCGA-A2-A0YG-01/tils_tsr_wsi_summary.csv,TCGA-A2-A0YG,Alive,,,666.0,0.0,,,,matched
TCGA-A2-A0YH-01Z-00-DX1.FBA5E711-8275-45B3-BC20-5A786EE23548,TCGA-A2-A0YH-01,TCGA-A2-A0YH,1.4252487853738511,stroma-low,6.903662358175448,6.903662358175448,4.068511210691458,58.76711675805044,41.232883241949565,14,2,2,2,2,14,19,0.41232883241949564,0.4127391088476814,6.903662358175448,4.068511210691458,5.805072189310431,0.8675275241429132,55.2471885,/data1/deasy/Himangi/breast_feature_extraction/Ductal_outputs/TCGA-A2-A0YH-01/tils_tsr_wsi_summary.csv,TCGA-A2-A0YH,Alive,,,659.0,0.0,,,,matched
TCGA-A2-A0YJ-01Z-00-DX1.8135C74E-DAA8-4C8E-AF14-A4B5B57695BE,TCGA-A2-A0YJ-01,TCGA-A2-A0YJ,0.7621501718067211,stroma-high,14.193168753155577,14.193168753155577,7.133690561662124,43.25114760368542,56.74885239631459,78,1,1,1,1,78,131,0.5674885239631459,0.5744313627964512,14.193168753155577,7.133690561662124,13.59913369817659,0.9844729767824107,125.4675639375,/data1/deasy/Himangi/breast_feature_extraction/Ductal_outputs/TCGA-A2-A0YJ-01/tils_tsr_wsi_summary.csv,TCGA-A2-A0YJ,Alive,,,566.0,0.0,,,,matched
TCGA-A2-A0YM-01Z-00-DX1.A48B4C96-2CC5-464C-98B7-F0F92AE56533,TCGA-A2-A0YM-01,TCGA-A2-A0YM,1.3141413036720655,stroma-low,15.521525190607367,15.521525190607367,6.428708721975769,56.787427007451704,43.212572992548296,6,3,3,3,3,6,4,0.4321257299254829,0.42319812125218575,15.521525190607367,6.428708721975769,1.0673367389299098,0.9918818255705096,68.8716646875,/data1/deasy/Himangi/breast_feature_extraction/Ductal_outputs/TCGA-A2-A0YM-01/tils_tsr_wsi_summary.csv,TCGA-A2-A0YM,Alive,,,965.0,0.0,,,,matched
TCGA-A2-A0YT-01Z-00-DX1.63CA3E36-B3E4-4D3F-9F80-2703970DBE5B,TCGA-A2-A0YT-01,TCGA-A2-A0YT,0.17001066514726407,stroma-high,0.354049088939731,0.354049088939731,1.160559408539018,14.530693626272678,85.46930637372732,126,16,16,16,16,126,199,0.8546930637372732,0.8539614967866694,0.354049088939731,1.160559408539018,0.22669439440243538,0.9917761752789449,85.86791775,/data1/deasy/Himangi/breast_feature_extraction/Ductal_outputs/TCGA-A2-A0YT-01/tils_tsr_wsi_summary.csv,TCGA-A2-A0YT,Dead,723.0,,723.0,1.0,723.0,23.753593429158112,1.9794661190965093,matched
TCGA-A2-A1FW-01Z-00-DX1.DC2BC5D7-E57B-444E-833F-9A1B6E11DE6D,TCGA-A2-A1FW-01,TCGA-A2-A1FW,0.44865063999662097,stroma-high,14.798046334202763,14.798046334202763,13.037265554464774,30.970244143727253,69.02975585627273,66,9,9,9,9,66,82,0.6902975585627273,0.6819613411185459,14.798046334202763,13.037265554464774,21.50625703244026,0.8387184068612532,96.19596043749999,/data1/deasy/Himangi/breast_feature_extraction/Ductal_outputs/TCGA-A2-A1FW-01/tils_tsr_wsi_summary.csv,TCGA-A2-A1FW,Alive,,,528.0,0.0,,,,matched
TCGA-A2-A1FX-01Z-00-DX1.35B93F3A-9959-4D72-A702-08B27563D24F,TCGA-A2-A1FX-01,TCGA-A2-A1FX,0.4783670745147316,stroma-high,48.27798553953521,48.27798553953521,38.65981315124954,32.35780089811279,67.64219910188721,44,2,2,2,2,44,75,0.6764219910188721,0.689433244738011,48.27798553953521,38.65981315124954,49.3860476264405,0.9770445468649733,50.08749625,/data1/deasy/Himangi/breast_feature_extraction/Ductal_outputs/TCGA-A2-A1FX-01/tils_tsr_wsi_summary.csv,TCGA-A2-A1FX,Alive,,,1847.0,0.0,,,,matched
TCGA-A2-A1FZ-01Z-00-DX1.0BAAEF41-DCA4-4677-9A27-09E990033FA6,TCGA-A2-A1FZ-01,TCGA-A2-A1FZ,0.4839539130743557,stroma-high,3.43147700022838,3.43147700022838,3.043129231841206,32.61246247679839,67.3875375232016,39,6,6,6,6,39,50,0.673875375232016,0.671278763371469,3.43147700022838,3.043129231841206,3.4972466018990342,0.8759013961669514,81.538375875,/data1/deasy/Himangi/breast_feature_extraction/Ductal_outputs/TCGA-A2-A1FZ-01/tils_tsr_wsi_summary.csv,TCGA-A2-A1FZ,Alive,,,683.0,0.0,,,,matched
TCGA-A2-A1G1-01Z-00-DX1.E52A474F-DE13-41CF-94D4-D00BAC46ECF4,TCGA-A2-A1G1-01,TCGA-A2-A1G1,0.5394878998197659,stroma-high,6.547761555702057,6.547761555702057,1.8986239753330765,35.04333485719023,64.95666514280977,17,6,6,6,6,17,13,0.6495666514280977,0.6540048594066306,6.547761555702057,1.8986239753330765,11.312331019630642,0.9164883916105057,52.94782281249999,/data1/deasy/Himangi/breast_feature_extraction/Ductal_outputs/TCGA-A2-A1G1-01/tils_tsr_wsi_summary.csv,TCGA-A2-A1G1,Alive,,,584.0,0.0,,,,matched
TCGA-A2-A1G4-01Z-00-DX1.0274DF5B-5920-419A-B778-2F04D9C602F2,TCGA-A2-A1G4-01,TCGA-A2-A1G4,0.8761291648170937,stroma-high,6.285577191137401,6.285577191137401,0.790838497372828,46.69876580179429,53.30123419820572,93,20,20,20,20,93,103,0.5330123419820572,0.5414554817056113,6.285577191137401,0.790838497372828,12.085871001028412,0.8838127036694889,159.27569556249995,/data1/deasy/Himangi/breast_feature_extraction/Ductal_outputs/TCGA-A2-A1G4-01/tils_tsr_wsi_summary.csv,TCGA-A2-A1G4,Alive,,,595.0,0.0,,,,matched
TCGA-A2-A1G6-01Z-00-DX1.BCC3EC46-CEBF-4B37-BCF0-266D18170B54,TCGA-A2-A1G6-01,TCGA-A2-A1G6,0.7017165686529241,stroma-high,0.726792869212653,0.726792869212653,0.28159318735685596,41.23580751219938,58.76419248780061,22,4,4,4,4,22,27,0.587641924878006,0.5878376599200861,0.726792869212653,0.28159318735685596,0.0,0.9921015506846937,76.4152131875,/data1/deasy/Himangi/breast_feature_extraction/Ductal_outputs/TCGA-A2-A1G6-01/tils_tsr_wsi_summary.csv,TCGA-A2-A1G6,Alive,,,501.0,0.0,,,,matched
TCGA-A2-A259-01Z-00-DX1.7289CD72-CB74-41D4-B4AC-4EA5FDFEC666,TCGA-A2-A259-01,TCGA-A2-A259,0.6115403856422125,stroma-high,1.2405199190395633,1.2405199190395633,0.4090964367456059,37.947568121199055,62.05243187880095,22,10,10,10,10,22,18,0.6205243187880095,0.6206205090575772,1.2405199190395633,0.4090964367456059,0.608521460381844,0.9023191331882883,94.85200675,/data1/deasy/Himangi/breast_feature_extraction/Ductal_outputs/TCGA-A2-A259-01/tils_tsr_wsi_summary.csv,TCGA-A2-A259,Alive,,,1596.0,0.0,,,,matched
TCGA-A2-A25B-01Z-00-DX1.58D7BEDE-5558-4A9E-A95E-DDF24C9267EF,TCGA-A2-A25B-01,TCGA-A2-A25B,0.9210744230573861,stroma-high,2.297319653221636,2.297319653221636,0.961130885459018,47.945795956800985,52.054204043199015,26,16,16,16,16,26,12,0.5205420404319901,0.5205804212272455,2.297319653221636,0.961130885459018,0.07153031598211397,0.9310428059985738,201.60721249999997,/data1/deasy/Himangi/breast_feature_extraction/Ductal_outputs/TCGA-A2-A25B-01/tils_tsr_wsi_summary.csv,TCGA-A2-A25B,Alive,,,1291.0,0.0,,,,matched
TCGA-A2-A25C-01Z-00-DX1.F8E6044A-435E-42D5-94FF-C0F572F1ED99,TCGA-A2-A25C-01,TCGA-A2-A25C,0.56023504355763,stroma-high,4.020917515387473,4.020917515387473,1.34185445652643,35.90709270830044,64.09290729169955,28,7,7,7,7,28,27,0.6409290729169955,0.6406796785342218,4.020917515387473,1.34185445652643,5.742815298845744,0.9997488705414562,166.150228,/data1/deasy/Himangi/breast_feature_extraction/Ductal_outputs/TCGA-A2-A25C-01/tils_tsr_wsi_summary.csv,TCGA-A2-A25C,Alive,,,523.0,0.0,,,,matched
TCGA-A2-A25E-01Z-00-DX1.46D1950B-0BAF-4A44-B58F-CD738E74CB27,TCGA-A2-A25E-01,TCGA-A2-A25E,0.6248584890056458,stroma-high,3.0230393223846317,3.0230393223846317,3.80210303323383,38.456178998580754,61.54382100141924,20,7,7,7,7,20,14,0.6154382100141924,0.6090636758067625,3.0230393223846317,3.80210303323383,3.123367452462634,0.9809623026261247,149.29239525,/data1/deasy/Himangi/breast_feature_extraction/Ductal_outputs/TCGA-A2-A25E-01/tils_tsr_wsi_summary.csv,TCGA-A2-A25E,Alive,,,3204.0,0.0,,,,matched
TCGA-A2-A25F-01Z-00-DX1.87499CD4-E41C-46B1-AAF3-5CE881F2B8BC,TCGA-A2-A25F-01,TCGA-A2-A25F,0.5946962233356121,stroma-high,16.119754478056787,16.119754478056787,8.389765678590603,37.29213217121009,62.70786782878991,32,9,9,9,9,32,30,0.6270786782878991,0.631323315583651,16.119754478056787,8.389765678590603,15.570691088821164,0.9235774773203183,63.638315,/data1/deasy/Himangi/breast_feature_extraction/Ductal_outputs/TCGA-A2-A25F-01/tils_tsr_wsi_summary.csv,TCGA-A2-A25F,Alive,,,322.0,0.0,,,,matched
TCGA-A2-A3XS-01Z-00-DX1.867925C0-91D8-40A0-9FEA-25A635AC31E7,TCGA-A2-A3XS-01,TCGA-A2-A3XS,0.34725532129134495,stroma-high,7.093043956045513,7.093043956045513,3.2982661494141032,25.77501946390537,74.22498053609463,40,1,1,1,1,40,65,0.7422498053609463,0.7451117896333294,7.093043956045513,3.2982661494141032,11.169538194896216,0.9844863728149787,61.99092,/data1/deasy/Himangi/breast_feature_extraction/Ductal_outputs/TCGA-A2-A3XS-01/tils_tsr_wsi_summary.csv,TCGA-A2-A3XS,Dead,1032.0,,1032.0,1.0,1032.0,33.90554414784394,2.8254620123203287,matched
TCGA-A2-A3XT-01Z-00-DX1.336D6C78-576A-481B-8C83-F3A0FC4B182C,TCGA-A2-A3XT-01,TCGA-A2-A3XT,1.7270377492086706,stroma-low,16.643139613380036,16.643139613380036,8.451899565450855,63.33017391159403,36.66982608840597,36,7,7,7,7,36,35,0.36669826088405966,0.3648462027240791,16.643139613380036,8.451899565450855,6.5902827046562615,0.9376682726701401,139.08319200000003,/data1/deasy/Himangi/breast_feature_extraction/Ductal_outputs/TCGA-A2-A3XT-01/tils_tsr_wsi_summary.csv,TCGA-A2-A3XT,Alive,,,2770.0,0.0,,,,matched
TCGA-A2-A3XU-01Z-00-DX1.174A92D4-50B2-4A59-AD31-D5EC5BBF2F65,TCGA-A2-A3XU-01,TCGA-A2-A3XU,2.7040734417204706,stroma-low,1.5699063310045576,1.5699063310045576,0.4677972024747533,73.00269512109027,26.997304878909723,11,5,5,5,5,11,7,0.2699730487890972,0.2697622518571763,1.5699063310045576,0.4677972024747533,0.0,0.9643327197368358,181.125252,/data1/deasy/Himangi/breast_feature_extraction/Ductal_outputs/TCGA-A2-A3XU-01/tils_tsr_wsi_summary.csv,TCGA-A2-A3XU,Dead,912.0,,912.0,1.0,912.0,29.963039014373717,2.4969199178644765,matched
TCGA-A2-A3XV-01Z-00-DX1.4B58B7CD-B3F6-4C31-863F-924D291EF17C,TCGA-A2-A3XV-01,TCGA-A2-A3XV,1.561123777045377,stroma-low,5.885032381887393,5.885032381887393,0.2863332861938722,60.95463995287087,39.04536004712912,8,6,6,6,6,8,2,0.39045360047129124,0.3916639621672473,5.885032381887393,0.2863332861938722,,0.9672730315439609,157.04366399999998,/data1/deasy/Himangi/breast_feature_extraction/Ductal_outputs/TCGA-A2-A3XV-01/tils_tsr_wsi_summary.csv,TCGA-A2-A3XV,Alive,,,996.0,0.0,,,,matched
TCGA-A2-A3XW-01Z-00-DX1.45F5F36F-5503-4A38-AF37-E526915A8DBE,TCGA-A2-A3XW-01,TCGA-A2-A3XW,2.0959332638554007,stroma-low,13.268412367460128,13.268412367460128,3.315508008722867,67.69956214254151,32.30043785745848,24,6,6,6,6,24,20,0.32300437857458486,0.33071480951205745,13.268412367460128,3.315508008722867,2.777377988749963,0.9264415249852932,113.3901,/data1/deasy/Himangi/breast_feature_extraction/Ductal_outputs/TCGA-A2-A3XW-01/tils_tsr_wsi_summary.csv,TCGA-A2-A3XW,Alive,,,1712.0,0.0,,,,matched
TCGA-A2-A3XX-01Z-00-DX1.03C6D70F-2833-4E97-91B7-DE70CD083D92,TCGA-A2-A3XX-01,TCGA-A2-A3XX,2.1589816141400555,stroma-low,39.77768239717605,39.77768239717605,6.30700078190248,68.34422854745794,31.65577145254206,10,4,4,4,4,10,6,0.3165577145254206,0.35018025748723197,39.77768239717605,6.30700078190248,22.026059845525108,0.9993952343507986,71.15309999999998,/data1/deasy/Himangi/breast_feature_extraction/Ductal_outputs/TCGA-A2-A3XX-01/tils_tsr_wsi_summary.csv,TCGA-A2-A3XX,Dead,1439.0,,1439.0,1.0,1439.0,47.27720739219713,3.9397672826830936,matched
TCGA-A2-A3XY-01Z-00-DX1.E57FC9BF-411E-4028-AC10-8BCA5D0C8472,TCGA-A2-A3XY-01,TCGA-A2-A3XY,1.0793017332817145,stroma-low,7.179942348795024,7.179942348795024,1.1310631730510305,51.90693183226838,48.09306816773161,19,16,15,16,16,19,3,0.4809306816773161,0.48363473601254897,7.179942348795024,1.1310631730510305,3.9111964917061517,0.9893946104572103,112.75329599999998,/data1/deasy/Himangi/breast_feature_extraction/Ductal_outputs/TCGA-A2-A3XY-01/tils_tsr_wsi_summary.csv,TCGA-A2-A3XY,Dead,1093.0,,1093.0,1.0,1093.0,35.90965092402464,2.9924709103353866,matched
TCGA-A2-A3XZ-01Z-00-DX1.B7A1344E-7015-4A21-B3D4-EB760161BE7C,TCGA-A2-A3XZ-01,TCGA-A2-A3XZ,1.9159875203776655,stroma-low,21.788559920601447,21.788559920601447,2.053477358787998,65.70630042098107,34.29369957901893,12,6,6,6,6,12,6,0.34293699579018927,0.36488964397718754,21.788559920601447,2.053477358787998,26.127835693481288,0.9422688077625027,84.87687599999998,/data1/deasy/Himangi/breast_feature_extraction/Ductal_outputs/TCGA-A2-A3XZ-01/tils_tsr_wsi_summary.csv,TCGA-A2-A3XZ,Alive,,,1532.0,0.0,,,,matched
TCGA-A2-A3Y0-01Z-00-DX1.A1EDDF82-FFAA-44A4-A749-7FB6F8133CC0,TCGA-A2-A3Y0-01,TCGA-A2-A3Y0,1.92557947312998,stroma-low,23.317716118975994,23.317716118975994,7.988717877272434,65.81873747801035,34.181262521989645,20,11,11,11,11,20,10,0.34181262521989647,0.3513454862172347,23.317716118975994,7.988717877272434,6.576363811676615,0.9687062415579887,114.520752,/data1/deasy/Himangi/breast_feature_extraction/Ductal_outputs/TCGA-A2-A3Y0-01/tils_tsr_wsi_summary.csv,TCGA-A2-A3Y0,Alive,,,1546.0,0.0,,,,matched
TCGA-A2-A4S3-01Z-00-DX1.50699E65-E536-4C9B-93A7-4C9894624A29,TCGA-A2-A4S3-01,TCGA-A2-A4S3,0.9405046754411078,stroma-high,9.737626352332873,9.737626352332873,2.9778952014940634,48.467014140397055,51.53298585960293,44,4,4,4,4,44,62,0.5153298585960293,0.5244246052710545,9.737626352332873,2.9778952014940634,10.881800195961839,0.991691365788463,135.81756175,/data1/deasy/Himangi/breast_feature_extraction/Ductal_outputs/TCGA-A2-A4S3-01/tils_tsr_wsi_summary.csv,TCGA-A2-A4S3,Alive,,,666.0,0.0,,,,matched
TCGA-A7-A0CD-01Z-00-DX1.F045B9C8-049C-41BF-8432-EF89F236D34D,TCGA-A7-A0CD-01,TCGA-A7-A0CD,1.870691514125171,stroma-low,6.611802705154453,6.611802705154453,0.6532364323007881,65.16518772290499,34.834812277095025,3,2,2,2,2,3,1,0.3483481227709503,0.35349525599847764,6.611802705154453,0.6532364323007881,1.5564847358197476,0.9059401142524742,23.43281275,/data1/deasy/Himangi/breast_feature_extraction/Ductal_outputs/TCGA-A7-A0CD-01/tils_tsr_wsi_summary.csv,TCGA-A7-A0CD,Alive,,,1165.0,0.0,,,,matched
TCGA-A7-A0CE-01Z-00-DX2.5AD1DB65-10E7-4996-AB5E-13D7851EC5FA,TCGA-A7-A0CE-01,TCGA-A7-A0CE,4.480480510320763,stroma-low,9.420238764830897,9.420238764830897,0.5362028154696261,81.75342475688375,18.246575243116258,11,7,7,7,7,11,4,0.1824657524311626,0.18873038310436044,9.420238764830897,0.5362028154696261,5.437087172589377,0.9408311237723295,103.81805274999999,/data1/deasy/Himangi/breast_feature_extraction/Ductal_outputs/TCGA-A7-A0CE-01/tils_tsr_wsi_summary.csv,TCGA-A7-A0CE,Alive,,,1074.0,0.0,,,,matched
TCGA-A7-A0CJ-01Z-00-DX1.E26F2F62-D688-4373-BB7B-790A06734E49,TCGA-A7-A0CJ-01,TCGA-A7-A0CJ,0.7252226134037661,stroma-high,28.205888507286502,28.205888507286502,16.73248822907054,42.03646577370924,57.96353422629077,10,7,7,7,7,10,4,0.5796353422629077,0.599919488324272,28.205888507286502,16.73248822907054,9.154707980250743,0.9141960495064883,9.019224,/data1/deasy/Himangi/breast_feature_extraction/Ductal_outputs/TCGA-A7-A0CJ-01/TCGA-A7-A0CJ-01Z-00-DX1.E26F2F62-D688-4373-BB7B-790A06734E49__tils_tsr_wsi_summary.csv,TCGA-A7-A0CJ,Alive,,,931.0,0.0,,,,matched
TCGA-A7-A0CJ-01Z-00-DX2.4B591117-5FC9-4B43-8A45-444CCCABC666,TCGA-A7-A0CJ-01,TCGA-A7-A0CJ,2.8204818914133023,stroma-low,29.718434068847927,29.718434068847927,9.043867996473214,73.82529145740638,26.17470854259362,6,5,5,5,5,6,1,0.2617470854259362,0.2754121773285518,29.718434068847927,9.043867996473214,0.0,0.9636270477139277,38.74107599999999,/data1/deasy/Himangi/breast_feature_extraction/Ductal_outputs/TCGA-A7-A0CJ-01/TCGA-A7-A0CJ-01Z-00-DX2.4B591117-5FC9-4B43-8A45-444CCCABC666__tils_tsr_wsi_summary.csv,TCGA-A7-A0CJ,Alive,,,931.0,0.0,,,,matched
TCGA-A7-A0D9-01Z-00-DX1.FBC3B90F-C58B-4476-8354-0AF9248324E3,TCGA-A7-A0D9-01,TCGA-A7-A0D9,0.27052657872631863,stroma-high,4.2233702462177245,4.2233702462177245,1.00824972827794,21.29247693484043,78.70752306515956,14,6,6,6,6,14,14,0.7870752306515957,0.7904246802446088,4.2233702462177245,1.00824972827794,1.860542764722795,0.982505313325556,11.11158,/data1/deasy/Himangi/breast_feature_extraction/Ductal_outputs/TCGA-A7-A0D9-01/TCGA-A7-A0D9-01Z-00-DX1.FBC3B90F-C58B-4476-8354-0AF9248324E3__tils_tsr_wsi_summary.csv,TCGA-A7-A0D9,Alive,,,1139.0,0.0,,,,matched
TCGA-A7-A0D9-01Z-00-DX2.66CD9ED8-223B-4AC8-AA1A-2481FB0C47B3,TCGA-A7-A0D9-01,TCGA-A7-A0D9,0.2982136195931368,stroma-high,4.5538671468303304,4.5538671468303304,5.702648917922789,22.97107464383232,77.02892535616769,9,3,3,3,3,9,9,0.7702892535616769,0.7669901316186177,4.5538671468303304,5.702648917922789,3.105545525361736,0.9669450822323397,11.124576000000001,/data1/deasy/Himangi/breast_feature_extraction/Ductal_outputs/TCGA-A7-A0D9-01/TCGA-A7-A0D9-01Z-00-DX2.66CD9ED8-223B-4AC8-AA1A-2481FB0C47B3__tils_tsr_wsi_summary.csv,TCGA-A7-A0D9,Alive,,,1139.0,0.0,,,,matched
TCGA-A7-A0DB-01Z-00-DX2.6C6A5F9C-294F-4A86-A0F1-B68D4729B535,TCGA-A7-A0DB-01,TCGA-A7-A0DB,0.3844579445172583,stroma-high,0.4201117899387683,0.4201117899387683,0.8666365452624438,27.769564690627966,72.23043530937203,28,5,5,5,5,28,41,0.7223043530937203,0.721162720545359,0.4201117899387683,0.8666365452624438,0.0237344536348041,0.8959457781394509,44.83023,/data1/deasy/Himangi/breast_feature_extraction/Ductal_outputs/TCGA-A7-A0DB-01/tils_tsr_wsi_summary.csv,TCGA-A7-A0DB,Alive,,,1007.0,0.0,,,,matched
TCGA-A7-A13F-01Z-00-DX1.AB4ADDD3-8E1C-4AB9-813E-D137A2CFB950,TCGA-A7-A13F-01,TCGA-A7-A13F,0.2957839723499385,stroma-high,0.3831822034568122,0.3831822034568122,0.23492026331227567,22.826642300068457,77.17335769993153,43,3,3,3,3,43,62,0.7717335769993153,0.771824572385432,0.3831822034568122,0.23492026331227567,0.0444923146291129,0.966078673658893,62.991611999999996,/data1/deasy/Himangi/breast_feature_extraction/Ductal_outputs/TCGA-A7-A13F-01/TCGA-A7-A13F-01Z-00-DX1.AB4ADDD3-8E1C-4AB9-813E-D137A2CFB950__tils_tsr_wsi_summary.csv,TCGA-A7-A13F,Alive,,,765.0,0.0,,,,matched
TCGA-A7-A13F-01Z-00-DX2.8CC23BAD-B3CC-4BBC-832A-A3879D6EF62D,TCGA-A7-A13F-01,TCGA-A7-A13F,0.33089145831478944,stroma-high,0.24784369371931228,0.24784369371931228,0.12912820072137376,24.862392514996912,75.13760748500309,25,4,4,4,4,25,30,0.7513760748500309,0.7514155838009349,0.24784369371931228,0.12912820072137376,0.6412037688328233,0.9612468707253646,57.221388,/data1/deasy/Himangi/breast_feature_extraction/Ductal_outputs/TCGA-A7-A13F-01/TCGA-A7-A13F-01Z-00-DX2.8CC23BAD-B3CC-4BBC-832A-A3879D6EF62D__tils_tsr_wsi_summary.csv,TCGA-A7-A13F,Alive,,,765.0,0.0,,,,matched
TCGA-A7-A13G-01Z-00-DX1.C258C545-8C1F-41D4-846F-962A746CBDFB,TCGA-A7-A13G-01,TCGA-A7-A13G,0.8617388210251491,stroma-high,5.518322180736168,5.518322180736168,5.44237852447722,46.28677295081813,53.71322704918187,2,2,2,2,2,2,0,0.5371322704918187,0.5291095783245551,5.518322180736168,5.44237852447722,,0.9364521035792271,13.736772,/data1/deasy/Himangi/breast_feature_extraction/Ductal_outputs/TCGA-A7-A13G-01/tils_tsr_wsi_summary.csv,TCGA-A7-A13G,Alive,,,718.0,0.0,,,,matched
TCGA-A7-A26H-01Z-00-DX1.3344CFD3-5A19-4B01-BEB2-AB89F83FD53A,TCGA-A7-A26H-01,TCGA-A7-A26H,0.5108988222591967,stroma-high,2.7020992285138865,2.7020992285138865,3.485878795462888,33.814231286200005,66.1857687138,23,14,14,14,14,23,9,0.6618576871380001,0.658676349481414,2.7020992285138865,3.485878795462888,2.1482667445540544,0.8913454525238533,21.886066000000003,/data1/deasy/Himangi/breast_feature_extraction/Ductal_outputs/TCGA-A7-A26H-01/tils_tsr_wsi_summary.csv,TCGA-A7-A26H,Alive,,,724.0,0.0,,,,matched
TCGA-A7-A2KD-01Z-00-DX1.BFF2DFC8-1D95-4DC2-98FC-5BD7D7C6CDF5,TCGA-A7-A2KD-01,TCGA-A7-A2KD,0.6299213943244012,stroma-high,14.842592601131368,14.842592601131368,12.212040788924195,38.64734805726642,61.35265194273358,49,9,9,9,9,49,54,0.6135265194273358,0.6039163033883196,14.842592601131368,12.212040788924195,10.21923023758187,0.8384465152197604,130.03797600000001,/data1/deasy/Himangi/breast_feature_extraction/Ductal_outputs/TCGA-A7-A2KD-01/tils_tsr_wsi_summary.csv,TCGA-A7-A2KD,Alive,,,679.0,0.0,,,,matched
TCGA-A7-A4SD-01Z-00-DX1.677152B3-17B2-42DB-AEEC-C9509ACCE831,TCGA-A7-A4SD-01,TCGA-A7-A4SD,2.2613336348767112,stroma-low,41.6427693182213,41.6427693182213,21.41402344753562,69.33769702964466,30.66230297035536,4,4,4,4,4,4,0,0.3066230297035536,0.285153852140747,41.6427693182213,21.41402344753562,,0.863141710874257,65.76388625,/data1/deasy/Himangi/breast_feature_extraction/Ductal_outputs/TCGA-A7-A4SD-01/tils_tsr_wsi_summary.csv,TCGA-A7-A4SD,Alive,,,441.0,0.0,,,,matched
TCGA-A7-A4SF-01Z-00-DX1.CDCFD4BC-4363-4CF2-95F5-4922E04C3B9D,TCGA-A7-A4SF-01,TCGA-A7-A4SF,1.7354347370815941,stroma-low,21.526544442913238,21.526544442913238,1.1283808945871332,63.44273959659922,36.55726040340079,3,2,2,2,2,3,1,0.36557260403400793,0.3869016753495013,21.526544442913238,1.1283808945871332,21.84356842063074,0.9331956227822157,16.3604575,/data1/deasy/Himangi/breast_feature_extraction/Ductal_outputs/TCGA-A7-A4SF-01/tils_tsr_wsi_summary.csv,TCGA-A7-A4SF,Alive,,,545.0,0.0,,,,matched
TCGA-A7-A56D-01Z-00-DX1.87D9CCF4-04EE-46D2-B7FC-A83561D7752C,TCGA-A7-A56D-01,TCGA-A7-A56D,0.487175243804156,stroma-high,5.031550515292963,5.031550515292963,3.502196102529853,32.75842882900433,67.24157117099568,17,4,4,4,4,17,14,0.6724157117099568,0.6706496390074873,5.031550515292963,3.502196102529853,3.996803491849579,0.9519822456795781,45.992844,/data1/deasy/Himangi/breast_feature_extraction/Ductal_outputs/TCGA-A7-A56D-01/tils_tsr_wsi_summary.csv,TCGA-A7-A56D,Alive,,,448.0,0.0,,,,matched
TCGA-A7-A6VV-01Z-00-DX1.07AE0E16-A883-4C86-BC74-4E13081175F2,TCGA-A7-A6VV-01,TCGA-A7-A6VV,0.47470871203285553,stroma-high,1.9043570511723686,1.9043570511723686,1.5325972449023662,32.18999848305496,67.81000151694504,14,1,1,1,1,14,15,0.6781000151694504,0.6772111407570539,1.9043570511723686,1.5325972449023662,0.6402128721664962,0.9820723182020559,42.39548475,/data1/deasy/Himangi/breast_feature_extraction/Ductal_outputs/TCGA-A7-A6VV-01/TCGA-A7-A6VV-01Z-00-DX1.07AE0E16-A883-4C86-BC74-4E13081175F2__tils_tsr_wsi_summary.csv,TCGA-A7-A6VV,Alive,,,313.0,0.0,,,,matched
TCGA-A7-A6VW-01Z-00-DX1.1BC4790C-DB45-4A3D-9C97-92C92C03FF60,TCGA-A7-A6VW-01,TCGA-A7-A6VW,2.030584112724102,stroma-low,8.44838362088449,8.44838362088449,0.5044023080417109,67.00306070366318,32.996939296336826,5,4,4,4,4,5,1,0.32996939296336825,0.3380953809143854,8.44838362088449,0.5044023080417109,0.0,0.9523380810358246,35.829972000000005,/data1/deasy/Himangi/breast_feature_extraction/Ductal_outputs/TCGA-A7-A6VW-01/tils_tsr_wsi_summary.csv,TCGA-A7-A6VW,Alive,,,285.0,0.0,,,,matched
TCGA-A7-A6VX-01Z-00-DX1.F74DA243-C65A-4997-BCA0-F1C89675978C,TCGA-A7-A6VX-01,TCGA-A7-A6VX,1.2922405477778773,stroma-low,12.83592639337295,12.83592639337295,3.3513043574135253,56.374561083067356,43.62543891693264,6,6,6,6,6,6,0,0.4362543891693264,0.4435833860596792,12.83592639337295,3.3513043574135253,,0.9840509587356389,28.539215999999996,/data1/deasy/Himangi/breast_feature_extraction/Ductal_outputs/TCGA-A7-A6VX-01/TCGA-A7-A6VX-01Z-00-DX1.F74DA243-C65A-4997-BCA0-F1C89675978C__tils_tsr_wsi_summary.csv,TCGA-A7-A6VX,Alive,,,317.0,0.0,,,,matched
TCGA-A7-A6VY-01Z-00-DX1.38D4EBD7-40B0-4EE3-960A-1F00E8F83ADB,TCGA-A7-A6VY-01,TCGA-A7-A6VY,1.8573167217484268,stroma-low,35.624120900672914,35.624120900672914,19.8938929630647,65.0021297118197,34.9978702881803,4,4,4,4,4,4,0,0.34997870288180305,0.3415346842179688,35.624120900672914,19.8938929630647,,0.8094778324198153,21.261456000000003,/data1/deasy/Himangi/breast_feature_extraction/Ductal_outputs/TCGA-A7-A6VY-01/tils_tsr_wsi_summary.csv,TCGA-A7-A6VY,Alive,,,266.0,0.0,,,,matched
TCGA-A8-A06O-01Z-00-DX1.FA4495B2-5B13-4448-ADCB-EF5316E0955B,TCGA-A8-A06O-01,TCGA-A8-A06O,0.7003802440039123,stroma-high,5.062865857521909,5.062865857521909,1.889156124122908,41.18962487794588,58.810375122054126,12,3,3,3,3,12,10,0.5881037512205413,0.5918291456333019,5.062865857521909,1.889156124122908,9.329930662735725,0.9060938547562971,24.161696000000003,/data1/deasy/Himangi/breast_feature_extraction/Ductal_outputs/TCGA-A8-A06O-01/tils_tsr_wsi_summary.csv,TCGA-A8-A06O,Alive,,,396.0,0.0,,,,matched
TCGA-A8-A06P-01Z-00-DX1.37660D0F-1595-43C5-9D30-58D6CB93B52C,TCGA-A8-A06P-01,TCGA-A8-A06P,0.5179974983004195,stroma-high,0.09379241894891877,0.09379241894891877,0.13433227378247325,34.12373860170256,65.87626139829743,12,3,3,3,3,12,9,0.6587626139829743,0.6585868246368891,0.09379241894891877,0.13433227378247325,0.20577119585792034,0.9784722397972185,30.405403500000002,/data1/deasy/Himangi/breast_feature_extraction/Ductal_outputs/TCGA-A8-A06P-01/tils_tsr_wsi_summary.csv,TCGA-A8-A06P,Alive,,,396.0,0.0,,,,matched
TCGA-A8-A06Q-01Z-00-DX1.622AC6E4-DB1A-4C8D-8185-52D4FD1F30B4,TCGA-A8-A06Q-01,TCGA-A8-A06Q,2.5827391693106145,stroma-low,2.387662572122044,2.387662572122044,0.7083668850053122,72.08839514285886,27.911604857141153,2,1,1,1,1,2,1,0.27911604857141153,0.2799727501359044,2.387662572122044,0.7083668850053122,0.0,0.9369321214145732,27.16738775,/data1/deasy/Himangi/breast_feature_extraction/Ductal_outputs/TCGA-A8-A06Q-01/tils_tsr_wsi_summary.csv,TCGA-A8-A06Q,Alive,,,31.0,0.0,,,,matched
TCGA-A8-A06R-01Z-00-DX1.41476D0D-BA72-4FB8-B143-9EB679F26D28,TCGA-A8-A06R-01,TCGA-A8-A06R,0.9345540106371378,stroma-high,2.918562076885414,2.918562076885414,0.5714368159339444,48.308499297434764,51.69150070256523,2,1,1,1,1,2,1,0.5169150070256523,0.5176435845136214,2.918562076885414,0.5714368159339444,0.0,0.9404255310837571,34.1225875,/data1/deasy/Himangi/breast_feature_extraction/Ductal_outputs/TCGA-A8-A06R-01/tils_tsr_wsi_summary.csv,TCGA-A8-A06R,Alive,,,547.0,0.0,,,,matched
TCGA-A8-A06T-01Z-00-DX1.BA8B8FC3-6169-48C1-BE1F-37F140CB4D3B,TCGA-A8-A06T-01,TCGA-A8-A06T,2.4081905337844787,stroma-low,9.159219858290754,9.159219858290754,2.4101701119913854,70.65891739070136,29.341082609298635,1,1,1,1,1,1,0,0.29341082609298635,0.2914298140511689,9.159219858290754,2.4101701119913854,,0.9198743124218509,36.9685565,/data1/deasy/Himangi/breast_feature_extraction/Ductal_outputs/TCGA-A8-A06T-01/tils_tsr_wsi_summary.csv,TCGA-A8-A06T,Alive,,,1614.0,0.0,,,,matched
TCGA-A8-A06U-01Z-00-DX1.56070AB9-A73E-44B8-8051-D93E8F881BBE,TCGA-A8-A06U-01,TCGA-A8-A06U,3.1758767263003556,stroma-low,59.01629399388801,59.01629399388801,8.503358204284089,76.05293293976241,23.947067060237583,7,3,3,3,3,7,4,0.2394706706023758,0.33962962903759975,59.01629399388801,8.503358204284089,80.73322977379355,0.7918750689845367,19.631378,/data1/deasy/Himangi/breast_feature_extraction/Ductal_outputs/TCGA-A8-A06U-01/tils_tsr_wsi_summary.csv,TCGA-A8-A06U,Dead,883.0,,883.0,1.0,883.0,29.010266940451746,2.4175222450376452,matched
TCGA-A8-A06X-01Z-00-DX1.21F19EDD-ABCB-4398-B210-D795BB7A34E3,TCGA-A8-A06X-01,TCGA-A8-A06X,2.6014503807113094,stroma-low,2.482119758097194,2.482119758097194,0.42483364111249,72.23340892447632,27.766591075523678,4,2,2,2,2,4,2,0.2776659107552368,0.27930048574048016,2.482119758097194,0.42483364111249,9.675938092233531,0.9827656955810918,38.11565625,/data1/deasy/Himangi/breast_feature_extraction/Ductal_outputs/TCGA-A8-A06X-01/tils_tsr_wsi_summary.csv,TCGA-A8-A06X,Dead,943.0,,943.0,1.0,943.0,30.981519507186857,2.5817932922655715,matched
TCGA-A8-A06Z-01Z-00-DX1.2BC8B71D-E01B-4CC1-B5E7-09BB54A5E1F8,TCGA-A8-A06Z-01,TCGA-A8-A06Z,4.944254391660847,stroma-low,1.5748709444670443,1.5748709444670443,0.47988134760860396,83.17703223800629,16.82296776199372,3,1,1,1,1,3,2,0.1682296776199372,0.16844214739201,1.5748709444670443,0.47988134760860396,0.487967748176781,0.941160949695375,55.0317475,/data1/deasy/Himangi/breast_feature_extraction/Ductal_outputs/TCGA-A8-A06Z-01/tils_tsr_wsi_summary.csv,TCGA-A8-A06Z,Alive,,,31.0,0.0,,,,matched
TCGA-A8-A075-01Z-00-DX1.8E06AF51-951F-48E8-934E-42A455F65E5F,TCGA-A8-A075-01,TCGA-A8-A075,1.6172515557962002,stroma-low,17.146544597823283,17.146544597823283,8.42460631558131,61.791979919339944,38.20802008066006,3,1,1,1,1,3,3,0.3820802008066006,0.3763332474089355,17.146544597823283,8.42460631558131,0.0,0.962182061546457,43.386507,/data1/deasy/Himangi/breast_feature_extraction/Ductal_outputs/TCGA-A8-A075-01/tils_tsr_wsi_summary.csv,TCGA-A8-A075,Alive,,,518.0,0.0,,,,matched
TCGA-A8-A076-01Z-00-DX1.BAAC4F9C-0C04-42FB-95F4-D765305089B8,TCGA-A8-A076-01,TCGA-A8-A076,1.5018672949797796,stroma-low,2.053077573472059,2.053077573472059,2.0941944246633817,60.02985442087238,39.97014557912761,4,1,1,1,1,4,4,0.3997014557912761,0.3966505114414842,2.053077573472059,2.0941944246633817,0.0,0.9638671875975695,44.606208,/data1/deasy/Himangi/breast_feature_extraction/Ductal_outputs/TCGA-A8-A076-01/tils_tsr_wsi_summary.csv,TCGA-A8-A076,Alive,,,1642.0,0.0,,,,matched
TCGA-A8-A079-01Z-00-DX1.DC32BC20-A3BC-43B3-B69F-1E71E289EA34,TCGA-A8-A079-01,TCGA-A8-A079,1.5524528948851113,stroma-low,4.232879997642485,4.232879997642485,0.5548544138827006,60.82199981030361,39.1780001896964,4,3,3,3,3,4,1,0.391780001896964,0.39295991867936997,4.232879997642485,0.5548544138827006,1.5709484218158214,0.7595401830184986,97.27115475000001,/data1/deasy/Himangi/breast_feature_extraction/Ductal_outputs/TCGA-A8-A079-01/tils_tsr_wsi_summary.csv,TCGA-A8-A079,Alive,,,274.0,0.0,,,,matched
TCGA-A8-A07E-01Z-00-DX1.AC684481-979A-46F9-91D7-C56CE85992F2,TCGA-A8-A07E-01,TCGA-A8-A07E,0.21992175541671302,stroma-high,1.3460486286881517,1.3460486286881517,2.722833219579561,18.027529588698084,81.97247041130191,27,11,11,11,11,27,20,0.8197247041130191,0.8180061285890509,1.3460486286881517,2.722833219579561,0.7975750946542497,0.8731100234727056,19.820141250000002,/data1/deasy/Himangi/breast_feature_extraction/Ductal_outputs/TCGA-A8-A07E-01/tils_tsr_wsi_summary.csv,TCGA-A8-A07E,Alive,,,608.0,0.0,,,,matched
TCGA-A8-A07F-01Z-00-DX1.E6FE5B3A-A412-4E7B-A710-7DFD3596F4E3,TCGA-A8-A07F-01,TCGA-A8-A07F,0.4407399639843984,stroma-high,0.19316723312162198,0.19316723312162198,0.6275867249549671,30.591222219276972,69.40877778072301,11,1,1,1,1,11,18,0.6940877778072302,0.6930205688268987,0.19316723312162198,0.6275867249549671,0.006956151927561684,0.9598232225997717,36.14090225,/data1/deasy/Himangi/breast_feature_extraction/Ductal_outputs/TCGA-A8-A07F-01/tils_tsr_wsi_summary.csv,TCGA-A8-A07F,Alive,,,577.0,0.0,,,,matched
TCGA-A8-A07G-01Z-00-DX1.37E8A762-8141-4BE6-935A-B3DCB712BB4A,TCGA-A8-A07G-01,TCGA-A8-A07G,0.23243439433737945,stroma-high,0.4839741275398538,0.4839741275398538,0.26174549041969486,18.859778289646663,81.14022171035333,14,3,3,3,3,14,12,0.8114022171035333,0.8116193554987059,0.4839741275398538,0.26174549041969486,0.08927603191276788,0.9047166589263362,12.6326175,/data1/deasy/Himangi/breast_feature_extraction/Ductal_outputs/TCGA-A8-A07G-01/tils_tsr_wsi_summary.csv,TCGA-A8-A07G,Alive,,,577.0,0.0,,,,matched
TCGA-A8-A07J-01Z-00-DX1.FE16248C-D890-4750-A9FC-5F72BE8D8B85,TCGA-A8-A07J-01,TCGA-A8-A07J,0.33968503467026134,stroma-high,0.5828463667662198,0.5828463667662198,0.5622665836856708,25.355589252653594,74.64441074734641,9,4,4,4,4,9,9,0.7464441074734641,0.7461272006590951,0.5828463667662198,0.5622665836856708,6.774205705255509,0.9225690472983152,16.349801499999998,/data1/deasy/Himangi/breast_feature_extraction/Ductal_outputs/TCGA-A8-A07J-01/tils_tsr_wsi_summary.csv,TCGA-A8-A07J,Alive,,,365.0,0.0,,,,matched
TCGA-A8-A07O-01Z-00-DX1.3D657129-F2A7-4BC1-A910-805FBDCE2212,TCGA-A8-A07O-01,TCGA-A8-A07O,1.3706944481460084,stroma-low,37.69267047623813,37.69267047623813,15.248958635686147,57.81826709966585,42.181732900334154,5,2,2,2,2,5,3,0.4218173290033415,0.4427339398605216,37.69267047623813,15.248958635686147,59.512110306025534,0.8631272158029288,38.391541000000004,/data1/deasy/Himangi/breast_feature_extraction/Ductal_outputs/TCGA-A8-A07O-01/tils_tsr_wsi_summary.csv,TCGA-A8-A07O,Alive,,,304.0,0.0,,,,matched
TCGA-A8-A07P-01Z-00-DX1.2C7C75EF-EEE2-4A42-994C-A1A40850C87A,TCGA-A8-A07P-01,TCGA-A8-A07P,1.3769731435152013,stroma-low,3.505111589989397,3.505111589989397,0.30215235192032364,57.92968874182802,42.07031125817197,1,1,1,1,1,1,0,0.42070311258171966,0.4220098517997143,3.505111589989397,0.30215235192032364,,0.9181084209002177,25.1781135,/data1/deasy/Himangi/breast_feature_extraction/Ductal_outputs/TCGA-A8-A07P-01/tils_tsr_wsi_summary.csv,TCGA-A8-A07P,Alive,,,334.0,0.0,,,,matched
TCGA-A8-A07R-01Z-00-DX1.D716752E-86AF-468B-A905-A7894B978F22,TCGA-A8-A07R-01,TCGA-A8-A07R,1.6716614147672033,stroma-low,6.258920304615062,6.258920304615062,0.7799334388420078,62.570107331990066,37.42989266800994,1,1,1,1,1,1,0,0.3742989266800994,0.3764658153912912,6.258920304615062,0.7799334388420078,,0.9067197165238946,32.8448055,/data1/deasy/Himangi/breast_feature_extraction/Ductal_outputs/TCGA-A8-A07R-01/tils_tsr_wsi_summary.csv,TCGA-A8-A07R,Alive,,,273.0,0.0,,,,matched
TCGA-A8-A07W-01Z-00-DX1.5970CF33-D675-4AF4-800F-7182AA1A44A6,TCGA-A8-A07W-01,TCGA-A8-A07W,0.9018854331306008,stroma-high,4.082466968435348,4.082466968435348,1.4362700605198473,47.42059734092664,52.57940265907336,3,1,1,1,1,3,2,0.5257940265907336,0.5255998921151315,4.082466968435348,1.4362700605198473,0.009259890821990987,0.9748201442684649,52.4761835,/data1/deasy/Himangi/breast_feature_extraction/Ductal_outputs/TCGA-A8-A07W-01/tils_tsr_wsi_summary.csv,TCGA-A8-A07W,Alive,,,304.0,0.0,,,,matched
TCGA-A8-A07Z-01Z-00-DX1.713945D9-6855-456D-87FB-EF8AF8980F51,TCGA-A8-A07Z-01,TCGA-A8-A07Z,2.5906743330576405,stroma-low,4.424832423450675,4.424832423450675,0.6274959217574809,72.15007802870139,27.84992197129862,1,1,1,1,1,1,0,0.2784992197129862,0.27868978644811393,4.424832423450675,0.6274959217574809,,0.9075975358273304,35.35680875,/data1/deasy/Himangi/breast_feature_extraction/Ductal_outputs/TCGA-A8-A07Z-01/tils_tsr_wsi_summary.csv,TCGA-A8-A07Z,Alive,,,1371.0,0.0,,,,matched
TCGA-A8-A081-01Z-00-DX1.06D727F7-4B41-419B-A251-3D804235ACE5,TCGA-A8-A081-01,TCGA-A8-A081,2.1465591339146375,stroma-low,27.648448357327215,27.648448357327215,7.800761626117676,68.21925292228978,31.780747077710213,4,1,1,1,1,4,3,0.31780747077710214,0.3451262970279631,27.648448357327215,7.800761626117676,59.03992386708038,0.885304659048838,20.25574875,/data1/deasy/Himangi/breast_feature_extraction/Ductal_outputs/TCGA-A8-A081-01/tils_tsr_wsi_summary.csv,TCGA-A8-A081,Alive,,,0.0,0.0,,,,matched
TCGA-A8-A082-01Z-00-DX1.5F82E38D-0DFD-4C2C-BC05-8F0EFEFC507C,TCGA-A8-A082-01,TCGA-A8-A082,2.79759241109282,stroma-low,3.206182747228331,3.206182747228331,0.5555342098390624,73.66752690259791,26.332473097402083,1,1,1,1,1,1,0,0.2633247309740208,0.26466561839964065,3.206182747228331,0.5555342098390624,,0.9356855739347687,32.51083975,/data1/deasy/Himangi/breast_feature_extraction/Ductal_outputs/TCGA-A8-A082-01/tils_tsr_wsi_summary.csv,TCGA-A8-A082,Alive,,,549.0,0.0,,,,matched
TCGA-A8-A083-01Z-00-DX1.AD121BA9-B5FA-4A03-869B-8FE2C5014CE0,TCGA-A8-A083-01,TCGA-A8-A083,6.418458704917141,stroma-low,4.508284363240808,4.508284363240808,1.06177168987526,86.52011098562595,13.479889014374033,5,4,4,4,4,5,1,0.13479889014374033,0.13498503300108253,4.508284363240808,1.06177168987526,0.0,0.8225989678685338,57.64539249999999,/data1/deasy/Himangi/breast_feature_extraction/Ductal_outputs/TCGA-A8-A083-01/tils_tsr_wsi_summary.csv,TCGA-A8-A083,Alive,,,0.0,0.0,,,,matched
TCGA-A8-A085-01Z-00-DX1.0DA29016-AEA4-4E5F-B679-83095A79F5B3,TCGA-A8-A085-01,TCGA-A8-A085,1.5099149315969975,stroma-low,12.663591901931856,12.663591901931856,6.343450498562389,60.15801223335787,39.841987766642134,4,3,3,3,3,4,1,0.39841987766642134,0.39824700118020273,12.663591901931856,6.343450498562389,0.0,0.8835245396081787,42.050644000000005,/data1/deasy/Himangi/breast_feature_extraction/Ductal_outputs/TCGA-A8-A085-01/tils_tsr_wsi_summary.csv,TCGA-A8-A085,Alive,,,1124.0,0.0,,,,matched
TCGA-A8-A08A-01Z-00-DX1.3BB777A0-8652-4483-8DD6-8EB88AB0A8EF,TCGA-A8-A08A-01,TCGA-A8-A08A,0.7175872493299883,stroma-high,0.03311122081661588,0.03311122081661588,0.17154161706172016,41.778794620763,58.221205379237006,5,2,2,2,2,5,3,0.5822120537923701,0.5818376463574021,0.03311122081661588,0.17154161706172016,0.0,0.926477875299454,36.5039085,/data1/deasy/Himangi/breast_feature_extraction/Ductal_outputs/TCGA-A8-A08A-01/tils_tsr_wsi_summary.csv,TCGA-A8-A08A,Alive,,,30.0,0.0,,,,matched
TCGA-A8-A08B-01Z-00-DX1.416316FD-E8BF-402C-939A-08920F08A181,TCGA-A8-A08B-01,TCGA-A8-A08B,2.0530772383589535,stroma-low,26.41028952341584,26.41028952341584,5.511624141092892,67.24616110473819,32.75383889526181,3,2,2,2,2,3,1,0.32753838895261805,0.3434254223112015,26.41028952341584,5.511624141092892,93.06425154209137,0.9008422398925549,32.52536,/data1/deasy/Himangi/breast_feature_extraction/Ductal_outputs/TCGA-A8-A08B-01/tils_tsr_wsi_summary.csv,TCGA-A8-A08B,Alive,,,1156.0,0.0,,,,matched
TCGA-A8-A08C-01Z-00-DX1.0602211C-1098-4711-AA41-8F56B11DB36F,TCGA-A8-A08C-01,TCGA-A8-A08C,0.8259520924991265,stroma-high,2.916554653652658,2.916554653652658,1.5641438320589538,45.23405054777041,54.76594945222958,6,2,2,2,2,6,4,0.5476594945222958,0.5467598813792814,2.916554653652658,1.5641438320589538,5.401373854862003,0.9529119969264626,39.2917965,/data1/deasy/Himangi/breast_feature_extraction/Ductal_outputs/TCGA-A8-A08C-01/tils_tsr_wsi_summary.csv,TCGA-A8-A08C,Alive,,,881.0,0.0,,,,matched
TCGA-A8-A08F-01Z-00-DX1.9D2222F6-1425-46FD-BC94-728EF835FAC2,TCGA-A8-A08F-01,TCGA-A8-A08F,0.9133754235541324,stroma-high,6.894352784932859,6.894352784932859,2.663000809507488,47.736341353100464,52.26365864689954,18,1,1,1,1,18,25,0.5226365864689955,0.5270380701383297,6.894352784932859,2.663000809507488,5.3977407335470975,0.952192809140995,36.75075275,/data1/deasy/Himangi/breast_feature_extraction/Ductal_outputs/TCGA-A8-A08F-01/tils_tsr_wsi_summary.csv,TCGA-A8-A08F,Alive,,,1004.0,0.0,,,,matched
TCGA-A8-A08G-01Z-00-DX1.C3BB7FEC-91B7-4B45-8DFC-36CABCC0FD57,TCGA-A8-A08G-01,TCGA-A8-A08G,1.659901481879367,stroma-low,3.118141389197579,3.118141389197579,0.760785324777533,62.40462262183316,37.59537737816684,7,3,3,3,3,7,5,0.3759537737816684,0.3776909478512768,3.118141389197579,0.760785324777533,0.0,0.9514392113875051,42.994460249999996,/data1/deasy/Himangi/breast_feature_extraction/Ductal_outputs/TCGA-A8-A08G-01/tils_tsr_wsi_summary.csv,TCGA-A8-A08G,Alive,,,607.0,0.0,,,,matched
TCGA-A8-A08H-01Z-00-DX1.6AA6A530-3BD3-4582-9D6B-8AE3B4A73948,TCGA-A8-A08H-01,TCGA-A8-A08H,1.2758447859543882,stroma-low,1.7366833262481083,1.7366833262481083,0.09476705185101246,56.06027238010238,43.93972761989761,1,1,1,1,1,1,0,0.4393972761989761,0.44013593168604304,1.7366833262481083,0.09476705185101246,,0.9442687751211261,36.7362325,/data1/deasy/Himangi/breast_feature_extraction/Ductal_outputs/TCGA-A8-A08H-01/tils_tsr_wsi_summary.csv,TCGA-A8-A08H,Alive,,,0.0,0.0,,,,matched
TCGA-A8-A08I-01Z-00-DX1.96A0065E-5430-40F6-835E-1A7238A79DDA,TCGA-A8-A08I-01,TCGA-A8-A08I,0.8867272794781381,stroma-high,14.846143975364923,14.846143975364923,13.029675462916707,46.99816921730223,53.001830782697766,12,2,2,2,2,12,15,0.5300183078269777,0.5254332171128411,14.846143975364923,13.029675462916707,4.166095850851297,0.9532790448373165,27.83531925,/data1/deasy/Himangi/breast_feature_extraction/Ductal_outputs/TCGA-A8-A08I-01/tils_tsr_wsi_summary.csv,TCGA-A8-A08I,Alive,,,365.0,0.0,,,,matched
TCGA-A8-A08L-01Z-00-DX1.0FC652B1-336D-4198-93FE-58D2214866D3,TCGA-A8-A08L-01,TCGA-A8-A08L,1.2614976179061979,stroma-low,16.48959906557682,16.48959906557682,4.940883371070023,55.78151433447683,44.21848566552317,7,3,3,3,3,7,6,0.4421848566552317,0.44837593229098577,16.48959906557682,4.940883371070023,7.247923833720586,0.9835161628175594,58.85057325,/data1/deasy/Himangi/breast_feature_extraction/Ductal_outputs/TCGA-A8-A08L-01/tils_tsr_wsi_summary.csv,TCGA-A8-A08L,Dead,30.0,,30.0,1.0,30.0,0.9856262833675564,0.08213552361396304,matched
TCGA-A8-A08O-01Z-00-DX1.BC87C01D-F081-41CA-939A-875C61588E88,TCGA-A8-A08O-01,TCGA-A8-A08O,0.7348582058344811,stroma-high,2.439962848267877,2.439962848267877,0.1272803839239996,42.35840158942605,57.64159841057395,1,1,1,1,1,1,0,0.5764159841057395,0.5776108398989352,2.439962848267877,0.1272803839239996,,0.9395134780505002,22.08530025,/data1/deasy/Himangi/breast_feature_extraction/Ductal_outputs/TCGA-A8-A08O-01/tils_tsr_wsi_summary.csv,TCGA-A8-A08O,Alive,,,943.0,0.0,,,,matched
TCGA-A8-A08P-01Z-00-DX1.431A1290-9CF4-4CE7-A9F0-13F9ADA46ADA,TCGA-A8-A08P-01,TCGA-A8-A08P,0.8979911802015846,stroma-high,7.0661071932545685,7.0661071932545685,2.0037987156504586,47.31271617954565,52.68728382045435,27,4,4,4,4,27,39,0.5268728382045434,0.5344241622867264,7.0661071932545685,2.0037987156504586,7.69590591349089,0.9556722185484298,54.49449824999999,/data1/deasy/Himangi/breast_feature_extraction/Ductal_outputs/TCGA-A8-A08P-01/tils_tsr_wsi_summary.csv,TCGA-A8-A08P,Alive,,,943.0,0.0,,,,matched
TCGA-A8-A08R-01Z-00-DX1.72FBD9A3-5EB9-4855-89EB-697883C2EA9B,TCGA-A8-A08R-01,TCGA-A8-A08R,5.728677519205257,stroma-low,0.3214459925542599,0.3214459925542599,0.30234507721008075,85.13823857443367,14.861761425566325,2,2,2,2,2,2,0,0.14861761425566325,0.1483584620048102,0.3214459925542599,0.30234507721008075,,0.8382922405761735,17.1629355,/data1/deasy/Himangi/breast_feature_extraction/Ductal_outputs/TCGA-A8-A08R-01/tils_tsr_wsi_summary.csv,TCGA-A8-A08R,Alive,,,30.0,0.0,,,,matched
TCGA-A8-A08S-01Z-00-DX1.C0E044C2-FC3F-4E3D-A779-A725FF375F21,TCGA-A8-A08S-01,TCGA-A8-A08S,1.2755735697159365,stroma-low,2.8740231964831455,2.8740231964831455,1.1448145263470721,56.05503538499826,43.94496461500172,2,2,2,2,2,2,0,0.43944964615001725,0.4392771658478547,2.8740231964831455,1.1448145263470721,,0.9891476952393711,27.762718,/data1/deasy/Himangi/breast_feature_extraction/Ductal_outputs/TCGA-A8-A08S-01/tils_tsr_wsi_summary.csv,TCGA-A8-A08S,Alive,,,1004.0,0.0,,,,matched
TCGA-A8-A08T-01Z-00-DX1.ABA1ABF2-DDB1-4E31-89DC-0F7821311D11,TCGA-A8-A08T-01,TCGA-A8-A08T,0.6085045832911198,stroma-high,0.17226171226556428,0.17226171226556428,0.04903391094226065,37.83045380238048,62.16954619761952,9,2,2,2,2,9,8,0.6216954619761952,0.6217179726572385,0.17226171226556428,0.04903391094226065,0.07026963815373324,0.9886736700557068,44.53360675,/data1/deasy/Himangi/breast_feature_extraction/Ductal_outputs/TCGA-A8-A08T-01/tils_tsr_wsi_summary.csv,TCGA-A8-A08T,Dead,3409.0,,3409.0,1.0,3409.0,112.0,9.333333333333334,matched
TCGA-A8-A08X-01Z-00-DX1.01FB49CC-6B8E-4317-8C42-6B6D81187A40,TCGA-A8-A08X-01,TCGA-A8-A08X,0.6829922508920911,stroma-high,30.65179208084274,30.65179208084274,18.773498969640563,40.58201994275746,59.41798005724254,11,2,2,2,2,11,14,0.5941798005724254,0.6002876127594098,30.65179208084274,18.773498969640563,24.85636488810639,0.9291413306351071,29.66487075,/data1/deasy/Himangi/breast_feature_extraction/Ductal_outputs/TCGA-A8-A08X-01/tils_tsr_wsi_summary.csv,TCGA-A8-A08X,Alive,,,1308.0,0.0,,,,matched
TCGA-A8-A08Z-01Z-00-DX1.D0AADCA6-C27C-4FB8-89C1-94B5901146E7,TCGA-A8-A08Z-01,TCGA-A8-A08Z,0.6095758157049095,stroma-high,1.5780020423508845,1.5780020423508845,1.6530614332230673,37.87182994160156,62.12817005839844,5,2,2,2,2,5,4,0.6212817005839844,0.6192948446214035,1.5780020423508845,1.6530614332230673,1.3462156944068417,0.9883060460059754,43.734993,/data1/deasy/Himangi/breast_feature_extraction/Ductal_outputs/TCGA-A8-A08Z-01/tils_tsr_wsi_summary.csv,TCGA-A8-A08Z,Alive,,,1217.0,0.0,,,,matched
TCGA-A8-A090-01Z-00-DX1.01574070-D65E-486F-B69D-0F8E3816D057,TCGA-A8-A090-01,TCGA-A8-A090,1.4212696154338786,stroma-low,1.6177851193512376,1.6177851193512376,0.20799928605429152,58.69935369338018,41.30064630661981,1,1,1,1,1,1,0,0.4130064630661981,0.4138636315579338,1.6177851193512376,0.20799928605429152,,0.9096045190041318,15.4205055,/data1/deasy/Himangi/breast_feature_extraction/Ductal_outputs/TCGA-A8-A090-01/tils_tsr_wsi_summary.csv,TCGA-A8-A090,Alive,,,0.0,0.0,,,,matched
TCGA-A8-A091-01Z-00-DX1.1F38CADB-A093-416E-A8A8-31E61CD730BA,TCGA-A8-A091-01,TCGA-A8-A091,1.9972703123962638,stroma-low,10.27420624146696,10.27420624146696,5.231519948395975,66.6363091822533,33.36369081774669,3,2,2,2,2,3,1,0.33363690817746694,0.3354345445744289,10.27420624146696,5.231519948395975,0.03820092419856086,0.9406647832519721,21.112443499999998,/data1/deasy/Himangi/breast_feature_extraction/Ductal_outputs/TCGA-A8-A091-01/tils_tsr_wsi_summary.csv,TCGA-A8-A091,Alive,,,1004.0,0.0,,,,matched
TCGA-A8-A092-01Z-00-DX1.2A55EA0C-47CD-426B-9697-F2B761730585,TCGA-A8-A092-01,TCGA-A8-A092,0.6215255157323224,stroma-high,1.8314747524340202,1.8314747524340202,0.961843834019982,38.3296784233226,61.67032157667741,16,4,4,4,4,16,12,0.6167032157667741,0.616706194640366,1.8314747524340202,0.961843834019982,1.1754365385491101,0.7429725939104497,48.30887175,/data1/deasy/Himangi/breast_feature_extraction/Ductal_outputs/TCGA-A8-A092-01/tils_tsr_wsi_summary.csv,TCGA-A8-A092,Alive,,,942.0,0.0,,,,matched
TCGA-A8-A093-01Z-00-DX1.1C8056D1-11CD-482D-9A23-3A9D1B4E63F0,TCGA-A8-A093-01,TCGA-A8-A093,0.3886377252944667,stroma-high,0.505615101589763,0.505615101589763,1.4111017277925608,27.986977324273283,72.01302267572672,7,2,2,2,2,7,5,0.7201302267572672,0.7181440827417738,0.505615101589763,1.4111017277925608,0.24265046208621532,0.9607387921820917,15.144620750000001,/data1/deasy/Himangi/breast_feature_extraction/Ductal_outputs/TCGA-A8-A093-01/tils_tsr_wsi_summary.csv,TCGA-A8-A093,Alive,,,546.0,0.0,,,,matched
TCGA-A8-A095-01Z-00-DX1.97072E53-7323-4836-9D58-22B7C346A7CE,TCGA-A8-A095-01,TCGA-A8-A095,1.1162703180155316,stroma-low,1.7438743516460822,1.7438743516460822,0.33512705341771276,52.74705733539184,47.25294266460817,5,1,1,1,1,5,5,0.4725294266460817,0.4738357092489806,1.7438743516460822,0.33512705341771276,1.0772569893190131,0.8815261043901191,14.462169,/data1/deasy/Himangi/breast_feature_extraction/Ductal_outputs/TCGA-A8-A095-01/tils_tsr_wsi_summary.csv,TCGA-A8-A095,Alive,,,1277.0,0.0,,,,matched
TCGA-A8-A099-01Z-00-DX1.B19C28B5-FEBC-49B4-A60E-E6B85BB00DD7,TCGA-A8-A099-01,TCGA-A8-A099,1.2359711880503659,stroma-low,5.637280662999529,5.637280662999529,1.0162232249001164,55.27670457722039,44.7232954227796,6,2,2,2,2,6,6,0.44723295422779596,0.4481568717908282,5.637280662999529,1.0162232249001164,23.265313705833865,0.8094772194569078,50.878956,/data1/deasy/Himangi/breast_feature_extraction/Ductal_outputs/TCGA-A8-A099-01/tils_tsr_wsi_summary.csv,TCGA-A8-A099,Alive,,,304.0,0.0,,,,matched
TCGA-A8-A09A-01Z-00-DX1.78773A6C-BA8A-46BE-AC2A-9C6FDAB45622,TCGA-A8-A09A-01,TCGA-A8-A09A,0.6193338236126747,stroma-high,1.8266433851385753,1.8266433851385753,0.5856961452319274,38.24621054545526,61.75378945454473,7,3,3,3,3,7,4,0.6175378945454473,0.6180771316928237,1.8266433851385753,0.5856961452319274,1.4847035049589614,0.9792897665557802,34.74695825,/data1/deasy/Himangi/breast_feature_extraction/Ductal_outputs/TCGA-A8-A09A-01/tils_tsr_wsi_summary.csv,TCGA-A8-A09A,Alive,,,304.0,0.0,,,,matched
TCGA-A8-A09B-01Z-00-DX1.97CCDA89-AB73-4F05-A900-668160227B78,TCGA-A8-A09B-01,TCGA-A8-A09B,0.9959648009758839,stroma-high,0.2816566321320652,0.2816566321320652,0.10659902062575323,49.89891607752443,50.10108392247557,7,2,2,2,2,7,7,0.5010108392247556,0.5009584652913623,0.2816566321320652,0.10659902062575323,0.0,0.8988092061346692,34.4710735,/data1/deasy/Himangi/breast_feature_extraction/Ductal_outputs/TCGA-A8-A09B-01/tils_tsr_wsi_summary.csv,TCGA-A8-A09B,Alive,,,365.0,0.0,,,,matched
TCGA-A8-A09C-01Z-00-DX1.19E0C0E9-0ED6-4E3A-95FE-A5778F5DDBCD,TCGA-A8-A09C-01,TCGA-A8-A09C,0.6814063665557433,stroma-high,1.1311787172292807,1.1311787172292807,0.17092670400942603,40.52597754530702,59.474022454692964,7,1,1,1,1,7,7,0.5947402245469297,0.5954355132634619,1.1311787172292807,0.17092670400942603,0.0,0.9691275175686328,21.6351725,/data1/deasy/Himangi/breast_feature_extraction/Ductal_outputs/TCGA-A8-A09C-01/tils_tsr_wsi_summary.csv,TCGA-A8-A09C,Alive,,,31.0,0.0,,,,matched
TCGA-A8-A09D-01Z-00-DX1.66312A8A-88BA-4B58-96DF-1A7AC39F9E4A,TCGA-A8-A09D-01,TCGA-A8-A09D,0.7997747377935671,stroma-high,1.2840099293216527,1.2840099293216527,0.6219785184705778,44.43749103702003,55.562508962979976,11,5,5,5,5,11,6,0.5556250896297997,0.5554162547247266,1.2840099293216527,0.6219785184705778,0.06418736112313908,0.8679331947861012,42.950899500000006,/data1/deasy/Himangi/breast_feature_extraction/Ductal_outputs/TCGA-A8-A09D-01/tils_tsr_wsi_summary.csv,TCGA-A8-A09D,Alive,,,1522.0,0.0,,,,matched
TCGA-A8-A09E-01Z-00-DX1.239A8E03-49EA-4C29-AF86-FC1BD8A9DB20,TCGA-A8-A09E-01,TCGA-A8-A09E,1.6220517938297692,stroma-low,2.2555100392770564,2.2555100392770564,0.7503128557527772,61.861928038446564,38.13807196155343,1,1,1,1,1,1,0,0.38138071961553427,0.3804322982380069,2.2555100392770564,0.7503128557527772,,0.8972027975394847,20.7639575,/data1/deasy/Himangi/breast_feature_extraction/Ductal_outputs/TCGA-A8-A09E-01/tils_tsr_wsi_summary.csv,TCGA-A8-A09E,Alive,,,1492.0,0.0,,,,matched
TCGA-A8-A09G-01Z-00-DX1.B834728C-DAC5-4463-961D-7E3B220905C1,TCGA-A8-A09G-01,TCGA-A8-A09G,0.5188561960852859,stroma-high,1.106720660599405,1.106720660599405,3.6093594188078533,34.160982285392826,65.83901771460717,34,3,3,3,3,34,55,0.6583901771460717,0.6522250706793546,1.106720660599405,3.6093594188078533,0.0,0.9166587759694319,59.373302249999995,/data1/deasy/Himangi/breast_feature_extraction/Ductal_outputs/TCGA-A8-A09G-01/tils_tsr_wsi_summary.csv,TCGA-A8-A09G,Alive,,,0.0,0.0,,,,matched
TCGA-A8-A09N-01Z-00-DX1.A0E4EF10-5BFF-46A0-94C7-578EA3A88599,TCGA-A8-A09N-01,TCGA-A8-A09N,0.6615277712965069,stroma-high,1.2527071593713544,1.2527071593713544,0.6951742998188684,39.814427584337636,60.18557241566236,2,2,2,2,2,2,0,0.6018557241566236,0.6010811087746207,1.2527071593713544,0.6951742998188684,,0.8641251462497577,28.924338,/data1/deasy/Himangi/breast_feature_extraction/Ductal_outputs/TCGA-A8-A09N-01/tils_tsr_wsi_summary.csv,TCGA-A8-A09N,Alive,,,31.0,0.0,,,,matched
TCGA-A8-A09Q-01Z-00-DX1.C7240AFB-5971-4577-812C-A255C249001A,TCGA-A8-A09Q-01,TCGA-A8-A09Q,1.5976957471789317,stroma-low,16.63210812019683,16.63210812019683,10.829167285292792,61.50434472220279,38.495655277797205,1,1,1,1,1,1,0,0.384956552777972,0.3715052176989807,16.63210812019683,10.829167285292792,,0.9534246575920291,31.7993475,/data1/deasy/Himangi/breast_feature_extraction/Ductal_outputs/TCGA-A8-A09Q-01/tils_tsr_wsi_summary.csv,TCGA-A8-A09Q,Alive,,,761.0,0.0,,,,matched
TCGA-A8-A09R-01Z-00-DX1.392580F3-0CE5-4EDB-91CF-814AAD0DB649,TCGA-A8-A09R-01,TCGA-A8-A09R,0.9431796723801537,stroma-high,2.311915065218004,2.311915065218004,1.1430192367082783,48.53795486780055,51.46204513219944,7,1,1,1,1,7,7,0.5146204513219944,0.514714637892167,2.311915065218004,1.1430192367082783,0.0,0.9516616314655555,43.25582475,/data1/deasy/Himangi/breast_feature_extraction/Ductal_outputs/TCGA-A8-A09R-01/tils_tsr_wsi_summary.csv,TCGA-A8-A09R,Alive,,,273.0,0.0,,,,matched
TCGA-A8-A0A9-01Z-00-DX1.16524DDD-539D-4E47-9A8F-1B910D4FEC2D,TCGA-A8-A0A9-01,TCGA-A8-A0A9,0.9690146568518303,stroma-high,3.422894212399516,3.422894212399516,0.7204138821433835,49.213176422015295,50.786823577984705,1,1,1,1,1,1,0,0.5078682357798471,0.508532336040253,3.422894212399516,0.7204138821433835,,0.9356966203355243,17.61306325,/data1/deasy/Himangi/breast_feature_extraction/Ductal_outputs/TCGA-A8-A0A9-01/tils_tsr_wsi_summary.csv,TCGA-A8-A0A9,Alive,,,822.0,0.0,,,,matched
TCGA-AC-A23C-01Z-00-DX1.0E67C785-83D3-49AF-B600-FB5B909AE6ED,TCGA-AC-A23C-01,TCGA-AC-A23C,0.37083118211939403,stroma-high,3.1048707505123936,3.1048707505123936,2.334711360240453,27.051557256384033,72.94844274361594,6,1,1,1,1,6,5,0.7294844274361595,0.7287843226329982,3.1048707505123936,2.334711360240453,3.48187445361974,0.9457755348663057,10.305828,/data1/deasy/Himangi/breast_feature_extraction/Ductal_outputs/TCGA-AC-A23C-01/tils_tsr_wsi_summary.csv,TCGA-AC-A23C,Alive,,,585.0,0.0,,,,matched
TCGA-AC-A23E-01Z-00-DX1.F12A5A87-72CF-42F8-A6EC-8E7FAD80B1F7,TCGA-AC-A23E-01,TCGA-AC-A23E,0.28599616683685297,stroma-high,0.10854286368032215,0.10854286368032215,0.38948711606835656,22.239270552439812,77.7607294475602,33,2,2,2,2,33,60,0.777607294475602,0.777189185765069,0.10854286368032215,0.38948711606835656,0.1041005024358492,0.9778195497590698,35.310131999999996,/data1/deasy/Himangi/breast_feature_extraction/Ductal_outputs/TCGA-AC-A23E-01/tils_tsr_wsi_summary.csv,TCGA-AC-A23E,Alive,,,698.0,0.0,,,,matched
TCGA-AC-A23H-01Z-00-DX1.8E0AE339-1047-4CA5-BFC5-37A3B10FD8B5,TCGA-AC-A23H-01,TCGA-AC-A23H,0.747108789096768,stroma-high,2.1167548408316197,2.1167548408316197,0.4631892689569858,42.762579740842206,57.2374202591578,7,1,1,1,1,7,8,0.572374202591578,0.5735170544769151,2.1167548408316197,0.4631892689569858,0.0,0.9328960654000792,25.758072,/data1/deasy/Himangi/breast_feature_extraction/Ductal_outputs/TCGA-AC-A23H-01/tils_tsr_wsi_summary.csv,TCGA-AC-A23H,Dead,0.0,,0.0,1.0,0.0,0.0,0.0,matched
TCGA-AC-A2BM-01Z-00-DX1.162A9FA9-6E61-48BF-B0A5-C6C7640ABD9B,TCGA-AC-A2BM-01,TCGA-AC-A2BM,1.3750222787779398,stroma-low,3.9077967868971673,3.9077967868971673,1.7729386076206597,57.89513180842468,42.104868191575314,13,4,4,4,4,13,9,0.4210486819157531,0.4210882563890319,3.9077967868971673,1.7729386076206597,2.7514981642747123,0.9475590169063555,78.965289,/data1/deasy/Himangi/breast_feature_extraction/Ductal_outputs/TCGA-AC-A2BM-01/tils_tsr_wsi_summary.csv,TCGA-AC-A2BM,Alive,,,3022.0,0.0,,,,matched
TCGA-AC-A5EH-01Z-00-DX1.DF59B26B-379F-4047-B7AE-4493810D30A0,TCGA-AC-A5EH-01,TCGA-AC-A5EH,0.5049683717304796,stroma-high,0.4989482725263044,0.4989482725263044,0.14924740989192972,33.55342087022364,66.44657912977637,15,2,2,2,2,15,14,0.6644657912977636,0.664699487047408,0.4989482725263044,0.14924740989192972,0.00375698860475899,0.9227588677605567,63.822779999999995,/data1/deasy/Himangi/breast_feature_extraction/Ductal_outputs/TCGA-AC-A5EH-01/tils_tsr_wsi_summary.csv,TCGA-AC-A5EH,Alive,,,511.0,0.0,,,,matched
TCGA-AC-A5XU-01Z-00-DX1.1AEEFAAF-0906-4086-8022-13B689FAB9F5,TCGA-AC-A5XU-01,TCGA-AC-A5XU,0.7423474942961967,stroma-high,4.025328373215514,4.025328373215514,0.9616105121229722,42.6061676402881,57.393832359711894,28,2,2,2,2,28,34,0.5739383235971189,0.5775158821344633,4.025328373215514,0.9616105121229722,7.158589578322089,0.8209871108459209,82.735515,/data1/deasy/Himangi/breast_feature_extraction/Ductal_outputs/TCGA-AC-A5XU-01/tils_tsr_wsi_summary.csv,TCGA-AC-A5XU,Alive,,,455.0,0.0,,,,matched
TCGA-AC-A62V-01Z-00-DX1.2D8994FD-58B8-43C1-B99D-AA964E7DFD60,TCGA-AC-A62V-01,TCGA-AC-A62V,2.475695402037388,stroma-low,2.871190411016963,2.871190411016963,1.2660674179431661,71.22877915556643,28.771220844433564,1,1,1,1,1,1,0,0.28771220844433565,0.2864803356160187,2.871190411016963,1.2660674179431661,,0.9307387864291765,18.678636,/data1/deasy/Himangi/breast_feature_extraction/Ductal_outputs/TCGA-AC-A62V-01/tils_tsr_wsi_summary.csv,TCGA-AC-A62V,Dead,348.0,,348.0,1.0,348.0,11.433264887063656,0.9527720739219713,matched
TCGA-AC-A6IW-01Z-00-DX1.C4514189-E64F-4603-8970-230FA2BB77FC,TCGA-AC-A6IW-01,TCGA-AC-A6IW,4.939996841804251,stroma-low,39.21550517914718,39.21550517914718,5.215338360595643,83.16497421408975,16.835025785910247,2,2,2,2,2,2,0,0.16835025785910246,0.19672030866606333,39.21550517914718,5.215338360595643,,0.9403610829083224,26.021952000000002,/data1/deasy/Himangi/breast_feature_extraction/Ductal_outputs/TCGA-AC-A6IW-01/tils_tsr_wsi_summary.csv,TCGA-AC-A6IW,Alive,,,413.0,0.0,,,,matched
TCGA-AC-A6NO-01Z-00-DX1.61B7F48C-6D6E-4C1B-B236-DD130ECBDA9D,TCGA-AC-A6NO-01,TCGA-AC-A6NO,1.8994429352594888,stroma-low,13.78722982891348,13.78722982891348,2.073888316702875,65.51061626910398,34.48938373089601,2,2,2,2,2,2,0,0.34489383730896006,0.35330524784018336,13.78722982891348,2.073888316702875,,0.9282251512988705,24.062913,/data1/deasy/Himangi/breast_feature_extraction/Ductal_outputs/TCGA-AC-A6NO-01/tils_tsr_wsi_summary.csv,TCGA-AC-A6NO,Alive,,,51.0,0.0,,,,matched
TCGA-AC-A7VB-01Z-00-DX1.62D7FDB3-280D-43B2-92EA-AB810384B0B7,TCGA-AC-A7VB-01,TCGA-AC-A7VB,0.8433542604893312,stroma-high,2.235300135206742,2.235300135206742,4.391676467189884,45.75106796158959,54.2489320384104,9,2,2,2,2,9,11,0.542489320384104,0.5350974299026704,2.235300135206742,4.391676467189884,0.7290016441067134,0.8370783297466666,14.551101000000001,/data1/deasy/Himangi/breast_feature_extraction/Ductal_outputs/TCGA-AC-A7VB-01/tils_tsr_wsi_summary.csv,TCGA-AC-A7VB,Alive,,,250.0,0.0,,,,matched
TCGA-AN-A03Y-01Z-00-DX1.074C48E5-ED69-40AE-8709-444898122BF4,TCGA-AN-A03Y-01,TCGA-AN-A03Y,0.8296081492676561,stroma-high,9.804226122109636,9.804226122109636,11.504452173484962,45.343487871964626,54.656512128035374,20,7,7,7,7,20,14,0.5465651212803537,0.5339583522739558,9.804226122109636,11.504452173484962,2.370740189325751,0.9298078178164896,56.849093999999994,/data1/deasy/Himangi/breast_feature_extraction/Ductal_outputs/TCGA-AN-A03Y-01/tils_tsr_wsi_summary.csv,TCGA-AN-A03Y,Alive,,,10.0,0.0,,,,matched
TCGA-AN-A041-01Z-00-DX1.96D3628B-FB6E-4A41-A5E8-8896B0657F1C,TCGA-AN-A041-01,TCGA-AN-A041,0.195491800919045,stroma-high,8.74522228389904,8.74522228389904,9.539155847935197,16.352416701541486,83.64758329845851,13,6,6,6,6,13,11,0.8364758329845852,0.8364921228114276,8.74522228389904,9.539155847935197,10.99963511892548,0.9779702095616947,8.982009,/data1/deasy/Himangi/breast_feature_extraction/Ductal_outputs/TCGA-AN-A041-01/tils_tsr_wsi_summary.csv,TCGA-AN-A041,Alive,,,7.0,0.0,,,,matched
TCGA-AN-A046-01Z-00-DX1.C529B94F-AFE3-4701-BC98-5D6EDF7B82C0,TCGA-AN-A046-01,TCGA-AN-A046,0.589528354677342,stroma-high,10.924012907168722,10.924012907168722,4.652393496401638,37.08825658520639,62.91174341479362,10,2,2,2,2,10,11,0.6291174341479362,0.6260996324369577,10.924012907168722,4.652393496401638,3.4722268740492113,0.9482328063229649,60.089517,/data1/deasy/Himangi/breast_feature_extraction/Ductal_outputs/TCGA-AN-A046-01/tils_tsr_wsi_summary.csv,TCGA-AN-A046,Alive,,,10.0,0.0,,,,matched
TCGA-AN-A0AK-01Z-00-DX1.4B410152-8588-4000-870A-B31B21161015,TCGA-AN-A0AK-01,TCGA-AN-A0AK,1.0987991384393097,stroma-low,6.953691806434116,6.953691806434116,6.898350169362358,52.35370637975336,47.646293620246624,23,7,7,7,7,23,19,0.47646293620246627,0.4657140789138244,6.953691806434116,6.898350169362358,1.7037938927009635,0.9785969508575241,196.067995,/data1/deasy/Himangi/breast_feature_extraction/Ductal_outputs/TCGA-AN-A0AK-01/tils_tsr_wsi_summary.csv,TCGA-AN-A0AK,Alive,,,224.0,0.0,,,,matched
TCGA-AN-A0AM-01Z-00-DX1.169CE39A-DD54-46D8-8D03-60B69A473CDB,TCGA-AN-A0AM-01,TCGA-AN-A0AM,2.1374139285022844,stroma-low,24.31145229034458,24.31145229034458,4.866229225587293,68.12661565261257,31.87338434738742,2,1,1,1,1,2,1,0.31873384347387423,0.3305958454413018,24.31145229034458,4.866229225587293,57.51100143261231,0.9798335464343614,39.890356,/data1/deasy/Himangi/breast_feature_extraction/Ductal_outputs/TCGA-AN-A0AM-01/tils_tsr_wsi_summary.csv,TCGA-AN-A0AM,Alive,,,5.0,0.0,,,,matched
TCGA-AN-A0AR-01Z-00-DX1.0CF1267E-C61B-4928-875E-59032F838F07,TCGA-AN-A0AR-01,TCGA-AN-A0AR,0.6497045477726396,stroma-high,7.55660390598968,7.55660390598968,4.691858281221211,39.38308521061197,60.61691478938802,37,9,9,9,9,37,42,0.6061691478938802,0.60496993861998,7.55660390598968,4.691858281221211,5.274151054271846,0.9898757003294583,97.21039700000001,/data1/deasy/Himangi/breast_feature_extraction/Ductal_outputs/TCGA-AN-A0AR-01/tils_tsr_wsi_summary.csv,TCGA-AN-A0AR,Alive,,,10.0,0.0,,,,matched
TCGA-AN-A0AT-01Z-00-DX1.DFD68CD2-C25E-47BE-BC06-8CE3C657B9FD,TCGA-AN-A0AT-01,TCGA-AN-A0AT,1.9902892399805545,stroma-low,22.09610326410495,22.09610326410495,5.572132020538983,66.55841894389779,33.441581056102216,30,16,16,16,16,30,22,0.33441581056102215,0.348264723158899,22.09610326410495,5.572132020538983,26.791078330121813,0.9242646823156737,117.372648,/data1/deasy/Himangi/breast_feature_extraction/Ductal_outputs/TCGA-AN-A0AT-01/tils_tsr_wsi_summary.csv,TCGA-AN-A0AT,Alive,,,10.0,0.0,,,,matched
TCGA-AN-A0FF-01Z-00-DX1.A23982C3-E0EB-4DB2-84EE-26E0005E3F66,TCGA-AN-A0FF-01,TCGA-AN-A0FF,0.8748720325948424,stroma-high,10.178329398818738,10.178329398818738,5.941503503486448,46.66302645647823,53.33697354352178,20,8,8,8,8,20,14,0.5333697354352178,0.5269506272575826,10.178329398818738,5.941503503486448,6.921104346156508,0.936619044295471,184.652509,/data1/deasy/Himangi/breast_feature_extraction/Ductal_outputs/TCGA-AN-A0FF-01/tils_tsr_wsi_summary.csv,TCGA-AN-A0FF,Alive,,,172.0,0.0,,,,matched
TCGA-AN-A0FK-01Z-00-DX1.8966A1D5-CE3A-4B08-A1F6-E613BEB1ABD1,TCGA-AN-A0FK-01,TCGA-AN-A0FK,1.2648210435301743,stroma-low,1.595009332919866,1.595009332919866,0.7056760928101268,55.846401071878915,44.1535989281211,13,6,6,6,6,13,7,0.44153598928121096,0.4409160325032658,1.595009332919866,0.7056760928101268,0.07738431358837002,0.9867466014437117,193.271584,/data1/deasy/Himangi/breast_feature_extraction/Ductal_outputs/TCGA-AN-A0FK-01/tils_tsr_wsi_summary.csv,TCGA-AN-A0FK,Alive,,,213.0,0.0,,,,matched
TCGA-AN-A0FL-01Z-00-DX1.20A041C6-A306-4599-A7D1-65032A252AA9,TCGA-AN-A0FL-01,TCGA-AN-A0FL,13.184710038483322,stroma-low,9.700115475179349,9.700115475179349,4.643622397198908,92.95015550344712,7.049844496552877,3,3,3,3,3,3,0,0.07049844496552878,0.07042717873807151,9.700115475179349,4.643622397198908,,0.8759477978732452,137.445516,/data1/deasy/Himangi/breast_feature_extraction/Ductal_outputs/TCGA-AN-A0FL-01/tils_tsr_wsi_summary.csv,TCGA-AN-A0FL,Alive,,,231.0,0.0,,,,matched
TCGA-AN-A0FT-01Z-00-DX1.6F263AB3-FB1D-4056-AEC2-4F163017324F,TCGA-AN-A0FT-01,TCGA-AN-A0FT,0.4351726319110127,stroma-high,0.4214691944995328,0.4214691944995328,0.28307758725687554,30.321971185553892,69.67802881444611,6,3,3,3,3,6,4,0.6967802881444611,0.6963871906106808,0.4214691944995328,0.28307758725687554,0.7695197718606069,0.9823884733059273,92.077259,/data1/deasy/Himangi/breast_feature_extraction/Ductal_outputs/TCGA-AN-A0FT-01/tils_tsr_wsi_summary.csv,TCGA-AN-A0FT,Alive,,,214.0,0.0,,,,matched
TCGA-AN-A0FW-01Z-00-DX1.5EEDFC71-6ABE-4189-8C45-2127403A8F04,TCGA-AN-A0FW-01,TCGA-AN-A0FW,0.2313426554271147,stroma-high,0.40188719812515994,0.40188719812515994,0.3117508768445843,18.78783735847022,81.21216264152977,54,3,3,3,3,54,95,0.8121216264152977,0.8121736684442545,0.40188719812515994,0.3117508768445843,0.35861031067080146,0.9817491224646994,44.257354,/data1/deasy/Himangi/breast_feature_extraction/Ductal_outputs/TCGA-AN-A0FW-01/tils_tsr_wsi_summary.csv,TCGA-AN-A0FW,Alive,,,11.0,0.0,,,,matched
TCGA-AN-A0FX-01Z-00-DX1.C9656600-F823-4044-972B-7059B39FC539,TCGA-AN-A0FX-01,TCGA-AN-A0FX,0.8721631756900113,stroma-high,4.621381301934179,4.621381301934179,0.5739800294416909,46.585852505541546,53.414147494458454,14,3,3,3,3,14,16,0.5341414749445845,0.5364600502395157,4.621381301934179,0.5739800294416909,0.0,0.8904787587684545,69.999658,/data1/deasy/Himangi/breast_feature_extraction/Ductal_outputs/TCGA-AN-A0FX-01/tils_tsr_wsi_summary.csv,TCGA-AN-A0FX,Alive,,,10.0,0.0,,,,matched
TCGA-AN-A0FY-01Z-00-DX1.25F5E2A1-F92C-4FE1-BD90-0CDDE50DC066,TCGA-AN-A0FY-01,TCGA-AN-A0FY,0.5396728836636419,stroma-high,4.392960765337475,4.392960765337475,3.073758140248694,35.0511390691959,64.9488609308041,12,2,2,2,2,12,14,0.649488609308041,0.6474318992603186,4.392960765337475,3.073758140248694,4.320813849187082,0.9877669901963663,65.045286,/data1/deasy/Himangi/breast_feature_extraction/Ductal_outputs/TCGA-AN-A0FY-01/tils_tsr_wsi_summary.csv,TCGA-AN-A0FY,Alive,,,10.0,0.0,,,,matched
TCGA-AN-A0FZ-01Z-00-DX1.9555AF11-3A0D-4FE3-AE91-09DA77B175CA,TCGA-AN-A0FZ-01,TCGA-AN-A0FZ,0.8010371678593079,stroma-high,0.8046616838479632,0.8046616838479632,0.12772468969241518,44.47643736366704,55.523562636332954,3,2,2,2,2,3,1,0.5552356263633296,0.5552982162471349,0.8046616838479632,0.12772468969241518,0.0,0.909241932571152,63.002246,/data1/deasy/Himangi/breast_feature_extraction/Ductal_outputs/TCGA-AN-A0FZ-01/tils_tsr_wsi_summary.csv,TCGA-AN-A0FZ,Alive,,,10.0,0.0,,,,matched
TCGA-AN-A0G0-01Z-00-DX1.BE0BB5DF-DEDA-48D8-B5D8-2735C767F28F,TCGA-AN-A0G0-01,TCGA-AN-A0G0,2.48747411226352,stroma-low,13.62139298653369,13.62139298653369,0.9058014751440789,71.3259520268967,28.674047973103296,1,1,1,1,1,1,0,0.28674047973103295,0.29328250683894896,13.62139298653369,0.9058014751440789,,0.982530794893407,57.013585,/data1/deasy/Himangi/breast_feature_extraction/Ductal_outputs/TCGA-AN-A0G0-01/tils_tsr_wsi_summary.csv,TCGA-AN-A0G0,Alive,,,16.0,0.0,,,,matched
TCGA-AN-A0XN-01Z-00-DX1.A8EB9F62-236E-4C59-A206-DF0C7654AC30,TCGA-AN-A0XN-01,TCGA-AN-A0XN,0.4834663105779003,stroma-high,28.66882644094526,28.66882644094526,31.314274328342854,32.59031277829024,67.40968722170975,30,5,5,5,5,30,34,0.6740968722170975,0.6470227514447026,28.66882644094526,31.314274328342854,22.112200162285305,0.9288493049802724,42.076215000000005,/data1/deasy/Himangi/breast_feature_extraction/Ductal_outputs/TCGA-AN-A0XN-01/tils_tsr_wsi_summary.csv,TCGA-AN-A0XN,Alive,,,10.0,0.0,,,,matched
TCGA-AN-A0XO-01Z-00-DX1.204E554E-B1A8-41AD-8E39-62484DF4E3CD,TCGA-AN-A0XO-01,TCGA-AN-A0XO,0.24308908611902477,stroma-high,1.2023370070652288,1.2023370070652288,3.1869699580127047,19.555242567365696,80.44475743263429,24,6,6,6,6,24,30,0.804447574326343,0.8018821531774933,1.2023370070652288,3.1869699580127047,1.1732181006737392,0.989508288706765,17.803845000000003,/data1/deasy/Himangi/breast_feature_extraction/Ductal_outputs/TCGA-AN-A0XO-01/tils_tsr_wsi_summary.csv,TCGA-AN-A0XO,Alive,,,375.0,0.0,,,,matched
TCGA-AN-A0XS-01Z-00-DX1.B4D4B73E-2912-4B2E-B18A-FBC35F8160D3,TCGA-AN-A0XS-01,TCGA-AN-A0XS,0.34787642905969934,stroma-high,3.4760761298400027,3.4760761298400027,2.423570103764302,25.80922268240744,74.19077731759256,10,2,2,2,2,10,12,0.7419077731759256,0.7416441000470657,3.4760761298400027,2.423570103764302,1.3097886605250182,0.926373770482323,14.846805,/data1/deasy/Himangi/breast_feature_extraction/Ductal_outputs/TCGA-AN-A0XS-01/tils_tsr_wsi_summary.csv,TCGA-AN-A0XS,Alive,,,10.0,0.0,,,,matched
TCGA-AN-A0XT-01Z-00-DX1.882AF4CE-62A1-4808-9B4B-780066E5E602,TCGA-AN-A0XT-01,TCGA-AN-A0XT,0.6870567861280235,stroma-high,4.463086655733148,4.463086655733148,5.529771945649087,40.72517248840761,59.274827511592385,14,1,1,1,1,14,18,0.5927482751159239,0.5852271540725229,4.463086655733148,5.529771945649087,0.8547757758067145,0.989197530873135,47.904048,/data1/deasy/Himangi/breast_feature_extraction/Ductal_outputs/TCGA-AN-A0XT-01/tils_tsr_wsi_summary.csv,TCGA-AN-A0XT,Alive,,,10.0,0.0,,,,matched
TCGA-AO-A03L-01Z-00-DX1.DE6561A9-E6B8-4BF0-AAA8-F91C87A66037,TCGA-AO-A03L-01,TCGA-AO-A03L,0.7332042695501001,stroma-high,14.150312181395918,14.150312181395918,8.07497277591497,42.303396225790685,57.69660377420931,16,4,4,4,4,16,16,0.5769660377420931,0.5789650310931955,14.150312181395918,8.07497277591497,8.7697315586409,0.9003831642206811,38.789184000000006,/data1/deasy/Himangi/breast_feature_extraction/Ductal_outputs/TCGA-AO-A03L-01/tils_tsr_wsi_summary.csv,TCGA-AO-A03L,Alive,,,2442.0,0.0,,,,matched
TCGA-AO-A03M-01Z-00-DX1.9998A9A0-D0A6-48FC-80FB-AE597CB9E8AA,TCGA-AO-A03M-01,TCGA-AO-A03M,1.0737541406365472,stroma-low,24.735484092451173,24.735484092451173,9.86303928804272,51.7782759101305,48.2217240898695,11,2,2,2,2,11,16,0.48221724089869494,0.4993177465304764,24.735484092451173,9.86303928804272,10.388669874067592,0.9919089137487541,32.554816,/data1/deasy/Himangi/breast_feature_extraction/Ductal_outputs/TCGA-AO-A03M-01/tils_tsr_wsi_summary.csv,TCGA-AO-A03M,Alive,,,1866.0,0.0,,,,matched
TCGA-AO-A03O-01Z-00-DX1.054BBC89-69F4-4311-814D-E343472CD2C0,TCGA-AO-A03O-01,TCGA-AO-A03O,1.628712462979277,stroma-low,6.690066120034438,6.690066120034438,1.6442843450693907,61.95856282939975,38.04143717060025,12,5,5,5,5,12,7,0.38041437170600245,0.38225367406635624,6.690066120034438,1.6442843450693907,4.280200425715686,0.9168327911613128,46.35008,/data1/deasy/Himangi/breast_feature_extraction/Ductal_outputs/TCGA-AO-A03O-01/tils_tsr_wsi_summary.csv,TCGA-AO-A03O,Dead,2483.0,,2483.0,1.0,2483.0,81.57700205338809,6.798083504449007,matched
TCGA-AO-A03P-01Z-00-DX1.D34DA321-D8E3-4D68-BCE2-4A8B72B3D0AE,TCGA-AO-A03P-01,TCGA-AO-A03P,1.9789718759687174,stroma-low,17.14926332322834,17.14926332322834,1.4724742092261407,66.43137157262302,33.56862842737697,2,1,1,1,1,2,1,0.33568628427376973,0.3401710248992042,17.14926332322834,1.4724742092261407,,0.931601135847325,36.449728,/data1/deasy/Himangi/breast_feature_extraction/Ductal_outputs/TCGA-AO-A03P-01/tils_tsr_wsi_summary.csv,TCGA-AO-A03P,Dead,2911.0,,2911.0,1.0,2911.0,95.63860369609856,7.969883641341547,matched
TCGA-AO-A03R-01Z-00-DX1.DC317201-7F22-4C4A-86A5-ED82C37757C8,TCGA-AO-A03R-01,TCGA-AO-A03R,0.8182016625809955,stroma-high,33.37973979267932,33.37973979267932,12.86697619815821,45.00060028652334,54.99939971347667,11,2,2,2,2,11,16,0.5499939971347667,0.5755265980279374,33.37973979267932,12.86697619815821,40.93428147807414,0.7316762968558523,12.754112000000001,/data1/deasy/Himangi/breast_feature_extraction/Ductal_outputs/TCGA-AO-A03R-01/tils_tsr_wsi_summary.csv,TCGA-AO-A03R,Alive,,,2091.0,0.0,,,,matched
TCGA-AO-A03V-01Z-00-DX1.52EBCB72-0C65-4E67-B9BB-DA15494327DE,TCGA-AO-A03V-01,TCGA-AO-A03V,0.5099590185176941,stroma-high,3.048368789299114,3.048368789299114,1.3922692012150626,33.773037033701335,66.22696296629866,6,2,2,2,2,6,4,0.6622696296629866,0.6615510165083739,3.048368789299114,1.3922692012150626,1.6357672072658633,0.7978303038058383,29.679104,/data1/deasy/Himangi/breast_feature_extraction/Ductal_outputs/TCGA-AO-A03V-01/tils_tsr_wsi_summary.csv,TCGA-AO-A03V,Alive,,,1351.0,0.0,,,,matched
TCGA-AO-A0J2-01Z-00-DX1.7C9FEC7B-6040-4C58-9563-D10C0D7AC72E,TCGA-AO-A0J2-01,TCGA-AO-A0J2,1.617334661753325,stroma-low,42.602950458263784,42.602950458263784,2.84955985750409,61.793193105458265,38.206806894541735,1,1,1,1,1,1,0,0.38206806894541734,0.4068754772276789,42.602950458263784,2.84955985750409,,0.9711634070567402,9.461312,/data1/deasy/Himangi/breast_feature_extraction/Ductal_outputs/TCGA-AO-A0J2-01/tils_tsr_wsi_summary.csv,TCGA-AO-A0J2,Alive,,,997.0,0.0,,,,matched
TCGA-AO-A0J4-01Z-00-DX1.2EFC978E-8DF5-4254-9598-C0910B17C5C8,TCGA-AO-A0J4-01,TCGA-AO-A0J4,1.3019809728560225,stroma-low,20.64373761787291,20.64373761787291,3.119764806605443,56.55915440694022,43.44084559305977,3,2,2,2,2,3,1,0.4344084559305977,0.45372082173370243,20.64373761787291,3.119764806605443,77.89627948349217,0.9648924260492757,22.149568,/data1/deasy/Himangi/breast_feature_extraction/Ductal_outputs/TCGA-AO-A0J4-01/tils_tsr_wsi_summary.csv,TCGA-AO-A0J4,Alive,,,1587.0,0.0,,,,matched
TCGA-AO-A0J6-01Z-00-DX1.D0C003CE-E112-4375-953D-78404C9D62DA,TCGA-AO-A0J6-01,TCGA-AO-A0J6,7.252198695654333,stroma-low,39.04333729024632,39.04333729024632,5.007436308870948,87.8820174249245,12.117982575075503,1,1,1,1,1,1,0,0.12117982575075503,0.1282566519114148,39.04333729024632,5.007436308870948,,0.9639181972927088,72.225216,/data1/deasy/Himangi/breast_feature_extraction/Ductal_outputs/TCGA-AO-A0J6-01/tils_tsr_wsi_summary.csv,TCGA-AO-A0J6,Alive,,,1140.0,0.0,,,,matched
TCGA-AO-A0JA-01Z-00-DX1.E3DDBAAF-6FFA-40BE-83FF-942857CFED5D,TCGA-AO-A0JA-01,TCGA-AO-A0JA,0.21789820416218075,stroma-high,0.253156335392551,0.253156335392551,0.277949266100387,17.891331427988906,82.10866857201108,21,2,2,2,2,21,34,0.8210866857201109,0.8210849312501949,0.253156335392551,0.277949266100387,0.1369778249517535,0.8535870901463491,17.285632,/data1/deasy/Himangi/breast_feature_extraction/Ductal_outputs/TCGA-AO-A0JA-01/tils_tsr_wsi_summary.csv,TCGA-AO-A0JA,Alive,,,655.0,0.0,,,,matched
TCGA-AO-A0JB-01Z-00-DX1.250FE098-345B-4981-9236-0519E1C9058E,TCGA-AO-A0JB-01,TCGA-AO-A0JB,0.6747040408376113,stroma-high,1.7318902026630378,1.7318902026630378,0.9350368904463048,40.28795682012893,59.71204317987107,16,6,6,6,6,16,11,0.5971204317987107,0.5965335299394523,1.7318902026630378,0.9350368904463048,3.626535619514896,0.900094523769878,62.306048,/data1/deasy/Himangi/breast_feature_extraction/Ductal_outputs/TCGA-AO-A0JB-01/tils_tsr_wsi_summary.csv,TCGA-AO-A0JB,Alive,,,1542.0,0.0,,,,matched
TCGA-AO-A0JD-01Z-00-DX1.52E3DCE8-32E3-45C0-AB54-7FA0A2F3F722,TCGA-AO-A0JD-01,TCGA-AO-A0JD,1.827291779001016,stroma-low,14.128790274327189,14.128790274327189,1.6970512349119078,64.63046341989732,35.369536580102675,17,7,7,7,7,17,11,0.3536953658010268,0.36548850939609195,14.128790274327189,1.6970512349119078,13.610646689028846,0.9454565115976055,62.020672,/data1/deasy/Himangi/breast_feature_extraction/Ductal_outputs/TCGA-AO-A0JD-01/tils_tsr_wsi_summary.csv,TCGA-AO-A0JD,Alive,,,2190.0,0.0,,,,matched
TCGA-AO-A0JE-01Z-00-DX1.82D33053-E305-47D8-9B02-B55511EBB06D,TCGA-AO-A0JE-01,TCGA-AO-A0JE,0.8377007480381086,stroma-high,13.181808039634538,13.181808039634538,4.285946697148391,45.58417625570543,54.41582374429457,14,3,3,3,3,14,17,0.5441582374429457,0.5462034705511888,13.181808039634538,4.285946697148391,12.389928511413611,0.9949694577506015,45.719744,/data1/deasy/Himangi/breast_feature_extraction/Ductal_outputs/TCGA-AO-A0JE-01/tils_tsr_wsi_summary.csv,TCGA-AO-A0JE,Alive,,,2335.0,0.0,,,,matched
TCGA-AO-A0JI-01Z-00-DX1.4DCDA545-B7E3-49DF-AB10-963E84BEB105,TCGA-AO-A0JI-01,TCGA-AO-A0JI,1.9705209965077528,stroma-low,4.696465985832874,4.696465985832874,10.415199359037615,66.33587168124264,33.66412831875737,1,1,1,1,1,1,0,0.3366412831875737,0.31620945605635153,4.696465985832874,10.415199359037615,,0.9860418744531156,15.72704,/data1/deasy/Himangi/breast_feature_extraction/Ductal_outputs/TCGA-AO-A0JI-01/tils_tsr_wsi_summary.csv,TCGA-AO-A0JI,Alive,,,1528.0,0.0,,,,matched
TCGA-AO-A0JL-01Z-00-DX1.473CC200-221A-4777-B19E-ADC41D10FC94,TCGA-AO-A0JL-01,TCGA-AO-A0JL,0.9530515343103654,stroma-high,9.992121573930064,9.992121573930064,3.2116255407860743,48.79807406858283,51.20192593141718,15,4,4,4,4,15,15,0.5120192593141718,0.5180909611435132,9.992121573930064,3.2116255407860743,3.3263745453401237,0.9584345079861811,44.684864000000005,/data1/deasy/Himangi/breast_feature_extraction/Ductal_outputs/TCGA-AO-A0JL-01/tils_tsr_wsi_summary.csv,TCGA-AO-A0JL,Alive,,,1683.0,0.0,,,,matched
TCGA-AO-A0JM-01Z-00-DX1.94E75EFD-E5F5-4DF8-93A0-ED94CB4D203A,TCGA-AO-A0JM-01,TCGA-AO-A0JM,1.2284114195689093,stroma-low,8.882414345993318,8.882414345993318,1.0454956811986649,55.124983150846894,44.87501684915311,5,2,2,2,2,5,4,0.4487501684915311,0.45320331425016425,8.882414345993318,1.0454956811986649,11.573592179076115,0.9771266173531716,30.519551999999997,/data1/deasy/Himangi/breast_feature_extraction/Ductal_outputs/TCGA-AO-A0JM-01/tils_tsr_wsi_summary.csv,TCGA-AO-A0JM,Alive,,,2184.0,0.0,,,,matched
TCGA-AO-A126-01Z-00-DX1.D9D6AA15-32F0-44BD-AF30-36191784FFA2,TCGA-AO-A126-01,TCGA-AO-A126,0.9374329911415678,stroma-high,1.3094898653281457,1.3094898653281457,3.063683373853611,48.38531166898405,51.61468833101595,8,1,1,1,1,8,9,0.5161468833101595,0.5099903027359772,1.3094898653281457,3.063683373853611,0.05683776341885972,0.9737891170074434,31.466624,/data1/deasy/Himangi/breast_feature_extraction/Ductal_outputs/TCGA-AO-A126-01/tils_tsr_wsi_summary.csv,TCGA-AO-A126,Alive,,,3307.0,0.0,,,,matched
TCGA-AO-A129-01Z-00-DX1.BF485416-BF57-4F39-866B-4B1E201876FA,TCGA-AO-A129-01,TCGA-AO-A129,3.14442768045166,stroma-low,68.01363927421102,68.01363927421102,22.230129871735567,75.87121607365049,24.12878392634951,1,1,1,1,1,1,0,0.2412878392634951,0.28175301709884293,68.01363927421102,22.230129871735567,,0.9820006920013824,18.119808,/data1/deasy/Himangi/breast_feature_extraction/Ductal_outputs/TCGA-AO-A129-01/tils_tsr_wsi_summary.csv,TCGA-AO-A129,Alive,,,3286.0,0.0,,,,matched
TCGA-AO-A12A-01Z-00-DX1.4E9609A7-9AAD-40A8-8344-8369DF998006,TCGA-AO-A12A-01,TCGA-AO-A12A,0.5791291002481002,stroma-high,4.204085652947995,4.204085652947995,2.6054197600311078,36.67395529327602,63.326044706723984,33,4,4,4,4,33,58,0.6332604470672398,0.6315509446379973,4.204085652947995,2.6054197600311078,1.210597333346261,0.9367248207476431,57.555008,/data1/deasy/Himangi/breast_feature_extraction/Ductal_outputs/TCGA-AO-A12A-01/tils_tsr_wsi_summary.csv,TCGA-AO-A12A,Alive,,,3112.0,0.0,,,,matched
TCGA-AO-A12C-01Z-00-DX1.F4105027-FA10-48AF-BA8F-C7A0181C4A1D,TCGA-AO-A12C-01,TCGA-AO-A12C,0.36310804766750704,stroma-high,1.5939512621315872,1.5939512621315872,0.8816091854573975,26.638243996053156,73.36175600394685,10,2,2,2,2,10,10,0.7336175600394685,0.733478255184611,1.5939512621315872,0.8816091854573975,0.9212596755720464,0.9868695333312585,42.420671999999996,/data1/deasy/Himangi/breast_feature_extraction/Ductal_outputs/TCGA-AO-A12C-01/tils_tsr_wsi_summary.csv,TCGA-AO-A12C,Alive,,,2372.0,0.0,,,,matched
TCGA-AO-A12D-01Z-00-DX1.BA006BAD-5C6E-4099-BC99-3888E69F506E,TCGA-AO-A12D-01,TCGA-AO-A12D,0.7128768497738792,stroma-high,27.976962881076485,27.976962881076485,18.83208308073297,41.61868670640203,58.381313293597984,26,2,2,2,2,26,38,0.5838131329359798,0.5809565046124653,27.976962881076485,18.83208308073297,26.465226624424297,0.9608605304305963,55.243776,/data1/deasy/Himangi/breast_feature_extraction/Ductal_outputs/TCGA-AO-A12D-01/tils_tsr_wsi_summary.csv,TCGA-AO-A12D,Alive,,,2515.0,0.0,,,,matched
TCGA-AO-A12F-01Z-00-DX1.847C8E4F-3F37-4B1D-8E6E-ACD14391AD89,TCGA-AO-A12F-01,TCGA-AO-A12F,1.514714442324309,stroma-low,1.32736930829614,1.32736930829614,0.7404163635813975,60.23405349055392,39.765946509446074,21,13,13,13,13,21,10,0.39765946509446076,0.3976354490359664,1.32736930829614,0.7404163635813975,0.38402018811171384,0.9038978810703701,67.99788799999999,/data1/deasy/Himangi/breast_feature_extraction/Ductal_outputs/TCGA-AO-A12F-01/tils_tsr_wsi_summary.csv,TCGA-AO-A12F,Alive,,,1842.0,0.0,,,,matched
TCGA-AO-A1KP-01Z-00-DX1.612442AB-24E2-489B-9838-7CEE82BCD605,TCGA-AO-A1KP-01,TCGA-AO-A1KP,0.8469576243772549,stroma-high,2.73839217362491,2.73839217362491,3.4616531381952997,45.8569061465515,54.14309385344851,6,1,1,1,1,6,6,0.5414309385344851,0.5352643379376203,2.73839217362491,3.4616531381952997,1.3232476362352161,0.9738503154364784,38.5983984375,/data1/deasy/Himangi/breast_feature_extraction/Ductal_outputs/TCGA-AO-A1KP-01/tils_tsr_wsi_summary.csv,TCGA-AO-A1KP,Alive,,,2953.0,0.0,,,,matched
TCGA-AO-A1KQ-01Z-00-DX1.CAB7D9A5-7030-4A33-BE51-9B04D67A7676,TCGA-AO-A1KQ-01,TCGA-AO-A1KQ,1.9846977734805096,stroma-low,28.58769821080116,28.58769821080116,4.9426652433083325,66.49577022889382,33.50422977110617,7,1,1,1,1,7,8,0.33504229771106164,0.363665806654197,28.58769821080116,4.9426652433083325,22.12814479609618,0.9596175267121723,34.08328125,/data1/deasy/Himangi/breast_feature_extraction/Ductal_outputs/TCGA-AO-A1KQ-01/tils_tsr_wsi_summary.csv,TCGA-AO-A1KQ,Alive,,,1882.0,0.0,,,,matched
TCGA-AO-A1KR-01Z-00-DX1.BFB2E69B-E23C-4542-9CBF-EDD040B985AC,TCGA-AO-A1KR-01,TCGA-AO-A1KR,1.529637106544662,stroma-low,21.657112757913076,21.657112757913076,6.41397875071917,60.46863807410138,39.53136192589862,27,11,11,11,11,27,20,0.3953136192589862,0.41015214339041356,21.657112757913076,6.41397875071917,8.065782593196706,0.8919439904521056,72.56144531249998,/data1/deasy/Himangi/breast_feature_extraction/Ductal_outputs/TCGA-AO-A1KR-01/tils_tsr_wsi_summary.csv,TCGA-AO-A1KR,Alive,,,2513.0,0.0,,,,matched
TCGA-AO-A1KT-01Z-00-DX1.47878910-4359-4795-B0BB-FAC147C8D932,TCGA-AO-A1KT-01,TCGA-AO-A1KT,0.39035439656853965,stroma-high,1.0007433961063275,1.0007433961063275,0.2854501833738806,28.075891839659928,71.92410816034007,26,1,1,1,1,26,34,0.7192410816034007,0.7201086975074495,1.0007433961063275,0.2854501833738806,0.013988815209077497,0.9597229093698727,31.9728515625,/data1/deasy/Himangi/breast_feature_extraction/Ductal_outputs/TCGA-AO-A1KT-01/tils_tsr_wsi_summary.csv,TCGA-AO-A1KT,Alive,,,541.0,0.0,,,,matched
TCGA-AQ-A04H-01Z-00-DX1.5AC1E459-EF27-401D-98FD-0AC16559AF17,TCGA-AQ-A04H-01,TCGA-AQ-A04H,2.479923926660716,stroma-low,6.370817444580516,6.370817444580516,0.8236090665997983,71.26373963698725,28.736260363012743,3,3,3,3,3,3,0,0.28736260363012744,0.28982493149683736,6.370817444580516,0.8236090665997983,,0.9629535029737067,77.00139337499999,/data1/deasy/Himangi/breast_feature_extraction/Ductal_outputs/TCGA-AQ-A04H-01/tils_tsr_wsi_summary.csv,TCGA-AQ-A04H,Alive,,,754.0,0.0,,,,matched
TCGA-AQ-A04J-01Z-00-DX1.6A4E16D4-2696-4E5F-BCA8-708556FC3A8C,TCGA-AQ-A04J-01,TCGA-AQ-A04J,0.6153011522456457,stroma-high,12.42782263482063,12.42782263482063,7.263468622343374,38.09203945593882,61.90796054406118,38,8,8,8,8,38,42,0.6190796054406118,0.6202080004962576,12.42782263482063,7.263468622343374,14.335706728885311,0.9008263176830869,91.208967,/data1/deasy/Himangi/breast_feature_extraction/Ductal_outputs/TCGA-AQ-A04J-01/tils_tsr_wsi_summary.csv,TCGA-AQ-A04J,Alive,,,819.0,0.0,,,,matched
TCGA-AQ-A04L-01Z-00-DX1.F35BF4DD-896A-43C2-8DA6-C67945C003BE,TCGA-AQ-A04L-01,TCGA-AQ-A04L,0.6757462871357292,stroma-high,9.021235997294392,9.021235997294392,10.770055067423423,40.325095291766935,59.674904708233065,6,3,3,3,3,6,3,0.5967490470823307,0.5793445559711949,9.021235997294392,10.770055067423423,7.787232225098578,0.9772236076559477,33.6678165,/data1/deasy/Himangi/breast_feature_extraction/Ductal_outputs/TCGA-AQ-A04L-01/tils_tsr_wsi_summary.csv,TCGA-AQ-A04L,Alive,,,3957.0,0.0,,,,matched
TCGA-AQ-A0Y5-01Z-00-DX1.f68f5b49-30fa-4fb6-bec6-5da9f6809d02,TCGA-AQ-A0Y5-01,TCGA-AQ-A0Y5,0.472871206332277,stroma-high,0.372383965071597,0.372383965071597,0.6005418110042204,32.10540095422289,67.89459904577711,23,4,4,4,4,23,23,0.6789459904577712,0.6781675979846759,0.372383965071597,0.6005418110042204,0.021552899310868078,0.994442007540225,54.587475,/data1/deasy/Himangi/breast_feature_extraction/Ductal_outputs/TCGA-AQ-A0Y5-01/tils_tsr_wsi_summary.csv,TCGA-AQ-A0Y5,Dead,172.0,,172.0,1.0,172.0,5.650924024640657,0.47091033538672145,matched
TCGA-AR-A0TP-01Z-00-DX1.58E6A3A6-D1D7-4AE5-87A5-E823F04CBB2F,TCGA-AR-A0TP-01,TCGA-AR-A0TP,2.005806606495036,stroma-low,10.375480005119933,10.375480005119933,2.3681600429097798,66.73105988125882,33.268940118741185,7,4,4,4,4,7,3,0.33268940118741186,0.33151858137706625,10.375480005119933,2.3681600429097798,0.0,0.8172776879817164,166.32272974999998,/data1/deasy/Himangi/breast_feature_extraction/Ductal_outputs/TCGA-AR-A0TP-01/tils_tsr_wsi_summary.csv,TCGA-AR-A0TP,Alive,,,4275.0,0.0,,,,matched
TCGA-AR-A0TQ-01Z-00-DX1.2BEA298C-6B3D-4133-ADBC-769E62CEFFA0,TCGA-AR-A0TQ-01,TCGA-AR-A0TQ,0.9898981511077153,stroma-high,17.143497521415703,17.143497521415703,5.24638115216228,49.7461717101787,50.2538282898213,19,2,2,2,2,19,22,0.502538282898213,0.5185290414240575,17.143497521415703,5.24638115216228,5.276799371351162,0.7577654351056906,73.33864925,/data1/deasy/Himangi/breast_feature_extraction/Ductal_outputs/TCGA-AR-A0TQ-01/tils_tsr_wsi_summary.csv,TCGA-AR-A0TQ,Alive,,,2991.0,0.0,,,,matched
TCGA-AR-A0TR-01Z-00-DX1.BBCE653F-7DD0-4830-BAD3-C06207A93853,TCGA-AR-A0TR-01,TCGA-AR-A0TR,0.8207576805326072,stroma-high,12.393197617979311,12.393197617979311,7.472130504506112,45.0778096013589,54.9221903986411,27,10,10,10,10,27,23,0.549221903986411,0.5457557780702988,12.393197617979311,7.472130504506112,5.136770511094334,0.9614403374379901,102.92917750000001,/data1/deasy/Himangi/breast_feature_extraction/Ductal_outputs/TCGA-AR-A0TR-01/tils_tsr_wsi_summary.csv,TCGA-AR-A0TR,Dead,160.0,,160.0,1.0,160.0,5.256673511293634,0.4380561259411362,matched
TCGA-AR-A0TS-01Z-00-DX1.2DB81A2E-16C1-4EE0-8175-65FA46768277,TCGA-AR-A0TS-01,TCGA-AR-A0TS,0.23326571127035436,stroma-high,8.218337373199542,8.218337373199542,5.879919720188181,18.914473104913746,81.08552689508626,130,15,15,15,15,130,179,0.8108552689508626,0.8134916402334954,8.218337373199542,5.879919720188181,7.835284191696386,0.9766622114026506,89.18381675000002,/data1/deasy/Himangi/breast_feature_extraction/Ductal_outputs/TCGA-AR-A0TS-01/tils_tsr_wsi_summary.csv,TCGA-AR-A0TS,Alive,,,2558.0,0.0,,,,matched
TCGA-AR-A0TT-01Z-00-DX1.127C2A4F-62AC-4E83-99DB-13519BD2949D,TCGA-AR-A0TT-01,TCGA-AR-A0TT,1.5558126420547183,stroma-low,23.82436505390381,23.82436505390381,8.801225605611949,60.87350130657227,39.12649869342773,6,4,4,4,4,6,2,0.39126498693427725,0.39283762903118796,23.82436505390381,8.801225605611949,45.466617488651714,0.9746352907573906,103.5475255,/data1/deasy/Himangi/breast_feature_extraction/Ductal_outputs/TCGA-AR-A0TT-01/tils_tsr_wsi_summary.csv,TCGA-AR-A0TT,Alive,,,3316.0,0.0,,,,matched
TCGA-AR-A0TU-01Z-00-DX1.2CBBDDAB-C1DD-4205-A555-431542F9C069,TCGA-AR-A0TU-01,TCGA-AR-A0TU,2.168118379900223,stroma-low,37.59402460881381,37.59402460881381,11.987918984268443,68.43552291655547,31.56447708344453,11,5,5,5,5,11,6,0.3156447708344453,0.3277511366283765,37.59402460881381,11.987918984268443,19.0712911206502,0.9417365760986283,94.95506475,/data1/deasy/Himangi/breast_feature_extraction/Ductal_outputs/TCGA-AR-A0TU-01/tils_tsr_wsi_summary.csv,TCGA-AR-A0TU,Alive,,,709.0,0.0,,,,matched
TCGA-AR-A0TW-01Z-00-DX1.0C1EAE07-6BA6-4908-89E1-0133F3640174,TCGA-AR-A0TW-01,TCGA-AR-A0TW,1.0326413635116518,stroma-low,26.355616813312547,26.355616813312547,19.094063714613323,50.80292972724071,49.19707027275929,49,15,15,15,15,49,43,0.4919707027275929,0.46107702074758994,26.355616813312547,19.094063714613323,11.575611068620749,0.9102403840373366,300.87783099999996,/data1/deasy/Himangi/breast_feature_extraction/Ductal_outputs/TCGA-AR-A0TW-01/tils_tsr_wsi_summary.csv,TCGA-AR-A0TW,Alive,,,3009.0,0.0,,,,matched
TCGA-AR-A0TX-01Z-00-DX1.5BEA4E65-8CEC-49B2-9F29-DBE53E8ED46E,TCGA-AR-A0TX-01,TCGA-AR-A0TX,0.44709997391456496,stroma-high,1.1200088139255244,1.1200088139255244,5.494193952211321,30.896274063574904,69.10372593642509,3,3,3,3,3,3,0,0.691037259364251,0.681437051217412,1.1200088139255244,5.494193952211321,,0.9458834414080274,2.48627425,/data1/deasy/Himangi/breast_feature_extraction/Ductal_outputs/TCGA-AR-A0TX-01/tils_tsr_wsi_summary.csv,TCGA-AR-A0TX,Alive,,,1972.0,0.0,,,,matched
TCGA-AR-A0TY-01Z-00-DX1.089EB6B4-9921-441D-84F3-C64C97AFC3B4,TCGA-AR-A0TY-01,TCGA-AR-A0TY,0.6619686316395844,stroma-high,5.075684654523597,5.075684654523597,1.9842647486924208,39.83039264625178,60.16960735374821,36,5,5,5,5,36,40,0.6016960735374821,0.6044069802823517,5.075684654523597,1.9842647486924208,8.034084253548398,0.9179074476356031,77.42232249999999,/data1/deasy/Himangi/breast_feature_extraction/Ductal_outputs/TCGA-AR-A0TY-01/tils_tsr_wsi_summary.csv,TCGA-AR-A0TY,Dead,1699.0,,1699.0,1.0,1699.0,55.81930184804928,4.65160848733744,matched
TCGA-AR-A0TZ-01Z-00-DX1.2D58BE38-03F6-4310-8E06-F1A523FB0904,TCGA-AR-A0TZ-01,TCGA-AR-A0TZ,0.4943352038903576,stroma-high,5.035436073032084,5.035436073032084,3.349096997331774,33.08061020067008,66.91938979932993,22,3,3,3,3,22,30,0.6691938979932993,0.6684657573532884,5.035436073032084,3.349096997331774,2.868638249880805,0.936903486178113,48.733551750000004,/data1/deasy/Himangi/breast_feature_extraction/Ductal_outputs/TCGA-AR-A0TZ-01/tils_tsr_wsi_summary.csv,TCGA-AR-A0TZ,Dead,3262.0,,3262.0,1.0,3262.0,107.17043121149898,8.930869267624914,matched
TCGA-AR-A0U0-01Z-00-DX1.C8BECD9F-68D9-47B1-B31E-C1C6CAE456B6,TCGA-AR-A0U0-01,TCGA-AR-A0U0,1.1574953948132587,stroma-low,17.96780963403972,17.96780963403972,7.540587444744955,53.649959003200806,46.350040996799194,6,5,5,5,5,6,1,0.4635004099679919,0.4771723939519756,17.96780963403972,7.540587444744955,5.452095757812975,0.848131705095154,16.08993025,/data1/deasy/Himangi/breast_feature_extraction/Ductal_outputs/TCGA-AR-A0U0-01/tils_tsr_wsi_summary.csv,TCGA-AR-A0U0,Alive,,,1988.0,0.0,,,,matched
TCGA-AR-A0U1-01Z-00-DX1.276433E7-E841-42D2-AF21-762F2FEA3B9B,TCGA-AR-A0U1-01,TCGA-AR-A0U1,1.78532326574566,stroma-low,22.24637668720889,22.24637668720889,2.966728605767173,64.09752461058449,35.902475389415514,16,5,5,5,5,16,12,0.35902475389415517,0.3725748087977221,22.24637668720889,2.966728605767173,9.487541334341474,0.8829256785231181,89.59604875000001,/data1/deasy/Himangi/breast_feature_extraction/Ductal_outputs/TCGA-AR-A0U1-01/tils_tsr_wsi_summary.csv,TCGA-AR-A0U1,Alive,,,4052.0,0.0,,,,matched
TCGA-AR-A0U2-01Z-00-DX1.03E2ADD9-F20F-44DA-93D1-D10BBD3844A5,TCGA-AR-A0U2-01,TCGA-AR-A0U2,1.1430268392774945,stroma-low,8.522654206748584,8.522654206748584,4.920658765692265,53.33702865162704,46.66297134837296,16,5,5,5,5,16,13,0.4666297134837296,0.4629311892775472,8.522654206748584,4.920658765692265,4.554316379096457,0.9705432834523663,95.93411575,/data1/deasy/Himangi/breast_feature_extraction/Ductal_outputs/TCGA-AR-A0U2-01/tils_tsr_wsi_summary.csv,TCGA-AR-A0U2,Dead,2551.0,,2551.0,1.0,2551.0,83.81108829568788,6.98425735797399,matched
TCGA-AR-A0U3-01Z-00-DX1.9BB87F9D-459F-4A18-B591-29822EA5AE18,TCGA-AR-A0U3-01,TCGA-AR-A0U3,1.0328902734020904,stroma-low,33.131569512284436,33.131569512284436,22.397073411841497,50.80895348441625,49.19104651558375,54,14,14,14,14,54,50,0.4919104651558375,0.48065575655008613,33.131569512284436,22.397073411841497,29.019050789379136,0.958762144422323,148.94457449999996,/data1/deasy/Himangi/breast_feature_extraction/Ductal_outputs/TCGA-AR-A0U3-01/tils_tsr_wsi_summary.csv,TCGA-AR-A0U3,Alive,,,4080.0,0.0,,,,matched
TCGA-AR-A0U4-01Z-00-DX1.DE722DC5-859D-4866-ADCC-ED98EDBFB588,TCGA-AR-A0U4-01,TCGA-AR-A0U4,3.878555837048609,stroma-low,23.45238012294463,23.45238012294463,7.550836470057785,79.50213068371946,20.497869316280536,14,10,10,10,10,14,4,0.20497869316280537,0.2137343475887921,23.45238012294463,7.550836470057785,23.52442672934683,0.9111851835813363,168.60288799999998,/data1/deasy/Himangi/breast_feature_extraction/Ductal_outputs/TCGA-AR-A0U4-01/tils_tsr_wsi_summary.csv,TCGA-AR-A0U4,Alive,,,3261.0,0.0,,,,matched
TCGA-AR-A1AJ-01Z-00-DX1.34B9FCF0-74D8-4328-9B5A-698AD57EDA85,TCGA-AR-A1AJ-01,TCGA-AR-A1AJ,0.8076477238816429,stroma-high,31.31743130363746,31.31743130363746,19.57777725561838,44.679486672732054,55.32051332726795,24,7,7,7,7,24,20,0.5532051332726795,0.5625338654053713,31.31743130363746,19.57777725561838,40.4395739282102,0.9893564217858956,45.9896325,/data1/deasy/Himangi/breast_feature_extraction/Ductal_outputs/TCGA-AR-A1AJ-01/tils_tsr_wsi_summary.csv,TCGA-AR-A1AJ,Alive,,,2383.0,0.0,,,,matched
TCGA-AR-A1AP-01Z-00-DX1.F163EED5-0385-41AA-BA35-54E4910CD99E,TCGA-AR-A1AP-01,TCGA-AR-A1AP,0.828977567522749,stroma-high,11.643698577504239,11.643698577504239,4.752745631560366,45.32464379240879,54.67535620759121,32,13,13,13,13,32,24,0.5467535620759121,0.5536353022943579,11.643698577504239,4.752745631560366,16.14248813029073,0.858574142260819,51.838174,/data1/deasy/Himangi/breast_feature_extraction/Ductal_outputs/TCGA-AR-A1AP-01/tils_tsr_wsi_summary.csv,TCGA-AR-A1AP,Alive,,,2856.0,0.0,,,,matched
TCGA-AR-A1AQ-01Z-00-DX1.09D5D7FC-0FA8-4176-94B2-995F44D8ED4C,TCGA-AR-A1AQ-01,TCGA-AR-A1AQ,1.8380924885284307,stroma-low,39.92056113856158,39.92056113856158,25.646749204489204,64.76506653528735,35.23493346471265,13,6,6,6,6,13,11,0.3523493346471265,0.34872156424525474,39.92056113856158,25.646749204489204,25.686466048590777,0.8605484770857755,74.7428145,/data1/deasy/Himangi/breast_feature_extraction/Ductal_outputs/TCGA-AR-A1AQ-01/tils_tsr_wsi_summary.csv,TCGA-AR-A1AQ,Alive,,,3021.0,0.0,,,,matched
TCGA-AR-A1AR-01Z-00-DX1.E7B7F6F0-9CC0-4D4F-8C9F-443A74D2BE40,TCGA-AR-A1AR-01,TCGA-AR-A1AR,1.33102713451391,stroma-low,40.92039503351696,40.92039503351696,15.52968556337726,57.100456481450166,42.899543518549834,10,3,3,3,3,10,7,0.4289954351854983,0.48228327832719586,40.92039503351696,15.52968556337726,15.108110928048951,0.9912280710407124,27.078489500000003,/data1/deasy/Himangi/breast_feature_extraction/Ductal_outputs/TCGA-AR-A1AR-01/tils_tsr_wsi_summary.csv,TCGA-AR-A1AR,Dead,524.0,,524.0,1.0,524.0,17.215605749486652,1.434633812457221,matched
TCGA-AR-A1AS-01Z-00-DX1.72979519-0A90-42AD-9F23-1991F75C8CE7,TCGA-AR-A1AS-01,TCGA-AR-A1AS,0.929336176152118,stroma-high,1.384730577518609,1.384730577518609,0.7210823629675387,48.1687011128145,51.8312988871855,37,12,12,12,12,37,30,0.518312988871855,0.5179240818417233,1.384730577518609,0.7210823629675387,0.4331301088423792,0.9348299631827324,168.73171049999996,/data1/deasy/Himangi/breast_feature_extraction/Ductal_outputs/TCGA-AR-A1AS-01/tils_tsr_wsi_summary.csv,TCGA-AR-A1AS,Alive,,,1150.0,0.0,,,,matched
TCGA-AR-A1AU-01Z-00-DX1.F06647D1-E5A3-46FE-8537-01A10A08A4EC,TCGA-AR-A1AU-01,TCGA-AR-A1AU,0.6269969237031234,stroma-high,4.003027307383095,4.003027307383095,2.4335378240342953,38.53706879027455,61.46293120972545,29,7,7,7,7,29,31,0.6146293120972545,0.6122815836936637,4.003027307383095,2.4335378240342953,1.6441758528230872,0.9138857339000136,175.63659649999997,/data1/deasy/Himangi/breast_feature_extraction/Ductal_outputs/TCGA-AR-A1AU-01/tils_tsr_wsi_summary.csv,TCGA-AR-A1AU,Alive,,,2868.0,0.0,,,,matched
TCGA-AR-A1AV-01Z-00-DX1.93698893-7C5C-44C1-A488-ED358D523693,TCGA-AR-A1AV-01,TCGA-AR-A1AV,1.162303097646905,stroma-low,5.832415617269544,5.832415617269544,0.7623852027319438,53.75301450161009,46.24698549838991,15,6,6,6,6,15,11,0.46246985498389914,0.4653468197457922,5.832415617269544,0.7623852027319438,6.726762723761495,0.9191362380735494,69.62856124999999,/data1/deasy/Himangi/breast_feature_extraction/Ductal_outputs/TCGA-AR-A1AV-01/tils_tsr_wsi_summary.csv,TCGA-AR-A1AV,Alive,,,1864.0,0.0,,,,matched
TCGA-AR-A1AW-01Z-00-DX1.E527CA46-D83F-4055-8C7E-AEFEF13C1E29,TCGA-AR-A1AW-01,TCGA-AR-A1AW,1.1042484351177149,stroma-low,46.67002952030372,46.67002952030372,34.81564330513625,52.477094276937954,47.522905723062046,72,9,9,9,9,72,101,0.4752290572306204,0.5003827791392897,46.67002952030372,34.81564330513625,41.961027548413696,0.9308233806893708,113.91773675000002,/data1/deasy/Himangi/breast_feature_extraction/Ductal_outputs/TCGA-AR-A1AW-01/tils_tsr_wsi_summary.csv,TCGA-AR-A1AW,Alive,,,2632.0,0.0,,,,matched
TCGA-AR-A1AX-01Z-00-DX1.2389D54F-545E-499E-B392-DD731834460A,TCGA-AR-A1AX-01,TCGA-AR-A1AX,0.41244792959622534,stroma-high,9.522885603422393,9.522885603422393,4.7203554174115085,29.20092988589897,70.79907011410104,46,4,4,4,4,46,63,0.7079907011410104,0.7121327974939071,9.522885603422393,4.7203554174115085,10.877631876592732,0.9682298373705337,62.092445000000005,/data1/deasy/Himangi/breast_feature_extraction/Ductal_outputs/TCGA-AR-A1AX-01/tils_tsr_wsi_summary.csv,TCGA-AR-A1AX,Alive,,,2629.0,0.0,,,,matched
TCGA-AR-A1AY-01Z-00-DX1.6AC0BE3B-FFC5-4EDA-9E40-B18CAAC52B81,TCGA-AR-A1AY-01,TCGA-AR-A1AY,1.3752086666788088,stroma-low,5.602400495202185,5.602400495202185,2.178649162639416,57.898435870972406,42.101564129027594,11,7,7,7,7,11,7,0.4210156412902759,0.4186333150833991,5.602400495202185,2.178649162639416,,0.9161607266213367,89.86657600000002,/data1/deasy/Himangi/breast_feature_extraction/Ductal_outputs/TCGA-AR-A1AY-01/tils_tsr_wsi_summary.csv,TCGA-AR-A1AY,Alive,,,1026.0,0.0,,,,matched
TCGA-AR-A24L-01Z-00-DX1.218A0AE1-D070-4A16-A277-31185F10724D,TCGA-AR-A24L-01,TCGA-AR-A24L,0.5327363463766227,stroma-high,0.9414682133593626,0.9414682133593626,0.4294798452974235,34.757207111060396,65.24279288893962,24,2,2,2,2,24,29,0.6524279288893962,0.6524455243959344,0.9414682133593626,0.4294798452974235,0.2605696613720345,0.9721044640883627,92.36573250000001,/data1/deasy/Himangi/breast_feature_extraction/Ductal_outputs/TCGA-AR-A24L-01/tils_tsr_wsi_summary.csv,TCGA-AR-A24L,Dead,2866.0,,2866.0,1.0,2866.0,94.16016427104722,7.846680355920602,matched
TCGA-AR-A24N-01Z-00-DX1.563E9160-9E09-4E3F-8CE9-FFED0AA52927,TCGA-AR-A24N-01,TCGA-AR-A24N,0.5581153875882929,stroma-high,16.17477259286015,16.17477259286015,19.665648943474974,35.819900890149356,64.18009910985066,58,12,12,12,12,58,73,0.6418009910985065,0.6146322590232531,16.17477259286015,19.665648943474974,18.499159272388965,0.9457660584028446,151.28914400000002,/data1/deasy/Himangi/breast_feature_extraction/Ductal_outputs/TCGA-AR-A24N-01/tils_tsr_wsi_summary.csv,TCGA-AR-A24N,Alive,,,3035.0,0.0,,,,matched
TCGA-AR-A24P-01Z-00-DX1.08BE8830-C55E-4E2B-9378-371A670C75FD,TCGA-AR-A24P-01,TCGA-AR-A24P,0.2857669333433991,stroma-high,2.4696207578288396,2.4696207578288396,2.095161380843381,22.22540694838955,77.77459305161044,47,8,8,8,8,47,54,0.7777459305161044,0.7775824147855123,2.4696207578288396,2.095161380843381,3.4098949310174147,0.9875144110577331,55.40655725,/data1/deasy/Himangi/breast_feature_extraction/Ductal_outputs/TCGA-AR-A24P-01/tils_tsr_wsi_summary.csv,TCGA-AR-A24P,Alive,,,84.0,0.0,,,,matched
TCGA-AR-A24R-01Z-00-DX1.47D79205-63E7-43E6-A513-2CD10DFA53C9,TCGA-AR-A24R-01,TCGA-AR-A24R,1.1726897875304394,stroma-low,22.867417956215316,22.867417956215316,7.029225771285409,53.97410133102169,46.02589866897829,19,7,7,7,7,19,16,0.46025898668978293,0.4588558819721455,22.867417956215316,7.029225771285409,4.299266664954652,0.8902104447897805,157.901454,/data1/deasy/Himangi/breast_feature_extraction/Ductal_outputs/TCGA-AR-A24R-01/tils_tsr_wsi_summary.csv,TCGA-AR-A24R,Alive,,,3430.0,0.0,,,,matched
TCGA-AR-A24U-01Z-00-DX1.220FD0D0-0DB6-4E3C-92A0-66CD6509F0AD,TCGA-AR-A24U-01,TCGA-AR-A24U,0.7616652905513389,stroma-high,26.75884580669973,26.75884580669973,18.098184039759932,43.23552803341914,56.76447196658086,13,6,6,6,6,13,7,0.5676447196658085,0.561658528051431,26.75884580669973,18.098184039759932,21.53020621511581,0.9637079245654844,55.889913,/data1/deasy/Himangi/breast_feature_extraction/Ductal_outputs/TCGA-AR-A24U-01/tils_tsr_wsi_summary.csv,TCGA-AR-A24U,Alive,,,3128.0,0.0,,,,matched
TCGA-AR-A24V-01Z-00-DX1.E749C2FE-E26B-4306-80B4-8269EEB23270,TCGA-AR-A24V-01,TCGA-AR-A24V,0.7492674853983388,stroma-high,1.7682694434266015,1.7682694434266015,0.9971360707713876,42.83321399687009,57.16678600312991,22,2,2,2,2,22,24,0.5716678600312991,0.5711631986702961,1.7682694434266015,0.9971360707713876,1.600400169502469,0.9899313071764395,136.28353700000002,/data1/deasy/Himangi/breast_feature_extraction/Ductal_outputs/TCGA-AR-A24V-01/tils_tsr_wsi_summary.csv,TCGA-AR-A24V,Alive,,,3203.0,0.0,,,,matched
TCGA-AR-A24Z-01Z-00-DX1.C88AFF18-A8E4-426A-BEA3-70566DE39C46,TCGA-AR-A24Z-01,TCGA-AR-A24Z,0.6553237502346848,stroma-high,2.9714233841337183,2.9714233841337183,2.1691697202509337,39.58885687115743,60.41114312884258,8,1,1,1,1,8,17,0.6041114312884258,0.6031083899986731,2.9714233841337183,2.1691697202509337,1.575631622770603,0.957941612584381,25.806149,/data1/deasy/Himangi/breast_feature_extraction/Ductal_outputs/TCGA-AR-A24Z-01/tils_tsr_wsi_summary.csv,TCGA-AR-A24Z,Alive,,,3001.0,0.0,,,,matched
TCGA-AR-A250-01Z-00-DX1.572A2F73-6BF5-4932-BFEF-4B8904755ACF,TCGA-AR-A250-01,TCGA-AR-A250,0.5454117720663493,stroma-high,16.443245618393288,16.443245618393288,5.5782382197094496,35.292326739370345,64.70767326062966,40,8,8,8,8,40,38,0.6470767326062966,0.6504488369274312,16.443245618393288,5.5782382197094496,15.758460735955696,0.991390602279316,150.495434,/data1/deasy/Himangi/breast_feature_extraction/Ductal_outputs/TCGA-AR-A250-01/tils_tsr_wsi_summary.csv,TCGA-AR-A250,Alive,,,2707.0,0.0,,,,matched
TCGA-AR-A251-01Z-00-DX1.E91E357A-3AD4-4F79-A698-05F0B21A37EC,TCGA-AR-A251-01,TCGA-AR-A251,0.9434107879661789,stroma-high,6.7161338227825755,6.7161338227825755,1.7309861344716557,48.544074871246266,51.455925128753734,16,2,2,2,2,16,20,0.5145592512875373,0.5168803109847021,6.7161338227825755,1.7309861344716557,0.25397851919504977,0.969989835421157,75.91170500000001,/data1/deasy/Himangi/breast_feature_extraction/Ductal_outputs/TCGA-AR-A251-01/tils_tsr_wsi_summary.csv,TCGA-AR-A251,Alive,,,3030.0,0.0,,,,matched
TCGA-AR-A254-01Z-00-DX1.EA5CD008-1106-41EC-998A-04EF08EEEC9D,TCGA-AR-A254-01,TCGA-AR-A254,0.9003303180428226,stroma-high,10.93886473332254,10.93886473332254,1.9444757037874338,47.37756954643999,52.62243045356001,6,3,3,3,3,6,3,0.5262243045356001,0.5267052557554012,10.93886473332254,1.9444757037874338,6.798171189478866,0.9675565030784279,147.852251,/data1/deasy/Himangi/breast_feature_extraction/Ductal_outputs/TCGA-AR-A254-01/tils_tsr_wsi_summary.csv,TCGA-AR-A254,Alive,,,2605.0,0.0,,,,matched
TCGA-AR-A255-01Z-00-DX1.E67C081D-50C9-451C-814B-F097B2671300,TCGA-AR-A255-01,TCGA-AR-A255,1.06470719785565,stroma-low,31.322491864686224,31.322491864686224,14.557223644038785,51.56698242547062,48.43301757452937,9,4,4,4,4,9,6,0.48433017574529375,0.5098801504864324,31.322491864686224,14.557223644038785,14.982249392489974,0.9011206449532249,17.391378,/data1/deasy/Himangi/breast_feature_extraction/Ductal_outputs/TCGA-AR-A255-01/tils_tsr_wsi_summary.csv,TCGA-AR-A255,Alive,,,2161.0,0.0,,,,matched
TCGA-AR-A256-01Z-00-DX1.950D4546-4BF4-4380-9877-51D86A93D755,TCGA-AR-A256-01,TCGA-AR-A256,0.8232739401996146,stroma-high,4.700984996635801,4.700984996635801,1.5534033357765262,45.153606490392846,54.84639350960715,16,4,4,4,4,16,22,0.5484639350960715,0.5503925919263878,4.700984996635801,1.5534033357765262,2.246559122752292,0.9748730461198342,54.791779,/data1/deasy/Himangi/breast_feature_extraction/Ductal_outputs/TCGA-AR-A256-01/tils_tsr_wsi_summary.csv,TCGA-AR-A256,Dead,2854.0,,2854.0,1.0,2854.0,93.7659137577002,7.813826146475017,matched
TCGA-B6-A0I1-01Z-00-DX1.86BEC5E4-A2D1-4039-8D08-0598FA8BCC2B,TCGA-B6-A0I1-01,TCGA-B6-A0I1,3.877274119999722,stroma-low,26.659322790471524,26.659322790471524,1.5179444054876594,79.49674397222404,20.50325602777596,11,3,3,3,3,11,10,0.20503256027775962,0.2284412101236352,26.659322790471524,1.5179444054876594,42.395387145625804,0.9492335257166005,174.33548925,/data1/deasy/Himangi/breast_feature_extraction/Ductal_outputs/TCGA-B6-A0I1-01/tils_tsr_wsi_summary.csv,TCGA-B6-A0I1,Dead,2361.0,,2361.0,1.0,2361.0,77.56878850102669,6.464065708418891,matched
TCGA-B6-A0I5-01Z-00-DX1.47A30509-4BA0-4BA5-AD9B-F2C2DB701159,TCGA-B6-A0I5-01,TCGA-B6-A0I5,0.6136893508904211,stroma-high,4.049865913185641,4.049865913185641,1.6436949916770558,38.03020392690775,61.969796073092255,33,5,5,5,5,33,39,0.6196979607309225,0.6208707856328215,4.049865913185641,1.6436949916770558,3.293817908138943,0.8526741947613402,90.48801987499998,/data1/deasy/Himangi/breast_feature_extraction/Ductal_outputs/TCGA-B6-A0I5-01/tils_tsr_wsi_summary.csv,TCGA-B6-A0I5,Alive,,,8556.0,0.0,,,,matched
TCGA-B6-A0I8-01Z-00-DX1.E576652B-C3F6-4A01-83BC-6DD154C75605,TCGA-B6-A0I8-01,TCGA-B6-A0I8,0.3809686283816589,stroma-high,0.5824193157675525,0.5824193157675525,1.3133234580134883,27.587058862308233,72.41294113769176,163,15,15,15,15,163,245,0.7241294113769177,0.722500323306527,0.5824193157675525,1.3133234580134883,0.3798741635864596,0.9971411702577662,243.801523625,/data1/deasy/Himangi/breast_feature_extraction/Ductal_outputs/TCGA-B6-A0I8-01/tils_tsr_wsi_summary.csv,TCGA-B6-A0I8,Dead,749.0,,749.0,1.0,749.0,24.607802874743328,2.0506502395619437,matched
TCGA-B6-A0I9-01Z-00-DX1.78E1D43A-507E-482E-B988-AF13B12B4497,TCGA-B6-A0I9-01,TCGA-B6-A0I9,1.454193135782961,stroma-low,6.74432918387253,6.74432918387253,3.3451237214975915,59.25341060490864,40.746589395091355,37,12,12,12,12,37,33,0.40746589395091354,0.40547313559637876,6.74432918387253,3.3451237214975915,0.9706427880294864,0.9746636347080401,370.6347596875,/data1/deasy/Himangi/breast_feature_extraction/Ductal_outputs/TCGA-B6-A0I9-01/tils_tsr_wsi_summary.csv,TCGA-B6-A0I9,Dead,362.0,,362.0,1.0,362.0,11.893223819301848,0.9911019849418207,matched
TCGA-B6-A0IB-01Z-00-DX1.BAA1D655-1B80-49E2-B1EB-2ECC83DED989,TCGA-B6-A0IB-01,TCGA-B6-A0IB,1.4751359425646489,stroma-low,3.451522395371935,3.451522395371935,2.1336340684738464,59.598178718061234,40.401821281938766,10,2,2,2,2,10,10,0.40401821281938766,0.4018385845418184,3.451522395371935,2.1336340684738464,3.4935116365313497,0.9399260628102118,130.899871125,/data1/deasy/Himangi/breast_feature_extraction/Ductal_outputs/TCGA-B6-A0IB-01/tils_tsr_wsi_summary.csv,TCGA-B6-A0IB,Dead,3941.0,,3941.0,1.0,3941.0,129.47843942505133,10.789869952087612,matched
TCGA-B6-A0IG-01Z-00-DX1.4238CB6E-0561-49FD-9C49-9B8AEAFC4618,TCGA-B6-A0IG-01,TCGA-B6-A0IG,0.4565785463398138,stroma-high,4.37768011440928,4.37768011440928,12.548127446434071,31.34596122448283,68.65403877551715,89,7,7,7,7,89,129,0.6865403877551716,0.6641902708481572,4.37768011440928,12.548127446434071,2.3846593787501003,0.9955305862964279,216.2534006875,/data1/deasy/Himangi/breast_feature_extraction/Ductal_outputs/TCGA-B6-A0IG-01/tils_tsr_wsi_summary.csv,TCGA-B6-A0IG,Dead,4456.0,,4456.0,1.0,4456.0,146.39835728952772,12.199863107460644,matched
TCGA-B6-A0IJ-01Z-00-DX1.BF2E062F-06DA-4CA8-86C4-36674C035CAA,TCGA-B6-A0IJ-01,TCGA-B6-A0IJ,3.123097207758106,stroma-low,39.87704974665268,39.87704974665268,12.484586815908356,75.74638797944469,24.253612020555302,10,6,6,6,6,10,4,0.242536120205553,0.28380853100909753,39.87704974665268,12.484586815908356,12.616684491304186,0.804206463699772,33.4976021875,/data1/deasy/Himangi/breast_feature_extraction/Ductal_outputs/TCGA-B6-A0IJ-01/tils_tsr_wsi_summary.csv,TCGA-B6-A0IJ,Alive,,,7106.0,0.0,,,,matched
TCGA-B6-A0IK-01Z-00-DX1.1640DB44-4AC0-4A34-9E21-4673C4289A99,TCGA-B6-A0IK-01,TCGA-B6-A0IK,0.6366596066717635,stroma-high,9.976049939794425,9.976049939794425,4.268674931833825,38.89994010217222,61.10005989782778,27,11,11,11,11,27,21,0.6110005989782777,0.6176981551555396,9.976049939794425,4.268674931833825,4.292871115259711,0.8693629315994613,31.094927874999996,/data1/deasy/Himangi/breast_feature_extraction/Ductal_outputs/TCGA-B6-A0IK-01/tils_tsr_wsi_summary.csv,TCGA-B6-A0IK,Dead,571.0,,571.0,1.0,571.0,18.759753593429156,1.5633127994524298,matched
TCGA-B6-A0IO-01Z-00-DX1.D8898C30-4016-4983-9359-5C1507C01715,TCGA-B6-A0IO-01,TCGA-B6-A0IO,0.48496348733172456,stroma-high,2.6798399621517457,2.6798399621517457,1.8083806834854037,32.65827688485037,67.34172311514963,23,6,6,6,6,23,19,0.6734172311514963,0.671887222731855,2.6798399621517457,1.8083806834854037,1.138604692596366,0.9485926745768607,73.22436,/data1/deasy/Himangi/breast_feature_extraction/Ductal_outputs/TCGA-B6-A0IO-01/tils_tsr_wsi_summary.csv,TCGA-B6-A0IO,Alive,,,5042.0,0.0,,,,matched
TCGA-B6-A0IQ-01Z-00-DX1.662EA039-825E-41FF-91D6-021EB0E099BD,TCGA-B6-A0IQ-01,TCGA-B6-A0IQ,5.569858664078743,stroma-low,30.804730211011407,30.804730211011407,6.220867534882146,84.7789724082257,15.221027591774302,18,6,6,6,6,18,13,0.15221027591774303,0.1707230448332932,30.804730211011407,6.220867534882146,15.033370646277454,0.8899194347113221,253.03084399999997,/data1/deasy/Himangi/breast_feature_extraction/Ductal_outputs/TCGA-B6-A0IQ-01/tils_tsr_wsi_summary.csv,TCGA-B6-A0IQ,Alive,,,4285.0,0.0,,,,matched
TCGA-B6-A0RE-01Z-00-DX1.8933BDB4-EF8D-41FA-9A50-05BB3AB976E5,TCGA-B6-A0RE-01,TCGA-B6-A0RE,1.5841804126754333,stroma-low,12.243841289720587,12.243841289720587,1.4761253554073788,61.303011388253346,38.69698861174665,20,6,6,6,6,20,19,0.38696988611746647,0.39378094317751156,12.243841289720587,1.4761253554073788,5.903616297472027,0.889273359313742,97.9502940625,/data1/deasy/Himangi/breast_feature_extraction/Ductal_outputs/TCGA-B6-A0RE-01/tils_tsr_wsi_summary.csv,TCGA-B6-A0RE,Alive,,,7777.0,0.0,,,,matched
TCGA-B6-A0RG-01Z-00-DX1.C83D21A0-EC61-459C-9776-EA3D91469E72,TCGA-B6-A0RG-01,TCGA-B6-A0RG,0.9676455845445615,stroma-high,5.482617058454583,5.482617058454583,2.3875670361076096,49.17783934999332,50.82216065000667,40,12,11,12,12,40,35,0.5082216065000668,0.5061445841874105,5.482617058454583,2.3875670361076096,9.008618835311385,0.9697344331152932,411.56921093750003,/data1/deasy/Himangi/breast_feature_extraction/Ductal_outputs/TCGA-B6-A0RG-01/tils_tsr_wsi_summary.csv,TCGA-B6-A0RG,Alive,,,2082.0,0.0,,,,matched
TCGA-B6-A0RL-01Z-00-DX1.B5B6709B-5F38-4561-A0E7-C78F97B33F22,TCGA-B6-A0RL-01,TCGA-B6-A0RL,0.699962641005956,stroma-high,4.085086345996446,4.085086345996446,5.627716992402503,41.17517786107064,58.82482213892938,52,7,7,7,7,52,64,0.5882482213892938,0.5802029295274792,4.085086345996446,5.627716992402503,2.838280656374736,0.9693411215767401,158.76719306249998,/data1/deasy/Himangi/breast_feature_extraction/Ductal_outputs/TCGA-B6-A0RL-01/tils_tsr_wsi_summary.csv,TCGA-B6-A0RL,Dead,2469.0,,2469.0,1.0,2469.0,81.11704312114989,6.759753593429158,matched
TCGA-B6-A0RM-01Z-00-DX1.31DE3E32-7996-4D30-BB5F-72C94409C940,TCGA-B6-A0RM-01,TCGA-B6-A0RM,0.7899285263624403,stroma-high,5.903288521480161,5.903288521480161,5.517030494028022,44.13184743011848,55.86815256988152,24,6,6,6,6,24,24,0.5586815256988151,0.5524312538347451,5.903288521480161,5.517030494028022,6.8500285476494405,0.9724805080246282,96.2454976875,/data1/deasy/Himangi/breast_feature_extraction/Ductal_outputs/TCGA-B6-A0RM-01/tils_tsr_wsi_summary.csv,TCGA-B6-A0RM,Dead,2373.0,,2373.0,1.0,2373.0,77.96303901437372,6.496919917864476,matched
TCGA-B6-A0RN-01Z-00-DX1.0D02A3FB-D694-4A5B-80C1-CF1469E29BFD,TCGA-B6-A0RN-01,TCGA-B6-A0RN,0.28961933368733167,stroma-high,12.897871475502615,12.897871475502615,16.845195581072026,22.457738196219527,77.54226180378046,13,6,6,6,6,13,9,0.7754226180378047,0.7637105141825968,12.897871475502615,16.845195581072026,9.204634063914217,0.9942726228338227,16.659075374999997,/data1/deasy/Himangi/breast_feature_extraction/Ductal_outputs/TCGA-B6-A0RN-01/tils_tsr_wsi_summary.csv,TCGA-B6-A0RN,Alive,,,8008.0,0.0,,,,matched
TCGA-B6-A0RS-01Z-00-DX1.F72B766D-FC49-4876-A93D-D88B05702267,TCGA-B6-A0RS-01,TCGA-B6-A0RS,0.6217879439769485,stroma-high,9.435341285195447,9.435341285195447,11.250145188299646,38.3396575542546,61.6603424457454,38,10,10,10,10,38,41,0.616603424457454,0.5996604233106388,9.435341285195447,11.250145188299646,3.0951153298459175,0.985431256215478,131.749059375,/data1/deasy/Himangi/breast_feature_extraction/Ductal_outputs/TCGA-B6-A0RS-01/tils_tsr_wsi_summary.csv,TCGA-B6-A0RS,Dead,3063.0,,3063.0,1.0,3063.0,100.63244353182752,8.386036960985626,matched
TCGA-B6-A0RT-01Z-00-DX1.6C2BA663-D61B-404B-B62C-B81747B6A3AC,TCGA-B6-A0RT-01,TCGA-B6-A0RT,1.0948514934909246,stroma-low,21.443399392211454,21.443399392211454,17.181658877094083,52.26391927508095,47.73608072491904,36,4,4,4,4,36,56,0.4773608072491904,0.4737359801808808,21.443399392211454,17.181658877094083,13.165646107790197,0.9823256242773617,69.791968125,/data1/deasy/Himangi/breast_feature_extraction/Ductal_outputs/TCGA-B6-A0RT-01/tils_tsr_wsi_summary.csv,TCGA-B6-A0RT,Alive,,,2721.0,0.0,,,,matched
TCGA-B6-A0WS-01Z-00-DX1.020ED7BF-9497-4F13-AA07-FE0E839F9A06,TCGA-B6-A0WS-01,TCGA-B6-A0WS,0.33494001683986313,stroma-high,9.087547846089917,9.087547846089917,12.804147088562976,25.090267174157376,74.90973282584262,54,2,2,2,2,54,91,0.7490973282584262,0.7378525807990111,9.087547846089917,12.804147088562976,7.601490828405845,0.97849872588225,73.498364,/data1/deasy/Himangi/breast_feature_extraction/Ductal_outputs/TCGA-B6-A0WS-01/tils_tsr_wsi_summary.csv,TCGA-B6-A0WS,Dead,2965.0,,2965.0,1.0,2965.0,97.41273100616016,8.11772758384668,matched
TCGA-B6-A0WT-01Z-00-DX1.7ED21DA2-A3D8-4DCA-9742-963879A658D8,TCGA-B6-A0WT-01,TCGA-B6-A0WT,0.9822919092175821,stroma-high,2.748062634895691,2.748062634895691,0.7801077235876692,49.55334300916843,50.44665699083157,22,6,6,6,6,22,18,0.5044665699083157,0.504907003824689,2.748062634895691,0.7801077235876692,3.8548533075634697,0.9963512119992589,143.1561663125,/data1/deasy/Himangi/breast_feature_extraction/Ductal_outputs/TCGA-B6-A0WT-01/tils_tsr_wsi_summary.csv,TCGA-B6-A0WT,Alive,,,5739.0,0.0,,,,matched
TCGA-B6-A0WW-01Z-00-DX1.64048633-1D1A-4074-8C50-7641159355DB,TCGA-B6-A0WW-01,TCGA-B6-A0WW,0.3997159759249208,stroma-high,1.030199982280055,1.030199982280055,1.7308446510292175,28.556934606736323,71.44306539326367,76,22,22,22,22,76,69,0.7144306539326367,0.712472136805657,1.030199982280055,1.7308446510292175,0.3855019300433461,0.9882845809400134,136.73632225,/data1/deasy/Himangi/breast_feature_extraction/Ductal_outputs/TCGA-B6-A0WW-01/tils_tsr_wsi_summary.csv,TCGA-B6-A0WW,Dead,558.0,,558.0,1.0,558.0,18.33264887063655,1.5277207392197125,matched
TCGA-B6-A0WY-01Z-00-DX1.FA103E02-3BDC-47DC-BA6E-59FCC58866D1,TCGA-B6-A0WY-01,TCGA-B6-A0WY,0.25598014949338516,stroma-high,1.8304476759400543,1.8304476759400543,1.1812348318594335,20.38090726168227,79.61909273831773,110,12,12,12,12,110,163,0.7961909273831773,0.7966178364094281,1.8304476759400543,1.1812348318594335,1.6518300745110797,0.9841844927635138,120.46424225,/data1/deasy/Himangi/breast_feature_extraction/Ductal_outputs/TCGA-B6-A0WY-01/tils_tsr_wsi_summary.csv,TCGA-B6-A0WY,Dead,3461.0,,3461.0,1.0,3461.0,113.70841889117042,9.475701574264203,matched
TCGA-B6-A0WZ-01Z-00-DX1.6CFB236E-36F5-43D6-8DE3-C4ECBD3C14C6,TCGA-B6-A0WZ-01,TCGA-B6-A0WZ,0.49763919712006255,stroma-high,1.7927754989347278,1.7927754989347278,1.3997758346172446,33.22824336308873,66.77175663691126,20,5,5,5,5,20,20,0.6677175663691126,0.6661809216154354,1.7927754989347278,1.3997758346172446,0.981795591057352,0.9519952050059504,95.8145835625,/data1/deasy/Himangi/breast_feature_extraction/Ductal_outputs/TCGA-B6-A0WZ-01/tils_tsr_wsi_summary.csv,TCGA-B6-A0WZ,Alive,,,6292.0,0.0,,,,matched
TCGA-B6-A0X1-01Z-00-DX1.2A41630E-A8BF-4966-99F5-D5D8036B1759,TCGA-B6-A0X1-01,TCGA-B6-A0X1,4.006863187495609,stroma-low,25.390615279044532,25.390615279044532,3.2739928915737244,80.02741511896211,19.972584881037893,93,31,31,31,31,93,98,0.19972584881037894,0.22759091356414113,25.390615279044532,3.2739928915737244,21.097512757773945,0.9703510636877057,375.8723354374999,/data1/deasy/Himangi/breast_feature_extraction/Ductal_outputs/TCGA-B6-A0X1-01/tils_tsr_wsi_summary.csv,TCGA-B6-A0X1,Dead,7455.0,,7455.0,1.0,7455.0,244.92813141683777,20.410677618069816,matched
TCGA-B6-A0X4-01Z-00-DX1.4B7914DE-3436-4D69-9BC6-F6419D3CC518,TCGA-B6-A0X4-01,TCGA-B6-A0X4,0.6263585981352348,stroma-high,1.5379074281168879,1.5379074281168879,17.44628347502757,38.51294535248319,61.4870546475168,32,12,12,12,12,32,24,0.614870546475168,0.5713554605202482,1.5379074281168879,17.44628347502757,1.4358399856789594,0.951394360696606,150.9871048125,/data1/deasy/Himangi/breast_feature_extraction/Ductal_outputs/TCGA-B6-A0X4-01/tils_tsr_wsi_summary.csv,TCGA-B6-A0X4,Dead,860.0,,860.0,1.0,860.0,28.254620123203285,2.3545516769336072,matched
TCGA-B6-A0X5-01Z-00-DX1.02A9FF1E-EA20-4F2D-A2BB-427A287DE3FD,TCGA-B6-A0X5-01,TCGA-B6-A0X5,1.3008508031665629,stroma-low,10.802387787729522,10.802387787729522,18.27966651259375,56.537816418876766,43.462183581123234,33,11,11,11,11,33,27,0.43462183581123237,0.4013074853195004,10.802387787729522,18.27966651259375,7.176019194891723,0.9421160477580195,75.79229762499999,/data1/deasy/Himangi/breast_feature_extraction/Ductal_outputs/TCGA-B6-A0X5-01/tils_tsr_wsi_summary.csv,TCGA-B6-A0X5,Dead,2097.0,,2097.0,1.0,2097.0,68.8952772073922,5.7412731006160165,matched
TCGA-B6-A1KC-01Z-00-DX1.4DD3E48B-F434-499F-9FF1-0FFD2883A375,TCGA-B6-A1KC-01,TCGA-B6-A1KC,0.9117494226751768,stroma-high,15.114598916748815,15.114598916748815,17.865431876564728,47.691889525947104,52.3081104740529,17,7,7,7,7,17,11,0.523081104740529,0.490357824479714,15.114598916748815,17.865431876564728,13.798356749542801,0.9922985885255764,105.24798250000002,/data1/deasy/Himangi/breast_feature_extraction/Ductal_outputs/TCGA-B6-A1KC-01/tils_tsr_wsi_summary.csv,TCGA-B6-A1KC,Alive,,,1326.0,0.0,,,,matched
TCGA-B6-A1KF-01Z-00-DX1.2E08E830-4216-4CD0-9646-1F489300E11D,TCGA-B6-A1KF-01,TCGA-B6-A1KF,2.69834693079401,stroma-low,6.22013015960815,6.22013015960815,0.20935622985084343,72.96089256328078,27.039107436719217,10,8,8,8,8,10,2,0.2703910743671922,0.2758855910764642,6.22013015960815,0.20935622985084343,0.0871100634429093,0.9022629021702255,65.1068915,/data1/deasy/Himangi/breast_feature_extraction/Ductal_outputs/TCGA-B6-A1KF-01/tils_tsr_wsi_summary.csv,TCGA-B6-A1KF,Alive,,,3088.0,0.0,,,,matched
TCGA-B6-A1KI-01Z-00-DX1.EFAA08A8-02EC-4A9B-AC6B-79BF2DC5A2AA,TCGA-B6-A1KI-01,TCGA-B6-A1KI,0.3777051490632169,stroma-high,1.0070978547804887,1.0070978547804887,1.6681017839325363,27.41552859260495,72.58447140739504,33,6,6,6,6,33,41,0.7258447140739505,0.7240481706358524,1.0070978547804887,1.6681017839325363,1.178924524498778,0.9507309351889046,60.301812250000005,/data1/deasy/Himangi/breast_feature_extraction/Ductal_outputs/TCGA-B6-A1KI-01/tils_tsr_wsi_summary.csv,TCGA-B6-A1KI,Alive,,,2236.0,0.0,,,,matched
TCGA-B6-A1KN-01Z-00-DX1.E769FD65-E5CE-4CA4-8BBE-6FC54A2ED870,TCGA-B6-A1KN-01,TCGA-B6-A1KN,0.64635588890399,stroma-high,5.313148168508416,5.313148168508416,6.873172015150879,39.25979147402214,60.74020852597787,56,14,14,14,14,56,62,0.6074020852597787,0.59726727273838,5.313148168508416,6.873172015150879,5.037338436986303,0.8736171467004914,147.3471755,/data1/deasy/Himangi/breast_feature_extraction/Ductal_outputs/TCGA-B6-A1KN-01/tils_tsr_wsi_summary.csv,TCGA-B6-A1KN,Alive,,,4233.0,0.0,,,,matched
TCGA-BH-A0AU-01Z-00-DX1.E852F218-B15C-4CF8-8FD0-F284043834C4,TCGA-BH-A0AU-01,TCGA-BH-A0AU,1.4311639045636173,stroma-low,16.440851034361764,16.440851034361764,7.095934563286198,58.86743801506482,41.132561984935165,3,2,2,2,2,3,1,0.4113256198493517,0.4013214449303759,16.440851034361764,7.095934563286198,0.0,0.8945706828321885,124.45603087500001,/data1/deasy/Himangi/breast_feature_extraction/Ductal_outputs/TCGA-BH-A0AU-01/tils_tsr_wsi_summary.csv,TCGA-BH-A0AU,Alive,,,1914.0,0.0,,,,matched
TCGA-BH-A0AV-01Z-00-DX1.5A686DA4-A29D-4BA7-9BCA-B707F8755E83,TCGA-BH-A0AV-01,TCGA-BH-A0AV,0.6959750222941862,stroma-high,6.749250768177633,6.749250768177633,3.4405490098734393,41.036867474187446,58.963132525812554,16,7,7,7,7,16,9,0.5896313252581256,0.5904755644611145,6.749250768177633,3.4405490098734393,2.2889037085838324,0.9716697070550956,57.73231293750001,/data1/deasy/Himangi/breast_feature_extraction/Ductal_outputs/TCGA-BH-A0AV-01/tils_tsr_wsi_summary.csv,TCGA-BH-A0AV,Alive,,,1820.0,0.0,,,,matched
TCGA-BH-A0AW-01Z-00-DX1.9D50A0D2-B103-411C-831E-8520C3D50173,TCGA-BH-A0AW-01,TCGA-BH-A0AW,0.315553853459304,stroma-high,20.303140695403815,20.303140695403815,21.596319329490743,23.986388138314666,76.01361186168533,59,10,10,10,10,59,73,0.7601361186168534,0.7515576946910764,20.303140695403815,21.596319329490743,25.58185426540012,0.9826532681703583,60.753336187500004,/data1/deasy/Himangi/breast_feature_extraction/Ductal_outputs/TCGA-BH-A0AW-01/tils_tsr_wsi_summary.csv,TCGA-BH-A0AW,Alive,,,622.0,0.0,,,,matched
TCGA-BH-A0AY-01Z-00-DX1.A1153465-D9B3-4D83-BE85-F2524B071EE5,TCGA-BH-A0AY-01,TCGA-BH-A0AY,0.8795956825634748,stroma-high,6.89381913858806,6.89381913858806,2.7030759691896593,46.79706868467817,53.202931315321834,15,8,8,8,8,15,11,0.5320293131532183,0.532483399234668,6.89381913858806,2.7030759691896593,5.5649279534249105,0.8799561274876746,117.6674785,/data1/deasy/Himangi/breast_feature_extraction/Ductal_outputs/TCGA-BH-A0AY-01/tils_tsr_wsi_summary.csv,TCGA-BH-A0AY,Alive,,,777.0,0.0,,,,matched
TCGA-BH-A0B0-01Z-00-DX1.316D35DB-7F13-4AE5-82A7-5716D2519669,TCGA-BH-A0B0-01,TCGA-BH-A0B0,0.34665919904407677,stroma-high,2.1851511182587684,2.1851511182587684,0.7204017989280052,25.74216247809038,74.25783752190962,17,7,7,7,7,17,12,0.7425783752190962,0.7437924452982457,2.1851511182587684,0.7204017989280052,5.145566227502083,0.9600975884605832,33.068389499999995,/data1/deasy/Himangi/breast_feature_extraction/Ductal_outputs/TCGA-BH-A0B0-01/tils_tsr_wsi_summary.csv,TCGA-BH-A0B0,Alive,,,2477.0,0.0,,,,matched
TCGA-BH-A0B1-01Z-00-DX1.CC60D284-04FB-4B73-90AA-FCE9185DADB6,TCGA-BH-A0B1-01,TCGA-BH-A0B1,1.8754558632297527,stroma-low,5.001004606518922,5.001004606518922,4.505162655810132,65.22290559950429,34.77709440049571,1,1,1,1,1,1,0,0.3477709440049571,0.3414403533325919,5.001004606518922,4.505162655810132,,0.9831135785299672,54.9564076875,/data1/deasy/Himangi/breast_feature_extraction/Ductal_outputs/TCGA-BH-A0B1-01/tils_tsr_wsi_summary.csv,TCGA-BH-A0B1,Alive,,,1148.0,0.0,,,,matched
TCGA-BH-A0B4-01Z-00-DX1.A2CB0BF4-32F9-48FD-9B96-A744013BADDB,TCGA-BH-A0B4-01,TCGA-BH-A0B4,0.5511463621550015,stroma-high,2.926040648050818,2.926040648050818,1.3378314020582613,35.53155109033657,64.46844890966344,44,13,13,13,13,44,48,0.6446844890966343,0.6452990913492447,2.926040648050818,1.3378314020582613,1.9410828881045006,0.9873255449841996,87.58955562500002,/data1/deasy/Himangi/breast_feature_extraction/Ductal_outputs/TCGA-BH-A0B4-01/tils_tsr_wsi_summary.csv,TCGA-BH-A0B4,Alive,,,1191.0,0.0,,,,matched
TCGA-BH-A0B6-01Z-00-DX1.4D982935-F600-4F37-ABB5-13AF74F4FDC4,TCGA-BH-A0B6-01,TCGA-BH-A0B6,0.5110471333675417,stroma-high,13.719510030535409,13.719510030535409,12.143307852449388,33.82072749965215,66.17927250034785,6,4,4,4,4,6,2,0.6617927250034785,0.6426347735422601,13.719510030535409,12.143307852449388,0.0,0.9873877453536412,43.7207068125,/data1/deasy/Himangi/breast_feature_extraction/Ductal_outputs/TCGA-BH-A0B6-01/tils_tsr_wsi_summary.csv,TCGA-BH-A0B6,Alive,,,2483.0,0.0,,,,matched
TCGA-BH-A0B7-01Z-00-DX1.6950CDDF-8A81-4B10-BFFF-BE0E33A2C6CC,TCGA-BH-A0B7-01,TCGA-BH-A0B7,0.7808126443266289,stroma-high,8.45432483261052,8.45432483261052,6.99060620239806,43.845861428161314,56.154138571838686,34,5,5,5,5,34,46,0.5615413857183869,0.5563578989364262,8.45432483261052,6.99060620239806,8.628888176522914,0.9987715703401843,87.50385393750003,/data1/deasy/Himangi/breast_feature_extraction/Ductal_outputs/TCGA-BH-A0B7-01/tils_tsr_wsi_summary.csv,TCGA-BH-A0B7,Alive,,,2559.0,0.0,,,,matched
TCGA-BH-A0B9-01Z-00-DX1.C23ADB4C-52D4-4DFD-B8E3-156E43F0E645,TCGA-BH-A0B9-01,TCGA-BH-A0B9,2.449735433920036,stroma-low,45.77136348465217,45.77136348465217,17.914145933145655,71.0122698057552,28.987730194244794,18,14,14,14,14,18,4,0.28987730194244793,0.31512141773532193,45.77136348465217,17.914145933145655,14.97214685826764,0.9872058357183876,95.85272124999999,/data1/deasy/Himangi/breast_feature_extraction/Ductal_outputs/TCGA-BH-A0B9-01/tils_tsr_wsi_summary.csv,TCGA-BH-A0B9,Alive,,,1572.0,0.0,,,,matched
TCGA-BH-A0BC-01Z-00-DX1.7A91831D-9625-49FC-B783-C633F80F898C,TCGA-BH-A0BC-01,TCGA-BH-A0BC,0.3485774710240602,stroma-high,4.881409956573262,4.881409956573262,2.7974156673379014,25.84778987590259,74.15221012409741,43,6,6,6,6,43,61,0.7415221012409741,0.7431614549694496,4.881409956573262,2.7974156673379014,3.7339392176896995,0.9640402530266536,51.5748660625,/data1/deasy/Himangi/breast_feature_extraction/Ductal_outputs/TCGA-BH-A0BC-01/tils_tsr_wsi_summary.csv,TCGA-BH-A0BC,Alive,,,974.0,0.0,,,,matched
TCGA-BH-A0BD-01Z-00-DX1.CD4A6FC2-BA8C-4E30-972A-E6CD1BEAD8AD,TCGA-BH-A0BD-01,TCGA-BH-A0BD,1.504799488340914,stroma-low,10.13088226023396,10.13088226023396,2.4226598332091123,60.07664467137196,39.92335532862803,19,8,8,8,8,19,11,0.3992335532862803,0.40610618425517936,10.13088226023396,2.4226598332091123,4.639793926852611,0.9418994180894043,69.969944,/data1/deasy/Himangi/breast_feature_extraction/Ductal_outputs/TCGA-BH-A0BD-01/tils_tsr_wsi_summary.csv,TCGA-BH-A0BD,Alive,,,554.0,0.0,,,,matched
TCGA-BH-A0BG-01Z-00-DX1.0838FB7F-8C85-4687-9F70-D136A1063383,TCGA-BH-A0BG-01,TCGA-BH-A0BG,0.6784471313248807,stroma-high,15.87198808655729,15.87198808655729,2.9751743334929817,40.42112013318817,59.57887986681182,11,5,5,5,5,11,8,0.5957887986681182,0.5981833941425082,15.87198808655729,2.9751743334929817,6.822515007420236,0.8876714074972917,79.898623875,/data1/deasy/Himangi/breast_feature_extraction/Ductal_outputs/TCGA-BH-A0BG-01/tils_tsr_wsi_summary.csv,TCGA-BH-A0BG,Alive,,,1871.0,0.0,,,,matched
TCGA-BH-A0BP-01Z-00-DX1.63A87C1D-87FA-494D-9836-74290B5DC30D,TCGA-BH-A0BP-01,TCGA-BH-A0BP,0.37615801051892617,stroma-high,2.0329500638855533,2.0329500638855533,1.229525473041654,27.33392587505873,72.66607412494128,32,6,6,6,6,32,36,0.7266607412494127,0.7270721633229936,2.0329500638855533,1.229525473041654,1.7190838153385446,0.8590408036083442,42.55931699999999,/data1/deasy/Himangi/breast_feature_extraction/Ductal_outputs/TCGA-BH-A0BP-01/tils_tsr_wsi_summary.csv,TCGA-BH-A0BP,Dead,2296.0,,2296.0,1.0,2296.0,75.43326488706366,6.286105407255304,matched
TCGA-BH-A0BR-01Z-00-DX1.F7912887-8AE9-4391-9B83-9AC7B4FF38EF,TCGA-BH-A0BR-01,TCGA-BH-A0BR,0.5543187844637483,stroma-high,10.13612032534356,10.13612032534356,3.264417195466348,35.66313358652437,64.33686641347563,16,2,2,2,2,16,22,0.6433686641347564,0.6445704527024182,10.13612032534356,3.264417195466348,19.493456516381947,0.9303880749194255,61.541172,/data1/deasy/Himangi/breast_feature_extraction/Ductal_outputs/TCGA-BH-A0BR-01/tils_tsr_wsi_summary.csv,TCGA-BH-A0BR,Alive,,,2330.0,0.0,,,,matched
TCGA-BH-A0BS-01Z-00-DX1.FEE32127-4D0B-4560-A39C-4EAA5B189B70,TCGA-BH-A0BS-01,TCGA-BH-A0BS,0.3933318198469889,stroma-high,5.6833291496071965,5.6833291496071965,6.255827650563887,28.22958711229198,71.77041288770802,44,15,15,15,15,44,34,0.7177041288770802,0.7128671727887425,5.6833291496071965,6.255827650563887,8.348796387021942,0.9789718719237896,66.77367018749999,/data1/deasy/Himangi/breast_feature_extraction/Ductal_outputs/TCGA-BH-A0BS-01/tils_tsr_wsi_summary.csv,TCGA-BH-A0BS,Alive,,,2612.0,0.0,,,,matched
TCGA-BH-A0BT-01Z-00-DX1.9087B9E7-C0CD-4179-AF57-AD9255785169,TCGA-BH-A0BT-01,TCGA-BH-A0BT,0.865444666432436,stroma-high,1.6362617193445683,1.6362617193445683,1.3455352681737704,46.39347829531459,53.60652170468539,18,6,6,6,6,18,14,0.536065217046854,0.5339167213245843,1.6362617193445683,1.3455352681737704,0.3406889838109965,0.8910416946760417,152.978765625,/data1/deasy/Himangi/breast_feature_extraction/Ductal_outputs/TCGA-BH-A0BT-01/tils_tsr_wsi_summary.csv,TCGA-BH-A0BT,Alive,,,2365.0,0.0,,,,matched
TCGA-BH-A0BV-01Z-00-DX1.3C9CD4F7-A001-430D-AA8D-80CAD61C344E,TCGA-BH-A0BV-01,TCGA-BH-A0BV,0.4346617601589974,stroma-high,7.736602627347831,7.736602627347831,7.671927503629352,30.29715938834431,69.70284061165569,50,9,9,9,9,50,57,0.6970284061165568,0.6881888540545857,7.736602627347831,7.671927503629352,5.6828665683589,0.9767361517330551,190.790138,/data1/deasy/Himangi/breast_feature_extraction/Ductal_outputs/TCGA-BH-A0BV-01/tils_tsr_wsi_summary.csv,TCGA-BH-A0BV,Alive,,,1519.0,0.0,,,,matched
TCGA-BH-A0BZ-01Z-00-DX1.45EB3E93-A871-49C6-9EAE-90D98AE01913,TCGA-BH-A0BZ-01,TCGA-BH-A0BZ,0.2811841127307899,stroma-high,10.87321952754357,10.87321952754357,22.37477188579862,21.947205708901418,78.05279429109858,72,5,5,5,5,72,118,0.7805279429109858,0.7563217672774294,10.87321952754357,22.37477188579862,10.333225723705286,0.9935059692689773,94.584585375,/data1/deasy/Himangi/breast_feature_extraction/Ductal_outputs/TCGA-BH-A0BZ-01/tils_tsr_wsi_summary.csv,TCGA-BH-A0BZ,Alive,,,2255.0,0.0,,,,matched
TCGA-BH-A0DE-01Z-00-DX1.64A0340A-8146-48E8-AAF7-4035988B9152,TCGA-BH-A0DE-01,TCGA-BH-A0DE,0.34657483816457885,stroma-high,0.5966137178298471,0.5966137178298471,7.7682868964782115,25.737510336742265,74.26248966325775,31,11,11,11,11,31,26,0.7426248966325775,0.7296952088911793,0.5966137178298471,7.7682868964782115,0.0007899676645013363,0.8749069334816709,28.610151187499998,/data1/deasy/Himangi/breast_feature_extraction/Ductal_outputs/TCGA-BH-A0DE-01/tils_tsr_wsi_summary.csv,TCGA-BH-A0DE,Alive,,,2372.0,0.0,,,,matched
TCGA-BH-A0DK-01Z-00-DX1.0CFED53C-BAD9-4E35-B12F-57E64F3FEF1C,TCGA-BH-A0DK-01,TCGA-BH-A0DK,1.1318168821825587,stroma-low,5.511662189588021,5.511662189588021,4.77140826436466,53.0916558378974,46.9083441621026,28,4,4,4,4,28,34,0.469083441621026,0.46430265166888846,5.511662189588021,4.77140826436466,3.1746180936019677,0.994344546975075,132.87170325000002,/data1/deasy/Himangi/breast_feature_extraction/Ductal_outputs/TCGA-BH-A0DK-01/tils_tsr_wsi_summary.csv,TCGA-BH-A0DK,Alive,,,423.0,0.0,,,,matched
TCGA-BH-A0DO-01Z-00-DX1.1684557E-A5D4-4828-B2D5-FA899993A019,TCGA-BH-A0DO-01,TCGA-BH-A0DO,0.4615859233829685,stroma-high,0.6269759827074571,0.6269759827074571,0.5674748508125508,31.58116919425356,68.41883080574644,26,3,3,3,3,26,34,0.6841883080574644,0.6834998310994419,0.6269759827074571,0.5674748508125508,0.03597964144720557,0.9616043859819875,74.19157931250001,/data1/deasy/Himangi/breast_feature_extraction/Ductal_outputs/TCGA-BH-A0DO-01/tils_tsr_wsi_summary.csv,TCGA-BH-A0DO,Alive,,,1644.0,0.0,,,,matched
TCGA-BH-A0DQ-01Z-00-DX1.5A98747C-52D9-45AD-BC84-934A96F069EB,TCGA-BH-A0DQ-01,TCGA-BH-A0DQ,0.7523483251228921,stroma-high,4.496574958625345,4.496574958625345,2.0246269796073046,42.933720102145216,57.06627989785479,69,13,13,13,13,69,76,0.5706627989785479,0.5705526139931263,4.496574958625345,2.0246269796073046,2.2817784509727455,0.9942051622104187,149.85568675000002,/data1/deasy/Himangi/breast_feature_extraction/Ductal_outputs/TCGA-BH-A0DQ-01/tils_tsr_wsi_summary.csv,TCGA-BH-A0DQ,Alive,,,98.0,0.0,,,,matched
TCGA-BH-A0DS-01Z-00-DX1.38E82A1F-21B9-4B97-A304-15B886EA68A0,TCGA-BH-A0DS-01,TCGA-BH-A0DS,0.5846510897311837,stroma-high,1.4855496476284389,1.4855496476284389,1.5170023733885347,36.89462579616579,63.105374203834195,20,3,3,3,3,20,26,0.631053742038342,0.6294412747091266,1.4855496476284389,1.5170023733885347,0.4236938366669162,0.8988514817547025,61.7957663125,/data1/deasy/Himangi/breast_feature_extraction/Ductal_outputs/TCGA-BH-A0DS-01/tils_tsr_wsi_summary.csv,TCGA-BH-A0DS,Alive,,,78.0,0.0,,,,matched
TCGA-BH-A0DT-01Z-00-DX1.73AFCEBB-06B1-4870-ADA2-881511B1BE2D,TCGA-BH-A0DT-01,TCGA-BH-A0DT,0.482862962585845,stroma-high,3.8473052242369956,3.8473052242369956,2.034631972174082,32.56288509248483,67.43711490751517,13,5,5,5,5,13,9,0.6743711490751516,0.673800434199712,3.8473052242369956,2.034631972174082,2.1217812428169536,0.9328860577031268,42.134722875,/data1/deasy/Himangi/breast_feature_extraction/Ductal_outputs/TCGA-BH-A0DT-01/tils_tsr_wsi_summary.csv,TCGA-BH-A0DT,Alive,,,2403.0,0.0,,,,matched
TCGA-BH-A0DV-01Z-00-DX1.2F0B5FB3-40F0-4D27-BFAC-390FB9A42B39,TCGA-BH-A0DV-01,TCGA-BH-A0DV,0.16552774664503006,stroma-high,0.832440675888586,0.832440675888586,2.402845588230925,14.201956763492026,85.79804323650797,34,12,12,12,12,34,34,0.8579804323650797,0.8570811673526871,0.832440675888586,2.402845588230925,0.918292597880776,0.9702517156289489,17.1960620625,/data1/deasy/Himangi/breast_feature_extraction/Ductal_outputs/TCGA-BH-A0DV-01/tils_tsr_wsi_summary.csv,TCGA-BH-A0DV,Alive,,,2064.0,0.0,,,,matched
TCGA-BH-A0DX-01Z-00-DX1.45C27E71-9A0A-400E-93A9-5CE7780F3C5E,TCGA-BH-A0DX-01,TCGA-BH-A0DX,0.7507106086993671,stroma-high,4.463899277898568,4.463899277898568,1.0083173724514594,42.88033698825204,57.11966301174797,8,5,5,5,5,8,3,0.5711966301174797,0.5732375478419243,4.463899277898568,1.0083173724514594,0.0,0.7857139596607248,19.581282,/data1/deasy/Himangi/breast_feature_extraction/Ductal_outputs/TCGA-BH-A0DX-01/tils_tsr_wsi_summary.csv,TCGA-BH-A0DX,Alive,,,2156.0,0.0,,,,matched
TCGA-BH-A0DZ-01Z-00-DX1.138BAEC2-589E-4960-B94E-DF48DDAA5490,TCGA-BH-A0DZ-01,TCGA-BH-A0DZ,0.6932155513131452,stroma-high,3.0276921224936455,3.0276921224936455,0.8701336833255157,40.94077394786112,59.05922605213888,18,10,10,10,10,18,9,0.5905922605213888,0.5913557181800215,3.0276921224936455,0.8701336833255157,4.270969388819578,0.8784094745214249,114.81986450000001,/data1/deasy/Himangi/breast_feature_extraction/Ductal_outputs/TCGA-BH-A0DZ-01/tils_tsr_wsi_summary.csv,TCGA-BH-A0DZ,Alive,,,495.0,0.0,,,,matched
TCGA-BH-A0E1-01Z-00-DX1.257EB36A-1008-4890-927B-204EF05DBE90,TCGA-BH-A0E1-01,TCGA-BH-A0E1,1.7643333658543559,stroma-low,1.512880282593245,1.512880282593245,5.747037269585302,63.824913002454174,36.175086997545826,14,6,6,6,6,14,9,0.36175086997545824,0.34915910844344183,1.512880282593245,5.747037269585302,3.4103546181942104,0.9918246738684985,259.4252629375,/data1/deasy/Himangi/breast_feature_extraction/Ductal_outputs/TCGA-BH-A0E1-01/tils_tsr_wsi_summary.csv,TCGA-BH-A0E1,Alive,,,477.0,0.0,,,,matched
TCGA-BH-A0E2-01Z-00-DX1.5F6FA19C-D59F-45BE-80CE-F738CAB1EF0B,TCGA-BH-A0E2-01,TCGA-BH-A0E2,0.6278280003127922,stroma-high,1.485978063514977,1.485978063514977,1.3204241341290854,38.56844827538002,61.43155172461998,35,10,10,10,10,35,40,0.6143155172461998,0.6130536081063029,1.485978063514977,1.3204241341290854,2.7412935370726266,0.9976219164203833,103.23872006250001,/data1/deasy/Himangi/breast_feature_extraction/Ductal_outputs/TCGA-BH-A0E2-01/tils_tsr_wsi_summary.csv,TCGA-BH-A0E2,Alive,,,435.0,0.0,,,,matched
TCGA-BH-A0E7-01Z-00-DX1.7FEE54C4-3795-403C-85B9-FF932BE56788,TCGA-BH-A0E7-01,TCGA-BH-A0E7,1.746916476247631,stroma-low,0.44465714642941917,0.44465714642941917,1.8099139214390065,63.595543998264205,36.40445600173579,6,3,3,3,3,6,4,0.3640445600173579,0.36029052060500427,0.44465714642941917,1.8099139214390065,0.0,0.9860848373468661,55.770011687499995,/data1/deasy/Himangi/breast_feature_extraction/Ductal_outputs/TCGA-BH-A0E7-01/tils_tsr_wsi_summary.csv,TCGA-BH-A0E7,Alive,,,1363.0,0.0,,,,matched
TCGA-BH-A0EA-01Z-00-DX1.85FF2B48-2AF7-4C15-A7E6-FCA68CAB76C7,TCGA-BH-A0EA-01,TCGA-BH-A0EA,0.30171882557747903,stroma-high,2.9686625588320337,2.9686625588320337,8.3329267735663,23.178494437431837,76.82150556256816,50,8,8,8,8,50,68,0.7682150556256816,0.7586174738520252,2.9686625588320337,8.3329267735663,1.8501312360172637,0.9476643355362165,48.06655256249999,/data1/deasy/Himangi/breast_feature_extraction/Ductal_outputs/TCGA-BH-A0EA-01/tils_tsr_wsi_summary.csv,TCGA-BH-A0EA,Dead,991.0,,991.0,1.0,991.0,32.558521560574945,2.7132101300479126,matched
TCGA-BH-A0EE-01Z-00-DX1.872EA586-25C8-4835-A138-152DFA1EBF30,TCGA-BH-A0EE-01,TCGA-BH-A0EE,5.748432230417801,stroma-low,16.7462390845926,16.7462390845926,7.048495233258281,85.18174346491007,14.818256535089915,12,12,12,12,12,12,0,0.14818256535089916,0.14557028146069886,16.7462390845926,7.048495233258281,,0.9050655386821463,206.45201500000002,/data1/deasy/Himangi/breast_feature_extraction/Ductal_outputs/TCGA-BH-A0EE-01/tils_tsr_wsi_summary.csv,TCGA-BH-A0EE,Alive,,,943.0,0.0,,,,matched
TCGA-BH-A0EI-01Z-00-DX1.929E126A-C9F8-4240-BF00-B6C4A57B7FF6,TCGA-BH-A0EI-01,TCGA-BH-A0EI,0.35090707836786234,stroma-high,3.7239902321068814,3.7239902321068814,6.362543657810036,25.97566361054388,74.02433638945611,33,9,9,9,9,33,29,0.7402433638945611,0.7338352149426547,3.7239902321068814,6.362543657810036,1.445068917419165,0.9460330795348094,45.756260999999995,/data1/deasy/Himangi/breast_feature_extraction/Ductal_outputs/TCGA-BH-A0EI-01/tils_tsr_wsi_summary.csv,TCGA-BH-A0EI,Alive,,,1926.0,0.0,,,,matched
TCGA-BH-A0GY-01Z-00-DX1.E1AEAA36-94FA-41ED-851F-7BB11DD3C06D,TCGA-BH-A0GY-01,TCGA-BH-A0GY,0.4045887358527025,stroma-high,2.4518816157552434,2.4518816157552434,4.7356019654057,28.804782889497073,71.19521711050292,56,10,10,10,10,56,70,0.7119521711050293,0.7056286888516343,2.4518816157552434,4.7356019654057,1.5081522568955374,0.9188009374337117,111.20949674999999,/data1/deasy/Himangi/breast_feature_extraction/Ductal_outputs/TCGA-BH-A0GY-01/tils_tsr_wsi_summary.csv,TCGA-BH-A0GY,Alive,,,923.0,0.0,,,,matched
TCGA-BH-A0GZ-01Z-00-DX1.9AD4F493-A0A9-499D-B667-B33333FC1A51,TCGA-BH-A0GZ-01,TCGA-BH-A0GZ,0.7802063803447761,stroma-high,0.5082487408955412,0.5082487408955412,0.34261264187157847,43.82673767261029,56.17326232738971,21,1,1,1,1,21,28,0.5617326232738971,0.5615225060421656,0.5082487408955412,0.34261264187157847,0.2955583259924107,0.9386917692687576,52.6681464375,/data1/deasy/Himangi/breast_feature_extraction/Ductal_outputs/TCGA-BH-A0GZ-01/tils_tsr_wsi_summary.csv,TCGA-BH-A0GZ,Alive,,,328.0,0.0,,,,matched
TCGA-BH-A0H0-01Z-00-DX1.B3B394DD-1F4E-42CA-BB51-C002E423B3D0,TCGA-BH-A0H0-01,TCGA-BH-A0H0,4.078113629292295,stroma-low,5.263374485460863,5.263374485460863,2.0429531714253897,80.30764821346929,19.692351786530693,5,3,3,3,3,5,2,0.19692351786530693,0.1978359865098009,5.263374485460863,2.0429531714253897,0.9137339332103404,0.9279979280045815,33.281488624999994,/data1/deasy/Himangi/breast_feature_extraction/Ductal_outputs/TCGA-BH-A0H0-01/tils_tsr_wsi_summary.csv,TCGA-BH-A0H0,Alive,,,461.0,0.0,,,,matched
TCGA-BH-A0H3-01Z-00-DX1.C6D4DFB9-A4FA-40B2-90EF-75294CBC4523,TCGA-BH-A0H3-01,TCGA-BH-A0H3,0.2512109254431253,stroma-high,2.10499760722366,2.10499760722366,2.5905217092607837,20.077424224389436,79.92257577561055,35,4,4,4,4,35,56,0.7992257577561056,0.7979774550470362,2.10499760722366,2.5905217092607837,1.504568842686941,0.895007050370502,31.9569519375,/data1/deasy/Himangi/breast_feature_extraction/Ductal_outputs/TCGA-BH-A0H3-01/tils_tsr_wsi_summary.csv,TCGA-BH-A0H3,Alive,,,1928.0,0.0,,,,matched
TCGA-BH-A0H7-01Z-00-DX1.21502FEA-DB37-4630-BA42-778DDF3A6D17,TCGA-BH-A0H7-01,TCGA-BH-A0H7,0.6038128338670605,stroma-high,10.843567463086469,10.843567463086469,5.840328775142823,37.64858474234596,62.35141525765404,11,3,3,3,3,11,9,0.6235141525765404,0.6214373972445442,10.843567463086469,5.840328775142823,2.878922451005309,0.9992580834581396,48.1678993125,/data1/deasy/Himangi/breast_feature_extraction/Ductal_outputs/TCGA-BH-A0H7-01/tils_tsr_wsi_summary.csv,TCGA-BH-A0H7,Alive,,,702.0,0.0,,,,matched
TCGA-BH-A0H9-01Z-00-DX1.8AE869C6-5C78-4D52-AC8B-5B6FD5FD91AA,TCGA-BH-A0H9-01,TCGA-BH-A0H9,1.5521766766825105,stroma-low,4.12949865549002,4.12949865549002,0.49605679959227944,60.81775963489069,39.182240365109315,16,3,3,3,3,16,18,0.39182240365109317,0.3941625803051959,4.12949865549002,0.49605679959227944,2.6723767033892103,0.8112301434865538,117.4640775,/data1/deasy/Himangi/breast_feature_extraction/Ductal_outputs/TCGA-BH-A0H9-01/tils_tsr_wsi_summary.csv,TCGA-BH-A0H9,Alive,,,1247.0,0.0,,,,matched
TCGA-BH-A0HB-01Z-00-DX1.F90F7139-B804-4548-9FAF-9B475BF225EB,TCGA-BH-A0HB-01,TCGA-BH-A0HB,0.9004645984704168,stroma-high,19.09000495878468,19.09000495878468,12.706949862310916,47.38128767013882,52.61871232986118,23,8,8,8,8,23,19,0.5261871232986118,0.5150488484636647,19.09000495878468,12.706949862310916,32.72183673610154,0.8427171033683234,118.2395438125,/data1/deasy/Himangi/breast_feature_extraction/Ductal_outputs/TCGA-BH-A0HB-01/tils_tsr_wsi_summary.csv,TCGA-BH-A0HB,Alive,,,806.0,0.0,,,,matched
TCGA-BH-A0HF-01Z-00-DX1.1EB2F7CE-54F4-4E41-A3CF-78209770B7CE,TCGA-BH-A0HF-01,TCGA-BH-A0HF,0.41961687829545685,stroma-high,3.046576275575568,3.046576275575568,3.481402658975613,29.558459378088937,70.44154062191107,15,6,6,6,6,15,10,0.7044154062191107,0.7000158401721729,3.046576275575568,3.481402658975613,0.7749447557382876,0.9331885177269005,54.053815750000005,/data1/deasy/Himangi/breast_feature_extraction/Ductal_outputs/TCGA-BH-A0HF-01/tils_tsr_wsi_summary.csv,TCGA-BH-A0HF,Alive,,,727.0,0.0,,,,matched
TCGA-BH-A0HI-01Z-00-DX1.89DB9F79-0DCC-4C65-831E-96AE026C2C4E,TCGA-BH-A0HI-01,TCGA-BH-A0HI,0.5709894088632592,stroma-high,0.8077949826428396,0.8077949826428396,0.43882904181277743,36.34584712295529,63.65415287704471,24,7,7,7,7,24,21,0.6365415287704471,0.6364978791581474,0.8077949826428396,0.43882904181277743,1.1933540404488048,0.9832897821486304,75.4236333125,/data1/deasy/Himangi/breast_feature_extraction/Ductal_outputs/TCGA-BH-A0HI-01/tils_tsr_wsi_summary.csv,TCGA-BH-A0HI,Alive,,,620.0,0.0,,,,matched
TCGA-BH-A0HL-01Z-00-DX1.972DE96D-51F4-4A2D-B074-8D965023DC01,TCGA-BH-A0HL-01,TCGA-BH-A0HL,1.4803733893078368,stroma-low,22.512200181554963,22.512200181554963,28.14098368261839,59.68348941692783,40.31651058307217,33,12,12,12,12,33,24,0.40316510583072174,0.3643802433807289,22.512200181554963,28.14098368261839,5.021611342348985,0.916516131310119,128.066354625,/data1/deasy/Himangi/breast_feature_extraction/Ductal_outputs/TCGA-BH-A0HL-01/tils_tsr_wsi_summary.csv,TCGA-BH-A0HL,Alive,,,72.0,0.0,,,,matched
TCGA-BH-A0HO-01Z-00-DX1.D3D66547-F5D4-40F5-B737-2FECEEB35ACB,TCGA-BH-A0HO-01,TCGA-BH-A0HO,1.5992935351624407,stroma-low,3.7935097305524654,3.7935097305524654,3.206291818530685,61.52800803478681,38.471991965213185,50,3,3,3,3,50,64,0.38471991965213187,0.3830315826201041,3.7935097305524654,3.206291818530685,2.4741176143084,0.8915435514568673,97.2892408125,/data1/deasy/Himangi/breast_feature_extraction/Ductal_outputs/TCGA-BH-A0HO-01/tils_tsr_wsi_summary.csv,TCGA-BH-A0HO,Alive,,,76.0,0.0,,,,matched
TCGA-BH-A0HU-01Z-00-DX1.73B38904-E4F8-4F45-BD75-A27EC833B6DE,TCGA-BH-A0HU-01,TCGA-BH-A0HU,1.3802073837783193,stroma-low,5.190714670009486,5.190714670009486,0.7359717276837087,57.98685413652448,42.01314586347553,19,10,10,10,10,19,12,0.4201314586347553,0.42305945068108675,5.190714670009486,0.7359717276837087,0.8265343575851852,0.890858563838482,115.34107956249998,/data1/deasy/Himangi/breast_feature_extraction/Ductal_outputs/TCGA-BH-A0HU-01/tils_tsr_wsi_summary.csv,TCGA-BH-A0HU,Alive,,,392.0,0.0,,,,matched
TCGA-BH-A0HW-01Z-00-DX1.44DCCE00-133F-4469-A4DA-5057C011B4AC,TCGA-BH-A0HW-01,TCGA-BH-A0HW,3.277248093510655,stroma-low,1.2942475557074082,1.2942475557074082,1.3115189221884511,76.62048171773861,23.37951828226138,2,2,2,2,2,2,0,0.2337951828226138,0.23229228182328263,1.2942475557074082,1.3115189221884511,,0.9906238668664777,123.1974431875,/data1/deasy/Himangi/breast_feature_extraction/Ductal_outputs/TCGA-BH-A0HW-01/tils_tsr_wsi_summary.csv,TCGA-BH-A0HW,Alive,,,1561.0,0.0,,,,matched
TCGA-BH-A0HX-01Z-00-DX1.44EBA39E-383D-4820-915E-4E5FDA1D43DA,TCGA-BH-A0HX-01,TCGA-BH-A0HX,0.9433104220431512,stroma-high,1.6607642434191205,1.6607642434191205,0.5170423810459006,48.54141733318019,51.45858266681982,16,8,8,8,8,16,8,0.5145858266681982,0.5142255028183382,1.6607642434191205,0.5170423810459006,1.0153572814403233,0.9716679915399911,156.6060574375,/data1/deasy/Himangi/breast_feature_extraction/Ductal_outputs/TCGA-BH-A0HX-01/tils_tsr_wsi_summary.csv,TCGA-BH-A0HX,Alive,,,829.0,0.0,,,,matched
TCGA-BH-A0HY-01Z-00-DX1.D7A1BF42-F268-4220-B71B-354CE2AF32D8,TCGA-BH-A0HY-01,TCGA-BH-A0HY,0.7242864362591943,stroma-high,5.277043355725267,5.277043355725267,1.2256459445814194,42.00499528550022,57.995004714499785,29,10,10,10,10,29,26,0.5799500471449979,0.5841067317103289,5.277043355725267,1.2256459445814194,1.9549574809585055,0.977387223003366,86.71238881250001,/data1/deasy/Himangi/breast_feature_extraction/Ductal_outputs/TCGA-BH-A0HY-01/tils_tsr_wsi_summary.csv,TCGA-BH-A0HY,Alive,,,1545.0,0.0,,,,matched
TCGA-BH-A0RX-01Z-00-DX1.B4ABAFB9-6696-4F22-9468-DA56E1AD32D3,TCGA-BH-A0RX-01,TCGA-BH-A0RX,4.133967767621383,stroma-low,34.25790326411261,34.25790326411261,7.5425285213841455,80.52188784069227,19.478112159307727,10,4,4,4,4,10,10,0.19478112159307728,0.22305032910822437,34.25790326411261,7.5425285213841455,3.404096204843839,0.9785431178740719,135.6049041875,/data1/deasy/Himangi/breast_feature_extraction/Ductal_outputs/TCGA-BH-A0RX-01/tils_tsr_wsi_summary.csv,TCGA-BH-A0RX,Alive,,,170.0,0.0,,,,matched
TCGA-BH-A0W3-01Z-00-DX1.38DCA2B7-1A54-4FFA-BABA-29F80974BB17,TCGA-BH-A0W3-01,TCGA-BH-A0W3,1.8071653984487006,stroma-low,7.402862938229527,7.402862938229527,1.4082712884589657,64.37687638382044,35.623123616179555,26,13,13,13,13,26,17,0.35623123616179553,0.36146372202703475,7.402862938229527,1.4082712884589657,6.336187332238683,0.9507357790646445,108.70512193749998,/data1/deasy/Himangi/breast_feature_extraction/Ductal_outputs/TCGA-BH-A0W3-01/tils_tsr_wsi_summary.csv,TCGA-BH-A0W3,Alive,,,728.0,0.0,,,,matched
TCGA-BH-A0W4-01Z-00-DX1.23E017DC-15CB-4838-AC91-CFB11B932AB0,TCGA-BH-A0W4-01,TCGA-BH-A0W4,0.3841602415571505,stroma-high,1.8783384848267668,1.8783384848267668,1.52332061590181,27.754029484691635,72.24597051530837,19,7,7,7,7,19,15,0.7224597051530837,0.7212744653789219,1.8783384848267668,1.52332061590181,0.8343032947219492,0.9948165333837967,68.6605500625,/data1/deasy/Himangi/breast_feature_extraction/Ductal_outputs/TCGA-BH-A0W4-01/tils_tsr_wsi_summary.csv,TCGA-BH-A0W4,Alive,,,759.0,0.0,,,,matched
TCGA-BH-A0W5-01Z-00-DX1.84EA3913-667B-4694-A0F0-E629CAC615C8,TCGA-BH-A0W5-01,TCGA-BH-A0W5,0.34734449444706533,stroma-high,9.105808079860013,9.105808079860013,4.546070698243973,25.77993199798627,74.22006800201373,37,7,7,7,7,37,47,0.7422006800201373,0.7450020089844752,9.105808079860013,4.546070698243973,18.629234104489985,0.9484788452338405,59.456654812500005,/data1/deasy/Himangi/breast_feature_extraction/Ductal_outputs/TCGA-BH-A0W5-01/tils_tsr_wsi_summary.csv,TCGA-BH-A0W5,Alive,,,1288.0,0.0,,,,matched
TCGA-BH-A0W7-01Z-00-DX1.93F11232-A1FB-4682-B744-3531D4DF11AF,TCGA-BH-A0W7-01,TCGA-BH-A0W7,0.706839813730093,stroma-high,9.786970640597302,9.786970640597302,5.1687375740657195,41.41219392963301,58.58780607036699,17,7,7,7,7,17,10,0.5858780607036699,0.5846029151128925,9.786970640597302,5.1687375740657195,16.432465319268566,0.9033289313624673,57.231956374999996,/data1/deasy/Himangi/breast_feature_extraction/Ductal_outputs/TCGA-BH-A0W7-01/tils_tsr_wsi_summary.csv,TCGA-BH-A0W7,Alive,,,1363.0,0.0,,,,matched
TCGA-BH-A18F-01Z-00-DX1.81A81589-2D77-4CD6-BD34-76E292AA031D,TCGA-BH-A18F-01,TCGA-BH-A18F,0.4282996831572805,stroma-high,7.32647022086494,7.32647022086494,2.219030906617581,29.986681941321784,70.01331805867821,17,8,8,8,8,17,13,0.7001331805867821,0.7026574839303664,7.32647022086494,2.219030906617581,17.817349653882296,0.9211581803705287,58.84645181250001,/data1/deasy/Himangi/breast_feature_extraction/Ductal_outputs/TCGA-BH-A18F-01/tils_tsr_wsi_summary.csv,TCGA-BH-A18F,Alive,,,1001.0,0.0,,,,matched
TCGA-BH-A18G-01Z-00-DX1.DB2B5819-CE83-4E07-BD03-2CD9CF2E246C,TCGA-BH-A18G-01,TCGA-BH-A18G,3.7121375577774147,stroma-low,26.8120618248678,26.8120618248678,2.9511843081048106,78.77820866350785,21.221791336492146,1,1,1,1,1,1,0,0.21221791336492146,0.21115866897315316,26.8120618248678,2.9511843081048106,,0.9200000002525571,54.028390625,/data1/deasy/Himangi/breast_feature_extraction/Ductal_outputs/TCGA-BH-A18G-01/tils_tsr_wsi_summary.csv,TCGA-BH-A18G,Alive,,,149.0,0.0,,,,matched
TCGA-BH-A18H-01Z-00-DX1.4EC9108F-04C2-4B28-BD74-97A414C9A536,TCGA-BH-A18H-01,TCGA-BH-A18H,0.7143613979157473,stroma-high,10.186165402204379,10.186165402204379,7.781477675974697,41.66924189871748,58.33075810128252,6,2,2,2,2,6,5,0.5833075810128252,0.585869981018717,10.186165402204379,7.781477675974697,4.811455158701214,0.9973958346014757,7.6656751875,/data1/deasy/Himangi/breast_feature_extraction/Ductal_outputs/TCGA-BH-A18H-01/tils_tsr_wsi_summary.csv,TCGA-BH-A18H,Alive,,,652.0,0.0,,,,matched
TCGA-BH-A18I-01Z-00-DX1.EE699DE3-EBF4-4AB4-8319-9911F027FA18,TCGA-BH-A18I-01,TCGA-BH-A18I,0.5352733140091365,stroma-high,10.538199339353481,10.538199339353481,5.273702336168189,34.86501778705124,65.13498221294876,22,5,5,5,5,22,23,0.6513498221294876,0.6505756136142913,10.538199339353481,5.273702336168189,16.37446737945074,0.9045526202852546,73.2370725625,/data1/deasy/Himangi/breast_feature_extraction/Ductal_outputs/TCGA-BH-A18I-01/tils_tsr_wsi_summary.csv,TCGA-BH-A18I,Alive,,,1093.0,0.0,,,,matched
TCGA-BH-A18J-01Z-00-DX1.AE20ADB6-050C-405D-BF17-1EE4A1A4979A,TCGA-BH-A18J-01,TCGA-BH-A18J,0.5056786830498069,stroma-high,0.5667771217648929,0.5667771217648929,0.42607818158195154,33.584767370521334,66.41523262947867,62,7,7,7,7,62,77,0.6641523262947866,0.6638862332768852,0.5667771217648929,0.42607818158195154,0.0,0.9857205309001829,207.12578081249998,/data1/deasy/Himangi/breast_feature_extraction/Ductal_outputs/TCGA-BH-A18J-01/tils_tsr_wsi_summary.csv,TCGA-BH-A18J,Dead,612.0,,612.0,1.0,612.0,20.10677618069815,1.675564681724846,matched
TCGA-BH-A18M-01Z-00-DX1.56E6935A-62CB-4CBE-BDCA-60DA56422CE0,TCGA-BH-A18M-01,TCGA-BH-A18M,0.6480155704429105,stroma-high,1.3907105035805916,1.3907105035805916,1.3071442110294451,39.32096165018355,60.67903834981645,29,13,13,13,13,29,18,0.6067903834981645,0.6045691183086327,1.3907105035805916,1.3071442110294451,1.2766738830449051,0.9896731545587836,167.6405616875,/data1/deasy/Himangi/breast_feature_extraction/Ductal_outputs/TCGA-BH-A18M-01/tils_tsr_wsi_summary.csv,TCGA-BH-A18M,Dead,2207.0,,2207.0,1.0,2207.0,72.50924024640658,6.0424366872005475,matched
TCGA-BH-A18P-01Z-00-DX1.C66642D3-BE44-4D65-B4AE-C1C3D959D22C,TCGA-BH-A18P-01,TCGA-BH-A18P,0.9930372430115042,stroma-high,6.190836324563435,6.190836324563435,7.1913351438720445,49.8253229583915,50.17467704160848,8,4,4,4,4,8,4,0.5017467704160848,0.4855167815128861,6.190836324563435,7.1913351438720445,4.974720435077484,0.9194672414450759,131.5877344375,/data1/deasy/Himangi/breast_feature_extraction/Ductal_outputs/TCGA-BH-A18P-01/tils_tsr_wsi_summary.csv,TCGA-BH-A18P,Dead,921.0,,921.0,1.0,921.0,30.258726899383984,2.521560574948665,matched
TCGA-BH-A18Q-01Z-00-DX1.E89E49C7-D62A-4408-A3D9-19E79FCB249E,TCGA-BH-A18Q-01,TCGA-BH-A18Q,0.7811059570939665,stroma-high,8.704848681104481,8.704848681104481,7.222363236745085,43.855108899215104,56.14489110078489,18,3,3,3,3,18,20,0.5614489110078489,0.5463506329489318,8.704848681104481,7.222363236745085,6.269751737839048,0.9705098749190677,201.9390553125,/data1/deasy/Himangi/breast_feature_extraction/Ductal_outputs/TCGA-BH-A18Q-01/tils_tsr_wsi_summary.csv,TCGA-BH-A18Q,Dead,1692.0,,1692.0,1.0,1692.0,55.58932238193019,4.632443531827516,matched
TCGA-BH-A18T-01Z-00-DX1.90123A74-F631-4538-AB2E-4076486ADF88,TCGA-BH-A18T-01,TCGA-BH-A18T,2.6089352004505852,stroma-low,16.24526545619198,16.24526545619198,2.8482993840827673,72.29099597368366,27.70900402631633,14,11,11,11,11,14,3,0.2770900402631633,0.27830269920845957,16.24526545619198,2.8482993840827673,1.5919583720760504,0.986429183665544,250.67901993750002,/data1/deasy/Himangi/breast_feature_extraction/Ductal_outputs/TCGA-BH-A18T-01/tils_tsr_wsi_summary.csv,TCGA-BH-A18T,Dead,224.0,,224.0,1.0,224.0,7.359342915811088,0.6132785763175906,matched
TCGA-BH-A18U-01Z-00-DX1.63940315-59BC-462B-87A8-2BBB33C9503E,TCGA-BH-A18U-01,TCGA-BH-A18U,0.665987094735027,stroma-high,15.989011591797803,15.989011591797803,8.9764114037173,39.975525431122946,60.02447456887706,62,5,5,5,5,62,100,0.6002447456887706,0.6003577096078667,15.989011591797803,8.9764114037173,10.507281139059192,0.892654820767017,117.55306543750001,/data1/deasy/Himangi/breast_feature_extraction/Ductal_outputs/TCGA-BH-A18U-01/tils_tsr_wsi_summary.csv,TCGA-BH-A18U,Dead,1563.0,,1563.0,1.0,1563.0,51.351129363449694,4.2792607802874745,matched
TCGA-BH-A18V-01Z-00-DX1.7797760A-05CD-436E-97DA-31D6201F943B,TCGA-BH-A18V-01,TCGA-BH-A18V,2.0821862851279125,stroma-low,44.5195631099304,44.5195631099304,13.440908065277132,67.55549770547047,32.44450229452953,43,6,6,6,6,43,55,0.3244450229452953,0.3695573522227697,44.5195631099304,13.440908065277132,46.757068600828795,0.9843193548620651,111.463748,/data1/deasy/Himangi/breast_feature_extraction/Ductal_outputs/TCGA-BH-A18V-01/tils_tsr_wsi_summary.csv,TCGA-BH-A18V,Dead,1556.0,,1556.0,1.0,1556.0,51.121149897330596,4.26009582477755,matched
TCGA-BH-A1EN-01Z-00-DX1.F535657F-E2FA-4283-87AE-7DAB663B196B,TCGA-BH-A1EN-01,TCGA-BH-A1EN,1.9409314023805668,stroma-low,1.7733307063122143,1.7733307063122143,4.695497351766444,65.99716677544605,34.00283322455396,13,3,3,3,3,13,12,0.3400283322455396,0.32989626483725887,1.7733307063122143,4.695497351766444,4.145510620590827,0.94258390548162,310.3158650625,/data1/deasy/Himangi/breast_feature_extraction/Ductal_outputs/TCGA-BH-A1EN-01/tils_tsr_wsi_summary.csv,TCGA-BH-A1EN,Dead,2127.0,,2127.0,1.0,2127.0,69.88090349075975,5.823408624229979,matched
TCGA-BH-A1EV-01Z-00-DX1.106CF220-1D7D-40DD-88B2-A7F00B758F8F,TCGA-BH-A1EV-01,TCGA-BH-A1EV,1.0222466365462899,stroma-low,2.6927686475562806,2.6927686475562806,0.6075855156197945,50.550047559586595,49.4499524404134,28,11,11,11,11,28,20,0.49449952440413397,0.49547554922640324,2.6927686475562806,0.6075855156197945,2.6623202594662323,0.9840867706175094,161.82031387499998,/data1/deasy/Himangi/breast_feature_extraction/Ductal_outputs/TCGA-BH-A1EV-01/tils_tsr_wsi_summary.csv,TCGA-BH-A1EV,Dead,365.0,,365.0,1.0,365.0,11.991786447638603,0.999315537303217,matched
TCGA-BH-A1EW-01Z-00-DX1.A6A5F9C5-FB97-4DA3-A1EA-1F84BC006681,TCGA-BH-A1EW-01,TCGA-BH-A1EW,0.809428430243911,stroma-high,3.1574437917178324,3.1574437917178324,1.4366878873641973,44.733929052656705,55.2660709473433,16,11,11,11,11,16,5,0.552660709473433,0.5521367995629856,3.1574437917178324,1.4366878873641973,1.3287122026708142,0.9283958231936004,170.39961281250004,/data1/deasy/Himangi/breast_feature_extraction/Ductal_outputs/TCGA-BH-A1EW-01/tils_tsr_wsi_summary.csv,TCGA-BH-A1EW,Dead,1694.0,,1694.0,1.0,1694.0,55.65503080082136,4.63791923340178,matched
TCGA-BH-A1EX-01Z-00-DX1.16B6A817-6729-446E-9FCF-A4A333C5295D,TCGA-BH-A1EX-01,TCGA-BH-A1EX,0.7381090034900604,stroma-high,7.321507131131898,7.321507131131898,4.777600120704599,42.46620908170684,57.53379091829315,17,8,8,8,8,17,11,0.5753379091829315,0.5698335640033679,7.321507131131898,4.777600120704599,2.1575066213954806,0.9531370328923985,135.7827035625,/data1/deasy/Himangi/breast_feature_extraction/Ductal_outputs/TCGA-BH-A1EX-01/tils_tsr_wsi_summary.csv,TCGA-BH-A1EX,Dead,1508.0,,1508.0,1.0,1508.0,49.544147843942504,4.128678986995209,matched
TCGA-BH-A1EY-01Z-00-DX1.25C3DE1F-C702-4959-8DFA-69EF78AD9307,TCGA-BH-A1EY-01,TCGA-BH-A1EY,0.4702449636709086,stroma-high,1.0490363754262906,1.0490363754262906,1.7546743934642597,31.98412341415547,68.01587658584454,56,8,8,8,8,56,70,0.6801587658584454,0.6777921484930137,1.0490363754262906,1.7546743934642597,1.3556278822823082,0.9783199617554684,157.76169356249997,/data1/deasy/Himangi/breast_feature_extraction/Ductal_outputs/TCGA-BH-A1EY-01/tils_tsr_wsi_summary.csv,TCGA-BH-A1EY,Dead,538.0,,538.0,1.0,538.0,17.675564681724847,1.4729637234770705,matched
TCGA-BH-A1F5-01Z-00-DX1.9A1AA3BB-80B1-473D-B075-8D65A94C4E0B,TCGA-BH-A1F5-01,TCGA-BH-A1F5,1.8583502265418215,stroma-low,1.3576298570097944,1.3576298570097944,2.5424974892878085,65.01478402771339,34.98521597228662,8,6,6,6,6,8,2,0.3498521597228662,0.3446764315825246,1.3576298570097944,2.5424974892878085,,0.9973709198623277,124.65583987499998,/data1/deasy/Himangi/breast_feature_extraction/Ductal_outputs/TCGA-BH-A1F5-01/tils_tsr_wsi_summary.csv,TCGA-BH-A1F5,Dead,2712.0,,2712.0,1.0,2712.0,89.10061601642711,7.425051334702259,matched
TCGA-BH-A1FB-01Z-00-DX1.9D778D1A-07F6-450D-B7AA-0E17B4D0A88C,TCGA-BH-A1FB-01,TCGA-BH-A1FB,0.3543469906276828,stroma-high,8.582263968001106,8.582263968001106,6.116278774752218,26.16367836897233,73.83632163102766,51,18,18,18,18,51,40,0.7383632163102766,0.7356823602553337,8.582263968001106,6.116278774752218,6.566590490430438,0.9861603854738065,104.674939875,/data1/deasy/Himangi/breast_feature_extraction/Ductal_outputs/TCGA-BH-A1FB-01/tils_tsr_wsi_summary.csv,TCGA-BH-A1FB,Dead,3669.0,,3669.0,1.0,3669.0,120.54209445585215,10.04517453798768,matched
TCGA-BH-A1FE-01Z-00-DX1.8FB57ECF-350B-44E4-8612-63E8374D3C4B,TCGA-BH-A1FE-01,TCGA-BH-A1FE,0.29465039551533656,stroma-high,4.17026242676996,4.17026242676996,2.7962702027298776,22.75907044372784,77.24092955627215,33,7,7,7,7,33,41,0.7724092955627215,0.7737251940609334,4.17026242676996,2.7962702027298776,1.6508026013572024,0.9928266185067602,26.9117746875,/data1/deasy/Himangi/breast_feature_extraction/Ductal_outputs/TCGA-BH-A1FE-01/tils_tsr_wsi_summary.csv,TCGA-BH-A1FE,Dead,2273.0,,2273.0,1.0,2273.0,74.6776180698152,6.223134839151267,matched
TCGA-BH-A1FG-01Z-00-DX1.DA665FB6-9DD9-4B18-A925-2EFD9BC4C43B,TCGA-BH-A1FG-01,TCGA-BH-A1FG,0.8253861621760319,stroma-high,2.362231029964727,2.362231029964727,1.299634502210125,45.217071284910695,54.782928715089305,19,2,2,2,2,19,26,0.5478292871508931,0.5472677422000745,2.362231029964727,1.299634502210125,0.35904977150278544,0.9824112179871674,72.81789243749999,/data1/deasy/Himangi/breast_feature_extraction/Ductal_outputs/TCGA-BH-A1FG-01/tils_tsr_wsi_summary.csv,TCGA-BH-A1FG,Dead,577.0,,577.0,1.0,577.0,18.95687885010267,1.5797399041752225,matched
TCGA-BH-A1FJ-01Z-00-DX1.BCED4CEF-2B33-45BA-ABC7-29BEE818F4A3,TCGA-BH-A1FJ-01,TCGA-BH-A1FJ,0.4236750152132005,stroma-high,18.483126252603427,18.483126252603427,25.561878032944126,29.75925057937142,70.24074942062859,97,8,8,8,8,97,137,0.7024074942062859,0.6776005884273543,18.483126252603427,25.561878032944126,16.13591244168056,0.9887759812231366,118.5741534375,/data1/deasy/Himangi/breast_feature_extraction/Ductal_outputs/TCGA-BH-A1FJ-01/tils_tsr_wsi_summary.csv,TCGA-BH-A1FJ,Dead,1927.0,,1927.0,1.0,1927.0,63.31006160164271,5.27583846680356,matched
TCGA-BH-A1FM-01Z-00-DX1.860C5169-FE2B-43A6-A13D-E736374303DD,TCGA-BH-A1FM-01,TCGA-BH-A1FM,0.6377257758029345,stroma-high,1.9363272589743914,1.9363272589743914,3.7421345752574044,38.93971660122856,61.06028339877144,27,5,5,5,5,27,24,0.6106028339877144,0.6043065835555542,1.9363272589743914,3.7421345752574044,2.0778835126700588,0.9788666142357642,107.672074875,/data1/deasy/Himangi/breast_feature_extraction/Ductal_outputs/TCGA-BH-A1FM-01/tils_tsr_wsi_summary.csv,TCGA-BH-A1FM,Dead,1388.0,,1388.0,1.0,1388.0,45.60164271047228,3.800136892539357,matched
TCGA-BH-A1FU-01Z-00-DX1.3D195750-8C9E-48C6-92EC-44AC6AB56267,TCGA-BH-A1FU-01,TCGA-BH-A1FU,0.25887285355762535,stroma-high,13.167535948850183,13.167535948850183,3.9357408103713563,20.563860188583803,79.43613981141621,43,9,9,9,9,43,50,0.7943613981141621,0.807361721587344,13.167535948850183,3.9357408103713563,9.628959992060745,0.9983807241188855,28.32358925,/data1/deasy/Himangi/breast_feature_extraction/Ductal_outputs/TCGA-BH-A1FU-01/tils_tsr_wsi_summary.csv,TCGA-BH-A1FU,Dead,1688.0,,1688.0,1.0,1688.0,55.45790554414784,4.621492128678987,matched
TCGA-BH-A201-01Z-00-DX1.6D6E3224-50A0-45A2-B231-EEF27CA7EFD2,TCGA-BH-A201-01,TCGA-BH-A201,0.48215373336634254,stroma-high,1.9263738102643444,1.9263738102643444,0.47414487606175754,32.530615584069714,67.46938441593028,27,5,5,5,5,27,33,0.6746938441593028,0.6758563347587949,1.9263738102643444,0.47414487606175754,3.665148081399918,0.9213723956480177,51.5032355,/data1/deasy/Himangi/breast_feature_extraction/Ductal_outputs/TCGA-BH-A201-01/tils_tsr_wsi_summary.csv,TCGA-BH-A201,Alive,,,856.0,0.0,,,,matched
TCGA-BH-A202-01Z-00-DX1.8CECDB74-5E6F-4CE8-B52C-A89E574F38FB,TCGA-BH-A202-01,TCGA-BH-A202,1.661561507189816,stroma-low,11.725321963561,11.725321963561,3.1639690448349014,62.42807099145943,37.571929008540565,19,8,8,8,8,19,12,0.3757192900854056,0.3831571684942687,11.725321963561,3.1639690448349014,11.268437905567481,0.935948204238151,134.9286865,/data1/deasy/Himangi/breast_feature_extraction/Ductal_outputs/TCGA-BH-A202-01/tils_tsr_wsi_summary.csv,TCGA-BH-A202,Alive,,,795.0,0.0,,,,matched
TCGA-BH-A203-01Z-00-DX1.FAE40A13-0C4A-415F-9396-01041FF6B855,TCGA-BH-A203-01,TCGA-BH-A203,0.4920053876352946,stroma-high,4.491473323551747,4.491473323551747,3.608603035481349,32.976113337974105,67.0238866620259,53,15,15,15,15,53,55,0.670238866620259,0.6672724139502287,4.491473323551747,3.608603035481349,0.40756186224926705,0.9559172858192077,142.68380100000005,/data1/deasy/Himangi/breast_feature_extraction/Ductal_outputs/TCGA-BH-A203-01/tils_tsr_wsi_summary.csv,TCGA-BH-A203,Dead,1174.0,,1174.0,1.0,1174.0,38.57084188911704,3.2142368240930868,matched
TCGA-BH-A42V-01Z-00-DX1.B6D78256-05D1-45FA-826A-1B8554D60B7D,TCGA-BH-A42V-01,TCGA-BH-A42V,0.48754235176696425,stroma-high,5.176923326066655,5.176923326066655,3.0271800641240616,32.7750232581843,67.2249767418157,6,1,1,1,1,6,6,0.672249767418157,0.6692612386760559,5.176923326066655,3.0271800641240616,0.7262299475394918,0.9505759935358336,34.972236,/data1/deasy/Himangi/breast_feature_extraction/Ductal_outputs/TCGA-BH-A42V-01/tils_tsr_wsi_summary.csv,TCGA-BH-A42V,Alive,,,635.0,0.0,,,,matched
TCGA-BH-A5J0-01Z-00-DX1.73CFBC85-8449-48FF-86F8-D4D49A90498B,TCGA-BH-A5J0-01,TCGA-BH-A5J0,0.7943316978558097,stroma-high,6.245338097539039,6.245338097539039,1.9474232376774914,44.268944187132185,55.731055812867815,6,3,3,3,3,6,3,0.5573105581286781,0.5569868698456703,6.245338097539039,1.9474232376774914,5.952581958781358,0.9820733665975876,69.01021325,/data1/deasy/Himangi/breast_feature_extraction/Ductal_outputs/TCGA-BH-A5J0-01/tils_tsr_wsi_summary.csv,TCGA-BH-A5J0,Alive,,,715.0,0.0,,,,matched
TCGA-C8-A12K-01Z-00-DX1.D71C7974-65F7-4EF0-8FFB-9F27CEC85242,TCGA-C8-A12K-01,TCGA-C8-A12K,2.5998413505091347,stroma-low,39.5349707663958,39.5349707663958,15.631729213435392,72.22099802096646,27.77900197903353,1,1,1,1,1,1,0,0.2777900197903353,0.26034438535231813,39.5349707663958,15.631729213435392,,0.9906425968030017,154.198444,/data1/deasy/Himangi/breast_feature_extraction/Ductal_outputs/TCGA-C8-A12K-01/tils_tsr_wsi_summary.csv,TCGA-C8-A12K,Alive,,,0.0,0.0,,,,matched
TCGA-C8-A12L-01Z-00-DX1.01863BE4-F4AB-45DE-894A-46544777C519,TCGA-C8-A12L-01,TCGA-C8-A12L,1.5107990446095838,stroma-low,19.217818725892037,19.217818725892037,9.56651503570955,60.17204155996105,39.82795844003895,7,1,1,1,1,7,6,0.39827958440038946,0.393883967219993,19.217818725892037,9.56651503570955,52.69142027230566,0.9841843653266039,115.040592,/data1/deasy/Himangi/breast_feature_extraction/Ductal_outputs/TCGA-C8-A12L-01/tils_tsr_wsi_summary.csv,TCGA-C8-A12L,Alive,,,363.0,0.0,,,,matched
TCGA-C8-A12M-01Z-00-DX1.0C5F2DED-873F-4C86-97A2-2AA76A6236DF,TCGA-C8-A12M-01,TCGA-C8-A12M,6.92882000535851,stroma-low,34.978344613337654,34.978344613337654,4.21964432144389,87.3877828059639,12.612217194036099,1,1,1,1,1,1,0,0.126122171940361,0.13060481615121539,34.978344613337654,4.21964432144389,,0.9803407600699345,155.194963,/data1/deasy/Himangi/breast_feature_extraction/Ductal_outputs/TCGA-C8-A12M-01/tils_tsr_wsi_summary.csv,TCGA-C8-A12M,Alive,,,358.0,0.0,,,,matched
TCGA-C8-A12O-01Z-00-DX1.A77E552B-7B69-45B7-B341-A03571F2A06C,TCGA-C8-A12O-01,TCGA-C8-A12O,0.6071300687711413,stroma-high,2.3027635407950156,2.3027635407950156,1.3869903676952724,37.777282658607135,62.222717341392865,23,5,5,5,5,23,22,0.6222271734139286,0.6212659590954849,2.3027635407950156,1.3869903676952724,0.6589620657836104,0.9649116903453923,91.86097662499999,/data1/deasy/Himangi/breast_feature_extraction/Ductal_outputs/TCGA-C8-A12O-01/tils_tsr_wsi_summary.csv,TCGA-C8-A12O,Alive,,,385.0,0.0,,,,matched
TCGA-C8-A12P-01Z-00-DX1.670B5DE8-07B0-4E4C-93FA-FA3DFFCCE50D,TCGA-C8-A12P-01,TCGA-C8-A12P,0.25294088487460803,stroma-high,26.6614711614776,26.6614711614776,31.838975498422506,20.187774852595847,79.81222514740415,26,5,5,5,5,26,25,0.7981222514740415,0.7903649517151252,26.6614711614776,31.838975498422506,27.394693097884797,0.9997206696133999,16.03840125,/data1/deasy/Himangi/breast_feature_extraction/Ductal_outputs/TCGA-C8-A12P-01/tils_tsr_wsi_summary.csv,TCGA-C8-A12P,Alive,,,358.0,0.0,,,,matched
TCGA-C8-A12Q-01Z-00-DX1.CE74E5B7-FD30-4CBE-8716-ECCF2213AAC3,TCGA-C8-A12Q-01,TCGA-C8-A12Q,0.5619917220263946,stroma-high,1.300955060244202,1.300955060244202,1.800162852230614,35.97917415959891,64.0208258404011,23,2,2,2,2,23,30,0.640208258404011,0.6375424028455667,1.300955060244202,1.800162852230614,0.543158752209391,0.9901530847120312,119.06935200000001,/data1/deasy/Himangi/breast_feature_extraction/Ductal_outputs/TCGA-C8-A12Q-01/tils_tsr_wsi_summary.csv,TCGA-C8-A12Q,Dead,385.0,,385.0,1.0,385.0,12.648870636550308,1.054072553045859,matched
TCGA-C8-A12W-01Z-00-DX1.3727E7BB-831E-42DB-B5CB-F2D7C649290F,TCGA-C8-A12W-01,TCGA-C8-A12W,0.2890293652650947,stroma-high,8.185416700152226,8.185416700152226,5.1518497330665225,22.422248325246997,77.577751674753,80,2,2,2,2,80,129,0.77577751674753,0.7774998855175412,8.185416700152226,5.1518497330665225,7.935337973340256,0.993635827451526,111.349728,/data1/deasy/Himangi/breast_feature_extraction/Ductal_outputs/TCGA-C8-A12W-01/tils_tsr_wsi_summary.csv,TCGA-C8-A12W,Alive,,,385.0,0.0,,,,matched
TCGA-C8-A12Y-01Z-00-DX1.A15CB3E2-E145-4C75-8FEA-1DD503CD7C20,TCGA-C8-A12Y-01,TCGA-C8-A12Y,0.4054683420344185,stroma-high,3.4421884572705355,3.4421884572705355,4.2156150639529395,28.849340103065018,71.15065989693498,35,2,2,2,2,35,50,0.7115065989693499,0.7073237337476553,3.4421884572705355,4.2156150639529395,0.3564988672903598,0.9543507041827337,92.297592,/data1/deasy/Himangi/breast_feature_extraction/Ductal_outputs/TCGA-C8-A12Y-01/tils_tsr_wsi_summary.csv,TCGA-C8-A12Y,Alive,,,1476.0,0.0,,,,matched
TCGA-C8-A12Z-01Z-00-DX1.22616420-7C80-42DE-9C44-0F00327681C6,TCGA-C8-A12Z-01,TCGA-C8-A12Z,1.490007027199558,stroma-low,16.62531046408508,16.62531046408508,6.95359125644779,59.8394707694993,40.1605292305007,20,9,9,9,9,20,14,0.401605292305007,0.3981626267729973,16.62531046408508,6.95359125644779,28.271738344060456,0.9013511399827561,136.886868,/data1/deasy/Himangi/breast_feature_extraction/Ductal_outputs/TCGA-C8-A12Z-01/tils_tsr_wsi_summary.csv,TCGA-C8-A12Z,Alive,,,382.0,0.0,,,,matched
TCGA-C8-A130-01Z-00-DX1.F6810204-C35A-4461-A18A-0A117739B988,TCGA-C8-A130-01,TCGA-C8-A130,0.8584802435204077,stroma-high,6.353380437450696,6.353380437450696,4.112732833859996,46.192594541346324,53.807405458653676,7,5,5,5,5,7,2,0.5380740545865368,0.5312457648135375,6.353380437450696,4.112732833859996,7.468516020220785,0.984089386050192,106.02136800000001,/data1/deasy/Himangi/breast_feature_extraction/Ductal_outputs/TCGA-C8-A130-01/tils_tsr_wsi_summary.csv,TCGA-C8-A130,Alive,,,370.0,0.0,,,,matched
TCGA-C8-A131-01Z-00-DX1.5CB27A29-9951-40B9-B4DB-26A4D2EA89B8,TCGA-C8-A131-01,TCGA-C8-A131,7.45808726138013,stroma-low,70.44156127689327,70.44156127689327,14.615688694516882,88.17699594368068,11.823004056319315,4,1,1,1,1,4,3,0.11823004056319315,0.15003043119428708,70.44156127689327,14.615688694516882,100.0,0.9629891083878077,128.868336,/data1/deasy/Himangi/breast_feature_extraction/Ductal_outputs/TCGA-C8-A131-01/tils_tsr_wsi_summary.csv,TCGA-C8-A131,Alive,,,411.0,0.0,,,,matched
TCGA-C8-A135-01Z-00-DX1.B69A605E-B577-4F43-9471-2C95312B05D9,TCGA-C8-A135-01,TCGA-C8-A135,0.8714385791896255,stroma-high,2.891553337978978,2.891553337978978,4.915725104323771,46.56517124740357,53.43482875259642,34,9,9,9,9,34,30,0.5343482875259642,0.5252692211887277,2.891553337978978,4.915725104323771,1.0435858811845702,0.9534861741965172,172.352952,/data1/deasy/Himangi/breast_feature_extraction/Ductal_outputs/TCGA-C8-A135-01/tils_tsr_wsi_summary.csv,TCGA-C8-A135,Alive,,,393.0,0.0,,,,matched
TCGA-C8-A137-01Z-00-DX1.87F3775D-A401-4D5E-843F-8FB1D4BE97F8,TCGA-C8-A137-01,TCGA-C8-A137,0.5626531557412622,stroma-high,2.5513526153563544,2.5513526153563544,2.7125996374596277,36.00627264431955,63.99372735568046,49,5,5,5,5,49,65,0.6399372735568046,0.6378280372282248,2.5513526153563544,2.7125996374596277,0.9510054561148708,0.9955303476340941,89.464464,/data1/deasy/Himangi/breast_feature_extraction/Ductal_outputs/TCGA-C8-A137-01/tils_tsr_wsi_summary.csv,TCGA-C8-A137,Alive,,,379.0,0.0,,,,matched
TCGA-C8-A138-01Z-00-DX1.845A0680-23A4-4A58-A9C4-2EE17BDBD371,TCGA-C8-A138-01,TCGA-C8-A138,0.8636058491669414,stroma-high,6.574499570722189,6.574499570722189,2.0728271064248007,46.34058481588184,53.65941518411817,29,12,12,12,12,29,21,0.5365941518411816,0.5394573058987021,6.574499570722189,2.0728271064248007,10.180479384346675,0.997325834026522,124.813584,/data1/deasy/Himangi/breast_feature_extraction/Ductal_outputs/TCGA-C8-A138-01/tils_tsr_wsi_summary.csv,TCGA-C8-A138,Alive,,,380.0,0.0,,,,matched
TCGA-C8-A1HF-01Z-00-DX1.81EF9A57-54E1-4750-9816-5571FD18A297,TCGA-C8-A1HF-01,TCGA-C8-A1HF,1.4340941814260928,stroma-low,45.401166110803565,45.401166110803565,25.060784507821225,58.916955324460055,41.083044675539945,43,3,3,3,3,43,56,0.4108304467553994,0.43337334486597806,45.401166110803565,25.060784507821225,37.518692498247376,0.9041609605714177,137.84857200000002,/data1/deasy/Himangi/breast_feature_extraction/Ductal_outputs/TCGA-C8-A1HF-01/tils_tsr_wsi_summary.csv,TCGA-C8-A1HF,Alive,,,332.0,0.0,,,,matched
TCGA-C8-A1HG-01Z-00-DX1.F2AB6D0F-4D6B-491F-915B-92E838E79D67,TCGA-C8-A1HG-01,TCGA-C8-A1HG,0.8120611570403488,stroma-high,6.8827789714287215,6.8827789714287215,7.767608675277778,44.81422461296469,55.18577538703531,48,12,12,12,12,48,49,0.5518577538703531,0.5407845210421308,6.8827789714287215,7.767608675277778,3.391752285234969,0.9688611797055503,152.144172,/data1/deasy/Himangi/breast_feature_extraction/Ductal_outputs/TCGA-C8-A1HG-01/tils_tsr_wsi_summary.csv,TCGA-C8-A1HG,Alive,,,345.0,0.0,,,,matched
TCGA-C8-A1HI-01Z-00-DX1.C6D0F8B8-55ED-477F-BAF7-AA05D0449CC8,TCGA-C8-A1HI-01,TCGA-C8-A1HI,0.37396568102366295,stroma-high,3.820046881429029,3.820046881429029,3.5088941774127953,27.21797830823857,72.78202169176143,27,8,8,8,8,27,29,0.7278202169176143,0.7247261099295046,3.820046881429029,3.5088941774127953,2.817127577148028,0.9752632093964284,55.973772000000004,/data1/deasy/Himangi/breast_feature_extraction/Ductal_outputs/TCGA-C8-A1HI-01/tils_tsr_wsi_summary.csv,TCGA-C8-A1HI,Alive,,,343.0,0.0,,,,matched
TCGA-C8-A1HJ-01Z-00-DX1.745159F1-85E7-4CC0-B088-E1CA91916FB8,TCGA-C8-A1HJ-01,TCGA-C8-A1HJ,2.903295156281618,stroma-low,36.73902207628794,36.73902207628794,10.30962441717688,74.38062047676081,25.619379523239193,10,4,4,4,4,10,8,0.25619379523239194,0.27934406208977786,36.73902207628794,10.30962441717688,43.08560527520516,0.9764200210783852,134.75552399999998,/data1/deasy/Himangi/breast_feature_extraction/Ductal_outputs/TCGA-C8-A1HJ-01/tils_tsr_wsi_summary.csv,TCGA-C8-A1HJ,Alive,,,5.0,0.0,,,,matched
TCGA-C8-A1HM-01Z-00-DX1.F93C3F56-3AA6-4D38-B51E-4694CBEA3830,TCGA-C8-A1HM-01,TCGA-C8-A1HM,4.841515528791995,stroma-low,40.20764570003983,40.20764570003983,26.81222548688896,82.8811548121178,17.1188451878822,5,2,2,2,2,5,3,0.171188451878822,0.1724088449445648,40.20764570003983,26.81222548688896,7.0728276207059935,0.9780012764789816,52.282908,/data1/deasy/Himangi/breast_feature_extraction/Ductal_outputs/TCGA-C8-A1HM-01/tils_tsr_wsi_summary.csv,TCGA-C8-A1HM,Alive,,,375.0,0.0,,,,matched
TCGA-C8-A1HN-01Z-00-DX1.7EBBEAB1-EBB7-456F-8848-AFE2263242B7,TCGA-C8-A1HN-01,TCGA-C8-A1HN,1.7941496083152801,stroma-low,10.960497275426597,10.960497275426597,3.793106310806372,64.21093569850237,35.78906430149764,8,4,4,4,4,8,5,0.3578906430149764,0.3594118843714888,10.960497275426597,3.793106310806372,23.712416956207633,0.9723126563790372,94.766832,/data1/deasy/Himangi/breast_feature_extraction/Ductal_outputs/TCGA-C8-A1HN-01/tils_tsr_wsi_summary.csv,TCGA-C8-A1HN,Alive,,,394.0,0.0,,,,matched
TCGA-C8-A1HO-01Z-00-DX1.0C702CEE-C373-4D00-A706-32206D41AC17,TCGA-C8-A1HO-01,TCGA-C8-A1HO,1.1050807732393202,stroma-low,6.623976182659562,6.623976182659562,3.6699952689412396,52.49588458968301,47.50411541031699,21,4,4,4,4,21,20,0.4750411541031699,0.4741448969234679,6.623976182659562,3.6699952689412396,16.106860563390793,0.9563840129788113,122.94216000000002,/data1/deasy/Himangi/breast_feature_extraction/Ductal_outputs/TCGA-C8-A1HO-01/tils_tsr_wsi_summary.csv,TCGA-C8-A1HO,Alive,,,375.0,0.0,,,,matched
TCGA-C8-A26W-01Z-00-DX1.CFF07941-6CD1-4CF9-BE5F-387DA67B66CC,TCGA-C8-A26W-01,TCGA-C8-A26W,1.1771625549423737,stroma-low,7.450867097178462,7.450867097178462,6.467866345702546,54.06865703574125,45.931342964258754,19,4,4,4,4,19,19,0.45931342964258753,0.45110297000122695,7.450867097178462,6.467866345702546,1.0082185948548719,0.9148077903906069,172.26198000000002,/data1/deasy/Himangi/breast_feature_extraction/Ductal_outputs/TCGA-C8-A26W-01/tils_tsr_wsi_summary.csv,TCGA-C8-A26W,Alive,,,381.0,0.0,,,,matched
TCGA-C8-A26X-01Z-00-DX1.FBD86F91-BAD7-4484-8D50-202340FBF242,TCGA-C8-A26X-01,TCGA-C8-A26X,2.2357822484091208,stroma-low,39.32272763398555,39.32272763398555,12.637992244235624,69.09557185154681,30.904428148453196,4,3,3,3,3,4,1,0.30904428148453195,0.35994256178511974,39.32272763398555,12.637992244235624,12.168801094389897,0.9998644996648386,33.022836,/data1/deasy/Himangi/breast_feature_extraction/Ductal_outputs/TCGA-C8-A26X-01/tils_tsr_wsi_summary.csv,TCGA-C8-A26X,Alive,,,376.0,0.0,,,,matched
TCGA-C8-A26Z-01Z-00-DX1.1A15D951-F3BD-4024-91DD-E7633C09A837,TCGA-C8-A26Z-01,TCGA-C8-A26Z,1.2185061835482214,stroma-low,2.839346273485232,2.839346273485232,1.1520939788916444,54.92462417208025,45.07537582791976,9,4,4,4,4,9,5,0.45075375827919756,0.4487318696862604,2.839346273485232,1.1520939788916444,0.34763201594803556,0.903402416801212,193.6758896875,/data1/deasy/Himangi/breast_feature_extraction/Ductal_outputs/TCGA-C8-A26Z-01/tils_tsr_wsi_summary.csv,TCGA-C8-A26Z,Alive,,,470.0,0.0,,,,matched
TCGA-C8-A273-01Z-00-DX1.6E5D581F-DF80-478D-82D1-6D6525EED1B5,TCGA-C8-A273-01,TCGA-C8-A273,1.289962117166868,stroma-low,3.797619149900708,3.797619149900708,4.861023799650334,56.3311553277049,43.6688446722951,8,4,4,4,4,8,4,0.43668844672295104,0.4268290673358317,3.797619149900708,4.861023799650334,3.5849394757606587,0.7129554366203661,117.22392,/data1/deasy/Himangi/breast_feature_extraction/Ductal_outputs/TCGA-C8-A273-01/tils_tsr_wsi_summary.csv,TCGA-C8-A273,Alive,,,513.0,0.0,,,,matched
TCGA-C8-A274-01Z-00-DX1.B667DAB1-C944-4285-A312-5E4DDAE0EE78,TCGA-C8-A274-01,TCGA-C8-A274,0.6867831452436582,stroma-high,4.992836362393714,4.992836362393714,7.1273674840595085,40.71555654206229,59.28444345793772,14,4,4,4,4,14,16,0.5928444345793772,0.5804202488963532,4.992836362393714,7.1273674840595085,2.3649862066875094,0.9886834376432335,143.787744,/data1/deasy/Himangi/breast_feature_extraction/Ductal_outputs/TCGA-C8-A274-01/tils_tsr_wsi_summary.csv,TCGA-C8-A274,Alive,,,508.0,0.0,,,,matched
TCGA-C8-A275-01Z-00-DX1.44D27E67-4DD6-4893-B38A-01E48F5A358A,TCGA-C8-A275-01,TCGA-C8-A275,1.2821454121148026,stroma-low,25.86088607792948,25.86088607792948,15.271380263592146,56.18158270321053,43.81841729678947,18,4,4,4,4,18,18,0.4381841729678947,0.4158004152188699,25.86088607792948,15.271380263592146,15.732314485063965,0.8723433823974958,178.357104,/data1/deasy/Himangi/breast_feature_extraction/Ductal_outputs/TCGA-C8-A275-01/tils_tsr_wsi_summary.csv,TCGA-C8-A275,Alive,,,1.0,0.0,,,,matched
TCGA-C8-A27A-01Z-00-DX1.0E26C46D-CD65-40F3-8976-EB4415582934,TCGA-C8-A27A-01,TCGA-C8-A27A,2.5082357941280025,stroma-low,18.85792086414993,18.85792086414993,14.136652736912191,71.49564457230113,28.504355427698876,10,4,4,4,4,10,7,0.28504355427698874,0.2777275327948322,18.85792086414993,14.136652736912191,21.62166253115233,0.9584076484100009,107.879796,/data1/deasy/Himangi/breast_feature_extraction/Ductal_outputs/TCGA-C8-A27A-01/tils_tsr_wsi_summary.csv,TCGA-C8-A27A,Alive,,,747.0,0.0,,,,matched
TCGA-C8-A27B-01Z-00-DX1.5A8A14E8-6430-4147-9C71-805024E098CB,TCGA-C8-A27B-01,TCGA-C8-A27B,5.971805295223682,stroma-low,44.56233563101578,44.56233563101578,10.722982967139007,85.65651280185506,14.343487198144942,5,3,3,3,3,5,2,0.1434348719814494,0.1548188394751966,44.56233563101578,10.722982967139007,16.679663614121406,0.9876057165613874,150.740604,/data1/deasy/Himangi/breast_feature_extraction/Ductal_outputs/TCGA-C8-A27B-01/tils_tsr_wsi_summary.csv,TCGA-C8-A27B,Alive,,,439.0,0.0,,,,matched
TCGA-D8-A13Y-01Z-00-DX1.02321E77-A11E-41A5-95FE-BB897EA5CE58,TCGA-D8-A13Y-01,TCGA-D8-A13Y,1.161817650156492,stroma-low,0.33763401488884337,0.33763401488884337,1.311831214912515,53.74262949848657,46.257370501513435,34,6,6,6,6,34,42,0.46257370501513434,0.45971147442817434,0.33763401488884337,1.311831214912515,0.3808288803576342,0.9143486976027452,181.19211,/data1/deasy/Himangi/breast_feature_extraction/Ductal_outputs/TCGA-D8-A13Y-01/TCGA-D8-A13Y-01Z-00-DX1.02321E77-A11E-41A5-95FE-BB897EA5CE58__tils_tsr_wsi_summary.csv,TCGA-D8-A13Y,Alive,,,1728.0,0.0,,,,matched
TCGA-D8-A13Y-01Z-00-DX2.0043D2BB-B04D-4A44-AAB1-1CAAD97AC246,TCGA-D8-A13Y-01,TCGA-D8-A13Y,1.7893961322413519,stroma-low,1.2027235625575186,1.2027235625575186,1.425774052372488,64.14994670561637,35.85005329438361,3,2,2,2,2,3,1,0.35850053294383616,0.355816226127049,1.2027235625575186,1.425774052372488,0.0,0.7497773577365858,133.964473625,/data1/deasy/Himangi/breast_feature_extraction/Ductal_outputs/TCGA-D8-A13Y-01/TCGA-D8-A13Y-01Z-00-DX2.0043D2BB-B04D-4A44-AAB1-1CAAD97AC246__tils_tsr_wsi_summary.csv,TCGA-D8-A13Y,Alive,,,1728.0,0.0,,,,matched
TCGA-D8-A140-01Z-00-DX1.5B9382C0-332C-4FBF-82CD-B9453D02B815,TCGA-D8-A140-01,TCGA-D8-A140,1.4424077384502287,stroma-low,3.8889647759339425,3.8889647759339425,5.0266359487380425,59.05679529845717,40.94320470154283,6,2,2,2,2,6,4,0.4094320470154283,0.4016747341520646,3.8889647759339425,5.0266359487380425,3.243072902005848,0.9735420553705697,30.556217,/data1/deasy/Himangi/breast_feature_extraction/Ductal_outputs/TCGA-D8-A140-01/TCGA-D8-A140-01Z-00-DX1.5B9382C0-332C-4FBF-82CD-B9453D02B815__tils_tsr_wsi_summary.csv,TCGA-D8-A140,Alive,,,403.0,0.0,,,,matched
TCGA-D8-A140-01Z-00-DX2.0C0A62BB-1FB8-47D8-8FAF-112D221F18BE,TCGA-D8-A140-01,TCGA-D8-A140,0.9964412031266119,stroma-high,7.376435771991384,7.376435771991384,9.075093788502864,49.910871483021516,50.08912851697848,7,1,1,1,1,7,9,0.5008912851697848,0.4874779171095321,7.376435771991384,9.075093788502864,2.7897410405884893,0.9926335176744252,39.961202625,/data1/deasy/Himangi/breast_feature_extraction/Ductal_outputs/TCGA-D8-A140-01/TCGA-D8-A140-01Z-00-DX2.0C0A62BB-1FB8-47D8-8FAF-112D221F18BE__tils_tsr_wsi_summary.csv,TCGA-D8-A140,Alive,,,403.0,0.0,,,,matched
TCGA-D8-A141-01Z-00-DX1.10F6EEB2-C920-43FF-B5A7-B5A651CBDBE3,TCGA-D8-A141-01,TCGA-D8-A141,0.3787764391951604,stroma-high,25.619297929096003,25.619297929096003,27.45959021074325,27.471925718158147,72.52807428184185,43,4,4,4,4,43,63,0.7252807428184185,0.7095642555391478,25.619297929096003,27.45959021074325,22.987469591875122,0.9464663055354339,52.684894,/data1/deasy/Himangi/breast_feature_extraction/Ductal_outputs/TCGA-D8-A141-01/TCGA-D8-A141-01Z-00-DX1.10F6EEB2-C920-43FF-B5A7-B5A651CBDBE3__tils_tsr_wsi_summary.csv,TCGA-D8-A141,Alive,,,626.0,0.0,,,,matched
TCGA-D8-A141-01Z-00-DX2.DBD0D81E-28FC-4466-BDE3-94753BD6CBEB,TCGA-D8-A141-01,TCGA-D8-A141,0.7221684666466855,stroma-high,24.430336581076652,24.430336581076652,12.00765923474062,41.9336714516004,58.066328548399596,22,6,6,6,6,22,21,0.5806632854839959,0.5694572962237164,24.430336581076652,12.00765923474062,7.136070884174621,0.9869190646460093,90.789693625,/data1/deasy/Himangi/breast_feature_extraction/Ductal_outputs/TCGA-D8-A141-01/TCGA-D8-A141-01Z-00-DX2.DBD0D81E-28FC-4466-BDE3-94753BD6CBEB__tils_tsr_wsi_summary.csv,TCGA-D8-A141,Alive,,,626.0,0.0,,,,matched
TCGA-D8-A142-01Z-00-DX1.F6D58989-9120-40C9-918D-6B1650C1A8E8,TCGA-D8-A142-01,TCGA-D8-A142,0.9414299608532392,stroma-high,2.6725001836361293,2.6725001836361293,0.7933762430523912,48.49157475861195,51.508425241388046,24,11,11,11,11,24,13,0.5150842524138805,0.5161371868766408,2.6725001836361293,0.7933762430523912,4.980636369722968,0.8703625373805572,106.672226,/data1/deasy/Himangi/breast_feature_extraction/Ductal_outputs/TCGA-D8-A142-01/tils_tsr_wsi_summary.csv,TCGA-D8-A142,Alive,,,425.0,0.0,,,,matched
TCGA-D8-A143-01Z-00-DX1.4697FB2F-91D5-4506-AF23-7DE304D44A3F,TCGA-D8-A143-01,TCGA-D8-A143,1.6928263376280288,stroma-low,32.888709919741096,32.888709919741096,8.707020954006861,62.864296667536,37.13570333246399,28,15,15,15,15,28,17,0.37135703332463993,0.40963209108679854,32.888709919741096,8.707020954006861,35.04930362821537,0.9644865200430359,108.689728,/data1/deasy/Himangi/breast_feature_extraction/Ductal_outputs/TCGA-D8-A143-01/tils_tsr_wsi_summary.csv,TCGA-D8-A143,Alive,,,431.0,0.0,,,,matched
TCGA-D8-A145-01Z-00-DX1.34D4EC27-7FD7-4BE2-95A4-CA521CB5590E,TCGA-D8-A145-01,TCGA-D8-A145,0.7107858943849432,stroma-high,3.8850841168625903,3.8850841168625903,2.918882328198849,41.547331943631846,58.45266805636816,29,11,11,11,11,29,22,0.5845266805636816,0.5812237866009119,3.8850841168625903,2.918882328198849,5.435654069700964,0.9197504224733172,135.466321,/data1/deasy/Himangi/breast_feature_extraction/Ductal_outputs/TCGA-D8-A145-01/TCGA-D8-A145-01Z-00-DX1.34D4EC27-7FD7-4BE2-95A4-CA521CB5590E__tils_tsr_wsi_summary.csv,TCGA-D8-A145,Alive,,,410.0,0.0,,,,matched
TCGA-D8-A145-01Z-00-DX2.B834BF47-1CD6-45EA-BB88-D8ECE1FDDC6A,TCGA-D8-A145-01,TCGA-D8-A145,0.839254238013317,stroma-high,8.839635516294411,8.839635516294411,15.273709612331668,45.63013751268249,54.36986248731751,10,6,6,6,6,10,6,0.5436986248731751,0.5114784144760334,8.839635516294411,15.273709612331668,1.5170322423193325,0.7775758339537145,51.024739999999994,/data1/deasy/Himangi/breast_feature_extraction/Ductal_outputs/TCGA-D8-A145-01/TCGA-D8-A145-01Z-00-DX2.B834BF47-1CD6-45EA-BB88-D8ECE1FDDC6A__tils_tsr_wsi_summary.csv,TCGA-D8-A145,Alive,,,410.0,0.0,,,,matched
TCGA-D8-A146-01Z-00-DX1.D93FB315-E5D7-49BA-8380-38B16B70361B,TCGA-D8-A146-01,TCGA-D8-A146,0.42863487597643934,stroma-high,1.2645541202401562,1.2645541202401562,0.8149114373935648,30.0031087847745,69.9968912152255,30,5,5,5,5,30,34,0.699968912152255,0.6997037761064261,1.2645541202401562,0.8149114373935648,0.7351807298363842,0.9464378966184033,51.676142999999996,/data1/deasy/Himangi/breast_feature_extraction/Ductal_outputs/TCGA-D8-A146-01/tils_tsr_wsi_summary.csv,TCGA-D8-A146,Alive,,,643.0,0.0,,,,matched
TCGA-D8-A147-01Z-00-DX1.159094F2-BB78-4910-B7AE-3D7CAAB1DAD9,TCGA-D8-A147-01,TCGA-D8-A147,1.3855708424142912,stroma-low,8.696849460265538,8.696849460265538,8.247837758607153,58.08131193505196,41.91868806494804,9,2,2,2,2,9,7,0.41918688064948045,0.4019382202023273,8.696849460265538,8.247837758607153,11.795599859164865,0.9894023635016838,183.937445,/data1/deasy/Himangi/breast_feature_extraction/Ductal_outputs/TCGA-D8-A147-01/tils_tsr_wsi_summary.csv,TCGA-D8-A147,Alive,,,584.0,0.0,,,,matched
TCGA-D8-A1J8-01Z-00-DX1.EADAB43A-87C6-47FA-9120-25B69E23366D,TCGA-D8-A1J8-01,TCGA-D8-A1J8,1.4925029347228287,stroma-low,10.173193696099995,10.173193696099995,8.60612616368085,59.87968615526618,40.12031384473383,6,2,2,2,2,6,4,0.4012031384473383,0.38362420998962454,10.173193696099995,8.60612616368085,13.387992856283063,0.9746346468635532,187.410613,/data1/deasy/Himangi/breast_feature_extraction/Ductal_outputs/TCGA-D8-A1J8-01/TCGA-D8-A1J8-01Z-00-DX1.EADAB43A-87C6-47FA-9120-25B69E23366D__tils_tsr_wsi_summary.csv,TCGA-D8-A1J8,Alive,,,431.0,0.0,,,,matched
TCGA-D8-A1J8-01Z-00-DX2.5DCB3447-548D-442C-86B1-CEF79B8689DF,TCGA-D8-A1J8-01,TCGA-D8-A1J8,0.6649665474235094,stroma-high,15.510005141677324,15.510005141677324,10.255022049252874,39.9387332107379,60.06126678926209,57,8,8,8,8,57,60,0.6006126678926209,0.5936256902133975,15.510005141677324,10.255022049252874,19.78404379494921,0.9304329436141032,272.8474378125,/data1/deasy/Himangi/breast_feature_extraction/Ductal_outputs/TCGA-D8-A1J8-01/TCGA-D8-A1J8-01Z-00-DX2.5DCB3447-548D-442C-86B1-CEF79B8689DF__tils_tsr_wsi_summary.csv,TCGA-D8-A1J8,Alive,,,431.0,0.0,,,,matched
TCGA-D8-A1J9-01Z-00-DX1.F81FA9EF-8129-4E17-A9AD-2B850782CC18,TCGA-D8-A1J9-01,TCGA-D8-A1J9,0.6149963035097514,stroma-high,4.159746534162827,4.159746534162827,2.162222084831338,38.08035363135046,61.91964636864953,58,6,6,6,6,58,81,0.6191964636864953,0.6190757640197154,4.159746534162827,2.162222084831338,1.0581445398780032,0.9866723760976609,179.85136500000002,/data1/deasy/Himangi/breast_feature_extraction/Ductal_outputs/TCGA-D8-A1J9-01/TCGA-D8-A1J9-01Z-00-DX1.F81FA9EF-8129-4E17-A9AD-2B850782CC18__tils_tsr_wsi_summary.csv,TCGA-D8-A1J9,Alive,,,532.0,0.0,,,,matched
TCGA-D8-A1J9-01Z-00-DX2.E1C59487-9563-4501-845F-2067A0C5C59B,TCGA-D8-A1J9-01,TCGA-D8-A1J9,0.7854831866106156,stroma-high,10.787872470056827,10.787872470056827,6.312435636953566,43.99275179407873,56.00724820592128,7,4,4,4,4,7,4,0.5600724820592128,0.5563480189858357,10.787872470056827,6.312435636953566,0.005773946337026415,0.966683539350207,58.92376225,/data1/deasy/Himangi/breast_feature_extraction/Ductal_outputs/TCGA-D8-A1J9-01/TCGA-D8-A1J9-01Z-00-DX2.E1C59487-9563-4501-845F-2067A0C5C59B__tils_tsr_wsi_summary.csv,TCGA-D8-A1J9,Alive,,,532.0,0.0,,,,matched
TCGA-D8-A1JA-01Z-00-DX1.BD43F94A-D5A8-490E-AED4-5F3AB24080FA,TCGA-D8-A1JA-01,TCGA-D8-A1JA,1.5013397433920426,stroma-low,5.231100162505113,5.231100162505113,1.8886331462751453,60.02142441298639,39.97857558701361,10,5,5,5,5,10,5,0.3997857558701361,0.3980745179905398,5.231100162505113,1.8886331462751453,13.621426274692539,0.8455846962835787,216.62608500000005,/data1/deasy/Himangi/breast_feature_extraction/Ductal_outputs/TCGA-D8-A1JA-01/tils_tsr_wsi_summary.csv,TCGA-D8-A1JA,Alive,,,502.0,0.0,,,,matched
TCGA-D8-A1JC-01Z-00-DX2.854ABF5D-40F1-48AE-802F-97D75497F1FD,TCGA-D8-A1JC-01,TCGA-D8-A1JC,0.4154128945574995,stroma-high,4.23492922355113,4.23492922355113,1.3995604441267686,29.349237678618863,70.65076232138114,25,6,6,6,6,25,23,0.7065076232138113,0.7078408920824517,4.23492922355113,1.3995604441267686,11.515955976921523,0.9344029458551444,80.0082641875,/data1/deasy/Himangi/breast_feature_extraction/Ductal_outputs/TCGA-D8-A1JC-01/TCGA-D8-A1JC-01Z-00-DX2.854ABF5D-40F1-48AE-802F-97D75497F1FD__tils_tsr_wsi_summary.csv,TCGA-D8-A1JC,Alive,,,480.0,0.0,,,,matched
TCGA-D8-A1JD-01Z-00-DX1.6D215B14-DD90-4635-8645-AF06EBD9BA3F,TCGA-D8-A1JD-01,TCGA-D8-A1JD,0.4258150237883295,stroma-high,12.170108974874562,12.170108974874562,8.741400657378572,29.864675058406746,70.13532494159324,60,11,11,11,11,60,73,0.7013532494159325,0.6970972654050313,12.170108974874562,8.741400657378572,11.092209145412513,0.9609460560909355,152.37247700000003,/data1/deasy/Himangi/breast_feature_extraction/Ductal_outputs/TCGA-D8-A1JD-01/TCGA-D8-A1JD-01Z-00-DX1.6D215B14-DD90-4635-8645-AF06EBD9BA3F__tils_tsr_wsi_summary.csv,TCGA-D8-A1JD,Alive,,,552.0,0.0,,,,matched
TCGA-D8-A1JD-01Z-00-DX2.C6A7667E-25C9-48BD-A4E7-F4BB740FE589,TCGA-D8-A1JD-01,TCGA-D8-A1JD,0.42264608035942974,stroma-high,18.496364951063125,18.496364951063125,13.939261116632052,29.708448657353255,70.29155134264674,64,3,3,3,3,64,99,0.7029155134264674,0.7017242301922074,18.496364951063125,13.939261116632052,19.573338645595918,0.9797039930957102,105.4225096875,/data1/deasy/Himangi/breast_feature_extraction/Ductal_outputs/TCGA-D8-A1JD-01/TCGA-D8-A1JD-01Z-00-DX2.C6A7667E-25C9-48BD-A4E7-F4BB740FE589__tils_tsr_wsi_summary.csv,TCGA-D8-A1JD,Alive,,,552.0,0.0,,,,matched
TCGA-D8-A1JE-01Z-00-DX1.714805A1-E337-46DA-88D9-6CE4B4E3C2D0,TCGA-D8-A1JE-01,TCGA-D8-A1JE,0.7048179596342552,stroma-high,1.518258967255178,1.518258967255178,1.2662424883716519,41.34271085374206,58.65728914625794,64,11,11,11,11,64,73,0.5865728914625794,0.5850672062045174,1.518258967255178,1.2662424883716519,0.5127914516325781,0.9039214155816399,267.957465,/data1/deasy/Himangi/breast_feature_extraction/Ductal_outputs/TCGA-D8-A1JE-01/TCGA-D8-A1JE-01Z-00-DX1.714805A1-E337-46DA-88D9-6CE4B4E3C2D0__tils_tsr_wsi_summary.csv,TCGA-D8-A1JE,Alive,,,575.0,0.0,,,,matched
TCGA-D8-A1JE-01Z-00-DX2.CCF3DFEF-E851-425A-BCD0-0F7B377A00BC,TCGA-D8-A1JE-01,TCGA-D8-A1JE,0.5584640853077157,stroma-high,2.2301352815819944,2.2301352815819944,1.100989687171431,35.83426083235329,64.1657391676467,22,6,6,6,6,22,19,0.6416573916764671,0.6418535668856755,2.2301352815819944,1.100989687171431,0.36738622293368217,0.9080479064016864,51.5153625,/data1/deasy/Himangi/breast_feature_extraction/Ductal_outputs/TCGA-D8-A1JE-01/TCGA-D8-A1JE-01Z-00-DX2.CCF3DFEF-E851-425A-BCD0-0F7B377A00BC__tils_tsr_wsi_summary.csv,TCGA-D8-A1JE,Alive,,,575.0,0.0,,,,matched
TCGA-D8-A1JF-01Z-00-DX1.224EDA43-F822-4A88-814A-BA7D4C60F8CC,TCGA-D8-A1JF-01,TCGA-D8-A1JF,0.8986221703134185,stroma-high,4.803595678701943,4.803595678701943,0.6123740057695175,47.33022632749921,52.66977367250079,29,13,13,13,13,29,21,0.5266977367250079,0.5281366012967889,4.803595678701943,0.6123740057695175,2.9445210493464176,0.9270807145574539,193.24604599999998,/data1/deasy/Himangi/breast_feature_extraction/Ductal_outputs/TCGA-D8-A1JF-01/tils_tsr_wsi_summary.csv,TCGA-D8-A1JF,Alive,,,366.0,0.0,,,,matched
TCGA-D8-A1JG-01Z-00-DX1.BA6D5CC7-3A9B-4D17-A86A-B159D345A216,TCGA-D8-A1JG-01,TCGA-D8-A1JG,0.951652526989029,stroma-high,18.988346689624205,18.988346689624205,4.4520118389523065,48.76137088076942,51.23862911923057,75,10,10,10,10,75,95,0.5123862911923057,0.5376160475426742,18.988346689624205,4.4520118389523065,23.872950268047227,0.9757476357627975,132.005922,/data1/deasy/Himangi/breast_feature_extraction/Ductal_outputs/TCGA-D8-A1JG-01/tils_tsr_wsi_summary.csv,TCGA-D8-A1JG,Alive,,,1612.0,0.0,,,,matched
TCGA-D8-A1JH-01Z-00-DX1.4A4F2502-612C-421D-9F64-444BF2C85620,TCGA-D8-A1JH-01,TCGA-D8-A1JH,0.3128751496152958,stroma-high,1.8187725049948245,1.8187725049948245,0.963146202395203,23.831294979341774,76.16870502065822,46,9,9,9,9,46,61,0.7616870502065822,0.7619185294478973,1.8187725049948245,0.963146202395203,0.9725592476273937,0.8948820466117352,83.356032,/data1/deasy/Himangi/breast_feature_extraction/Ductal_outputs/TCGA-D8-A1JH-01/tils_tsr_wsi_summary.csv,TCGA-D8-A1JH,Alive,,,426.0,0.0,,,,matched
TCGA-D8-A1JI-01Z-00-DX1.9BDB647F-EEAB-4235-BE44-A3815A48CCE0,TCGA-D8-A1JI-01,TCGA-D8-A1JI,0.44751154879878896,stroma-high,0.30345216610138886,0.30345216610138886,0.23744032885417965,30.915922513375072,69.08407748662493,30,8,8,8,8,30,28,0.6908407748662493,0.6906863801129633,0.30345216610138886,0.23744032885417965,0.0503762253687853,0.924003358581088,88.131638,/data1/deasy/Himangi/breast_feature_extraction/Ductal_outputs/TCGA-D8-A1JI-01/TCGA-D8-A1JI-01Z-00-DX1.9BDB647F-EEAB-4235-BE44-A3815A48CCE0__tils_tsr_wsi_summary.csv,TCGA-D8-A1JI,Alive,,,577.0,0.0,,,,matched
TCGA-D8-A1JI-01Z-00-DX2.E688E270-26C9-43EC-BC26-86BF8B74A31D,TCGA-D8-A1JI-01,TCGA-D8-A1JI,0.7383148851247862,stroma-high,3.5048917497104406,3.5048917497104406,3.3813000735170275,42.473023238927496,57.52697676107251,27,2,2,2,2,27,37,0.5752697676107251,0.5716947117343071,3.5048917497104406,3.3813000735170275,1.9414454817692228,0.9403520718411301,92.2983578125,/data1/deasy/Himangi/breast_feature_extraction/Ductal_outputs/TCGA-D8-A1JI-01/TCGA-D8-A1JI-01Z-00-DX2.E688E270-26C9-43EC-BC26-86BF8B74A31D__tils_tsr_wsi_summary.csv,TCGA-D8-A1JI,Alive,,,577.0,0.0,,,,matched
TCGA-D8-A1JJ-01Z-00-DX1.a986b48f-b295-4d7a-b778-ce829cdf9c38,TCGA-D8-A1JJ-01,TCGA-D8-A1JJ,0.39211610131703695,stroma-high,5.625484462452255,5.625484462452255,3.68080997139286,28.166910859379357,71.83308914062066,87,11,11,11,11,87,107,0.7183308914062065,0.7187581210354247,5.625484462452255,3.68080997139286,4.939500811728048,0.8048687342463701,130.639639,/data1/deasy/Himangi/breast_feature_extraction/Ductal_outputs/TCGA-D8-A1JJ-01/TCGA-D8-A1JJ-01Z-00-DX1.a986b48f-b295-4d7a-b778-ce829cdf9c38__tils_tsr_wsi_summary.csv,TCGA-D8-A1JJ,Alive,,,611.0,0.0,,,,matched
TCGA-D8-A1JJ-01Z-00-DX2.7D20F308-7DC6-4367-9459-3AC4C654E7F7,TCGA-D8-A1JJ-01,TCGA-D8-A1JJ,0.35416274643163365,stroma-high,6.610270971442096,6.610270971442096,3.8261307477516144,26.153632372836356,73.84636762716364,83,10,10,10,10,83,113,0.7384636762716364,0.7379167865035606,6.610270971442096,3.8261307477516144,8.224490133844501,0.8935546652916807,176.1457430625,/data1/deasy/Himangi/breast_feature_extraction/Ductal_outputs/TCGA-D8-A1JJ-01/TCGA-D8-A1JJ-01Z-00-DX2.7D20F308-7DC6-4367-9459-3AC4C654E7F7__tils_tsr_wsi_summary.csv,TCGA-D8-A1JJ,Alive,,,611.0,0.0,,,,matched
TCGA-D8-A1JK-01Z-00-DX1.3190C919-A403-460D-9F6C-D2AB5FD3FD05,TCGA-D8-A1JK-01,TCGA-D8-A1JK,0.6041714232186735,stroma-high,2.6551270685927437,2.6551270685927437,2.30341577246597,37.66252250064647,62.33747749935355,66,21,21,21,21,66,57,0.6233747749935354,0.621540544285777,2.6551270685927437,2.30341577246597,1.011590263227389,0.940943514754983,151.15942200000003,/data1/deasy/Himangi/breast_feature_extraction/Ductal_outputs/TCGA-D8-A1JK-01/tils_tsr_wsi_summary.csv,TCGA-D8-A1JK,Alive,,,0.0,0.0,,,,matched
TCGA-D8-A1JL-01Z-00-DX1.FE3F0C6B-F98A-4036-BF9A-25A8CC66B1FD,TCGA-D8-A1JL-01,TCGA-D8-A1JL,1.6724522827201127,stroma-low,26.131563756840897,26.131563756840897,13.20787028775013,62.58118408826496,37.41881591173505,12,3,3,3,3,12,9,0.37418815911735054,0.3577364156641509,26.131563756840897,13.20787028775013,11.878354566490854,0.8730878474405795,317.65441300000003,/data1/deasy/Himangi/breast_feature_extraction/Ductal_outputs/TCGA-D8-A1JL-01/tils_tsr_wsi_summary.csv,TCGA-D8-A1JL,Alive,,,611.0,0.0,,,,matched
TCGA-D8-A1JM-01Z-00-DX1.3CD15BC8-08B3-4BEE-9FD7-A8BEED33268E,TCGA-D8-A1JM-01,TCGA-D8-A1JM,16.215004729412687,stroma-low,35.30738241969919,35.30738241969919,1.5437255951746889,94.1911139978286,5.808886002171412,5,5,5,5,5,5,0,0.058088860021714116,0.07300023437518502,35.30738241969919,1.5437255951746889,,0.9238964535157134,169.763855,/data1/deasy/Himangi/breast_feature_extraction/Ductal_outputs/TCGA-D8-A1JM-01/tils_tsr_wsi_summary.csv,TCGA-D8-A1JM,Alive,,,590.0,0.0,,,,matched
TCGA-D8-A1JP-01Z-00-DX1.B02959C4-6AAD-4ACA-9838-61D224D838E4,TCGA-D8-A1JP-01,TCGA-D8-A1JP,0.38100019572655996,stroma-high,1.554614867973461,1.554614867973461,2.3769133992051343,27.588714100515492,72.41128589948451,55,2,2,2,2,55,86,0.7241128589948451,0.7216459542698468,1.554614867973461,2.3769133992051343,3.640785654160844,0.9785497215182883,94.299065,/data1/deasy/Himangi/breast_feature_extraction/Ductal_outputs/TCGA-D8-A1JP-01/tils_tsr_wsi_summary.csv,TCGA-D8-A1JP,Alive,,,639.0,0.0,,,,matched
TCGA-D8-A1JU-01Z-00-DX1.355D93B4-E69E-417C-B3D1-3E1AAF1E02FE,TCGA-D8-A1JU-01,TCGA-D8-A1JU,0.3229242827089419,stroma-high,0.7694864227048398,0.7694864227048398,1.1479988641267254,24.409883991825467,75.59011600817453,44,1,1,1,1,44,68,0.7559011600817453,0.7549008393559327,0.7694864227048398,1.1479988641267254,0.7392440907071991,0.9863744074730723,64.662216,/data1/deasy/Himangi/breast_feature_extraction/Ductal_outputs/TCGA-D8-A1JU-01/tils_tsr_wsi_summary.csv,TCGA-D8-A1JU,Alive,,,447.0,0.0,,,,matched
TCGA-D8-A1X6-01Z-00-DX1.ABF237D4-708C-46A5-AEF8-58712E5DCC04,TCGA-D8-A1X6-01,TCGA-D8-A1X6,0.7514265141204381,stroma-high,5.507496995386857,5.507496995386857,2.681667030799286,42.903684971207745,57.096315028792255,33,5,5,5,5,33,43,0.5709631502879225,0.5690602696278549,5.507496995386857,2.681667030799286,4.572164029473908,0.997191467314666,192.12587650000003,/data1/deasy/Himangi/breast_feature_extraction/Ductal_outputs/TCGA-D8-A1X6-01/TCGA-D8-A1X6-01Z-00-DX1.ABF237D4-708C-46A5-AEF8-58712E5DCC04__tils_tsr_wsi_summary.csv,TCGA-D8-A1X6,Alive,,,541.0,0.0,,,,matched
TCGA-D8-A1X6-01Z-00-DX2.F36D68F2-70C3-4E0E-ABE6-6969170BA6DC,TCGA-D8-A1X6-01,TCGA-D8-A1X6,2.130631491574031,stroma-low,6.2419800143999264,6.2419800143999264,2.0341299938293202,68.05756274120861,31.942437258791394,4,4,4,4,4,4,0,0.31942437258791395,0.31947471199226607,6.2419800143999264,2.0341299938293202,,0.8954880806657964,150.1427505625,/data1/deasy/Himangi/breast_feature_extraction/Ductal_outputs/TCGA-D8-A1X6-01/TCGA-D8-A1X6-01Z-00-DX2.F36D68F2-70C3-4E0E-ABE6-6969170BA6DC__tils_tsr_wsi_summary.csv,TCGA-D8-A1X6,Alive,,,541.0,0.0,,,,matched
TCGA-D8-A1X9-01Z-00-DX1.28CE7849-EEC5-4ABB-A319-A977A1FD3CD1,TCGA-D8-A1X9-01,TCGA-D8-A1X9,1.0543676847214092,stroma-low,6.637519217033219,6.637519217033219,2.207778414022119,51.323221863489884,48.676778136510116,17,4,4,4,4,17,18,0.4867677813651011,0.4872588673302724,6.637519217033219,2.207778414022119,0.7139597205330945,0.8253758187076792,142.41327375,/data1/deasy/Himangi/breast_feature_extraction/Ductal_outputs/TCGA-D8-A1X9-01/tils_tsr_wsi_summary.csv,TCGA-D8-A1X9,Alive,,,727.0,0.0,,,,matched
TCGA-D8-A1XA-01Z-00-DX1.36A807F0-2D35-4CE3-8A27-CC59181B1A3D,TCGA-D8-A1XA-01,TCGA-D8-A1XA,0.2011348393544351,stroma-high,0.5864284619175473,0.5864284619175473,0.4266620867075995,16.745400496628466,83.25459950337154,18,3,3,3,3,18,22,0.8325459950337154,0.8327105549823666,0.5864284619175473,0.4266620867075995,1.0275788192867004,0.8719722030289946,12.263902,/data1/deasy/Himangi/breast_feature_extraction/Ductal_outputs/TCGA-D8-A1XA-01/tils_tsr_wsi_summary.csv,TCGA-D8-A1XA,Alive,,,839.0,0.0,,,,matched
TCGA-D8-A1XB-01Z-00-DX1.DA8E2FA4-DBBA-4157-8052-B90FB3BB58F1,TCGA-D8-A1XB-01,TCGA-D8-A1XB,0.3102978875356483,stroma-high,6.118883783874679,6.118883783874679,4.354597939079771,23.681476593024442,76.31852340697556,65,4,4,4,4,65,92,0.7631852340697556,0.7635283834351356,6.118883783874679,4.354597939079771,1.9513196090856844,0.9973647688084677,95.80529325,/data1/deasy/Himangi/breast_feature_extraction/Ductal_outputs/TCGA-D8-A1XB-01/TCGA-D8-A1XB-01Z-00-DX1.DA8E2FA4-DBBA-4157-8052-B90FB3BB58F1__tils_tsr_wsi_summary.csv,TCGA-D8-A1XB,Alive,,,552.0,0.0,,,,matched
TCGA-D8-A1XB-01Z-00-DX2.B262C269-F22B-4306-8195-079C0874EF8E,TCGA-D8-A1XB-01,TCGA-D8-A1XB,0.37678045618619793,stroma-high,4.018399413713281,4.018399413713281,1.6349909193644305,27.366778377281204,72.63322162271879,43,2,2,2,2,43,65,0.7263322162271879,0.7269076598123924,4.018399413713281,1.6349909193644305,1.690996495029526,0.9934699627007674,122.385782625,/data1/deasy/Himangi/breast_feature_extraction/Ductal_outputs/TCGA-D8-A1XB-01/TCGA-D8-A1XB-01Z-00-DX2.B262C269-F22B-4306-8195-079C0874EF8E__tils_tsr_wsi_summary.csv,TCGA-D8-A1XB,Alive,,,552.0,0.0,,,,matched
TCGA-D8-A1XD-01Z-00-DX1.E500D561-1F49-4F08-99AE-E8345F21B406,TCGA-D8-A1XD-01,TCGA-D8-A1XD,0.8768539744795768,stroma-high,7.425894008055546,7.425894008055546,5.48704431318487,46.719349848339434,53.280650151660566,20,8,8,8,8,20,17,0.5328065015166057,0.5248239363442672,7.425894008055546,5.48704431318487,9.338743594225274,0.9495173193536054,171.39833625000003,/data1/deasy/Himangi/breast_feature_extraction/Ductal_outputs/TCGA-D8-A1XD-01/tils_tsr_wsi_summary.csv,TCGA-D8-A1XD,Alive,,,522.0,0.0,,,,matched
TCGA-D8-A1XF-01Z-00-DX1.8B9AB4A1-DEC5-4587-B022-3077CCD220F9,TCGA-D8-A1XF-01,TCGA-D8-A1XF,1.0995863808368558,stroma-low,4.394287445335035,4.394287445335035,2.415249110284711,52.37157141391731,47.62842858608269,30,9,9,9,9,30,29,0.4762842858608269,0.4774035447780636,4.394287445335035,2.415249110284711,4.110125595173492,0.9614997116477295,97.47998575,/data1/deasy/Himangi/breast_feature_extraction/Ductal_outputs/TCGA-D8-A1XF-01/TCGA-D8-A1XF-01Z-00-DX1.8B9AB4A1-DEC5-4587-B022-3077CCD220F9__tils_tsr_wsi_summary.csv,TCGA-D8-A1XF,Alive,,,463.0,0.0,,,,matched
TCGA-D8-A1XF-01Z-00-DX2.1460E522-5B87-4690-8B6B-3183C5D282D6,TCGA-D8-A1XF-01,TCGA-D8-A1XF,0.8002399125125604,stroma-high,3.2070619452426556,3.2070619452426556,3.7849672302361683,44.45184816481937,55.548151835180626,67,7,7,7,7,67,95,0.5554815183518063,0.551901694083667,3.2070619452426556,3.7849672302361683,1.434759890186499,0.9919869989924122,124.9492851875,/data1/deasy/Himangi/breast_feature_extraction/Ductal_outputs/TCGA-D8-A1XF-01/TCGA-D8-A1XF-01Z-00-DX2.1460E522-5B87-4690-8B6B-3183C5D282D6__tils_tsr_wsi_summary.csv,TCGA-D8-A1XF,Alive,,,463.0,0.0,,,,matched
TCGA-D8-A1XG-01Z-00-DX1.0A58EF43-B97E-4111-8DC3-2F8D9BDBE7D6,TCGA-D8-A1XG-01,TCGA-D8-A1XG,0.6929806351540737,stroma-high,19.585061920298994,19.585061920298994,24.07797316641704,40.93257895362798,59.06742104637202,35,11,11,11,11,35,31,0.5906742104637202,0.5526701389748883,19.585061920298994,24.07797316641704,13.94964896320776,0.9601574816789636,119.48286875000002,/data1/deasy/Himangi/breast_feature_extraction/Ductal_outputs/TCGA-D8-A1XG-01/tils_tsr_wsi_summary.csv,TCGA-D8-A1XG,Alive,,,448.0,0.0,,,,matched
TCGA-D8-A1XK-01Z-00-DX1.41EB1BBC-F230-4E3F-8C4E-CE331CAF1935,TCGA-D8-A1XK-01,TCGA-D8-A1XK,10.25002276037995,stroma-low,46.19588567429399,46.19588567429399,8.327624601407255,91.11112909458481,8.888870905415187,17,16,16,16,16,17,1,0.08888870905415187,0.11208049633549881,46.19588567429399,8.327624601407255,4.296145401881881,0.9288244851391914,108.22378225,/data1/deasy/Himangi/breast_feature_extraction/Ductal_outputs/TCGA-D8-A1XK-01/tils_tsr_wsi_summary.csv,TCGA-D8-A1XK,Alive,,,441.0,0.0,,,,matched
TCGA-D8-A1XM-01Z-00-DX1.5F6A140E-5D20-45F6-B76F-0F98AB27AD08,TCGA-D8-A1XM-01,TCGA-D8-A1XM,0.42529083132758316,stroma-high,2.3495817883393846,2.3495817883393846,1.7261947498712238,29.838880737866475,70.16111926213352,12,4,4,4,4,12,10,0.7016111926213352,0.7002680048512752,2.3495817883393846,1.7261947498712238,1.2868184623523338,0.8891768082157114,59.309879,/data1/deasy/Himangi/breast_feature_extraction/Ductal_outputs/TCGA-D8-A1XM-01/tils_tsr_wsi_summary.csv,TCGA-D8-A1XM,Alive,,,538.0,0.0,,,,matched
TCGA-D8-A1XQ-01Z-00-DX1.1A17A5C7-F14B-4AD2-AD5F-D3400D86A366,TCGA-D8-A1XQ-01,TCGA-D8-A1XQ,0.9903335814578352,stroma-high,18.36815155850405,18.36815155850405,9.061348537825983,49.75716586826906,50.24283413173094,31,3,3,3,3,31,47,0.5024283413173094,0.5087312153224842,18.36815155850405,9.061348537825983,6.758148821969799,0.9902300605760342,95.44459024999999,/data1/deasy/Himangi/breast_feature_extraction/Ductal_outputs/TCGA-D8-A1XQ-01/tils_tsr_wsi_summary.csv,TCGA-D8-A1XQ,Alive,,,499.0,0.0,,,,matched
TCGA-D8-A1XR-01Z-00-DX1.7F443346-C564-47B6-9736-6944230CAF46,TCGA-D8-A1XR-01,TCGA-D8-A1XR,0.8496909950530205,stroma-high,0.7770367357097874,0.7770367357097874,0.37378257254260416,45.93691580515396,54.06308419484604,76,18,18,18,18,76,88,0.5406308419484604,0.540289480973802,0.7770367357097874,0.37378257254260416,0.08406394535203764,0.9915678305520029,308.33665375,/data1/deasy/Himangi/breast_feature_extraction/Ductal_outputs/TCGA-D8-A1XR-01/TCGA-D8-A1XR-01Z-00-DX1.7F443346-C564-47B6-9736-6944230CAF46__tils_tsr_wsi_summary.csv,TCGA-D8-A1XR,Alive,,,482.0,0.0,,,,matched
TCGA-D8-A1XR-01Z-00-DX2.A103FB8B-4397-4DD4-8587-90A736407484,TCGA-D8-A1XR-01,TCGA-D8-A1XR,0.957537575843038,stroma-high,0.36796597560711536,0.36796597560711536,0.27515966893500976,48.91541228426547,51.08458771573452,27,5,5,5,5,27,31,0.5108458771573452,0.510590020238437,0.36796597560711536,0.27515966893500976,0.09362603284267251,0.9490855730133209,149.68892474999998,/data1/deasy/Himangi/breast_feature_extraction/Ductal_outputs/TCGA-D8-A1XR-01/TCGA-D8-A1XR-01Z-00-DX2.A103FB8B-4397-4DD4-8587-90A736407484__tils_tsr_wsi_summary.csv,TCGA-D8-A1XR,Alive,,,482.0,0.0,,,,matched
TCGA-D8-A1XT-01Z-00-DX1.9E4DEEEB-AB0A-45F6-A69B-65B3E6F22D46,TCGA-D8-A1XT-01,TCGA-D8-A1XT,0.8562082654935305,stroma-high,2.504146888944277,2.504146888944277,0.9511991242594775,46.12673488262272,53.87326511737728,47,7,7,7,7,47,59,0.5387326511737728,0.5396978695705383,2.504146888944277,0.9511991242594775,0.2267953102252024,0.9714103240557069,161.76241325,/data1/deasy/Himangi/breast_feature_extraction/Ductal_outputs/TCGA-D8-A1XT-01/tils_tsr_wsi_summary.csv,TCGA-D8-A1XT,Alive,,,506.0,0.0,,,,matched
TCGA-D8-A1XU-01Z-00-DX1.769DBC38-6F0D-425B-A904-79EBA1C119EF,TCGA-D8-A1XU-01,TCGA-D8-A1XU,0.4075622578631893,stroma-high,0.891598289922749,0.891598289922749,0.20156333429148238,28.955185149814035,71.04481485018597,33,5,5,5,5,33,43,0.7104481485018597,0.7109430352391971,0.891598289922749,0.20156333429148238,4.190988077669542,0.9635599606640028,95.071005,/data1/deasy/Himangi/breast_feature_extraction/Ductal_outputs/TCGA-D8-A1XU-01/tils_tsr_wsi_summary.csv,TCGA-D8-A1XU,Alive,,,395.0,0.0,,,,matched
TCGA-D8-A1XY-01Z-00-DX1.AC051FB4-1D51-449B-BF2D-9DDB4382414C,TCGA-D8-A1XY-01,TCGA-D8-A1XY,0.6616918036844683,stroma-high,0.12098217890502568,0.12098217890502568,0.4131471013531023,39.82036874812161,60.179631251878384,34,8,8,8,8,34,40,0.6017963125187838,0.6009931485884696,0.12098217890502568,0.4131471013531023,0.0,0.9415890221732341,127.56003949999999,/data1/deasy/Himangi/breast_feature_extraction/Ductal_outputs/TCGA-D8-A1XY-01/TCGA-D8-A1XY-01Z-00-DX1.AC051FB4-1D51-449B-BF2D-9DDB4382414C__tils_tsr_wsi_summary.csv,TCGA-D8-A1XY,Alive,,,503.0,0.0,,,,matched
TCGA-D8-A1XY-01Z-00-DX2.33D96E5C-5291-4864-B282-8BACA2043586,TCGA-D8-A1XY-01,TCGA-D8-A1XY,1.4174493169798845,stroma-low,5.232299069382468,5.232299069382468,2.1013688839540348,58.634086225671176,41.36591377432882,4,3,3,3,3,4,1,0.41365913774328816,0.4140467443453292,5.232299069382468,2.1013688839540348,0.0,0.4857532976057768,5.237395187500001,/data1/deasy/Himangi/breast_feature_extraction/Ductal_outputs/TCGA-D8-A1XY-01/TCGA-D8-A1XY-01Z-00-DX2.33D96E5C-5291-4864-B282-8BACA2043586__tils_tsr_wsi_summary.csv,TCGA-D8-A1XY,Alive,,,503.0,0.0,,,,matched
TCGA-D8-A1XZ-01Z-00-DX1.8E51A61D-B01C-4A52-8F5D-44D2ABCA46FC,TCGA-D8-A1XZ-01,TCGA-D8-A1XZ,0.8929528173198226,stroma-high,24.54231365670902,24.54231365670902,13.090493277187813,47.17248148763311,52.8275185123669,20,7,7,7,7,20,14,0.528275185123669,0.514686767315257,24.54231365670902,13.090493277187813,24.17269678027616,0.9527515084018091,92.31420349999999,/data1/deasy/Himangi/breast_feature_extraction/Ductal_outputs/TCGA-D8-A1XZ-01/TCGA-D8-A1XZ-01Z-00-DX1.8E51A61D-B01C-4A52-8F5D-44D2ABCA46FC__tils_tsr_wsi_summary.csv,TCGA-D8-A1XZ,Alive,,,466.0,0.0,,,,matched
TCGA-D8-A1XZ-01Z-00-DX2.73D59546-C003-4DED-80D5-866E7055EC79,TCGA-D8-A1XZ-01,TCGA-D8-A1XZ,0.9108631208581978,stroma-high,19.425121665563022,19.425121665563022,9.78746073471299,47.66762783349523,52.33237216650478,13,3,3,3,3,13,11,0.5233237216650478,0.520702877033013,19.425121665563022,9.78746073471299,23.400687335601,0.986961596749639,69.6561294375,/data1/deasy/Himangi/breast_feature_extraction/Ductal_outputs/TCGA-D8-A1XZ-01/TCGA-D8-A1XZ-01Z-00-DX2.73D59546-C003-4DED-80D5-866E7055EC79__tils_tsr_wsi_summary.csv,TCGA-D8-A1XZ,Alive,,,466.0,0.0,,,,matched
TCGA-D8-A1Y0-01Z-00-DX1.10F40197-4174-43CC-AAD3-8CB85154FB2D,TCGA-D8-A1Y0-01,TCGA-D8-A1Y0,0.5499657961528484,stroma-high,9.79412842261555,9.79412842261555,3.496921140920892,35.482447259024156,64.51755274097583,11,3,3,3,3,11,9,0.6451755274097584,0.6500310550927484,9.79412842261555,3.496921140920892,6.837404917349141,0.961522874138461,28.392478999999998,/data1/deasy/Himangi/breast_feature_extraction/Ductal_outputs/TCGA-D8-A1Y0-01/TCGA-D8-A1Y0-01Z-00-DX1.10F40197-4174-43CC-AAD3-8CB85154FB2D__tils_tsr_wsi_summary.csv,TCGA-D8-A1Y0,Alive,,,472.0,0.0,,,,matched
TCGA-D8-A1Y0-01Z-00-DX2.7C25E941-12A6-46CE-B1A5-488D08E35684,TCGA-D8-A1Y0-01,TCGA-D8-A1Y0,0.3935874158582747,stroma-high,8.46658321119434,8.46658321119434,2.697846410138469,28.24275042810101,71.75724957189898,19,5,5,5,5,19,22,0.7175724957189898,0.7232780383284296,8.46658321119434,2.697846410138469,8.997076200149763,0.944037757751793,26.542677249999997,/data1/deasy/Himangi/breast_feature_extraction/Ductal_outputs/TCGA-D8-A1Y0-01/TCGA-D8-A1Y0-01Z-00-DX2.7C25E941-12A6-46CE-B1A5-488D08E35684__tils_tsr_wsi_summary.csv,TCGA-D8-A1Y0,Alive,,,472.0,0.0,,,,matched
TCGA-D8-A1Y1-01Z-00-DX1.477390C8-2141-4ADD-813E-25220D2A71FC,TCGA-D8-A1Y1-01,TCGA-D8-A1Y1,0.9348922242360265,stroma-high,6.608857587623307,6.608857587623307,5.681729901638255,48.31753482316875,51.68246517683125,69,13,13,13,13,69,82,0.5168246517683125,0.5110758745710067,6.608857587623307,5.681729901638255,3.3682251289708005,0.9114763023433372,277.93454375,/data1/deasy/Himangi/breast_feature_extraction/Ductal_outputs/TCGA-D8-A1Y1-01/TCGA-D8-A1Y1-01Z-00-DX1.477390C8-2141-4ADD-813E-25220D2A71FC__tils_tsr_wsi_summary.csv,TCGA-D8-A1Y1,Dead,302.0,,302.0,1.0,302.0,9.921971252566735,0.8268309377138946,matched
TCGA-D8-A1Y1-01Z-00-DX2.B58DC955-F864-4E78-8B1A-8156E2F7D554,TCGA-D8-A1Y1-01,TCGA-D8-A1Y1,0.7783788243314235,stroma-high,25.54301072697593,25.54301072697593,35.35359654218987,43.76901106118674,56.230988938813255,41,9,9,9,9,41,45,0.5623098893881325,0.49992894722443243,25.54301072697593,35.35359654218987,11.87673718812228,0.9765936179358161,115.615192125,/data1/deasy/Himangi/breast_feature_extraction/Ductal_outputs/TCGA-D8-A1Y1-01/TCGA-D8-A1Y1-01Z-00-DX2.B58DC955-F864-4E78-8B1A-8156E2F7D554__tils_tsr_wsi_summary.csv,TCGA-D8-A1Y1,Dead,302.0,,302.0,1.0,302.0,9.921971252566735,0.8268309377138946,matched
TCGA-D8-A1Y2-01Z-00-DX1.77451A0F-00FD-44A9-A0D0-CB7A39CE74CC,TCGA-D8-A1Y2-01,TCGA-D8-A1Y2,0.2949604992636756,stroma-high,3.661453978769419,3.661453978769419,4.245772364026077,22.777567302739538,77.22243269726047,85,8,8,8,8,85,126,0.7722243269726047,0.7703650170721773,3.661453978769419,4.245772364026077,2.8523506344219793,0.8686794439676523,82.30469525000001,/data1/deasy/Himangi/breast_feature_extraction/Ductal_outputs/TCGA-D8-A1Y2-01/TCGA-D8-A1Y2-01Z-00-DX1.77451A0F-00FD-44A9-A0D0-CB7A39CE74CC__tils_tsr_wsi_summary.csv,TCGA-D8-A1Y2,Alive,,,433.0,0.0,,,,matched
TCGA-D8-A1Y2-01Z-00-DX2.A563ABFE-18DE-4D78-BB66-9CD18D3CBE3A,TCGA-D8-A1Y2-01,TCGA-D8-A1Y2,0.2586906179862472,stroma-high,1.9274919411435294,1.9274919411435294,2.3284124985429724,20.552359276350284,79.44764072364971,69,9,9,9,9,69,87,0.7944764072364972,0.7935817210268787,1.9274919411435294,2.3284124985429724,1.399541253567503,0.766654605802181,62.5666343125,/data1/deasy/Himangi/breast_feature_extraction/Ductal_outputs/TCGA-D8-A1Y2-01/TCGA-D8-A1Y2-01Z-00-DX2.A563ABFE-18DE-4D78-BB66-9CD18D3CBE3A__tils_tsr_wsi_summary.csv,TCGA-D8-A1Y2,Alive,,,433.0,0.0,,,,matched
TCGA-D8-A1Y3-01Z-00-DX1.8AA5F695-A06C-4DEA-AD71-16254A48B218,TCGA-D8-A1Y3-01,TCGA-D8-A1Y3,1.8427587955676963,stroma-low,6.515746058743556,6.515746058743556,1.0988770999162027,64.82290366811438,35.17709633188562,10,4,4,4,4,10,7,0.3517709633188562,0.3553809109241591,6.515746058743556,1.0988770999162027,7.484138210066275,0.9200549166653517,134.0526935,/data1/deasy/Himangi/breast_feature_extraction/Ductal_outputs/TCGA-D8-A1Y3-01/TCGA-D8-A1Y3-01Z-00-DX1.8AA5F695-A06C-4DEA-AD71-16254A48B218__tils_tsr_wsi_summary.csv,TCGA-D8-A1Y3,Alive,,,430.0,0.0,,,,matched
TCGA-D8-A1Y3-01Z-00-DX2.B9BD14AF-52A6-4241-B3B3-03F8F5DFC8DA,TCGA-D8-A1Y3-01,TCGA-D8-A1Y3,1.3574562809626232,stroma-low,2.926817420276343,2.926817420276343,2.570222003102742,57.58139787891766,42.41860212108234,32,8,8,8,8,32,31,0.4241860212108234,0.42074346488882436,2.926817420276343,2.570222003102742,1.0236797182371173,0.9420856282288543,285.98385525,/data1/deasy/Himangi/breast_feature_extraction/Ductal_outputs/TCGA-D8-A1Y3-01/TCGA-D8-A1Y3-01Z-00-DX2.B9BD14AF-52A6-4241-B3B3-03F8F5DFC8DA__tils_tsr_wsi_summary.csv,TCGA-D8-A1Y3,Alive,,,430.0,0.0,,,,matched
TCGA-D8-A27F-01Z-00-DX1.C1A87F27-49F1-46BA-B2E2-A89293F7FD0C,TCGA-D8-A27F-01,TCGA-D8-A27F,1.0922961428494555,stroma-low,8.557425476845584,8.557425476845584,2.6524397424051016,52.205618529788026,47.794381470211974,17,9,9,9,9,17,8,0.4779438147021198,0.47829221785505993,8.557425476845584,2.6524397424051016,6.817880937495913,0.9495300875466189,194.63791525,/data1/deasy/Himangi/breast_feature_extraction/Ductal_outputs/TCGA-D8-A27F-01/tils_tsr_wsi_summary.csv,TCGA-D8-A27F,Alive,,,488.0,0.0,,,,matched
TCGA-D8-A27H-01Z-00-DX1.BE9DFDD4-97C5-4327-B1DA-4B34A6F267C5,TCGA-D8-A27H-01,TCGA-D8-A27H,0.5662529809834186,stroma-high,2.0082210082977636,2.0082210082977636,1.132314752454692,36.153353759485256,63.84664624051475,24,11,11,11,11,24,15,0.6384664624051475,0.6380927655888247,2.0082210082977636,1.132314752454692,0.09926599477276599,0.8983673368914702,92.13385199999999,/data1/deasy/Himangi/breast_feature_extraction/Ductal_outputs/TCGA-D8-A27H-01/tils_tsr_wsi_summary.csv,TCGA-D8-A27H,Alive,,,397.0,0.0,,,,matched
TCGA-D8-A27K-01Z-00-DX1.25AF7928-046B-45BF-BAD6-F34156203F5A,TCGA-D8-A27K-01,TCGA-D8-A27K,0.5786170235450466,stroma-high,6.4394141988742675,6.4394141988742675,4.612863015332967,36.65341339381138,63.346586606188616,26,13,13,13,13,26,15,0.6334658660618862,0.6263819130509749,6.4394141988742675,4.612863015332967,2.8348380403818907,0.8776910069226681,181.85872325000003,/data1/deasy/Himangi/breast_feature_extraction/Ductal_outputs/TCGA-D8-A27K-01/tils_tsr_wsi_summary.csv,TCGA-D8-A27K,Alive,,,1461.0,0.0,,,,matched
TCGA-D8-A27L-01Z-00-DX1.6572593C-B015-4F9A-8C9B-B634CAA0D3B4,TCGA-D8-A27L-01,TCGA-D8-A27L,0.35394887980778506,stroma-high,5.112561793858198,5.112561793858198,6.207598327488487,26.141967771931963,73.85803222806803,40,2,2,2,2,40,56,0.7385803222806803,0.7337360006658858,5.112561793858198,6.207598327488487,4.944747386457704,0.9893996886243783,58.240652250000004,/data1/deasy/Himangi/breast_feature_extraction/Ductal_outputs/TCGA-D8-A27L-01/tils_tsr_wsi_summary.csv,TCGA-D8-A27L,Alive,,,499.0,0.0,,,,matched
TCGA-D8-A27M-01Z-00-DX1.3020D223-2400-4A2D-8BFE-08A5B78FE13B,TCGA-D8-A27M-01,TCGA-D8-A27M,0.6480621195536405,stroma-high,6.639023767847655,6.639023767847655,3.5799307762596433,39.3226755147531,60.677324485246885,14,4,4,4,4,14,13,0.6067732448524689,0.6069172721331434,6.639023767847655,3.5799307762596433,3.8881580187021396,0.9924717132698672,59.51599500000001,/data1/deasy/Himangi/breast_feature_extraction/Ductal_outputs/TCGA-D8-A27M-01/tils_tsr_wsi_summary.csv,TCGA-D8-A27M,Alive,,,410.0,0.0,,,,matched
TCGA-D8-A27N-01Z-00-DX1.85613A4F-1FFB-4091-B925-8E8A7C7A6D95,TCGA-D8-A27N-01,TCGA-D8-A27N,0.44750889526847665,stroma-high,0.9064299341452536,0.9064299341452536,1.4010473878008598,30.915795870496186,69.08420412950382,49,7,7,7,7,49,60,0.6908420412950382,0.6891482297430408,0.9064299341452536,1.4010473878008598,0.3253253302998954,0.8843695897182695,115.36054874999999,/data1/deasy/Himangi/breast_feature_extraction/Ductal_outputs/TCGA-D8-A27N-01/TCGA-D8-A27N-01Z-00-DX1.85613A4F-1FFB-4091-B925-8E8A7C7A6D95__tils_tsr_wsi_summary.csv,TCGA-D8-A27N,Alive,,,519.0,0.0,,,,matched
TCGA-D8-A27N-01Z-00-DX2.EB803DEC-438B-43A9-B906-FD7C3B9A0138,TCGA-D8-A27N-01,TCGA-D8-A27N,0.33279031077795324,stroma-high,2.52206146967442,2.52206146967442,2.067552844135665,24.969442536215816,75.03055746378418,18,7,7,7,7,18,16,0.7503055746378418,0.7497582954515448,2.52206146967442,2.067552844135665,1.2720773004215498,0.9473717468268595,20.0541946875,/data1/deasy/Himangi/breast_feature_extraction/Ductal_outputs/TCGA-D8-A27N-01/TCGA-D8-A27N-01Z-00-DX2.EB803DEC-438B-43A9-B906-FD7C3B9A0138__tils_tsr_wsi_summary.csv,TCGA-D8-A27N,Alive,,,519.0,0.0,,,,matched
TCGA-D8-A27P-01Z-00-DX1.EF426996-D0DC-4418-BEC4-F7CE3C82C869,TCGA-D8-A27P-01,TCGA-D8-A27P,0.41598510377541315,stroma-high,0.9726413137302772,0.9726413137302772,1.1711082400898756,29.37778813253616,70.62221186746385,41,4,4,4,4,41,52,0.7062221186746385,0.7054079736825238,0.9726413137302772,1.1711082400898756,1.2915280465532553,0.9345884375596492,55.62555549999999,/data1/deasy/Himangi/breast_feature_extraction/Ductal_outputs/TCGA-D8-A27P-01/tils_tsr_wsi_summary.csv,TCGA-D8-A27P,Alive,,,49.0,0.0,,,,matched
TCGA-D8-A27R-01Z-00-DX1.F6E2FD1C-0666-4788-8D95-A76D15907270,TCGA-D8-A27R-01,TCGA-D8-A27R,0.8316701054488448,stroma-high,4.055229564763829,4.055229564763829,1.5654036060103915,45.40501605473583,54.59498394526416,48,18,18,18,18,48,35,0.5459498394526416,0.546568365874259,4.055229564763829,1.5654036060103915,1.5406964115425348,0.8073595579092001,245.4068625,/data1/deasy/Himangi/breast_feature_extraction/Ductal_outputs/TCGA-D8-A27R-01/TCGA-D8-A27R-01Z-00-DX1.F6E2FD1C-0666-4788-8D95-A76D15907270__tils_tsr_wsi_summary.csv,TCGA-D8-A27R,Alive,,,307.0,0.0,,,,matched
TCGA-D8-A27R-01Z-00-DX2.31F47D8F-DFD7-42AE-BBBA-7DBBA12FA97D,TCGA-D8-A27R-01,TCGA-D8-A27R,0.8684263089221613,stroma-high,5.7554682053069754,5.7554682053069754,2.26465516004828,46.47902380603548,53.52097619396452,43,26,26,26,26,43,20,0.5352097619396452,0.5348218644471063,5.7554682053069754,2.26465516004828,18.181296416933726,0.8352040992389588,229.61133,/data1/deasy/Himangi/breast_feature_extraction/Ductal_outputs/TCGA-D8-A27R-01/TCGA-D8-A27R-01Z-00-DX2.31F47D8F-DFD7-42AE-BBBA-7DBBA12FA97D__tils_tsr_wsi_summary.csv,TCGA-D8-A27R,Alive,,,307.0,0.0,,,,matched
TCGA-E2-A109-01Z-00-DX1.FCF5E9FC-F9FE-4F5F-96DD-5628E2609BEF,TCGA-E2-A109-01,TCGA-E2-A109,1.4031250814397245,stroma-low,8.667087343511367,8.667087343511367,1.549428225157997,58.38751766508571,41.61248233491429,12,6,6,6,6,12,7,0.4161248233491429,0.41708408734805147,8.667087343511367,1.549428225157997,5.921887675009842,0.8954951854895531,128.149684,/data1/deasy/Himangi/breast_feature_extraction/Ductal_outputs/TCGA-E2-A109-01/tils_tsr_wsi_summary.csv,TCGA-E2-A109,Alive,,,1417.0,0.0,,,,matched
TCGA-E2-A10C-01Z-00-DX1.29A2B20B-29C6-4491-ADAB-0584C772EF25,TCGA-E2-A10C-01,TCGA-E2-A10C,0.8050173805766021,stroma-high,5.458488791171122,5.458488791171122,2.962538909714484,44.59887141471425,55.401128585285754,17,6,6,6,6,17,15,0.5540112858528575,0.5535992378653849,5.458488791171122,2.962538909714484,3.5276062849924275,0.8759866840485335,65.109131,/data1/deasy/Himangi/breast_feature_extraction/Ductal_outputs/TCGA-E2-A10C-01/tils_tsr_wsi_summary.csv,TCGA-E2-A10C,Alive,,,1220.0,0.0,,,,matched
TCGA-E2-A10E-01Z-00-DX1.C45030A9-CC1A-4BA7-8F62-872619C5AD5E,TCGA-E2-A10E-01,TCGA-E2-A10E,0.9911048169157383,stroma-high,3.579271875007762,3.579271875007762,0.08453431119587733,49.77662695080914,50.22337304919087,18,5,5,5,5,18,17,0.5022337304919087,0.5030522335111888,3.579271875007762,0.08453431119587733,4.033947973961194,0.955850524969146,149.933598,/data1/deasy/Himangi/breast_feature_extraction/Ductal_outputs/TCGA-E2-A10E-01/tils_tsr_wsi_summary.csv,TCGA-E2-A10E,Alive,,,865.0,0.0,,,,matched
TCGA-E2-A14N-01Z-00-DX1.15F5644F-CA9F-4688-B56E-BCC00CA4769B,TCGA-E2-A14N-01,TCGA-E2-A14N,6.153650101631506,stroma-low,32.11659581497175,32.11659581497175,4.315102510871868,86.02112228312741,13.97887771687259,11,6,5,6,6,11,5,0.1397887771687259,0.15734583451864473,32.11659581497175,4.315102510871868,32.29014094864118,0.9969884190602283,112.9258035,/data1/deasy/Himangi/breast_feature_extraction/Ductal_outputs/TCGA-E2-A14N-01/tils_tsr_wsi_summary.csv,TCGA-E2-A14N,Alive,,,1434.0,0.0,,,,matched
TCGA-E2-A14O-01Z-00-DX1.432DB252-35D4-4B02-B0A7-39BF85A38F89,TCGA-E2-A14O-01,TCGA-E2-A14O,0.49832090112429606,stroma-high,0.19482983449329142,0.19482983449329142,0.008801605105388797,33.25862308604056,66.74137691395944,13,2,2,2,2,13,18,0.6674137691395944,0.6675577416367748,0.19482983449329142,0.008801605105388797,0.27207305348669497,0.9892337801422804,46.221513,/data1/deasy/Himangi/breast_feature_extraction/Ductal_outputs/TCGA-E2-A14O-01/tils_tsr_wsi_summary.csv,TCGA-E2-A14O,Alive,,,1359.0,0.0,,,,matched
TCGA-E2-A14P-01Z-00-DX1.663B02FF-C64B-41A6-8685-FD61CD76F9C6,TCGA-E2-A14P-01,TCGA-E2-A14P,0.8312194543629684,stroma-high,42.6702944884514,42.6702944884514,32.89619016550073,45.39158058759959,54.6084194124004,45,7,6,7,7,45,55,0.546084194124004,0.5325472511130057,42.6702944884514,32.89619016550073,46.40526896080346,0.9127710309864672,130.83213100000003,/data1/deasy/Himangi/breast_feature_extraction/Ductal_outputs/TCGA-E2-A14P-01/tils_tsr_wsi_summary.csv,TCGA-E2-A14P,Alive,,,1246.0,0.0,,,,matched
TCGA-E2-A14Q-01Z-00-DX1.C19BA7FD-D986-4E3B-9A79-F3531A78F05D,TCGA-E2-A14Q-01,TCGA-E2-A14Q,0.7230803602111922,stroma-high,2.014210612440471,2.014210612440471,2.3774538029010523,41.964401481691,58.035598518308994,46,15,15,15,15,46,38,0.58035598518309,0.5773317785718455,2.014210612440471,2.3774538029010523,0.9095104471320062,0.9417644165707875,119.63745575,/data1/deasy/Himangi/breast_feature_extraction/Ductal_outputs/TCGA-E2-A14Q-01/tils_tsr_wsi_summary.csv,TCGA-E2-A14Q,Alive,,,1163.0,0.0,,,,matched
TCGA-E2-A14R-01Z-00-DX1.DDE62ED5-1FC0-4B3B-A874-95C08B33AB20,TCGA-E2-A14R-01,TCGA-E2-A14R,1.6813739399716683,stroma-low,21.487515955748997,21.487515955748997,6.0431539543543,62.705686622337865,37.29431337766213,18,4,4,4,4,18,20,0.3729431337766213,0.3814172738769134,21.487515955748997,6.0431539543543,6.4373756756043745,0.8847676432195375,115.20596175000001,/data1/deasy/Himangi/breast_feature_extraction/Ductal_outputs/TCGA-E2-A14R-01/tils_tsr_wsi_summary.csv,TCGA-E2-A14R,Alive,,,1174.0,0.0,,,,matched
TCGA-E2-A14S-01Z-00-DX1.5C332E99-7296-473A-9917-7EFC38A8251D,TCGA-E2-A14S-01,TCGA-E2-A14S,0.9441193102900359,stroma-high,4.03333794271244,4.03333794271244,1.0280404369951008,48.5628276666408,51.43717233335919,10,5,5,5,5,10,5,0.5143717233335919,0.5162168855841317,4.03333794271244,1.0280404369951008,2.013393759830499,0.9027092134136137,38.17010675,/data1/deasy/Himangi/breast_feature_extraction/Ductal_outputs/TCGA-E2-A14S-01/tils_tsr_wsi_summary.csv,TCGA-E2-A14S,Alive,,,1009.0,0.0,,,,matched
TCGA-E2-A14T-01Z-00-DX1.61B4C988-6D75-447B-A5F4-9DE92CEACC9F,TCGA-E2-A14T-01,TCGA-E2-A14T,0.6583618160304187,stroma-high,0.9201881390525019,0.9201881390525019,0.21854029730130667,39.69952815280827,60.300471847191716,25,13,13,13,13,25,18,0.6030047184719172,0.6033248793688778,0.9201881390525019,0.21854029730130667,3.317462246845161,0.7433638961613463,104.9388085,/data1/deasy/Himangi/breast_feature_extraction/Ductal_outputs/TCGA-E2-A14T-01/tils_tsr_wsi_summary.csv,TCGA-E2-A14T,Alive,,,2311.0,0.0,,,,matched
TCGA-E2-A14W-01Z-00-DX1.2AF665A9-F582-4C41-B2B8-1982648CDEC7,TCGA-E2-A14W-01,TCGA-E2-A14W,1.5415240522547045,stroma-low,1.1932225699037904,1.1932225699037904,0.2685650929113754,60.653529951335564,39.346470048664436,4,4,4,4,4,4,0,0.39346470048664434,0.3936374982075668,1.1932225699037904,0.2685650929113754,,0.840511149627433,40.553323,/data1/deasy/Himangi/breast_feature_extraction/Ductal_outputs/TCGA-E2-A14W-01/tils_tsr_wsi_summary.csv,TCGA-E2-A14W,Alive,,,974.0,0.0,,,,matched
TCGA-E2-A14X-01Z-00-DX1.24ADDA43-F127-4A6B-9AAD-2FAD982A853D,TCGA-E2-A14X-01,TCGA-E2-A14X,0.9707737314062761,stroma-high,27.333948304059724,27.333948304059724,7.884707561677996,49.25850775946589,50.7414922405341,41,10,10,10,10,41,42,0.507414922405341,0.5201862919547863,27.333948304059724,7.884707561677996,32.848758392240924,0.9756048900460172,161.81394224999997,/data1/deasy/Himangi/breast_feature_extraction/Ductal_outputs/TCGA-E2-A14X-01/tils_tsr_wsi_summary.csv,TCGA-E2-A14X,Alive,,,972.0,0.0,,,,matched
TCGA-E2-A14Y-01Z-00-DX1.804A22A3-FD8D-4C8A-A766-48D28434DE22,TCGA-E2-A14Y-01,TCGA-E2-A14Y,2.317736153046371,stroma-low,6.174918562529146,6.174918562529146,1.716735969477383,69.85896545505005,30.14103454494994,12,7,7,7,7,12,5,0.3014103454494994,0.3002561737816835,6.174918562529146,1.716735969477383,7.160158331217749,0.8684498494268664,228.72434874999996,/data1/deasy/Himangi/breast_feature_extraction/Ductal_outputs/TCGA-E2-A14Y-01/tils_tsr_wsi_summary.csv,TCGA-E2-A14Y,Alive,,,2109.0,0.0,,,,matched
TCGA-E2-A14Z-01Z-00-DX1.A1344A78-1842-4578-8CDE-921E50656891,TCGA-E2-A14Z-01,TCGA-E2-A14Z,0.6225541742491795,stroma-high,4.286712318683432,4.286712318683432,1.6460071540920957,38.36877585534302,61.63122414465698,16,1,1,1,1,16,20,0.6163122414465698,0.6167013428603985,4.286712318683432,1.6460071540920957,0.004801374528643653,0.9720525348977661,84.352973,/data1/deasy/Himangi/breast_feature_extraction/Ductal_outputs/TCGA-E2-A14Z-01/tils_tsr_wsi_summary.csv,TCGA-E2-A14Z,Dead,563.0,,563.0,1.0,563.0,18.496919917864478,1.541409993155373,matched
TCGA-E2-A150-01Z-00-DX1.55643D23-83E6-4058-8EA5-18AAA8547839,TCGA-E2-A150-01,TCGA-E2-A150,1.3243422784076218,stroma-low,6.68765875089664,6.68765875089664,0.8207916469991969,56.97707651365841,43.0229234863416,18,4,4,4,4,18,20,0.43022923486341597,0.4341950731561809,6.68765875089664,0.8207916469991969,8.261264533850735,0.9811785772586612,154.70294025,/data1/deasy/Himangi/breast_feature_extraction/Ductal_outputs/TCGA-E2-A150-01/tils_tsr_wsi_summary.csv,TCGA-E2-A150,Alive,,,1935.0,0.0,,,,matched
TCGA-E2-A152-01Z-00-DX1.B0860DEB-D34B-4C5D-97F5-C1C646437424,TCGA-E2-A152-01,TCGA-E2-A152,0.4947716667089382,stroma-high,1.9205779289452278,1.9205779289452278,1.2595440999425458,33.10015019205472,66.89984980794527,72,11,11,11,11,72,77,0.6689984980794527,0.6686928882810189,1.9205779289452278,1.2595440999425458,1.823822332593553,0.9924357568404747,146.69018074999997,/data1/deasy/Himangi/breast_feature_extraction/Ductal_outputs/TCGA-E2-A152-01/tils_tsr_wsi_summary.csv,TCGA-E2-A152,Alive,,,2128.0,0.0,,,,matched
TCGA-E2-A155-01Z-00-DX1.A5AF232A-61BB-4FDC-ABF9-2FE9BA461BDC,TCGA-E2-A155-01,TCGA-E2-A155,0.5672736567493006,stroma-high,17.97404443457144,17.97404443457144,10.95376569816899,36.19493343146525,63.80506656853474,67,4,4,4,4,67,87,0.6380506656853474,0.6390984133892991,17.97404443457144,10.95376569816899,18.977440997219915,0.9851280448011708,139.10253550000002,/data1/deasy/Himangi/breast_feature_extraction/Ductal_outputs/TCGA-E2-A155-01/tils_tsr_wsi_summary.csv,TCGA-E2-A155,Alive,,,640.0,0.0,,,,matched
TCGA-E2-A156-01Z-00-DX1.CEF32B4D-A676-4230-992D-45A046E4043A,TCGA-E2-A156-01,TCGA-E2-A156,1.724979575781304,stroma-low,0.7411776356432175,0.7411776356432175,0.5289143831365435,63.302477241016355,36.697522758983645,8,2,2,2,2,8,8,0.3669752275898365,0.3663850728367918,0.7411776356432175,0.5289143831365435,1.5561066539118624,0.8625787885971686,118.24617275,/data1/deasy/Himangi/breast_feature_extraction/Ductal_outputs/TCGA-E2-A156-01/tils_tsr_wsi_summary.csv,TCGA-E2-A156,Alive,,,726.0,0.0,,,,matched
TCGA-E2-A158-01Z-00-DX1.994C60FE-E651-4224-95E7-4669834F2338,TCGA-E2-A158-01,TCGA-E2-A158,0.43726122439550286,stroma-high,10.77261534766168,10.77261534766168,1.4709665194049564,30.423225574697486,69.57677442530252,4,1,1,1,1,4,3,0.6957677442530251,0.6987724182161871,10.77261534766168,1.4709665194049564,4.175569533800769,0.9853113986955087,21.9255895,/data1/deasy/Himangi/breast_feature_extraction/Ductal_outputs/TCGA-E2-A158-01/tils_tsr_wsi_summary.csv,TCGA-E2-A158,Alive,,,450.0,0.0,,,,matched
TCGA-E2-A159-01Z-00-DX1.C8DC3356-CAE9-4E7A-AEFF-ABB4BE38192B,TCGA-E2-A159-01,TCGA-E2-A159,2.5286055583487435,stroma-low,29.591361140124896,29.591361140124896,8.20805139744284,71.66019314247288,28.339806857527105,10,5,5,5,5,10,5,0.28339806857527106,0.29182551341997504,29.591361140124896,8.20805139744284,20.22629889886108,0.9210637264054344,169.4015875,/data1/deasy/Himangi/breast_feature_extraction/Ductal_outputs/TCGA-E2-A159-01/tils_tsr_wsi_summary.csv,TCGA-E2-A159,Alive,,,762.0,0.0,,,,matched
TCGA-E2-A15A-01Z-00-DX1.B9D22735-FE9F-46D9-84E6-0C71A1BF84D6,TCGA-E2-A15A-01,TCGA-E2-A15A,0.46252108934792757,stroma-high,0.4323432843808782,0.4323432843808782,0.9639445245459918,31.6249175971982,68.3750824028018,113,16,16,16,16,113,145,0.683750824028018,0.6824258036461038,0.4323432843808782,0.9639445245459918,0.4241204081127958,0.975876773133526,135.0317445,/data1/deasy/Himangi/breast_feature_extraction/Ductal_outputs/TCGA-E2-A15A-01/tils_tsr_wsi_summary.csv,TCGA-E2-A15A,Alive,,,710.0,0.0,,,,matched
TCGA-E2-A15C-01Z-00-DX1.26E13415-1D37-43C7-9EBB-4411BE7FCE10,TCGA-E2-A15C-01,TCGA-E2-A15C,0.35190300606097463,stroma-high,3.719608199798072,3.719608199798072,1.275813078980251,26.030196285036062,73.96980371496394,68,5,5,5,5,68,103,0.7396980371496394,0.7418272376726917,3.719608199798072,1.275813078980251,4.25822856305265,0.9718972741858319,111.972517,/data1/deasy/Himangi/breast_feature_extraction/Ductal_outputs/TCGA-E2-A15C-01/tils_tsr_wsi_summary.csv,TCGA-E2-A15C,Alive,,,694.0,0.0,,,,matched
TCGA-E2-A15D-01Z-00-DX1.AA5AF847-3635-4BAF-AAC3-BADB4A1B2CB1,TCGA-E2-A15D-01,TCGA-E2-A15D,0.5133560762520288,stroma-high,2.7133265321450946,2.7133265321450946,0.9569419181256098,33.92169789435176,66.07830210564825,39,9,9,9,9,39,46,0.6607830210564825,0.661368650190224,2.7133265321450946,0.9569419181256098,0.4307868922683373,0.9345074154136704,127.85633125,/data1/deasy/Himangi/breast_feature_extraction/Ductal_outputs/TCGA-E2-A15D-01/tils_tsr_wsi_summary.csv,TCGA-E2-A15D,Alive,,,526.0,0.0,,,,matched
TCGA-E2-A15F-01Z-00-DX1.F022214A-3F0C-4DA4-A0EE-735D27480A45,TCGA-E2-A15F-01,TCGA-E2-A15F,0.9029853210836812,stroma-high,2.3679213402854034,2.3679213402854034,0.7514627609210427,47.45098719781316,52.549012802186844,12,7,7,7,7,12,6,0.5254901280218685,0.5262452390526634,2.3679213402854034,0.7514627609210427,3.6544325241732354,0.9211965706187911,27.928718000000003,/data1/deasy/Himangi/breast_feature_extraction/Ductal_outputs/TCGA-E2-A15F-01/tils_tsr_wsi_summary.csv,TCGA-E2-A15F,Alive,,,658.0,0.0,,,,matched
TCGA-E2-A15H-01Z-00-DX1.E3A9DFDC-204D-4F03-98D9-97BBBB74E840,TCGA-E2-A15H-01,TCGA-E2-A15H,0.3136821212481171,stroma-high,2.6625918408092577,2.6625918408092577,1.0861718908149929,23.878084064209585,76.12191593579041,29,10,10,10,10,29,29,0.7612191593579041,0.7621015333991702,2.6625918408092577,1.0861718908149929,6.214408897794704,0.9859446388098589,50.3695975,/data1/deasy/Himangi/breast_feature_extraction/Ductal_outputs/TCGA-E2-A15H-01/tils_tsr_wsi_summary.csv,TCGA-E2-A15H,Alive,,,393.0,0.0,,,,matched
TCGA-E2-A15I-01Z-00-DX1.DFF60A40-B03D-438F-A233-06132A213619,TCGA-E2-A15I-01,TCGA-E2-A15I,0.2974754642413021,stroma-high,2.5823050164446446,2.5823050164446446,10.284152584776155,22.927251608202912,77.07274839179709,1,1,1,1,1,1,0,0.7707274839179709,0.7564738466028135,2.5823050164446446,10.284152584776155,,0.9693877546916175,1.2624605,/data1/deasy/Himangi/breast_feature_extraction/Ductal_outputs/TCGA-E2-A15I-01/tils_tsr_wsi_summary.csv,TCGA-E2-A15I,Alive,,,1692.0,0.0,,,,matched
TCGA-E2-A15J-01Z-00-DX1.BF7901D1-30B1-4A76-B0A5-E9B8B36EF4C9,TCGA-E2-A15J-01,TCGA-E2-A15J,1.8312676765429083,stroma-low,6.094829618445469,6.094829618445469,0.32172045201274374,64.68013221480209,35.31986778519791,18,11,11,11,11,18,7,0.35319867785197906,0.35677002353497733,6.094829618445469,0.32172045201274374,3.883062790448575,0.9498483880135072,110.36223575,/data1/deasy/Himangi/breast_feature_extraction/Ductal_outputs/TCGA-E2-A15J-01/tils_tsr_wsi_summary.csv,TCGA-E2-A15J,Alive,,,1640.0,0.0,,,,matched
TCGA-E2-A15K-01Z-00-DX1.9F424BE2-9BFE-4DFF-8CC9-10D2DADBBEA7,TCGA-E2-A15K-01,TCGA-E2-A15K,1.166020721496416,stroma-low,27.64672962165956,27.64672962165956,5.015879666718253,53.83238996397317,46.16761003602682,12,5,5,5,5,12,7,0.46167610036026824,0.4869792176150257,27.64672962165956,5.015879666718253,39.83351900271101,0.8137703633350748,29.783762000000003,/data1/deasy/Himangi/breast_feature_extraction/Ductal_outputs/TCGA-E2-A15K-01/tils_tsr_wsi_summary.csv,TCGA-E2-A15K,Alive,,,275.0,0.0,,,,matched
TCGA-E2-A15O-01Z-00-DX1.4D0F3975-93EA-4DC2-AD0C-A76A24C3AE0C,TCGA-E2-A15O-01,TCGA-E2-A15O,0.8900712914816221,stroma-high,3.553795151405945,3.553795151405945,1.7540840057302554,47.09194280094575,52.90805719905425,34,9,9,9,9,34,30,0.5290805719905425,0.529399349828321,3.553795151405945,1.7540840057302554,0.14302496025159112,0.9166489999939184,73.41594274999999,/data1/deasy/Himangi/breast_feature_extraction/Ductal_outputs/TCGA-E2-A15O-01/tils_tsr_wsi_summary.csv,TCGA-E2-A15O,Alive,,,289.0,0.0,,,,matched
TCGA-E2-A15P-01Z-00-DX1.4C7F95DC-B319-4A78-8F34-8CB9166EA6A8,TCGA-E2-A15P-01,TCGA-E2-A15P,0.668299389508343,stroma-high,10.139294269148499,10.139294269148499,0.9184638181717419,40.05872049772161,59.9412795022784,16,6,6,6,6,16,15,0.599412795022784,0.6036835199329,10.139294269148499,0.9184638181717419,18.48991506047174,0.89816963585925,59.25835,/data1/deasy/Himangi/breast_feature_extraction/Ductal_outputs/TCGA-E2-A15P-01/tils_tsr_wsi_summary.csv,TCGA-E2-A15P,Alive,,,595.0,0.0,,,,matched
TCGA-E2-A15R-01Z-00-DX1.B58D2D9D-05EE-4D66-8DC0-9E5C6AD2E3D3,TCGA-E2-A15R-01,TCGA-E2-A15R,0.6169134922988189,stroma-high,1.0317713788304324,1.0317713788304324,1.0264776222715601,38.15377230984279,61.84622769015721,31,21,21,21,21,31,10,0.6184622769015721,0.617336728454492,1.0317713788304324,1.0264776222715601,1.4459303981184355,0.9291399328390448,59.3871725,/data1/deasy/Himangi/breast_feature_extraction/Ductal_outputs/TCGA-E2-A15R-01/tils_tsr_wsi_summary.csv,TCGA-E2-A15R,Alive,,,1732.0,0.0,,,,matched
TCGA-E2-A15S-01Z-00-DX1.77CFA95F-F1AE-41BD-BAF8-BCA6F0DFA3A3,TCGA-E2-A15S-01,TCGA-E2-A15S,0.5202786714675951,stroma-high,6.086155101074253,6.086155101074253,10.892702161666964,34.222585716166506,65.7774142838335,21,7,7,7,7,21,18,0.6577741428383349,0.6426742685559832,6.086155101074253,10.892702161666964,3.1453140205777967,0.9854724108589619,30.20887625,/data1/deasy/Himangi/breast_feature_extraction/Ductal_outputs/TCGA-E2-A15S-01/tils_tsr_wsi_summary.csv,TCGA-E2-A15S,Alive,,,428.0,0.0,,,,matched
TCGA-E2-A15T-01Z-00-DX1.23913E37-53A8-4E11-9B64-CDD016F6D87A,TCGA-E2-A15T-01,TCGA-E2-A15T,0.8268535679277377,stroma-high,1.9576786093469998,1.9576786093469998,1.4242482071191531,45.261075241277595,54.738924758722405,79,14,14,14,14,79,94,0.5473892475872241,0.5472371095643304,1.9576786093469998,1.4242482071191531,1.8541712215864985,0.7960025990124782,123.411955,/data1/deasy/Himangi/breast_feature_extraction/Ductal_outputs/TCGA-E2-A15T-01/tils_tsr_wsi_summary.csv,TCGA-E2-A15T,Alive,,,1563.0,0.0,,,,matched
TCGA-E2-A1B0-01Z-00-DX1.4C50EC91-A62A-450E-88C0-7DCAB8E9724C,TCGA-E2-A1B0-01,TCGA-E2-A1B0,0.4881038699394858,stroma-high,3.9748066548481598,3.9748066548481598,1.1105668931737163,32.800389798014216,67.19961020198579,57,16,16,16,16,57,53,0.6719961020198579,0.6742417967383225,3.9748066548481598,1.1105668931737163,6.0288685238840545,0.8757560876213202,155.0765255,/data1/deasy/Himangi/breast_feature_extraction/Ductal_outputs/TCGA-E2-A1B0-01/tils_tsr_wsi_summary.csv,TCGA-E2-A1B0,Alive,,,1631.0,0.0,,,,matched
TCGA-E2-A1B1-01Z-00-DX1.7C8DF153-B09B-44C7-87B8-14591E319354,TCGA-E2-A1B1-01,TCGA-E2-A1B1,0.24850712491394666,stroma-high,0.95983260843936,0.95983260843936,0.12598134471762068,19.90434174983783,80.09565825016216,21,3,3,3,3,21,23,0.8009565825016216,0.8017171798816126,0.95983260843936,0.12598134471762068,0.41314474046109784,0.9652871808305669,26.692022,/data1/deasy/Himangi/breast_feature_extraction/Ductal_outputs/TCGA-E2-A1B1-01/tils_tsr_wsi_summary.csv,TCGA-E2-A1B1,Alive,,,2653.0,0.0,,,,matched
TCGA-E2-A1B4-01Z-00-DX1.E585C4FB-0D3E-4160-8192-53A329648F5C,TCGA-E2-A1B4-01,TCGA-E2-A1B4,0.20617262832765668,stroma-high,0.18133939699477966,0.18133939699477966,0.7269445330726957,17.0931277568048,82.90687224319521,41,13,13,13,13,41,38,0.8290687224319521,0.8283983381853992,0.18133939699477966,0.7269445330726957,0.06413050477363823,0.9245190887275296,24.25727675,/data1/deasy/Himangi/breast_feature_extraction/Ductal_outputs/TCGA-E2-A1B4-01/tils_tsr_wsi_summary.csv,TCGA-E2-A1B4,Dead,1004.0,,1004.0,1.0,1004.0,32.98562628336756,2.74880219028063,matched
TCGA-E2-A1B6-01Z-00-DX1.8CD458BE-C4F9-4AF3-A927-18C042E9B4B7,TCGA-E2-A1B6-01,TCGA-E2-A1B6,0.9159750987451047,stroma-high,34.17099423973293,34.17099423973293,5.989240056325394,47.807254872207665,52.19274512779233,26,7,7,7,7,26,24,0.5219274512779233,0.5628990431724895,34.17099423973293,5.989240056325394,34.05019463123166,0.9582675946091153,63.39355225,/data1/deasy/Himangi/breast_feature_extraction/Ductal_outputs/TCGA-E2-A1B6-01/tils_tsr_wsi_summary.csv,TCGA-E2-A1B6,Alive,,,867.0,0.0,,,,matched
TCGA-E2-A1BD-01Z-00-DX1.A2AFF7AD-ED47-43E4-87FE-62882BAEB8DA,TCGA-E2-A1BD-01,TCGA-E2-A1BD,0.6734430326849715,stroma-high,2.9576951627804604,2.9576951627804604,0.42210185750832285,40.2429613396794,59.7570386603206,14,9,9,9,9,14,5,0.597570386603206,0.5975257336392134,2.9576951627804604,0.42210185750832285,1.0080152291013813,0.9527866415326103,141.71763224999998,/data1/deasy/Himangi/breast_feature_extraction/Ductal_outputs/TCGA-E2-A1BD-01/tils_tsr_wsi_summary.csv,TCGA-E2-A1BD,Alive,,,1133.0,0.0,,,,matched
TCGA-E2-A1IE-01Z-00-DX1.D6BF29A7-4FBD-4F7D-B093-991FA0F49FE8,TCGA-E2-A1IE-01,TCGA-E2-A1IE,0.9967630781852471,stroma-high,0.6582155173785057,0.6582155173785057,0.3066113387922377,49.91894577153103,50.08105422846898,25,10,10,10,10,25,17,0.5008105422846898,0.5009381553658018,0.6582155173785057,0.3066113387922377,0.0,0.8829542967803421,60.678288,/data1/deasy/Himangi/breast_feature_extraction/Ductal_outputs/TCGA-E2-A1IE-01/tils_tsr_wsi_summary.csv,TCGA-E2-A1IE,Alive,,,2362.0,0.0,,,,matched
TCGA-E2-A1IF-01Z-00-DX1.51F5B0AC-E4D6-439D-8168-34934471FA06,TCGA-E2-A1IF-01,TCGA-E2-A1IF,1.1309669901815873,stroma-low,0.537157639736347,0.537157639736347,0.1110626964754123,53.07294741741699,46.92705258258301,14,9,9,9,9,14,5,0.4692705258258301,0.4692063610502169,0.537157639736347,0.1110626964754123,0.09454369934718035,0.979093954579141,156.20317699999998,/data1/deasy/Himangi/breast_feature_extraction/Ductal_outputs/TCGA-E2-A1IF-01/tils_tsr_wsi_summary.csv,TCGA-E2-A1IF,Alive,,,1138.0,0.0,,,,matched
TCGA-E2-A1IG-01Z-00-DX1.C894EEA1-708A-4043-8C60-3BCA98AA751E,TCGA-E2-A1IG-01,TCGA-E2-A1IG,0.5423724472005421,stroma-high,0.8351578359178057,0.8351578359178057,1.0224798353535414,35.16481691468013,64.83518308531987,67,24,24,24,24,67,71,0.6483518308531987,0.6470027806579288,0.8351578359178057,1.0224798353535414,0.3157838193518208,0.9592935099068572,188.21506,/data1/deasy/Himangi/breast_feature_extraction/Ductal_outputs/TCGA-E2-A1IG-01/tils_tsr_wsi_summary.csv,TCGA-E2-A1IG,Alive,,,2140.0,0.0,,,,matched
TCGA-E2-A1II-01Z-00-DX1.7F782477-0F92-4C57-8735-A1E3F95A6B94,TCGA-E2-A1II-01,TCGA-E2-A1II,3.62116903002173,stroma-low,46.83822984006063,46.83822984006063,19.350367156615818,78.3604539564895,21.639546043510503,4,4,4,4,4,4,0,0.21639546043510502,0.21493416681431898,46.83822984006063,19.350367156615818,,0.9587441899396116,67.535241,/data1/deasy/Himangi/breast_feature_extraction/Ductal_outputs/TCGA-E2-A1II-01/tils_tsr_wsi_summary.csv,TCGA-E2-A1II,Alive,,,1025.0,0.0,,,,matched
TCGA-E2-A1IK-01Z-00-DX1.25C554BB-AA90-4FF4-9D68-EEC899B8A27D,TCGA-E2-A1IK-01,TCGA-E2-A1IK,0.5821056403982993,stroma-high,1.3661496028479239,1.3661496028479239,0.4885094072035964,36.79309557683851,63.20690442316149,61,16,16,16,16,61,71,0.6320690442316149,0.633139952631689,1.3661496028479239,0.4885094072035964,1.0349518462088245,0.861090661386089,68.73552699999999,/data1/deasy/Himangi/breast_feature_extraction/Ductal_outputs/TCGA-E2-A1IK-01/tils_tsr_wsi_summary.csv,TCGA-E2-A1IK,Alive,,,1800.0,0.0,,,,matched
TCGA-E2-A1IN-01Z-00-DX1.F63F004F-847D-41B0-BAEF-3189D4965838,TCGA-E2-A1IN-01,TCGA-E2-A1IN,0.43056145338524643,stroma-high,3.240258458849305,3.240258458849305,0.9456663666369913,30.09737557001666,69.90262442998333,10,1,1,1,1,10,12,0.6990262442998334,0.7004098125243526,3.240258458849305,0.9456663666369913,3.515750992044782,0.9714285711437358,33.07171,/data1/deasy/Himangi/breast_feature_extraction/Ductal_outputs/TCGA-E2-A1IN-01/tils_tsr_wsi_summary.csv,TCGA-E2-A1IN,Alive,,,675.0,0.0,,,,matched
TCGA-E2-A1IU-01Z-00-DX1.E2F24814-24BA-4158-8841-F27A8E100589,TCGA-E2-A1IU-01,TCGA-E2-A1IU,0.4470321543236499,stroma-high,1.6327546930573065,1.6327546930573065,1.7034555042106139,30.893035305949713,69.10696469405029,60,8,8,8,8,60,80,0.6910696469405029,0.6899894914531987,1.6327546930573065,1.7034555042106139,1.3523518640874455,0.7656899293040853,71.09779200000001,/data1/deasy/Himangi/breast_feature_extraction/Ductal_outputs/TCGA-E2-A1IU-01/tils_tsr_wsi_summary.csv,TCGA-E2-A1IU,Alive,,,337.0,0.0,,,,matched
TCGA-E2-A1L9-01Z-00-DX1.F2CC1036-8EEE-4664-962E-541B8ACB10DE,TCGA-E2-A1L9-01,TCGA-E2-A1L9,0.6635082585570904,stroma-high,1.0478121412997519,1.0478121412997519,0.164722777936975,39.88608142724885,60.113918572751146,10,3,3,3,3,10,9,0.6011391857275115,0.6014795012910962,1.0478121412997519,0.164722777936975,1.6772222985577652,0.9461739242926468,78.120742,/data1/deasy/Himangi/breast_feature_extraction/Ductal_outputs/TCGA-E2-A1L9-01/tils_tsr_wsi_summary.csv,TCGA-E2-A1L9,Alive,,,598.0,0.0,,,,matched
TCGA-E2-A1LA-01Z-00-DX1.AE49E943-B830-4ED9-B09E-E499441BC2EC,TCGA-E2-A1LA-01,TCGA-E2-A1LA,0.7847279733933122,stroma-high,18.378966726149788,18.378966726149788,4.280178009607794,43.96905215203777,56.03094784796223,30,14,14,14,14,30,20,0.5603094784796223,0.5752325343507588,18.378966726149788,4.280178009607794,13.880358253196862,0.9042473156653693,60.397369999999995,/data1/deasy/Himangi/breast_feature_extraction/Ductal_outputs/TCGA-E2-A1LA-01/tils_tsr_wsi_summary.csv,TCGA-E2-A1LA,Alive,,,748.0,0.0,,,,matched
TCGA-E2-A1LB-01Z-00-DX1.B4AFDB08-BA09-4F6E-806E-4054B790AB8E,TCGA-E2-A1LB-01,TCGA-E2-A1LB,1.065922248792602,stroma-low,5.155204657456142,5.155204657456142,0.6448453038397292,51.59546780695956,48.40453219304044,13,2,2,2,2,13,14,0.4840453219304044,0.48741809190383634,5.155204657456142,0.6448453038397292,2.1376722746590446,0.9038048010279507,86.841969,/data1/deasy/Himangi/breast_feature_extraction/Ductal_outputs/TCGA-E2-A1LB-01/tils_tsr_wsi_summary.csv,TCGA-E2-A1LB,Alive,,,2306.0,0.0,,,,matched
TCGA-E2-A1LE-01Z-00-DX1.22856B2A-FBAA-4530-AEEC-E8F77BDA7F7F,TCGA-E2-A1LE-01,TCGA-E2-A1LE,0.2681419084616633,stroma-high,1.0980621243978148,1.0980621243978148,0.4152393925824835,21.144471819162295,78.85552818083771,43,11,11,11,11,43,48,0.7885552818083771,0.7892350521823885,1.0980621243978148,0.4152393925824835,0.7448336440072607,0.942687239298783,42.418618,/data1/deasy/Himangi/breast_feature_extraction/Ductal_outputs/TCGA-E2-A1LE-01/tils_tsr_wsi_summary.csv,TCGA-E2-A1LE,Dead,879.0,,879.0,1.0,879.0,28.878850102669404,2.406570841889117,matched
TCGA-E2-A1LH-01Z-00-DX1.F85384B7-1EBF-4F57-A45B-4A668B68E535,TCGA-E2-A1LH-01,TCGA-E2-A1LH,0.713209443475088,stroma-high,19.498457740544385,19.498457740544385,5.9648502176091664,41.63002055536235,58.36997944463766,11,4,4,4,4,11,9,0.5836997944463765,0.5872686795587542,19.498457740544385,5.9648502176091664,16.700738639236057,0.9892468474058372,78.593195,/data1/deasy/Himangi/breast_feature_extraction/Ductal_outputs/TCGA-E2-A1LH-01/tils_tsr_wsi_summary.csv,TCGA-E2-A1LH,Alive,,,3247.0,0.0,,,,matched
TCGA-E2-A1LK-01Z-00-DX1.5EBAA1F4-F1B4-4938-A51F-0246621BB0ED,TCGA-E2-A1LK-01,TCGA-E2-A1LK,2.87623851403884,stroma-low,9.182072063836264,9.182072063836264,1.7563104284001614,74.20179392010499,25.79820607989501,26,5,5,5,5,26,31,0.2579820607989501,0.2632189323386881,9.182072063836264,1.7563104284001614,10.867687734777256,0.9429928438328758,175.905744,/data1/deasy/Himangi/breast_feature_extraction/Ductal_outputs/TCGA-E2-A1LK-01/tils_tsr_wsi_summary.csv,TCGA-E2-A1LK,Dead,266.0,,266.0,1.0,266.0,8.739219712525667,0.7282683093771389,matched
TCGA-E2-A1LL-01Z-00-DX1.D1AA1613-902C-4579-9612-48A76042B0AE,TCGA-E2-A1LL-01,TCGA-E2-A1LL,2.8156934664385425,stroma-low,2.521354838606989,2.521354838606989,0.25162583635941665,73.79244405255197,26.207555947448025,8,4,3,4,4,8,4,0.26207555947448025,0.2632915867013441,2.521354838606989,0.25162583635941665,0.0,0.9889579960589465,74.404963,/data1/deasy/Himangi/breast_feature_extraction/Ductal_outputs/TCGA-E2-A1LL-01/tils_tsr_wsi_summary.csv,TCGA-E2-A1LL,Alive,,,1309.0,0.0,,,,matched
TCGA-E2-A1LS-01Z-00-DX1.9a43a58a-df40-4375-8456-ef0071bc9eb9,TCGA-E2-A1LS-01,TCGA-E2-A1LS,1.485950003729056,stroma-low,2.105125105977237,2.105125105977237,0.9614879319211511,59.7739295440396,40.22607045596038,6,3,3,3,3,6,3,0.40226070455960383,0.402054536153115,2.105125105977237,0.9614879319211511,0.0,0.6885421089748135,36.123501,/data1/deasy/Himangi/breast_feature_extraction/Ductal_outputs/TCGA-E2-A1LS-01/tils_tsr_wsi_summary.csv,TCGA-E2-A1LS,Alive,,,1604.0,0.0,,,,matched
TCGA-E2-A56Z-01Z-00-DX1.EC28E279-B869-4485-A19F-C732D4CCD374,TCGA-E2-A56Z-01,TCGA-E2-A56Z,0.8743642770882265,stroma-high,2.6584447417821475,2.6584447417821475,0.45127611527902184,46.648577748532816,53.35142225146717,17,10,10,10,10,17,7,0.5335142225146717,0.535577852391851,2.6584447417821475,0.45127611527902184,3.6216704029383444,0.8994276320221758,88.335942,/data1/deasy/Himangi/breast_feature_extraction/Ductal_outputs/TCGA-E2-A56Z-01/tils_tsr_wsi_summary.csv,TCGA-E2-A56Z,Alive,,,252.0,0.0,,,,matched
TCGA-E2-A570-01Z-00-DX1.64E5F2CA-9396-40DC-A300-04A54657BDE6,TCGA-E2-A570-01,TCGA-E2-A570,0.4171861225313939,stroma-high,0.6322771752736339,0.6322771752736339,2.2821612594247265,29.437638140727156,70.56236185927284,76,15,15,15,15,76,87,0.7056236185927284,0.7020011128687551,0.6322771752736339,2.2821612594247265,0.8554244020637038,0.9650823955802738,127.25585399999999,/data1/deasy/Himangi/breast_feature_extraction/Ductal_outputs/TCGA-E2-A570-01/tils_tsr_wsi_summary.csv,TCGA-E2-A570,Alive,,,931.0,0.0,,,,matched
TCGA-E2-A572-01Z-00-DX1.7DDF1C25-58E2-4AF9-B831-598222A4E85D,TCGA-E2-A572-01,TCGA-E2-A572,0.7245453619665865,stroma-high,2.3960509362156728,2.3960509362156728,3.9755351788662985,42.013702738462655,57.986297261537345,86,16,16,16,16,86,103,0.5798629726153735,0.5745325524003879,2.3960509362156728,3.9755351788662985,3.6424306298463756,0.8869564068208231,114.536016,/data1/deasy/Himangi/breast_feature_extraction/Ductal_outputs/TCGA-E2-A572-01/tils_tsr_wsi_summary.csv,TCGA-E2-A572,Alive,,,1208.0,0.0,,,,matched
TCGA-E2-A9RU-01Z-00-DX1.A06BE284-B9DC-4B45-A202-A9D027AEEDD9,TCGA-E2-A9RU-01,TCGA-E2-A9RU,0.6765392438309311,stroma-high,4.880755120481804,4.880755120481804,1.9012889667575903,40.353319871297685,59.646680128702315,47,7,7,7,7,47,60,0.5964668012870231,0.5972853995137618,4.880755120481804,1.9012889667575903,0.6285574998124795,0.9362995662809706,204.27067787500002,/data1/deasy/Himangi/breast_feature_extraction/Ductal_outputs/TCGA-E2-A9RU-01/tils_tsr_wsi_summary.csv,TCGA-E2-A9RU,Alive,,,0.0,0.0,,,,matched
TCGA-E9-A1NH-01Z-00-DX1.20FF11B7-DAF0-41C2-B7C5-449BA5268EC0,TCGA-E9-A1NH-01,TCGA-E9-A1NH,0.21564126848870735,stroma-high,4.103624545867002,4.103624545867002,6.338594305983279,17.73889008858624,82.26110991141375,45,7,7,7,7,45,65,0.8226110991141375,0.8196676562814361,4.103624545867002,6.338594305983279,5.344728888349113,0.995553091547902,32.6331479375,/data1/deasy/Himangi/breast_feature_extraction/Ductal_outputs/TCGA-E9-A1NH-01/tils_tsr_wsi_summary.csv,TCGA-E9-A1NH,Alive,,,576.0,0.0,,,,matched
TCGA-E9-A1QZ-01Z-00-DX1.CDAECCA9-4F09-491F-A975-B775D47E46F0,TCGA-E9-A1QZ-01,TCGA-E9-A1QZ,0.39781966189465245,stroma-high,1.4798909592330327,1.4798909592330327,0.15230170694877704,28.460013314981854,71.53998668501814,30,3,3,3,3,30,38,0.7153998668501814,0.7164575978175498,1.4798909592330327,0.15230170694877704,2.317064777041326,0.8247046080041045,73.49238,/data1/deasy/Himangi/breast_feature_extraction/Ductal_outputs/TCGA-E9-A1QZ-01/tils_tsr_wsi_summary.csv,TCGA-E9-A1QZ,Alive,,,755.0,0.0,,,,matched
TCGA-E9-A1R0-01Z-00-DX1.187C58EA-132E-4B3C-BAD0-7F59101D5C4D,TCGA-E9-A1R0-01,TCGA-E9-A1R0,0.5304714639759616,stroma-high,4.015592785582071,4.015592785582071,1.9138579679671839,34.66065695846868,65.33934304153132,17,3,3,3,3,17,24,0.6533934304153132,0.6535744251334835,4.015592785582071,1.9138579679671839,2.6542044995685887,0.9700350637106961,83.681244,/data1/deasy/Himangi/breast_feature_extraction/Ductal_outputs/TCGA-E9-A1R0-01/tils_tsr_wsi_summary.csv,TCGA-E9-A1R0,Alive,,,860.0,0.0,,,,matched
TCGA-E9-A1R2-01Z-00-DX1.5529C856-4F4F-4F17-94A2-5CEF94A940EB,TCGA-E9-A1R2-01,TCGA-E9-A1R2,0.6611691827830379,stroma-high,6.824937892350821,6.824937892350821,3.0572980157101055,39.80143561749375,60.19856438250625,17,7,7,7,7,17,11,0.6019856438250625,0.6007361643574296,6.824937892350821,3.0572980157101055,16.175223226664574,0.9540383076217568,106.268292,/data1/deasy/Himangi/breast_feature_extraction/Ductal_outputs/TCGA-E9-A1R2-01/tils_tsr_wsi_summary.csv,TCGA-E9-A1R2,Alive,,,1063.0,0.0,,,,matched
TCGA-E9-A1R3-01Z-00-DX1.779642c7-b3b0-4ff2-af97-201d4bcfc197,TCGA-E9-A1R3-01,TCGA-E9-A1R3,0.29582404472744284,stroma-high,5.7567612755319875,5.7567612755319875,2.3135167057360477,22.82902882772676,77.17097117227324,8,5,5,5,5,8,3,0.7717097117227324,0.7757997117518711,5.7567612755319875,2.3135167057360477,6.013053119385027,0.8267565765791532,5.575284,/data1/deasy/Himangi/breast_feature_extraction/Ductal_outputs/TCGA-E9-A1R3-01/tils_tsr_wsi_summary.csv,TCGA-E9-A1R3,Alive,,,78.0,0.0,,,,matched
TCGA-E9-A1R4-01Z-00-DX1.B04D5A22-8CE5-49FD-8510-14444F46894D,TCGA-E9-A1R4-01,TCGA-E9-A1R4,0.9794246647756254,stroma-high,19.835272170410466,19.835272170410466,8.093593387524585,49.48026980792656,50.51973019207343,13,6,6,6,6,13,7,0.5051973019207343,0.5210807426904965,19.835272170410466,8.093593387524585,15.100928485301143,0.7947715858702296,14.698476000000001,/data1/deasy/Himangi/breast_feature_extraction/Ductal_outputs/TCGA-E9-A1R4-01/tils_tsr_wsi_summary.csv,TCGA-E9-A1R4,Alive,,,186.0,0.0,,,,matched
TCGA-E9-A1R5-01Z-00-DX1.b870d5eb-6259-4b49-86e4-569a9e32ecd5,TCGA-E9-A1R5-01,TCGA-E9-A1R5,0.6119379895316847,stroma-high,4.164347546580053,4.164347546580053,1.5828891848234625,37.96287409973324,62.03712590026675,17,10,10,10,10,17,8,0.6203712590026675,0.6225995701832219,4.164347546580053,1.5828891848234625,0.24656081560881232,0.7683322414028017,17.167716,/data1/deasy/Himangi/breast_feature_extraction/Ductal_outputs/TCGA-E9-A1R5-01/tils_tsr_wsi_summary.csv,TCGA-E9-A1R5,Alive,,,92.0,0.0,,,,matched
TCGA-E9-A1R6-01Z-00-DX1.59770592-498A-47EA-AE32-42AC1D8E99BE,TCGA-E9-A1R6-01,TCGA-E9-A1R6,0.33799154606662074,stroma-high,5.005119716096436,5.005119716096436,5.3514381912919085,25.26111222901491,74.7388877709851,55,9,9,9,9,55,67,0.747388877709851,0.7445679827866291,5.005119716096436,5.3514381912919085,4.434587650555747,0.97019937226913,59.690628000000004,/data1/deasy/Himangi/breast_feature_extraction/Ductal_outputs/TCGA-E9-A1R6-01/tils_tsr_wsi_summary.csv,TCGA-E9-A1R6,Alive,,,339.0,0.0,,,,matched
TCGA-E9-A1R7-01Z-00-DX1.af9ff432-440e-44ac-bc33-298f5db9a706,TCGA-E9-A1R7-01,TCGA-E9-A1R7,0.2372178644102746,stroma-high,9.51479044879902,9.51479044879902,8.256588011413697,19.173491689222054,80.82650831077794,6,5,5,5,5,6,1,0.8082650831077794,0.8091654591986714,9.51479044879902,8.256588011413697,0.8805720376773548,0.8885475442821686,2.768148,/data1/deasy/Himangi/breast_feature_extraction/Ductal_outputs/TCGA-E9-A1R7-01/tils_tsr_wsi_summary.csv,TCGA-E9-A1R7,Alive,,,1467.0,0.0,,,,matched
TCGA-E9-A1RA-01Z-00-DX1.E1C527C3-EDF2-442A-80FE-3E3AFBC5EF5A,TCGA-E9-A1RA-01,TCGA-E9-A1RA,0.39860977192896546,stroma-high,12.500049545441385,12.500049545441385,3.7952587515706515,28.500428062875756,71.49957193712424,18,8,8,8,8,18,10,0.7149957193712425,0.7251729116471225,12.500049545441385,3.7952587515706515,10.713550215333175,0.6952703932821522,13.034988,/data1/deasy/Himangi/breast_feature_extraction/Ductal_outputs/TCGA-E9-A1RA-01/tils_tsr_wsi_summary.csv,TCGA-E9-A1RA,Alive,,,1369.0,0.0,,,,matched
TCGA-E9-A1RB-01Z-00-DX1.845074ea-43bc-4752-9dc0-fca72d2ab5de,TCGA-E9-A1RB-01,TCGA-E9-A1RB,1.0075861483861877,stroma-low,5.826468474306265,5.826468474306265,1.7628191663782113,50.18893705737823,49.81106294262177,7,5,5,5,5,7,2,0.4981106294262177,0.498613228685182,5.826468474306265,1.7628191663782113,5.941594664854371,0.9461673988279606,82.60257600000001,/data1/deasy/Himangi/breast_feature_extraction/Ductal_outputs/TCGA-E9-A1RB-01/tils_tsr_wsi_summary.csv,TCGA-E9-A1RB,Dead,976.0,,976.0,1.0,976.0,32.06570841889117,2.6721423682409307,matched
TCGA-E9-A1RD-01Z-00-DX1.34083668-cbd2-4610-b857-d50ee9f3e5bd,TCGA-E9-A1RD-01,TCGA-E9-A1RD,0.37284711263533254,stroma-high,0.7273288218245415,0.7273288218245415,0.5306240491310618,27.15867697165572,72.84132302834428,10,6,6,6,6,10,4,0.7284132302834427,0.7284931357254087,0.7273288218245415,0.5306240491310618,0.0,0.8041665814876012,6.199092,/data1/deasy/Himangi/breast_feature_extraction/Ductal_outputs/TCGA-E9-A1RD-01/tils_tsr_wsi_summary.csv,TCGA-E9-A1RD,Alive,,,34.0,0.0,,,,matched
TCGA-E9-A1RE-01Z-00-DX1.fd100503-ba95-4af8-8e59-689b2cea145c,TCGA-E9-A1RE-01,TCGA-E9-A1RE,1.9772450451074746,stroma-low,16.448999978170864,16.448999978170864,5.992305822987358,66.41190144414527,33.58809855585472,19,7,7,7,7,19,13,0.33588098555854723,0.3419180431499344,16.448999978170864,5.992305822987358,14.374623168050038,0.8535164975704838,116.028288,/data1/deasy/Himangi/breast_feature_extraction/Ductal_outputs/TCGA-E9-A1RE-01/tils_tsr_wsi_summary.csv,TCGA-E9-A1RE,Alive,,,1419.0,0.0,,,,matched
TCGA-E9-A1RG-01Z-00-DX1.044C235A-75AE-4C7D-AC7F-56C8E64354AA,TCGA-E9-A1RG-01,TCGA-E9-A1RG,0.835575970096038,stroma-high,9.477879351856657,9.477879351856657,1.1761028305147578,45.521187012070136,54.47881298792987,26,15,15,15,15,26,12,0.5447881298792987,0.5576376971909652,9.477879351856657,1.1761028305147578,13.18110931612615,0.7276396598219184,20.416716,/data1/deasy/Himangi/breast_feature_extraction/Ductal_outputs/TCGA-E9-A1RG-01/tils_tsr_wsi_summary.csv,TCGA-E9-A1RG,Alive,,,647.0,0.0,,,,matched
TCGA-E9-A228-01Z-00-DX1.adbeed20-3b14-44fe-a98a-3bf7cecea30a,TCGA-E9-A228-01,TCGA-E9-A228,1.24396104725184,stroma-low,3.4804563791268386,3.4804563791268386,6.129880315595751,55.43594657203648,44.564053427963536,27,7,7,7,7,27,22,0.44564053427963535,0.43482581437223367,3.4804563791268386,6.129880315595751,1.9495009278439759,0.9776881609360479,138.046191,/data1/deasy/Himangi/breast_feature_extraction/Ductal_outputs/TCGA-E9-A228-01/tils_tsr_wsi_summary.csv,TCGA-E9-A228,Alive,,,1285.0,0.0,,,,matched
TCGA-E9-A229-01Z-00-DX1.5B448B88-DA0C-44FF-87B3-20649A4A26FE,TCGA-E9-A229-01,TCGA-E9-A229,0.3516912247073417,stroma-high,1.669103535928695,1.669103535928695,2.092216578399035,26.018606785250626,73.98139321474937,38,10,10,10,10,38,43,0.7398139321474938,0.7382049203606984,1.669103535928695,2.092216578399035,1.2669026649989894,0.9958905917693963,59.915344749999996,/data1/deasy/Himangi/breast_feature_extraction/Ductal_outputs/TCGA-E9-A229-01/tils_tsr_wsi_summary.csv,TCGA-E9-A229,Alive,,,1148.0,0.0,,,,matched
TCGA-E9-A22A-01Z-00-DX1.d986c9eb-2c54-4663-a54b-04c0756db6db,TCGA-E9-A22A-01,TCGA-E9-A22A,0.4070871730058268,stroma-high,2.6826949223914585,2.6826949223914585,2.8678181105458864,28.931197783304718,71.06880221669527,43,6,6,6,6,43,44,0.7106880221669528,0.7081062083945248,2.6826949223914585,2.8678181105458864,1.9302468833860176,0.9264355438877345,133.26687625000002,/data1/deasy/Himangi/breast_feature_extraction/Ductal_outputs/TCGA-E9-A22A-01/tils_tsr_wsi_summary.csv,TCGA-E9-A22A,Alive,,,1189.0,0.0,,,,matched
TCGA-E9-A22D-01Z-00-DX1.b2867437-0add-4b7d-8002-fb09ed961942,TCGA-E9-A22D-01,TCGA-E9-A22D,1.0728833707955034,stroma-low,21.364289962964737,21.364289962964737,9.30538555023029,51.75801909124132,48.24198090875866,9,5,5,5,5,9,4,0.48241980908758664,0.47580110211559795,21.364289962964737,9.30538555023029,0.0,0.9266441412357936,121.6342045,/data1/deasy/Himangi/breast_feature_extraction/Ductal_outputs/TCGA-E9-A22D-01/tils_tsr_wsi_summary.csv,TCGA-E9-A22D,Alive,,,1248.0,0.0,,,,matched
TCGA-E9-A22E-01Z-00-DX1.3d5b1ba6-466f-4852-b1fc-bc29ef3be9a2,TCGA-E9-A22E-01,TCGA-E9-A22E,0.24616821794673532,stroma-high,2.285861309532744,2.285861309532744,6.65235297384429,19.75401189033191,80.2459881096681,75,7,7,7,7,75,111,0.802459881096681,0.7955422107726545,2.285861309532744,6.65235297384429,0.5525350376264491,0.9997088920188547,98.67803500000002,/data1/deasy/Himangi/breast_feature_extraction/Ductal_outputs/TCGA-E9-A22E-01/tils_tsr_wsi_summary.csv,TCGA-E9-A22E,Alive,,,1269.0,0.0,,,,matched
TCGA-E9-A22G-01Z-00-DX1.2b47e321-7910-40ec-ad1c-c4e08ed26334,TCGA-E9-A22G-01,TCGA-E9-A22G,6.0904800471970795,stroma-low,54.71559071999344,54.71559071999344,18.131996387845497,85.89658255373968,14.103417446260321,8,3,3,3,3,8,7,0.14103417446260322,0.16641680860995176,54.71559071999344,18.131996387845497,36.72859089969659,0.891802290518488,143.77879225,/data1/deasy/Himangi/breast_feature_extraction/Ductal_outputs/TCGA-E9-A22G-01/tils_tsr_wsi_summary.csv,TCGA-E9-A22G,Alive,,,1239.0,0.0,,,,matched
TCGA-E9-A22H-01Z-00-DX1.0ee39fd1-b077-40ea-bd0d-8a3db474fdd5,TCGA-E9-A22H-01,TCGA-E9-A22H,0.4595796028853739,stroma-high,5.695735074989432,5.695735074989432,4.841088175436337,31.48712149559043,68.51287850440958,44,5,5,5,5,44,53,0.6851287850440958,0.6826618156505112,5.695735074989432,4.841088175436337,3.2727980567505512,0.9882823441147043,88.12747225,/data1/deasy/Himangi/breast_feature_extraction/Ductal_outputs/TCGA-E9-A22H-01/tils_tsr_wsi_summary.csv,TCGA-E9-A22H,Alive,,,1232.0,0.0,,,,matched
TCGA-E9-A243-01Z-00-DX1.9A3B34E5-25EF-4243-8680-FABF2F1CCDA9,TCGA-E9-A243-01,TCGA-E9-A243,0.9453423945345832,stroma-high,23.50567496146698,23.50567496146698,10.159238181418965,48.595167472343775,51.40483252765623,25,7,7,7,7,25,26,0.5140483252765623,0.5255477679501654,23.50567496146698,10.159238181418965,34.29614474623912,0.9674047074684894,59.309879,/data1/deasy/Himangi/breast_feature_extraction/Ductal_outputs/TCGA-E9-A243-01/tils_tsr_wsi_summary.csv,TCGA-E9-A243,Alive,,,612.0,0.0,,,,matched
TCGA-E9-A244-01Z-00-DX1.4FDAA892-9DBF-4E5D-89F3-2A84C8AC8F0A,TCGA-E9-A244-01,TCGA-E9-A244,0.41101778433392033,stroma-high,4.304334890430971,4.304334890430971,1.3300176958597791,29.129171077595156,70.87082892240484,77,8,8,8,8,77,127,0.7087082892240484,0.711690534421101,4.304334890430971,1.3300176958597791,4.7196113581353885,0.9492777512355027,133.2797585,/data1/deasy/Himangi/breast_feature_extraction/Ductal_outputs/TCGA-E9-A244-01/tils_tsr_wsi_summary.csv,TCGA-E9-A244,Alive,,,21.0,0.0,,,,matched
TCGA-E9-A245-01Z-00-DX1.648850D5-EB80-4FBE-8507-32313FAD1060,TCGA-E9-A245-01,TCGA-E9-A245,1.0481683314828623,stroma-low,21.44498005919981,21.44498005919981,18.3820214012611,51.175888005454816,48.82411199454518,20,6,6,6,6,20,16,0.4882411199454518,0.4676540950159353,21.44498005919981,18.3820214012611,33.880656162650645,0.9971403991646719,109.42183149999997,/data1/deasy/Himangi/breast_feature_extraction/Ductal_outputs/TCGA-E9-A245-01/tils_tsr_wsi_summary.csv,TCGA-E9-A245,Dead,,,26.0,,,,,matched
TCGA-E9-A248-01Z-00-DX1.C991932F-39D4-4F2C-91C3-CE12B5BAEDB1,TCGA-E9-A248-01,TCGA-E9-A248,1.3703822813162805,stroma-low,49.76819073381187,49.76819073381187,31.003975097556584,57.81271198818205,42.18728801181795,27,2,2,2,2,27,37,0.42187288011817947,0.4256020573618051,49.76819073381187,31.003975097556584,42.86406397609091,0.9943820222190962,135.74026824999999,/data1/deasy/Himangi/breast_feature_extraction/Ductal_outputs/TCGA-E9-A248-01/tils_tsr_wsi_summary.csv,TCGA-E9-A248,Alive,,,59.0,0.0,,,,matched
TCGA-E9-A249-01Z-00-DX1.CA244384-FD89-44F6-8F94-A060A4C241CA,TCGA-E9-A249-01,TCGA-E9-A249,0.8260459790960568,stroma-high,3.8544219960401147,3.8544219960401147,1.3511272263219156,45.23686635234521,54.76313364765478,12,4,4,4,4,12,11,0.5476313364765478,0.5468373422674907,3.8544219960401147,1.3511272263219156,3.8620701154190815,0.9964231161140502,228.44093924999999,/data1/deasy/Himangi/breast_feature_extraction/Ductal_outputs/TCGA-E9-A249-01/tils_tsr_wsi_summary.csv,TCGA-E9-A249,Alive,,,217.0,0.0,,,,matched
TCGA-E9-A24A-01Z-00-DX1.F0342837-5750-4172-B60D-5F902E2A02FD,TCGA-E9-A24A-01,TCGA-E9-A24A,1.9537638727484727,stroma-low,26.346722852448796,26.346722852448796,16.472753343233766,66.144890279618,33.855109720381996,3,3,3,3,3,3,0,0.33855109720382,0.31901580821484316,26.346722852448796,16.472753343233766,,0.9327231442592909,70.5174365,/data1/deasy/Himangi/breast_feature_extraction/Ductal_outputs/TCGA-E9-A24A-01/tils_tsr_wsi_summary.csv,TCGA-E9-A24A,Alive,,,747.0,0.0,,,,matched
TCGA-EW-A1IY-01Z-00-DX1.3FD00274-C2CD-491A-915B-23FD535A4723,TCGA-EW-A1IY-01,TCGA-EW-A1IY,1.2227416343999262,stroma-low,6.154748199200312,6.154748199200312,1.0725324989600205,55.01051563872065,44.98948436127936,11,3,3,3,3,11,10,0.4498948436127936,0.45240610006210746,6.154748199200312,1.0725324989600205,1.1173368729237152,0.96333487803452,122.73979093749999,/data1/deasy/Himangi/breast_feature_extraction/Ductal_outputs/TCGA-EW-A1IY-01/tils_tsr_wsi_summary.csv,TCGA-EW-A1IY,Alive,,,258.0,0.0,,,,matched
TCGA-EW-A1IZ-01Z-00-DX1.81D5544E-0A7D-4A92-A3B0-4F22CFB8BBB2,TCGA-EW-A1IZ-01,TCGA-EW-A1IZ,0.8579324764421545,stroma-high,36.85682847701349,36.85682847701349,16.348305190368137,46.17673071117478,53.823269288825216,40,10,10,10,10,40,42,0.5382326928882522,0.5831296491887608,36.85682847701349,16.348305190368137,33.8179868547141,0.9243685558906091,42.4726713125,/data1/deasy/Himangi/breast_feature_extraction/Ductal_outputs/TCGA-EW-A1IZ-01/tils_tsr_wsi_summary.csv,TCGA-EW-A1IZ,Alive,,,554.0,0.0,,,,matched
TCGA-EW-A1J1-01Z-00-DX1.FFC2D5DB-E6D0-4143-A1E7-0A2027846C8C,TCGA-EW-A1J1-01,TCGA-EW-A1J1,1.8576176641755253,stroma-low,11.90472370125016,11.90472370125016,3.076605693527295,65.00581541972942,34.99418458027058,35,6,6,6,6,35,35,0.34994184580270576,0.3591721836798249,11.90472370125016,3.076605693527295,5.73664796071942,0.9243200265211304,155.576339875,/data1/deasy/Himangi/breast_feature_extraction/Ductal_outputs/TCGA-EW-A1J1-01/tils_tsr_wsi_summary.csv,TCGA-EW-A1J1,Alive,,,575.0,0.0,,,,matched
TCGA-EW-A1J6-01Z-00-DX1.F668E978-13B6-4284-9522-37C65C57A21A,TCGA-EW-A1J6-01,TCGA-EW-A1J6,3.4877904989145425,stroma-low,23.053759674222924,23.053759674222924,3.2492428324674583,77.717319909611,22.282680090389004,10,1,1,1,1,10,14,0.22282680090389004,0.24600156157446218,23.053759674222924,3.2492428324674583,22.569669464606644,0.9671449066149536,88.606560625,/data1/deasy/Himangi/breast_feature_extraction/Ductal_outputs/TCGA-EW-A1J6-01/tils_tsr_wsi_summary.csv,TCGA-EW-A1J6,Alive,,,875.0,0.0,,,,matched
TCGA-EW-A1OV-01Z-00-DX1.93698123-5B34-4163-848B-2D75A5F7B001,TCGA-EW-A1OV-01,TCGA-EW-A1OV,1.5854592080199699,stroma-low,28.3491757529874,28.3491757529874,16.067208804960043,61.322151326230625,38.67784867376937,63,8,8,8,8,63,83,0.38677848673769366,0.397303905032328,28.3491757529874,16.067208804960043,19.122572532333677,0.9619578109823207,157.57221218749999,/data1/deasy/Himangi/breast_feature_extraction/Ductal_outputs/TCGA-EW-A1OV-01/tils_tsr_wsi_summary.csv,TCGA-EW-A1OV,Alive,,,789.0,0.0,,,,matched
TCGA-EW-A1OY-01Z-00-DX1.42AF5C9A-A90F-4A58-B5D4-B615F8CD4333,TCGA-EW-A1OY-01,TCGA-EW-A1OY,2.1739125064849274,stroma-low,2.6780298512779037,2.6780298512779037,0.33051593361583104,68.49314535429684,31.506854645703164,2,2,2,2,2,2,0,0.31506854645703164,0.31568164012255856,2.6780298512779037,0.33051593361583104,,0.9947093028585581,109.58228874999999,/data1/deasy/Himangi/breast_feature_extraction/Ductal_outputs/TCGA-EW-A1OY-01/tils_tsr_wsi_summary.csv,TCGA-EW-A1OY,Alive,,,908.0,0.0,,,,matched
TCGA-EW-A1OZ-01Z-00-DX1.9639BB06-FF02-475F-A89D-773BE12721CC,TCGA-EW-A1OZ-01,TCGA-EW-A1OZ,0.5840488267980046,stroma-high,7.962311854675439,7.962311854675439,12.63830897427741,36.87063283135032,63.12936716864969,86,20,20,20,20,86,85,0.6312936716864969,0.6139643952007835,7.962311854675439,12.63830897427741,7.692543104272579,0.9898664533171638,163.34371556250002,/data1/deasy/Himangi/breast_feature_extraction/Ductal_outputs/TCGA-EW-A1OZ-01/tils_tsr_wsi_summary.csv,TCGA-EW-A1OZ,Alive,,,1229.0,0.0,,,,matched
TCGA-EW-A1P1-01Z-00-DX1.4B670029-4B3B-4D76-8EA4-F4F29EEF9E37,TCGA-EW-A1P1-01,TCGA-EW-A1P1,0.5929939529193049,stroma-high,6.9481565396882035,6.9481565396882035,1.7724601259596438,37.22512265866359,62.77487734133641,56,15,15,15,15,56,56,0.6277487734133641,0.6325764137999202,6.9481565396882035,1.7724601259596438,5.641006850549527,0.9442599689253147,100.25126787500001,/data1/deasy/Himangi/breast_feature_extraction/Ductal_outputs/TCGA-EW-A1P1-01/tils_tsr_wsi_summary.csv,TCGA-EW-A1P1,Alive,,,1210.0,0.0,,,,matched
TCGA-EW-A1P5-01Z-00-DX1.B0D59A56-116E-48B3-BC90-237EA4B3F95B,TCGA-EW-A1P5-01,TCGA-EW-A1P5,1.2084376595222777,stroma-low,8.596190975298871,8.596190975298871,1.1066771746747308,54.71912029356007,45.28087970643993,11,3,3,3,3,11,9,0.4528087970643993,0.4572244321873465,8.596190975298871,1.1066771746747308,2.9288502540286325,0.9753987042138165,111.4510354375,/data1/deasy/Himangi/breast_feature_extraction/Ductal_outputs/TCGA-EW-A1P5-01/tils_tsr_wsi_summary.csv,TCGA-EW-A1P5,Alive,,,703.0,0.0,,,,matched
TCGA-EW-A1P6-01Z-00-DX1.A8024C26-6336-4858-88FD-5679795899BA,TCGA-EW-A1P6-01,TCGA-EW-A1P6,0.47586966616988224,stroma-high,1.4262340921657912,1.4262340921657912,0.46936873039371785,32.243339440998206,67.75666055900179,26,10,10,10,10,26,22,0.6775666055900179,0.6774098060006339,1.4262340921657912,0.46936873039371785,1.2732846125904125,0.937725470559494,158.7417679375,/data1/deasy/Himangi/breast_feature_extraction/Ductal_outputs/TCGA-EW-A1P6-01/tils_tsr_wsi_summary.csv,TCGA-EW-A1P6,Alive,,,562.0,0.0,,,,matched
TCGA-EW-A1P7-01Z-00-DX1.97575C9F-C318-45A5-A4B7-1A902B93FA3F,TCGA-EW-A1P7-01,TCGA-EW-A1P7,0.37240812667815354,stroma-high,10.562458219136728,10.562458219136728,5.247601936153586,27.135377548335356,72.86462245166464,64,23,23,23,23,64,58,0.7286462245166465,0.7333205354307047,10.562458219136728,5.247601936153586,15.651541936774244,0.990650759997554,83.75036175,/data1/deasy/Himangi/breast_feature_extraction/Ductal_outputs/TCGA-EW-A1P7-01/tils_tsr_wsi_summary.csv,TCGA-EW-A1P7,Alive,,,915.0,0.0,,,,matched
TCGA-EW-A1P8-01Z-00-DX1.E9852193-8CDD-49EF-B49B-DA6931198F0D,TCGA-EW-A1P8-01,TCGA-EW-A1P8,7.563015800671552,stroma-low,29.812993315883464,29.812993315883464,2.702110372908785,88.32187136777705,11.678128632222952,15,5,5,5,5,15,10,0.11678128632222952,0.13404744001285843,29.812993315883464,2.702110372908785,35.30740775923286,0.9016178373485504,213.6854630625,/data1/deasy/Himangi/breast_feature_extraction/Ductal_outputs/TCGA-EW-A1P8-01/tils_tsr_wsi_summary.csv,TCGA-EW-A1P8,Dead,239.0,,239.0,1.0,239.0,7.852156057494867,0.6543463381245722,matched
TCGA-EW-A1PA-01Z-00-DX1.03B033F8-62C0-49E1-BDEA-C5217AB3460A,TCGA-EW-A1PA-01,TCGA-EW-A1PA,0.42343388265844306,stroma-high,12.598100119511473,12.598100119511473,13.032424503398207,29.747351655535038,70.25264834446496,87,13,13,13,13,87,119,0.7025264834446496,0.6930204233180153,12.598100119511473,13.032424503398207,11.929417475084927,0.9455924684889141,117.18111300000001,/data1/deasy/Himangi/breast_feature_extraction/Ductal_outputs/TCGA-EW-A1PA-01/tils_tsr_wsi_summary.csv,TCGA-EW-A1PA,Alive,,,575.0,0.0,,,,matched
TCGA-EW-A1PB-01Z-00-DX1.B2E9B88F-C371-4821-9B7B-8A63BB120D95,TCGA-EW-A1PB-01,TCGA-EW-A1PB,2.0191737185069445,stroma-low,65.12979106718464,65.12979106718464,43.14362403714972,66.87835503236545,33.12164496763454,24,7,7,7,7,24,19,0.3312164496763454,0.3343596399851166,65.12979106718464,43.14362403714972,53.42363619466908,0.9840036006960338,123.693303,/data1/deasy/Himangi/breast_feature_extraction/Ductal_outputs/TCGA-EW-A1PB-01/tils_tsr_wsi_summary.csv,TCGA-EW-A1PB,Alive,,,608.0,0.0,,,,matched
TCGA-EW-A1PC-01Z-00-DX1.45369705-AD49-419F-A0F0-EC51473BBAB9,TCGA-EW-A1PC-01,TCGA-EW-A1PC,0.3906906518476972,stroma-high,7.163223591291719,7.163223591291719,12.024937413529992,28.093282379414745,71.90671762058525,91,18,18,18,18,91,103,0.7190671762058526,0.7028324860151807,7.163223591291719,12.024937413529992,7.060160409950139,0.9710758994125896,217.64760500000003,/data1/deasy/Himangi/breast_feature_extraction/Ductal_outputs/TCGA-EW-A1PC-01/tils_tsr_wsi_summary.csv,TCGA-EW-A1PC,Alive,,,187.0,0.0,,,,matched
TCGA-EW-A1PD-01Z-00-DX1.6F6A0122-A50B-4D00-9A3F-7A2502D44E38,TCGA-EW-A1PD-01,TCGA-EW-A1PD,0.47013358360420976,stroma-high,1.7054916779326628,1.7054916779326628,0.7500027516221572,31.978970404282624,68.02102959571738,52,15,15,15,15,52,56,0.6802102959571737,0.6811994870901693,1.7054916779326628,0.7500027516221572,1.9311544626427777,0.941657490974207,67.10109500000002,/data1/deasy/Himangi/breast_feature_extraction/Ductal_outputs/TCGA-EW-A1PD-01/tils_tsr_wsi_summary.csv,TCGA-EW-A1PD,Alive,,,424.0,0.0,,,,matched
TCGA-EW-A1PF-01Z-00-DX1.9420D058-65CE-4DF8-815F-EB407003096E,TCGA-EW-A1PF-01,TCGA-EW-A1PF,0.310644534845337,stroma-high,4.3722881795356425,4.3722881795356425,0.8152242363687405,23.70166178444369,76.29833821555631,13,6,6,6,6,13,10,0.7629833821555632,0.7655068976458409,4.3722881795356425,0.8152242363687405,26.75314397899812,0.9859392076331375,50.986616999999995,/data1/deasy/Himangi/breast_feature_extraction/Ductal_outputs/TCGA-EW-A1PF-01/tils_tsr_wsi_summary.csv,TCGA-EW-A1PF,Alive,,,439.0,0.0,,,,matched
TCGA-EW-A1PH-01Z-00-DX1.77e0f907-fe59-4dc2-b582-6f10330a9c01,TCGA-EW-A1PH-01,TCGA-EW-A1PH,2.375163245565705,stroma-low,35.7007765031053,35.7007765031053,3.532683737465745,70.37180345828304,29.62819654171696,14,12,12,12,12,14,2,0.2962819654171696,0.3128869985920708,35.7007765031053,3.532683737465745,73.64743312386129,0.9401375661699122,205.67028299999998,/data1/deasy/Himangi/breast_feature_extraction/Ductal_outputs/TCGA-EW-A1PH-01/tils_tsr_wsi_summary.csv,TCGA-EW-A1PH,Alive,,,607.0,0.0,,,,matched
TCGA-EW-A2FR-01Z-00-DX1.FF521BBF-F5BA-4B03-9CA1-101A337F4B45,TCGA-EW-A2FR-01,TCGA-EW-A2FR,0.5435223738016433,stroma-high,6.472660216442222,6.472660216442222,2.2560870358601193,35.21311922826011,64.7868807717399,24,5,5,5,5,24,29,0.647868807717399,0.6505001837110623,6.472660216442222,2.2560870358601193,7.065990662342643,0.8912590292878002,51.944292000000004,/data1/deasy/Himangi/breast_feature_extraction/Ductal_outputs/TCGA-EW-A2FR-01/tils_tsr_wsi_summary.csv,TCGA-EW-A2FR,Alive,,,1673.0,0.0,,,,matched
TCGA-EW-A2FS-01Z-00-DX1.A01C9183-2AC8-456A-B5A6-85C5BB0361D8,TCGA-EW-A2FS-01,TCGA-EW-A2FS,0.7327752380804916,stroma-high,1.0836652799999105,1.0836652799999105,1.210756539342997,42.28911066920801,57.71088933079199,40,13,13,13,13,40,40,0.5771088933079199,0.575490511605898,1.0836652799999105,1.210756539342997,0.3227686761219411,0.9485056327486868,136.00261899999998,/data1/deasy/Himangi/breast_feature_extraction/Ductal_outputs/TCGA-EW-A2FS-01/tils_tsr_wsi_summary.csv,TCGA-EW-A2FS,Alive,,,1604.0,0.0,,,,matched
TCGA-EW-A3U0-01Z-00-DX1.526F60F9-D1EB-4613-B428-18A1FC0BAAE2,TCGA-EW-A3U0-01,TCGA-EW-A3U0,0.24128135168591225,stroma-high,5.945562980556509,5.945562980556509,7.903604391853519,19.43808721191236,80.56191278808762,77,16,16,16,16,77,78,0.8056191278808763,0.8017163244227221,5.945562980556509,7.903604391853519,4.395752227515164,0.9765810893787319,74.864647,/data1/deasy/Himangi/breast_feature_extraction/Ductal_outputs/TCGA-EW-A3U0-01/tils_tsr_wsi_summary.csv,TCGA-EW-A3U0,Alive,,,532.0,0.0,,,,matched
TCGA-EW-A6S9-01Z-00-DX1.4A8CD2D4-D528-465C-82DC-9CAE35DD424B,TCGA-EW-A6S9-01,TCGA-EW-A6S9,0.6767095834984075,stroma-high,1.4937990150418445,1.4937990150418445,1.247242593055226,40.35937947503538,59.64062052496462,30,10,10,10,10,30,27,0.5964062052496462,0.5950178038065753,1.4937990150418445,1.247242593055226,1.003185605517103,0.9481769637531853,160.77699325,/data1/deasy/Himangi/breast_feature_extraction/Ductal_outputs/TCGA-EW-A6S9-01/tils_tsr_wsi_summary.csv,TCGA-EW-A6S9,Alive,,,463.0,0.0,,,,matched
TCGA-EW-A6SA-01Z-00-DX1.DE032DD7-169D-4AA2-A4E0-1EFC158431FA,TCGA-EW-A6SA-01,TCGA-EW-A6SA,1.843992190843406,stroma-low,7.3016620924294955,7.3016620924294955,0.5620210161537001,64.83815942886105,35.16184057113894,26,8,8,8,8,26,25,0.35161840571138936,0.3567691000611912,7.3016620924294955,0.5620210161537001,7.466262864336967,0.9943775815314315,117.000216,/data1/deasy/Himangi/breast_feature_extraction/Ductal_outputs/TCGA-EW-A6SA-01/tils_tsr_wsi_summary.csv,TCGA-EW-A6SA,Alive,,,510.0,0.0,,,,matched
TCGA-EW-A6SD-01Z-00-DX1.32D8240E-2076-492B-BB95-300A9FCA96E7,TCGA-EW-A6SD-01,TCGA-EW-A6SD,0.9040774421227569,stroma-high,29.090962281774345,29.090962281774345,22.88894885899767,47.48112771688781,52.51887228311218,39,16,16,16,16,39,28,0.5251887228311218,0.4884348100221157,29.090962281774345,22.88894885899767,38.65707672053031,0.9825715923629662,169.832664,/data1/deasy/Himangi/breast_feature_extraction/Ductal_outputs/TCGA-EW-A6SD-01/tils_tsr_wsi_summary.csv,TCGA-EW-A6SD,Alive,,,1010.0,0.0,,,,matched
TCGA-GI-A2C8-01Z-00-DX1.09BD8AC9-645A-4C8B-9B36-77D833BDBA09,TCGA-GI-A2C8-01,TCGA-GI-A2C8,0.3301991138430406,stroma-high,1.2164695769038036,1.2164695769038036,0.8735026552480695,24.823284755398138,75.17671524460187,21,3,3,3,3,21,31,0.7517671524460187,0.7516724448252053,1.2164695769038036,0.8735026552480695,1.4521182626947193,0.951449847531841,36.85611725,/data1/deasy/Himangi/breast_feature_extraction/Ductal_outputs/TCGA-GI-A2C8-01/tils_tsr_wsi_summary.csv,TCGA-GI-A2C8,Alive,,,225.0,0.0,,,,matched
TCGA-GM-A2D9-01Z-00-DX1.AF4BF2DD-05FB-400B-A1BC-6E7C9B9DDF05,TCGA-GM-A2D9-01,TCGA-GM-A2D9,0.7819368088543821,stroma-high,1.7745243056388587,1.7745243056388587,2.8857717520913906,43.8812872021592,56.118712797840786,31,2,2,2,2,31,36,0.5611871279784079,0.5563747611607924,1.7745243056388587,2.8857717520913906,0.6064725091234251,0.9078143674409487,101.1256625,/data1/deasy/Himangi/breast_feature_extraction/Ductal_outputs/TCGA-GM-A2D9-01/tils_tsr_wsi_summary.csv,TCGA-GM-A2D9,Dead,1812.0,,1812.0,1.0,1812.0,59.53182751540041,4.960985626283367,matched
TCGA-GM-A2DA-01Z-00-DX1.6E409F88-F654-48C8-A753-BB054037BE16,TCGA-GM-A2DA-01,TCGA-GM-A2DA,0.542993208494236,stroma-high,2.707306192418174,2.707306192418174,1.119200159552116,35.19090074441274,64.80909925558727,17,3,3,3,3,17,16,0.6480909925558728,0.6491480075039123,2.707306192418174,1.119200159552116,3.5444905783260925,0.9994282462740013,45.6289295,/data1/deasy/Himangi/breast_feature_extraction/Ductal_outputs/TCGA-GM-A2DA-01/tils_tsr_wsi_summary.csv,TCGA-GM-A2DA,Dead,6593.0,,6593.0,1.0,6593.0,216.60780287474333,18.050650239561943,matched
TCGA-GM-A2DB-01Z-00-DX1.9EE36AA6-2594-44C7-B05C-91A0AEC7E511,TCGA-GM-A2DB-01,TCGA-GM-A2DB,1.4577626031391444,stroma-low,23.1518918301719,23.1518918301719,2.1240074847913624,59.31258785031706,40.68741214968294,16,5,5,5,5,16,12,0.4068741214968294,0.4259856620762229,23.1518918301719,2.1240074847913624,29.34375794818638,0.9884810764070867,98.92279775,/data1/deasy/Himangi/breast_feature_extraction/Ductal_outputs/TCGA-GM-A2DB-01/tils_tsr_wsi_summary.csv,TCGA-GM-A2DB,Alive,,,2406.0,0.0,,,,matched
TCGA-GM-A2DC-01Z-00-DX1.39F956BB-52D0-4385-9923-4D7D36D78862,TCGA-GM-A2DC-01,TCGA-GM-A2DC,0.6193929831108131,stroma-high,4.394699871286397,4.394699871286397,1.4653988539909617,38.248466528549166,61.75153347145085,8,5,5,5,5,8,3,0.6175153347145085,0.6176719634069036,4.394699871286397,1.4653988539909617,15.249445901969198,0.9911980055468594,38.0541665,/data1/deasy/Himangi/breast_feature_extraction/Ductal_outputs/TCGA-GM-A2DC-01/tils_tsr_wsi_summary.csv,TCGA-GM-A2DC,Alive,,,2535.0,0.0,,,,matched
TCGA-GM-A2DD-01Z-00-DX1.01332FF3-7488-41B7-A515-7841715DE92B,TCGA-GM-A2DD-01,TCGA-GM-A2DD,0.40793081107710677,stroma-high,2.485136134959584,2.485136134959584,1.9439542692500322,28.973782508888217,71.02621749111178,22,8,8,8,8,22,17,0.7102621749111178,0.7096205719724429,2.485136134959584,1.9439542692500322,3.9713934630468324,0.9469659020090714,39.806152499999996,/data1/deasy/Himangi/breast_feature_extraction/Ductal_outputs/TCGA-GM-A2DD-01/tils_tsr_wsi_summary.csv,TCGA-GM-A2DD,Alive,,,2282.0,0.0,,,,matched
TCGA-GM-A2DF-01Z-00-DX1.CD0BE6D7-2DB3-4193-84CC-F9BE7BF18CC2,TCGA-GM-A2DF-01,TCGA-GM-A2DF,0.37282439893624353,stroma-high,40.67529413387894,40.67529413387894,25.794220836598576,27.157471795018562,72.84252820498142,25,9,9,9,9,25,23,0.7284252820498143,0.7577743039070295,40.67529413387894,25.794220836598576,42.76073854110052,0.9691797281671468,16.70827825,/data1/deasy/Himangi/breast_feature_extraction/Ductal_outputs/TCGA-GM-A2DF-01/tils_tsr_wsi_summary.csv,TCGA-GM-A2DF,Alive,,,2155.0,0.0,,,,matched
TCGA-GM-A2DH-01Z-00-DX1.5790F15F-2A0F-4929-8FE4-18A557007989,TCGA-GM-A2DH-01,TCGA-GM-A2DH,0.8590348759812919,stroma-high,22.81191836975751,22.81191836975751,9.27674294243473,46.208647674124464,53.79135232587553,18,10,10,10,10,18,8,0.5379135232587553,0.545161184516905,22.81191836975751,9.27674294243473,19.96798801356401,0.9875482060374047,87.43183074999999,/data1/deasy/Himangi/breast_feature_extraction/Ductal_outputs/TCGA-GM-A2DH-01/tils_tsr_wsi_summary.csv,TCGA-GM-A2DH,Alive,,,2193.0,0.0,,,,matched
TCGA-GM-A2DI-01Z-00-DX1.5E9715EA-9D2B-49D0-8F1D-972CF24B1960,TCGA-GM-A2DI-01,TCGA-GM-A2DI,0.46320253491710023,stroma-high,3.4372842887100075,3.4372842887100075,0.3552737086183779,31.65676137537198,68.34323862462803,6,4,4,4,4,6,3,0.6834323862462802,0.6851526284728042,3.4372842887100075,0.3552737086183779,14.978641572628598,0.9966835755494268,34.43425425,/data1/deasy/Himangi/breast_feature_extraction/Ductal_outputs/TCGA-GM-A2DI-01/tils_tsr_wsi_summary.csv,TCGA-GM-A2DI,Alive,,,2590.0,0.0,,,,matched
TCGA-GM-A2DK-01Z-00-DX1.4F81A585-9549-454C-8E15-2E4545795460,TCGA-GM-A2DK-01,TCGA-GM-A2DK,0.8845544884231783,stroma-high,6.861918187153037,6.861918187153037,8.505574220623435,46.93706092644167,53.06293907355833,16,9,9,9,9,16,10,0.5306293907355834,0.5113377857533511,6.861918187153037,8.505574220623435,0.40563166449620125,0.9020252869316125,136.46167425000002,/data1/deasy/Himangi/breast_feature_extraction/Ductal_outputs/TCGA-GM-A2DK-01/tils_tsr_wsi_summary.csv,TCGA-GM-A2DK,Alive,,,2645.0,0.0,,,,matched
TCGA-GM-A2DL-01Z-00-DX1.1CE6992E-B1CE-45AB-B2EB-75338B6FEE9D,TCGA-GM-A2DL-01,TCGA-GM-A2DL,0.5662490933469233,stroma-high,3.495939399724426,3.495939399724426,1.4845627906144354,36.153195283701876,63.846804716298124,23,10,10,10,10,23,14,0.6384680471629812,0.6396253981419111,3.495939399724426,1.4845627906144354,3.4762280791565487,0.958963836923745,63.47084574999999,/data1/deasy/Himangi/breast_feature_extraction/Ductal_outputs/TCGA-GM-A2DL-01/tils_tsr_wsi_summary.csv,TCGA-GM-A2DL,Alive,,,3519.0,0.0,,,,matched
TCGA-GM-A2DM-01Z-00-DX1.652038F4-C370-40EB-A545-51062783C74C,TCGA-GM-A2DM-01,TCGA-GM-A2DM,2.03062242608234,stroma-low,5.134889837267161,5.134889837267161,2.146142755114883,67.00347785346881,32.996522146531184,20,6,6,6,6,20,18,0.3299652214653118,0.33227845296897257,5.134889837267161,2.146142755114883,13.683006013740744,0.9793967778619842,114.806612,/data1/deasy/Himangi/breast_feature_extraction/Ductal_outputs/TCGA-GM-A2DM-01/tils_tsr_wsi_summary.csv,TCGA-GM-A2DM,Alive,,,3226.0,0.0,,,,matched
TCGA-GM-A2DN-01Z-00-DX1.593003B0-BA87-486B-B472-D6B85867D54D,TCGA-GM-A2DN-01,TCGA-GM-A2DN,0.6246997205580026,stroma-high,24.733827920982026,24.733827920982026,13.157948443988468,38.450164830670964,61.54983516932903,51,6,6,6,6,51,68,0.6154983516932903,0.6285860195403113,24.733827920982026,13.157948443988468,27.286583945500194,0.9423495169169135,89.42857950000003,/data1/deasy/Himangi/breast_feature_extraction/Ductal_outputs/TCGA-GM-A2DN-01/tils_tsr_wsi_summary.csv,TCGA-GM-A2DN,Alive,,,3091.0,0.0,,,,matched
TCGA-LD-A7W5-01Z-00-DX1.C9920081-C2FE-461E-AEF8-625D4A95BE2F,TCGA-LD-A7W5-01,TCGA-LD-A7W5,0.5969308385712662,stroma-high,24.378090052782568,24.378090052782568,19.980992629398706,37.37988046528835,62.62011953471165,77,5,5,5,5,77,120,0.6262011953471165,0.6197887984540187,24.378090052782568,19.980992629398706,19.368016496175425,0.9934715180180096,111.11373068750001,/data1/deasy/Himangi/breast_feature_extraction/Ductal_outputs/TCGA-LD-A7W5-01/tils_tsr_wsi_summary.csv,TCGA-LD-A7W5,Alive,,,216.0,0.0,,,,matched
TCGA-LD-A9QF-01Z-00-DX1.092108DF-1A60-459E-ACE6-5A71826A98D1,TCGA-LD-A9QF-01,TCGA-LD-A9QF,0.7473035154372031,stroma-high,6.527716546011031,6.527716546011031,2.947155093886537,42.76895850290874,57.23104149709125,9,7,7,7,7,9,2,0.5723104149709125,0.5734505867382094,6.527716546011031,2.947155093886537,0.0,0.9985714285557277,27.021034187499996,/data1/deasy/Himangi/breast_feature_extraction/Ductal_outputs/TCGA-LD-A9QF-01/tils_tsr_wsi_summary.csv,TCGA-LD-A9QF,Alive,,,323.0,0.0,,,,matched
TCGA-LL-A441-01Z-00-DX1.33B13078-BB14-4C42-88A6-7460AD2BCD00,TCGA-LL-A441-01,TCGA-LL-A441,2.1817023929031274,stroma-low,27.04468631165381,27.04468631165381,5.128288246557313,68.57028481889044,31.429715181109547,26,8,8,8,8,26,27,0.31429715181109547,0.3474351017235987,27.04468631165381,5.128288246557313,4.02840581939135,0.890045218650639,69.112728,/data1/deasy/Himangi/breast_feature_extraction/Ductal_outputs/TCGA-LL-A441-01/tils_tsr_wsi_summary.csv,TCGA-LL-A441,Alive,,,996.0,0.0,,,,matched
TCGA-LL-A442-01Z-00-DX1.9275EDBD-1C89-4AF3-B02B-19F613A4E083,TCGA-LL-A442-01,TCGA-LL-A442,3.923264365494343,stroma-low,4.145640900461248,4.145640900461248,4.112325667826014,79.68827335357624,20.311726646423757,20,5,5,5,5,20,15,0.20311726646423756,0.19967419755338983,4.145640900461248,4.112325667826014,0.741190119747469,0.9940848948548398,248.48352,/data1/deasy/Himangi/breast_feature_extraction/Ductal_outputs/TCGA-LL-A442-01/tils_tsr_wsi_summary.csv,TCGA-LL-A442,Alive,,,889.0,0.0,,,,matched
TCGA-LL-A5YN-01Z-00-DX1.F221939B-3680-4B95-93A9-BE8599550E87,TCGA-LL-A5YN-01,TCGA-LL-A5YN,1.1678803435555916,stroma-low,18.97492992834307,18.97492992834307,5.330185167647159,53.87199284440781,46.12800715559221,21,8,8,8,8,21,18,0.46128007155592204,0.47018613156640193,18.97492992834307,5.330185167647159,45.83222052590909,0.9721106109492131,83.14840800000002,/data1/deasy/Himangi/breast_feature_extraction/Ductal_outputs/TCGA-LL-A5YN-01/tils_tsr_wsi_summary.csv,TCGA-LL-A5YN,Alive,,,447.0,0.0,,,,matched
TCGA-LL-A5YO-01Z-00-DX1.B5B6DFDB-1020-41FF-AA50-9C633E17DE5F,TCGA-LL-A5YO-01,TCGA-LL-A5YO,1.4369301778148773,stroma-low,60.92908019535618,60.92908019535618,28.817965574978217,58.964766036232106,41.0352339637679,34,11,11,11,11,34,39,0.410352339637679,0.48530948494370657,60.92908019535618,28.817965574978217,75.64684420872115,0.9705137248547882,62.393795999999995,/data1/deasy/Himangi/breast_feature_extraction/Ductal_outputs/TCGA-LL-A5YO-01/tils_tsr_wsi_summary.csv,TCGA-LL-A5YO,Alive,,,440.0,0.0,,,,matched
TCGA-LL-A5YP-01Z-00-DX1.ADA978DF-6625-4C4D-AE0C-F589B2BA4897,TCGA-LL-A5YP-01,TCGA-LL-A5YP,1.685802550150448,stroma-low,16.761309313883103,16.761309313883103,2.9502809756491355,62.767181081722335,37.232818918277665,14,6,6,6,6,14,11,0.37232818918277666,0.38632156304261345,16.761309313883103,2.9502809756491355,12.278526226003937,0.9291522244997706,93.93508800000001,/data1/deasy/Himangi/breast_feature_extraction/Ductal_outputs/TCGA-LL-A5YP-01/tils_tsr_wsi_summary.csv,TCGA-LL-A5YP,Alive,,,450.0,0.0,,,,matched
TCGA-LL-A6FQ-01Z-00-DX1.D4FEEC16-FC67-4C4A-A4B1-F8BA34ECBCBD,TCGA-LL-A6FQ-01,TCGA-LL-A6FQ,1.3401388360442588,stroma-low,2.959449513082713,2.959449513082713,0.28017379957757826,57.26749265482096,42.73250734517903,6,2,2,2,2,6,4,0.4273250734517903,0.42768622245907306,2.959449513082713,0.28017379957757826,0.0,0.9052053973547559,163.49967,/data1/deasy/Himangi/breast_feature_extraction/Ductal_outputs/TCGA-LL-A6FQ-01/tils_tsr_wsi_summary.csv,TCGA-LL-A6FQ,Alive,,,80.0,0.0,,,,matched
TCGA-LL-A6FR-01Z-00-DX1.107010FD-8EDD-406D-B4DE-DEC9E85576FF,TCGA-LL-A6FR-01,TCGA-LL-A6FR,0.7277898105323761,stroma-high,1.7902908926316161,1.7902908926316161,0.5717978457173302,42.12258957055231,57.87741042944769,27,9,9,9,9,27,24,0.578774104294477,0.5791641862547322,1.7902908926316161,0.5717978457173302,0.037304827948489105,0.9786710024312674,105.184377,/data1/deasy/Himangi/breast_feature_extraction/Ductal_outputs/TCGA-LL-A6FR-01/tils_tsr_wsi_summary.csv,TCGA-LL-A6FR,Alive,,,489.0,0.0,,,,matched
TCGA-LL-A73Y-01Z-00-DX1.50C20931-3AA9-40B4-8A73-56B1976423A8,TCGA-LL-A73Y-01,TCGA-LL-A73Y,0.5253817132535004,stroma-high,55.86451931330109,55.86451931330109,44.50931705626037,34.4426387630483,65.5573612369517,15,6,6,6,6,15,12,0.6555736123695171,0.680618281208704,55.86451931330109,44.50931705626037,49.796687679137484,0.9739128914536792,11.909861187499999,/data1/deasy/Himangi/breast_feature_extraction/Ductal_outputs/TCGA-LL-A73Y-01/tils_tsr_wsi_summary.csv,TCGA-LL-A73Y,Alive,,,477.0,0.0,,,,matched
TCGA-LL-A73Z-01Z-00-DX1.C010142E-29C0-411D-9E0E-4B7D8A4C09BF,TCGA-LL-A73Z-01,TCGA-LL-A73Z,1.0131670664606576,stroma-low,12.187202201493276,12.187202201493276,8.05563747946422,50.327023690185,49.672976309815,13,9,9,9,9,13,4,0.49672976309815,0.49476130451925915,12.187202201493276,8.05563747946422,37.62559660905433,0.9650014864617026,35.50880343749999,/data1/deasy/Himangi/breast_feature_extraction/Ductal_outputs/TCGA-LL-A73Z-01/tils_tsr_wsi_summary.csv,TCGA-LL-A73Z,Dead,227.0,,227.0,1.0,227.0,7.457905544147844,0.621492128678987,matched
TCGA-LL-A740-01Z-00-DX1.757D94A5-EF0F-4A0E-99A9-8809B66438DA,TCGA-LL-A740-01,TCGA-LL-A740,0.4547692992066006,stroma-high,2.1706897267143352,2.1706897267143352,1.202033781532635,31.260578529848125,68.73942147015188,43,13,13,13,13,43,40,0.6873942147015188,0.6878009273608285,2.1706897267143352,1.202033781532635,1.512976004577081,0.9914203361003734,58.9605589375,/data1/deasy/Himangi/breast_feature_extraction/Ductal_outputs/TCGA-LL-A740-01/tils_tsr_wsi_summary.csv,TCGA-LL-A740,Alive,,,441.0,0.0,,,,matched
TCGA-LL-A7SZ-01Z-00-DX1.4DAF6421-6A1D-41C8-BFD6-859FE10CB8CC,TCGA-LL-A7SZ-01,TCGA-LL-A7SZ,2.0132582902686167,stroma-low,41.771736706782505,41.771736706782505,12.432353026996045,66.8133328221639,33.186667177836085,18,5,5,5,5,18,17,0.3318666717783609,0.34830373243402346,41.771736706782505,12.432353026996045,31.656659062200237,0.9944501648916931,207.424035,/data1/deasy/Himangi/breast_feature_extraction/Ductal_outputs/TCGA-LL-A7SZ-01/tils_tsr_wsi_summary.csv,TCGA-LL-A7SZ,Alive,,,594.0,0.0,,,,matched
TCGA-LL-A7T0-01Z-00-DX1.B03BBA63-ACF4-4BCA-9F2B-F631F0C6A25C,TCGA-LL-A7T0-01,TCGA-LL-A7T0,2.171836393585976,stroma-low,13.370250091684898,13.370250091684898,2.8642076313235787,68.47252266787216,31.527477332127845,17,8,8,8,8,17,11,0.31527477332127846,0.3188130857272684,13.370250091684898,2.8642076313235787,22.070880248197884,0.8836726219407225,322.576101,/data1/deasy/Himangi/breast_feature_extraction/Ductal_outputs/TCGA-LL-A7T0-01/tils_tsr_wsi_summary.csv,TCGA-LL-A7T0,Alive,,,376.0,0.0,,,,matched
TCGA-OL-A5D6-01Z-00-DX1.6B11331B-4A0D-4E13-B054-A5C7A6FC3AAC,TCGA-OL-A5D6-01,TCGA-OL-A5D6,1.167345406643965,stroma-low,4.586478448744972,4.586478448744972,0.45772190705757454,53.860607684658156,46.139392315341844,11,7,7,7,7,11,4,0.46139392315341843,0.46372923878641625,4.586478448744972,0.45772190705757454,2.8364692145468022,0.9977164809900971,130.29789600000004,/data1/deasy/Himangi/breast_feature_extraction/Ductal_outputs/TCGA-OL-A5D6-01/tils_tsr_wsi_summary.csv,TCGA-OL-A5D6,Dead,1104.0,,1104.0,1.0,1104.0,36.271047227926076,3.02258726899384,matched
TCGA-OL-A5D7-01Z-00-DX1.A4A45393-9AE1-4370-8B92-CB85CDB04934,TCGA-OL-A5D7-01,TCGA-OL-A5D7,4.179433484685696,stroma-low,51.34964288190955,51.34964288190955,14.896694565258873,80.692869153417,19.307130846582982,2,2,2,2,2,2,0,0.19307130846582982,0.20192996039238867,51.34964288190955,14.896694565258873,,0.9713664765352326,139.33011599999998,/data1/deasy/Himangi/breast_feature_extraction/Ductal_outputs/TCGA-OL-A5D7-01/tils_tsr_wsi_summary.csv,TCGA-OL-A5D7,Alive,,,1780.0,0.0,,,,matched
TCGA-OL-A5D8-01Z-00-DX1.C0A75731-1DDC-4FAF-A2C5-2E2ECB23DC13,TCGA-OL-A5D8-01,TCGA-OL-A5D8,1.194419516973596,stroma-low,6.921663269638162,6.921663269638162,2.114423392775704,54.429862099516114,45.57013790048388,30,6,6,6,6,30,32,0.45570137900483876,0.4565457577419139,6.921663269638162,2.114423392775704,4.147280575932158,0.924885424803647,242.50536,/data1/deasy/Himangi/breast_feature_extraction/Ductal_outputs/TCGA-OL-A5D8-01/tils_tsr_wsi_summary.csv,TCGA-OL-A5D8,Alive,,,973.0,0.0,,,,matched
TCGA-OL-A5RU-01Z-00-DX1.A48CAF2D-9310-4611-B27D-400F3A324607,TCGA-OL-A5RU-01,TCGA-OL-A5RU,0.33352936469368755,stroma-high,9.824880569236838,9.824880569236838,4.4935313915574175,25.01102514306458,74.98897485693541,7,2,2,2,2,7,6,0.7498897485693542,0.7569898513988643,9.824880569236838,4.4935313915574175,24.502855075866574,0.9214569226778802,5.265344,/data1/deasy/Himangi/breast_feature_extraction/Ductal_outputs/TCGA-OL-A5RU-01/tils_tsr_wsi_summary.csv,TCGA-OL-A5RU,Alive,,,1219.0,0.0,,,,matched
TCGA-OL-A5RV-01Z-00-DX1.920AC243-1DAC-4854-BEB6-1CBCC950F26B,TCGA-OL-A5RV-01,TCGA-OL-A5RV,0.23140280913899297,stroma-high,2.171799088976217,2.171799088976217,0.4680009445466433,18.79180455181775,81.20819544818224,5,2,2,2,2,5,4,0.8120819544818224,0.8141252229298905,2.171799088976217,0.4680009445466433,7.44328712285625,0.9919354843584649,2.703232,/data1/deasy/Himangi/breast_feature_extraction/Ductal_outputs/TCGA-OL-A5RV-01/tils_tsr_wsi_summary.csv,TCGA-OL-A5RV,Alive,,,1062.0,0.0,,,,matched
TCGA-OL-A5RY-01Z-00-DX1.AE4E9D74-FC1C-4C1E-AE6D-5DF38899BBA6,TCGA-OL-A5RY-01,TCGA-OL-A5RY,0.33588084358734216,stroma-high,21.53297311318669,21.53297311318669,8.273092813338502,25.1430241851044,74.85697581489559,4,2,2,2,2,4,3,0.7485697581489559,0.7636086244348427,21.53297311318669,8.273092813338502,14.070088404187796,0.9908157120120452,3.349248,/data1/deasy/Himangi/breast_feature_extraction/Ductal_outputs/TCGA-OL-A5RY-01/tils_tsr_wsi_summary.csv,TCGA-OL-A5RY,Alive,,,752.0,0.0,,,,matched
TCGA-OL-A5S0-01Z-00-DX1.49A7AC9D-C186-406C-BA67-2D73DE82E13B,TCGA-OL-A5S0-01,TCGA-OL-A5S0,0.46005387699357203,stroma-high,2.4075967024735303,2.4075967024735303,0.3610804622150748,31.509376759498682,68.49062324050132,4,2,2,2,2,4,2,0.6849062324050132,0.6877493509906116,2.4075967024735303,0.3610804622150748,3.779716982286222,0.8879644831793239,5.277888,/data1/deasy/Himangi/breast_feature_extraction/Ductal_outputs/TCGA-OL-A5S0-01/tils_tsr_wsi_summary.csv,TCGA-OL-A5S0,Alive,,,620.0,0.0,,,,matched
TCGA-OL-A66I-01Z-00-DX1.8CE9DCAB-98D3-4163-94AC-1557D86C1E25,TCGA-OL-A66I-01,TCGA-OL-A66I,0.7229062853310856,stroma-high,27.246556569727332,27.246556569727332,28.522374964624962,41.95853781984241,58.04146218015759,28,5,5,5,5,28,31,0.5804146218015759,0.5588444502508056,27.246556569727332,28.522374964624962,26.26678288980211,0.9833973258075872,59.071557375,/data1/deasy/Himangi/breast_feature_extraction/Ductal_outputs/TCGA-OL-A66I-01/tils_tsr_wsi_summary.csv,TCGA-OL-A66I,Alive,,,714.0,0.0,,,,matched
TCGA-OL-A66O-01Z-00-DX1.5F1E4C60-5CE8-41B4-A94D-4AA80D9253F9,TCGA-OL-A66O-01,TCGA-OL-A66O,0.45546726562655115,stroma-high,0.2685406335728274,0.2685406335728274,0.1230148516460834,31.29354238210786,68.70645761789214,20,4,4,4,4,20,21,0.6870645761789215,0.6870706463068932,0.2685406335728274,0.1230148516460834,0.021078036501765166,0.9910307792676722,74.52059568749999,/data1/deasy/Himangi/breast_feature_extraction/Ductal_outputs/TCGA-OL-A66O-01/tils_tsr_wsi_summary.csv,TCGA-OL-A66O,Alive,,,528.0,0.0,,,,matched
TCGA-OL-A66P-01Z-00-DX1.5ADD0D6D-37C6-4BC9-8C2B-64DB18BE99B3,TCGA-OL-A66P-01,TCGA-OL-A66P,1.2977079284279196,stroma-low,33.9118527363438,33.9118527363438,28.675060728163327,56.4783675232302,43.521632476769796,29,8,8,8,8,29,23,0.43521632476769795,0.41665033929282813,33.9118527363438,28.675060728163327,17.236917633599415,0.9714063489681608,86.63635181250001,/data1/deasy/Himangi/breast_feature_extraction/Ductal_outputs/TCGA-OL-A66P-01/tils_tsr_wsi_summary.csv,TCGA-OL-A66P,Alive,,,428.0,0.0,,,,matched
TCGA-OL-A6VO-01Z-00-DX1.291D54D6-EBAF-4622-BD42-97AA5997F014,TCGA-OL-A6VO-01,TCGA-OL-A6VO,2.4013060240943354,stroma-low,18.646342939368363,18.646342939368363,3.4411570042251447,70.59952874230805,29.400471257691958,8,7,5,7,7,8,1,0.29400471257691957,0.30119392436013365,18.646342939368363,3.4411570042251447,35.78143119812012,0.623129801880118,62.72367525,/data1/deasy/Himangi/breast_feature_extraction/Ductal_outputs/TCGA-OL-A6VO-01/tils_tsr_wsi_summary.csv,TCGA-OL-A6VO,Alive,,,858.0,0.0,,,,matched
TCGA-PL-A8LX-01A-01-DX1.9646D69F-A764-4246-9243-67A63006DE96,TCGA-PL-A8LX-01,TCGA-PL-A8LX,0.9609720688988576,stroma-high,4.725315692266975,4.725315692266975,7.304826516480663,49.00488304448269,50.99511695551732,4,4,4,4,4,4,0,0.5099511695551732,0.49740248632130163,4.725315692266975,7.304826516480663,,0.8985966519754746,14.7554716875,/data1/deasy/Himangi/breast_feature_extraction/Ductal_outputs/TCGA-PL-A8LX-01/TCGA-PL-A8LX-01A-01-DX1.9646D69F-A764-4246-9243-67A63006DE96__tils_tsr_wsi_summary.csv,TCGA-PL-A8LX,Alive,,,5.0,0.0,,,,matched
TCGA-PL-A8LX-01A-02-DX2.84DA8B75-1196-4704-B6B2-C5E7BF645E95,TCGA-PL-A8LX-01,TCGA-PL-A8LX,0.971233206562555,stroma-high,2.0581536278188377,2.0581536278188377,4.611480932079702,49.27033510439872,50.72966489560129,16,7,7,7,7,16,9,0.5072966489560129,0.4993322545590112,2.0581536278188377,4.611480932079702,0.19060147110674727,0.7878621646348348,19.6249,/data1/deasy/Himangi/breast_feature_extraction/Ductal_outputs/TCGA-PL-A8LX-01/TCGA-PL-A8LX-01A-02-DX2.84DA8B75-1196-4704-B6B2-C5E7BF645E95__tils_tsr_wsi_summary.csv,TCGA-PL-A8LX,Alive,,,5.0,0.0,,,,matched
TCGA-PL-A8LY-01A-01-DX1.32047D5E-8A42-480A-B2B8-A56B47B949FD,TCGA-PL-A8LY-01,TCGA-PL-A8LY,0.13152157131942982,stroma-high,0.21307920244910253,0.21307920244910253,2.0981056719454676,11.623425894220194,88.37657410577981,1,1,1,1,1,1,0,0.8837657410577981,0.88206800342796,0.21307920244910253,2.0981056719454676,,0.9999999960189899,0.2943735,/data1/deasy/Himangi/breast_feature_extraction/Ductal_outputs/TCGA-PL-A8LY-01/TCGA-PL-A8LY-01A-01-DX1.32047D5E-8A42-480A-B2B8-A56B47B949FD__tils_tsr_wsi_summary.csv,TCGA-PL-A8LY,Alive,,,8.0,0.0,,,,matched
TCGA-PL-A8LY-01A-02-DX2.6F9520F1-3210-4A96-81C2-A14424F650D1,TCGA-PL-A8LY-01,TCGA-PL-A8LY,0.5653863868023752,stroma-high,8.334192284253549,8.334192284253549,3.58047636891033,36.118008407962044,63.88199159203795,7,3,3,3,3,7,5,0.6388199159203795,0.6447397588581992,8.334192284253549,3.58047636891033,3.5808960864321455,0.8572397157294471,7.383868625,/data1/deasy/Himangi/breast_feature_extraction/Ductal_outputs/TCGA-PL-A8LY-01/TCGA-PL-A8LY-01A-02-DX2.6F9520F1-3210-4A96-81C2-A14424F650D1__tils_tsr_wsi_summary.csv,TCGA-PL-A8LY,Alive,,,8.0,0.0,,,,matched
TCGA-PL-A8LZ-01A-03-DX3.E5D16DBF-CABD-4C96-A794-5F27BC305055,TCGA-PL-A8LZ-01,TCGA-PL-A8LZ,0.6137023813988504,stroma-high,18.460631432979017,18.460631432979017,15.955459380609224,38.03070432769999,61.96929567230002,8,5,5,5,5,8,3,0.6196929567230002,0.6056593905616491,18.460631432979017,15.955459380609224,26.862341783678666,0.9455157917511867,35.275023,/data1/deasy/Himangi/breast_feature_extraction/Ductal_outputs/TCGA-PL-A8LZ-01/tils_tsr_wsi_summary.csv,TCGA-PL-A8LZ,Alive,,,302.0,0.0,,,,matched
TCGA-S3-A6ZF-01Z-00-DX1.E50205A0-63CA-49DE-8831-2A8916DEF403,TCGA-S3-A6ZF-01,TCGA-S3-A6ZF,0.4529381027930635,stroma-high,0.6577582847781007,0.6577582847781007,0.32987917939428396,31.173943468228654,68.82605653177136,28,8,8,8,8,28,23,0.6882605653177135,0.6882720947288082,0.6577582847781007,0.32987917939428396,1.9958203346455015,0.986741402430158,79.02689400000001,/data1/deasy/Himangi/breast_feature_extraction/Ductal_outputs/TCGA-S3-A6ZF-01/tils_tsr_wsi_summary.csv,TCGA-S3-A6ZF,Alive,,,572.0,0.0,,,,matched
TCGA-S3-AA0Z-01Z-00-DX1.4D96156A-4067-41F2-90B8-41EF7ED794CF,TCGA-S3-AA0Z-01,TCGA-S3-AA0Z,1.1501482426106555,stroma-low,3.8675726069586496,3.8675726069586496,2.31132930255689,53.49157885105515,46.50842114894484,54,11,11,11,11,54,65,0.4650842114894484,0.4651066185765794,3.8675726069586496,2.31132930255689,1.9387005984359849,0.8607291803309111,128.9969208125,/data1/deasy/Himangi/breast_feature_extraction/Ductal_outputs/TCGA-S3-AA0Z-01/tils_tsr_wsi_summary.csv,TCGA-S3-AA0Z,Alive,,,629.0,0.0,,,,matched
TCGA-S3-AA10-01Z-00-DX1.C0468882-0DD8-4FC5-8C2F-E18BE8000F69,TCGA-S3-AA10-01,TCGA-S3-AA10,1.4519704993798697,stroma-low,42.79829840217131,42.79829840217131,12.487008186309517,59.21647506554785,40.783524934452146,15,3,3,3,3,15,18,0.4078352493445215,0.4466665668248587,42.79829840217131,12.487008186309517,34.34650715184818,0.9092702704650253,56.5074464375,/data1/deasy/Himangi/breast_feature_extraction/Ductal_outputs/TCGA-S3-AA10-01/tils_tsr_wsi_summary.csv,TCGA-S3-AA10,Alive,,,586.0,0.0,,,,matched
TCGA-S3-AA11-01Z-00-DX1.36B83B37-2928-4DB7-A04A-8D511F1183FD,TCGA-S3-AA11-01,TCGA-S3-AA11,0.6368492992638292,stroma-high,0.8859193616823996,0.8859193616823996,0.7907140109322459,38.90702091819029,61.092979081809716,20,9,9,9,9,20,17,0.6109297908180972,0.6102946730143922,0.8859193616823996,0.7907140109322459,0.23097559778282262,0.868880359110278,38.3298828125,/data1/deasy/Himangi/breast_feature_extraction/Ductal_outputs/TCGA-S3-AA11-01/tils_tsr_wsi_summary.csv,TCGA-S3-AA11,Alive,,,421.0,0.0,,,,matched
TCGA-S3-AA14-01Z-00-DX1.000A865F-19E6-4018-9352-BFA54EF0CE31,TCGA-S3-AA14-01,TCGA-S3-AA14,0.47401097910209805,stroma-high,0.7011388305230842,0.7011388305230842,0.6990386225528359,32.15790016644547,67.84209983355454,54,15,15,15,15,54,56,0.6784209983355454,0.6777309499661248,0.7011388305230842,0.6990386225528359,0.5433612391505462,0.9518705045218838,96.088416625,/data1/deasy/Himangi/breast_feature_extraction/Ductal_outputs/TCGA-S3-AA14-01/tils_tsr_wsi_summary.csv,TCGA-S3-AA14,Alive,,,529.0,0.0,,,,matched
TCGA-S3-AA15-01Z-00-DX1.A2456A4A-E6E8-4429-8F09-B997AA497BB0,TCGA-S3-AA15-01,TCGA-S3-AA15,0.29231524098263245,stroma-high,7.202968718335939,7.202968718335939,0.9087820910154442,22.619499616855553,77.38050038314445,2,1,1,1,1,2,1,0.7738050038314445,0.7821387677788326,7.202968718335939,0.9087820910154442,10.483063413866626,0.7222222224252417,1.32468075,/data1/deasy/Himangi/breast_feature_extraction/Ductal_outputs/TCGA-S3-AA15-01/TCGA-S3-AA15-01Z-00-DX1.A2456A4A-E6E8-4429-8F09-B997AA497BB0__tils_tsr_wsi_summary.csv,TCGA-S3-AA15,Alive,,,525.0,0.0,,,,matched
TCGA-S3-AA15-01Z-00-DX2.915A4F90-25CB-4535-99C7-D0D0CFC90412,TCGA-S3-AA15-01,TCGA-S3-AA15,1.0989418759836251,stroma-low,80.15424020748257,80.15424020748257,37.87438528724782,52.356946543297155,47.64305345670284,7,4,4,4,4,7,3,0.4764305345670284,0.6880837397167562,80.15424020748257,37.87438528724782,96.38258437875497,0.8137101632484556,4.3788058125000004,/data1/deasy/Himangi/breast_feature_extraction/Ductal_outputs/TCGA-S3-AA15-01/TCGA-S3-AA15-01Z-00-DX2.915A4F90-25CB-4535-99C7-D0D0CFC90412__tils_tsr_wsi_summary.csv,TCGA-S3-AA15,Alive,,,525.0,0.0,,,,matched
TCGA-S3-AA17-01Z-00-DX1.9B7DC02E-ECB2-4403-A894-F418AD452E49,TCGA-S3-AA17-01,TCGA-S3-AA17,0.9932335183748203,stroma-high,34.68448918364553,34.68448918364553,16.753112886775575,49.830263700594976,50.16973629940501,25,7,7,7,7,25,24,0.5016973629940501,0.5212262045221956,34.68448918364553,16.753112886775575,32.297897446356174,0.8876914417108235,55.39128025,/data1/deasy/Himangi/breast_feature_extraction/Ductal_outputs/TCGA-S3-AA17-01/tils_tsr_wsi_summary.csv,TCGA-S3-AA17,Alive,,,424.0,0.0,,,,matched
TCGA-UL-AAZ6-01Z-00-DX1.0488628B-C06B-4A1D-9198-EC29D0BACF6E,TCGA-UL-AAZ6-01,TCGA-UL-AAZ6,0.6170696409758828,stroma-high,1.0549301168064726,1.0549301168064726,1.611025542449196,38.15974435111455,61.840255648885446,38,9,9,9,9,38,40,0.6184025564888544,0.6159251432168326,1.0549301168064726,1.611025542449196,0.904176906209983,0.9712659487566877,119.11942800000001,/data1/deasy/Himangi/breast_feature_extraction/Ductal_outputs/TCGA-UL-AAZ6-01/tils_tsr_wsi_summary.csv,TCGA-UL-AAZ6,Alive,,,518.0,0.0,,,,matched
TCGA-UU-A93S-01Z-00-DX1.C4809779-DF5F-4F5D-A78C-B7F95F2D050F,TCGA-UU-A93S-01,TCGA-UU-A93S,1.6971671620836462,stroma-low,17.25538040617443,17.25538040617443,4.807613597652196,62.924062918389204,37.07593708161079,32,12,12,12,12,32,22,0.3707593708161079,0.3772521148106706,17.25538040617443,4.807613597652196,16.02911827110518,0.8913234674010141,283.15051031250005,/data1/deasy/Himangi/breast_feature_extraction/Ductal_outputs/TCGA-UU-A93S-01/tils_tsr_wsi_summary.csv,TCGA-UU-A93S,Dead,116.0,,116.0,1.0,116.0,3.811088295687885,0.31759069130732376,matched
TCGA-WT-AB41-01Z-00-DX1.75BDFDF2-CD87-46D1-B32C-725741CB02BE,TCGA-WT-AB41-01,TCGA-WT-AB41,0.5540981429695256,stroma-high,10.394466022935879,10.394466022935879,9.816698027115958,35.65399942572295,64.34600057427706,34,13,13,13,13,34,24,0.6434600057427705,0.6341168372660447,10.394466022935879,9.816698027115958,10.790339250618691,0.9699699865914386,61.29101581250001,/data1/deasy/Himangi/breast_feature_extraction/Ductal_outputs/TCGA-WT-AB41-01/tils_tsr_wsi_summary.csv,TCGA-WT-AB41,Alive,,,1611.0,0.0,,,,matched
