wsi_name,sample_id,subject_id,wsi_n_clusters_scored,wsi_necrosis_area_um2,wsi_necrosis_perimeter_um,wsi_necrosis_fraction_of_cluster,wsi_dominant_necrosis_phenotype,source_file,tcga_case_id,vital_status,days_to_death,diagnosis_days_to_last_follow_up,followup_days_to_follow_up,OS_event,OS_days,OS_months,OS_years,survival_match
TCGA-3C-AALJ-01Z-00-DX1.777C0957-255A-42F0-9EEB-A3606BCF0C96,TCGA-3C-AALJ-01,TCGA-3C-AALJ,61,99159.73,13344.87,0.0113,focal,/data1/deasy/Himangi/breast_feature_extraction/Ductal_outputs/TCGA-3C-AALJ-01/TCGA-3C-AALJ-01Z-00-DX1.777C0957-255A-42F0-9EEB-A3606BCF0C96__necrosis_feature_wsi_summary.csv,TCGA-3C-AALJ,Alive,,,1474.0,0.0,,,,matched
TCGA-3C-AALJ-01Z-00-DX2.62DFE56B-B84C-40F9-9625-FCB55767B70D,TCGA-3C-AALJ-01,TCGA-3C-AALJ,32,22619.35,6239.17,0.0059,focal,/data1/deasy/Himangi/breast_feature_extraction/Ductal_outputs/TCGA-3C-AALJ-01/TCGA-3C-AALJ-01Z-00-DX2.62DFE56B-B84C-40F9-9625-FCB55767B70D__necrosis_feature_wsi_summary.csv,TCGA-3C-AALJ,Alive,,,1474.0,0.0,,,,matched
TCGA-3C-AALK-01Z-00-DX1.4E6EB156-BB19-410F-878F-FC0EA7BD0B53,TCGA-3C-AALK-01,TCGA-3C-AALK,49,109488.14,14335.93,0.0147,focal,/data1/deasy/Himangi/breast_feature_extraction/Ductal_outputs/TCGA-3C-AALK-01/necrosis_feature_wsi_summary.csv,TCGA-3C-AALK,Alive,,,1448.0,0.0,,,,matched
TCGA-A1-A0SD-01Z-00-DX1.DB17BFA9-D951-42A8-91D2-F4C2EBC6EB9F,TCGA-A1-A0SD-01,TCGA-A1-A0SD,35,79205.03,12939.83,0.0167,focal,/data1/deasy/Himangi/breast_feature_extraction/Ductal_outputs/TCGA-A1-A0SD-01/necrosis_feature_wsi_summary.csv,TCGA-A1-A0SD,Alive,,,437.0,0.0,,,,matched
TCGA-A1-A0SF-01Z-00-DX1.7F252D89-EA78-419F-A969-1B7313D77499,TCGA-A1-A0SF-01,TCGA-A1-A0SF,54,1469.03,565.19,0.0002,focal,/data1/deasy/Himangi/breast_feature_extraction/Ductal_outputs/TCGA-A1-A0SF-01/necrosis_feature_wsi_summary.csv,TCGA-A1-A0SF,Alive,,,1463.0,0.0,,,,matched
TCGA-A1-A0SH-01Z-00-DX1.90E71B08-E1D9-4FC2-85AC-062E56DDF17C,TCGA-A1-A0SH-01,TCGA-A1-A0SH,32,4002.62,738.73,0.0009,focal,/data1/deasy/Himangi/breast_feature_extraction/Ductal_outputs/TCGA-A1-A0SH-01/necrosis_feature_wsi_summary.csv,TCGA-A1-A0SH,Alive,,,1437.0,0.0,,,,matched
TCGA-A1-A0SI-01Z-00-DX1.AB717348-F964-4F29-BBE2-972B7C640432,TCGA-A1-A0SI-01,TCGA-A1-A0SI,21,28846.5,4235.95,0.009,focal,/data1/deasy/Himangi/breast_feature_extraction/Ductal_outputs/TCGA-A1-A0SI-01/necrosis_feature_wsi_summary.csv,TCGA-A1-A0SI,Alive,,,635.0,0.0,,,,matched
TCGA-A1-A0SJ-01Z-00-DX1.C196FA66-C376-4016-86BC-3D8E745B3A51,TCGA-A1-A0SJ-01,TCGA-A1-A0SJ,53,127620.33,20308.35,0.0165,focal,/data1/deasy/Himangi/breast_feature_extraction/Ductal_outputs/TCGA-A1-A0SJ-01/necrosis_feature_wsi_summary.csv,TCGA-A1-A0SJ,Alive,,,416.0,0.0,,,,matched
TCGA-A2-A04N-01Z-00-DX1.9E9B7DB0-1CF1-4631-8292-A9DBCA0BD37C,TCGA-A2-A04N-01,TCGA-A2-A04N,17,2276.28,411.5,0.0011,focal,/data1/deasy/Himangi/breast_feature_extraction/Ductal_outputs/TCGA-A2-A04N-01/necrosis_feature_wsi_summary.csv,TCGA-A2-A04N,Alive,,,4354.0,0.0,,,,matched
TCGA-A2-A04P-01Z-00-DX1.5B481E02-D269-4732-8FDD-6494E6EE2B71,TCGA-A2-A04P-01,TCGA-A2-A04P,37,149121.02,24513.86,0.025,focal,/data1/deasy/Himangi/breast_feature_extraction/Ductal_outputs/TCGA-A2-A04P-01/necrosis_feature_wsi_summary.csv,TCGA-A2-A04P,Dead,548.0,,548.0,1.0,548.0,18.0041067761807,1.5003422313483916,matched
TCGA-A2-A04Q-01Z-00-DX1.DF7ED6B6-7701-486D-9007-F26B6F0682C4,TCGA-A2-A04Q-01,TCGA-A2-A04Q,25,6837.84,1844.69,0.0026,focal,/data1/deasy/Himangi/breast_feature_extraction/Ductal_outputs/TCGA-A2-A04Q-01/necrosis_feature_wsi_summary.csv,TCGA-A2-A04Q,Alive,,,2385.0,0.0,,,,matched
TCGA-A2-A04T-01Z-00-DX1.71444266-BD56-4183-9603-C7AC20C9DA1E,TCGA-A2-A04T-01,TCGA-A2-A04T,13,5174.19,1797.0,0.0042,focal,/data1/deasy/Himangi/breast_feature_extraction/Ductal_outputs/TCGA-A2-A04T-01/necrosis_feature_wsi_summary.csv,TCGA-A2-A04T,Alive,,,2246.0,0.0,,,,matched
TCGA-A2-A04U-01Z-00-DX1.06D17357-46A8-4DC3-A22B-2F4EB6EE3F79,TCGA-A2-A04U-01,TCGA-A2-A04U,14,16189.34,4377.09,0.0111,focal,/data1/deasy/Himangi/breast_feature_extraction/Ductal_outputs/TCGA-A2-A04U-01/necrosis_feature_wsi_summary.csv,TCGA-A2-A04U,Alive,,,2654.0,0.0,,,,matched
TCGA-A2-A04V-01Z-00-DX1.EB430DDB-8FE9-4302-8829-53DBAD09E79F,TCGA-A2-A04V-01,TCGA-A2-A04V,29,4299.28,359.27,0.0012,focal,/data1/deasy/Himangi/breast_feature_extraction/Ductal_outputs/TCGA-A2-A04V-01/necrosis_feature_wsi_summary.csv,TCGA-A2-A04V,Dead,1920.0,,1920.0,1.0,1920.0,63.08008213552361,5.256673511293634,matched
TCGA-A2-A04X-01Z-00-DX1.E01A4522-67B3-4FEF-BD6B-99DFED9E7C85,TCGA-A2-A04X-01,TCGA-A2-A04X,26,83937.15,13359.06,0.026,focal,/data1/deasy/Himangi/breast_feature_extraction/Ductal_outputs/TCGA-A2-A04X-01/necrosis_feature_wsi_summary.csv,TCGA-A2-A04X,Alive,,,1686.0,0.0,,,,matched
TCGA-A2-A0CL-01Z-00-DX1.5342E971-DCD2-42C4-B4FF-E6942A95829E,TCGA-A2-A0CL-01,TCGA-A2-A0CL,56,61883.54,19711.16,0.0081,focal,/data1/deasy/Himangi/breast_feature_extraction/Ductal_outputs/TCGA-A2-A0CL-01/necrosis_feature_wsi_summary.csv,TCGA-A2-A0CL,Alive,,,3015.0,0.0,,,,matched
TCGA-A2-A0CM-01Z-00-DX1.AC4901DE-4B6D-4185-BB9F-156033839828,TCGA-A2-A0CM-01,TCGA-A2-A0CM,7,2387.69,455.23,0.003,focal,/data1/deasy/Himangi/breast_feature_extraction/Ductal_outputs/TCGA-A2-A0CM-01/necrosis_feature_wsi_summary.csv,TCGA-A2-A0CM,Dead,754.0,,754.0,1.0,754.0,24.772073921971252,2.0643394934976045,matched
TCGA-A2-A0CP-01Z-00-DX1.ECFD263C-BB17-4ADA-8F2C-654C2AA4C45F,TCGA-A2-A0CP-01,TCGA-A2-A0CP,17,822.78,169.1,0.0004,focal,/data1/deasy/Himangi/breast_feature_extraction/Ductal_outputs/TCGA-A2-A0CP-01/necrosis_feature_wsi_summary.csv,TCGA-A2-A0CP,Alive,,,2813.0,0.0,,,,matched
TCGA-A2-A0CQ-01Z-00-DX1.4E5FB4E5-A08C-4C87-A3BE-0640A95AE649,TCGA-A2-A0CQ-01,TCGA-A2-A0CQ,8,6101.6,2369.47,0.0106,focal,/data1/deasy/Himangi/breast_feature_extraction/Ductal_outputs/TCGA-A2-A0CQ-01/necrosis_feature_wsi_summary.csv,TCGA-A2-A0CQ,Alive,,,2695.0,0.0,,,,matched
TCGA-A2-A0CV-01Z-00-DX1.B02D017A-61CD-45FE-BB31-705CD127DDAB,TCGA-A2-A0CV-01,TCGA-A2-A0CV,95,85574.42,14568.16,0.0065,focal,/data1/deasy/Himangi/breast_feature_extraction/Ductal_outputs/TCGA-A2-A0CV-01/necrosis_feature_wsi_summary.csv,TCGA-A2-A0CV,Alive,,,3011.0,0.0,,,,matched
TCGA-A2-A0CW-01Z-00-DX1.8E313A22-B0E8-44CF-ADEA-8BF29BA23FFE,TCGA-A2-A0CW-01,TCGA-A2-A0CW,18,21240.09,4906.59,0.0104,focal,/data1/deasy/Himangi/breast_feature_extraction/Ductal_outputs/TCGA-A2-A0CW-01/necrosis_feature_wsi_summary.csv,TCGA-A2-A0CW,Alive,,,3283.0,0.0,,,,matched
TCGA-A2-A0CZ-01Z-00-DX1.A433A414-4F1B-4F99-8FD9-E64803F5E042,TCGA-A2-A0CZ-01,TCGA-A2-A0CZ,88,8541.4,2250.34,0.0007,focal,/data1/deasy/Himangi/breast_feature_extraction/Ductal_outputs/TCGA-A2-A0CZ-01/necrosis_feature_wsi_summary.csv,TCGA-A2-A0CZ,Alive,,,1616.0,0.0,,,,matched
TCGA-A2-A0D0-01Z-00-DX1.4FF6B8E5-703B-400F-920A-104F56E0F874,TCGA-A2-A0D0-01,TCGA-A2-A0D0,18,0.0,0.0,0.0,absent,/data1/deasy/Himangi/breast_feature_extraction/Ductal_outputs/TCGA-A2-A0D0-01/necrosis_feature_wsi_summary.csv,TCGA-A2-A0D0,Alive,,,2048.0,0.0,,,,matched
TCGA-A2-A0D3-01Z-00-DX1.D18CE1C0-291D-41C1-8F71-2A0551F8C661,TCGA-A2-A0D3-01,TCGA-A2-A0D3,5,0.0,0.0,0.0,absent,/data1/deasy/Himangi/breast_feature_extraction/Ductal_outputs/TCGA-A2-A0D3-01/necrosis_feature_wsi_summary.csv,TCGA-A2-A0D3,Alive,,,1873.0,0.0,,,,matched
TCGA-A2-A0EO-01Z-00-DX1.D7A09E23-2CAB-4B3B-814C-BF0BA75B7589,TCGA-A2-A0EO-01,TCGA-A2-A0EO,72,25162.3,5306.43,0.0027,focal,/data1/deasy/Himangi/breast_feature_extraction/Ductal_outputs/TCGA-A2-A0EO-01/necrosis_feature_wsi_summary.csv,TCGA-A2-A0EO,Alive,,,2442.0,0.0,,,,matched
TCGA-A2-A0EQ-01Z-00-DX1.5FCD8890-4594-4BE2-93B1-B8F698BFD2A0,TCGA-A2-A0EQ-01,TCGA-A2-A0EQ,83,122759.92,25642.13,0.0104,focal,/data1/deasy/Himangi/breast_feature_extraction/Ductal_outputs/TCGA-A2-A0EQ-01/necrosis_feature_wsi_summary.csv,TCGA-A2-A0EQ,Alive,,,2426.0,0.0,,,,matched
TCGA-A2-A0ET-01Z-00-DX1.41E86BB9-EA52-4615-94E7-0F09DDB094F4,TCGA-A2-A0ET-01,TCGA-A2-A0ET,10,0.0,0.0,0.0,absent,/data1/deasy/Himangi/breast_feature_extraction/Ductal_outputs/TCGA-A2-A0ET-01/necrosis_feature_wsi_summary.csv,TCGA-A2-A0ET,Alive,,,1066.0,0.0,,,,matched
TCGA-A2-A0EU-01Z-00-DX1.13335BEB-63D4-469B-A389-8A079A096129,TCGA-A2-A0EU-01,TCGA-A2-A0EU,10,0.0,0.0,0.0,absent,/data1/deasy/Himangi/breast_feature_extraction/Ductal_outputs/TCGA-A2-A0EU-01/necrosis_feature_wsi_summary.csv,TCGA-A2-A0EU,Alive,,,1043.0,0.0,,,,matched
TCGA-A2-A0EY-01Z-00-DX1.2F2428B3-0767-48E0-AC22-443C244CBD16,TCGA-A2-A0EY-01,TCGA-A2-A0EY,21,2497.78,952.49,0.0007,focal,/data1/deasy/Himangi/breast_feature_extraction/Ductal_outputs/TCGA-A2-A0EY-01/necrosis_feature_wsi_summary.csv,TCGA-A2-A0EY,Alive,,,1925.0,0.0,,,,matched
TCGA-A2-A0ST-01Z-00-DX1.AE05A5DB-4861-40DE-B0F5-7955FC903A96,TCGA-A2-A0ST-01,TCGA-A2-A0ST,5,0.0,0.0,0.0,absent,/data1/deasy/Himangi/breast_feature_extraction/Ductal_outputs/TCGA-A2-A0ST-01/necrosis_feature_wsi_summary.csv,TCGA-A2-A0ST,Alive,,,3017.0,0.0,,,,matched
TCGA-A2-A0SV-01Z-00-DX1.F5645E47-3540-4753-AF5D-F5709BD8DFC1,TCGA-A2-A0SV-01,TCGA-A2-A0SV,91,102294.96,16754.9,0.0076,focal,/data1/deasy/Himangi/breast_feature_extraction/Ductal_outputs/TCGA-A2-A0SV-01/necrosis_feature_wsi_summary.csv,TCGA-A2-A0SV,Dead,825.0,,825.0,1.0,825.0,27.104722792607802,2.2587268993839835,matched
TCGA-A2-A0SW-01Z-00-DX1.E1EA0407-B831-4D75-826E-80B82B821797,TCGA-A2-A0SW-01,TCGA-A2-A0SW,30,2089.9,773.86,0.0005,focal,/data1/deasy/Himangi/breast_feature_extraction/Ductal_outputs/TCGA-A2-A0SW-01/necrosis_feature_wsi_summary.csv,TCGA-A2-A0SW,Dead,1365.0,,1365.0,1.0,1365.0,44.84599589322382,3.7371663244353184,matched
TCGA-A2-A0T1-01Z-00-DX1.CD1E9C46-18A3-466B-AA0B-24F3055FA851,TCGA-A2-A0T1-01,TCGA-A2-A0T1,17,14761.24,3217.89,0.0066,focal,/data1/deasy/Himangi/breast_feature_extraction/Ductal_outputs/TCGA-A2-A0T1-01/necrosis_feature_wsi_summary.csv,TCGA-A2-A0T1,Alive,,,521.0,0.0,,,,matched
TCGA-A2-A0T2-01Z-00-DX1.29A5C4C8-6AE8-44EE-98C2-ACBCBFBE9D60,TCGA-A2-A0T2-01,TCGA-A2-A0T2,51,31071.1,6034.69,0.0047,focal,/data1/deasy/Himangi/breast_feature_extraction/Ductal_outputs/TCGA-A2-A0T2-01/necrosis_feature_wsi_summary.csv,TCGA-A2-A0T2,Dead,255.0,,255.0,1.0,255.0,8.37782340862423,0.6981519507186859,matched
TCGA-A2-A0T3-01Z-00-DX1.5E96BC87-F4FB-4ABA-8D81-FAB7F4A80661,TCGA-A2-A0T3-01,TCGA-A2-A0T3,60,18480.66,2512.49,0.0022,focal,/data1/deasy/Himangi/breast_feature_extraction/Ductal_outputs/TCGA-A2-A0T3-01/necrosis_feature_wsi_summary.csv,TCGA-A2-A0T3,Alive,,,1516.0,0.0,,,,matched
TCGA-A2-A0T5-01Z-00-DX1.128C288B-B357-439B-A8D4-8E7DEBF73E4E,TCGA-A2-A0T5-01,TCGA-A2-A0T5,29,4465.66,1172.42,0.0014,focal,/data1/deasy/Himangi/breast_feature_extraction/Ductal_outputs/TCGA-A2-A0T5-01/necrosis_feature_wsi_summary.csv,TCGA-A2-A0T5,Alive,,,531.0,0.0,,,,matched
TCGA-A2-A0YC-01Z-00-DX1.F01F2268-17D8-45FD-8917-FD89454D0709,TCGA-A2-A0YC-01,TCGA-A2-A0YC,38,13513.34,2000.85,0.003,focal,/data1/deasy/Himangi/breast_feature_extraction/Ductal_outputs/TCGA-A2-A0YC-01/necrosis_feature_wsi_summary.csv,TCGA-A2-A0YC,Alive,,,990.0,0.0,,,,matched
TCGA-A2-A0YE-01Z-00-DX1.8A2E3094-5755-42BC-969D-7F0A2ECA0F39,TCGA-A2-A0YE-01,TCGA-A2-A0YE,35,131411.9,21394.76,0.0262,focal,/data1/deasy/Himangi/breast_feature_extraction/Ductal_outputs/TCGA-A2-A0YE-01/necrosis_feature_wsi_summary.csv,TCGA-A2-A0YE,Alive,,,554.0,0.0,,,,matched
TCGA-A2-A0YF-01Z-00-DX1.6166E995-0669-43D6-B9C7-FE39BCE529CF,TCGA-A2-A0YF-01,TCGA-A2-A0YF,61,36293.01,7496.82,0.004,focal,/data1/deasy/Himangi/breast_feature_extraction/Ductal_outputs/TCGA-A2-A0YF-01/necrosis_feature_wsi_summary.csv,TCGA-A2-A0YF,Alive,,,1535.0,0.0,,,,matched
TCGA-A2-A0YG-01Z-00-DX1.89A39319-F880-47DE-B311-DA1F6A64B6F3,TCGA-A2-A0YG-01,TCGA-A2-A0YG,4,0.0,0.0,0.0,absent,/data1/deasy/Himangi/breast_feature_extraction/Ductal_outputs/TCGA-A2-A0YG-01/necrosis_feature_wsi_summary.csv,TCGA-A2-A0YG,Alive,,,666.0,0.0,,,,matched
TCGA-A2-A0YH-01Z-00-DX1.FBA5E711-8275-45B3-BC20-5A786EE23548,TCGA-A2-A0YH-01,TCGA-A2-A0YH,14,1822.41,411.68,0.0008,focal,/data1/deasy/Himangi/breast_feature_extraction/Ductal_outputs/TCGA-A2-A0YH-01/necrosis_feature_wsi_summary.csv,TCGA-A2-A0YH,Alive,,,659.0,0.0,,,,matched
TCGA-A2-A0YJ-01Z-00-DX1.8135C74E-DAA8-4C8E-AF14-A4B5B57695BE,TCGA-A2-A0YJ-01,TCGA-A2-A0YJ,78,9886.68,916.79,0.0009,focal,/data1/deasy/Himangi/breast_feature_extraction/Ductal_outputs/TCGA-A2-A0YJ-01/necrosis_feature_wsi_summary.csv,TCGA-A2-A0YJ,Alive,,,566.0,0.0,,,,matched
TCGA-A2-A0YM-01Z-00-DX1.A48B4C96-2CC5-464C-98B7-F0F92AE56533,TCGA-A2-A0YM-01,TCGA-A2-A0YM,6,4656.53,831.56,0.0076,focal,/data1/deasy/Himangi/breast_feature_extraction/Ductal_outputs/TCGA-A2-A0YM-01/necrosis_feature_wsi_summary.csv,TCGA-A2-A0YM,Alive,,,965.0,0.0,,,,matched
TCGA-A2-A0YT-01Z-00-DX1.63CA3E36-B3E4-4D3F-9F80-2703970DBE5B,TCGA-A2-A0YT-01,TCGA-A2-A0YT,126,4038.66,1628.67,0.0003,focal,/data1/deasy/Himangi/breast_feature_extraction/Ductal_outputs/TCGA-A2-A0YT-01/necrosis_feature_wsi_summary.csv,TCGA-A2-A0YT,Dead,723.0,,723.0,1.0,723.0,23.753593429158112,1.9794661190965093,matched
TCGA-A2-A1FW-01Z-00-DX1.DC2BC5D7-E57B-444E-833F-9A1B6E11DE6D,TCGA-A2-A1FW-01,TCGA-A2-A1FW,64,747.87,370.26,0.0001,focal,/data1/deasy/Himangi/breast_feature_extraction/Ductal_outputs/TCGA-A2-A1FW-01/necrosis_feature_wsi_summary.csv,TCGA-A2-A1FW,Alive,,,528.0,0.0,,,,matched
TCGA-A2-A1FX-01Z-00-DX1.35B93F3A-9959-4D72-A702-08B27563D24F,TCGA-A2-A1FX-01,TCGA-A2-A1FX,44,28223.09,5408.15,0.0055,focal,/data1/deasy/Himangi/breast_feature_extraction/Ductal_outputs/TCGA-A2-A1FX-01/necrosis_feature_wsi_summary.csv,TCGA-A2-A1FX,Alive,,,1847.0,0.0,,,,matched
TCGA-A2-A1FZ-01Z-00-DX1.0BAAEF41-DCA4-4677-9A27-09E990033FA6,TCGA-A2-A1FZ-01,TCGA-A2-A1FZ,39,624.56,271.78,0.0001,focal,/data1/deasy/Himangi/breast_feature_extraction/Ductal_outputs/TCGA-A2-A1FZ-01/necrosis_feature_wsi_summary.csv,TCGA-A2-A1FZ,Alive,,,683.0,0.0,,,,matched
TCGA-A2-A1G1-01Z-00-DX1.E52A474F-DE13-41CF-94D4-D00BAC46ECF4,TCGA-A2-A1G1-01,TCGA-A2-A1G1,17,61823.01,9394.51,0.0291,focal,/data1/deasy/Himangi/breast_feature_extraction/Ductal_outputs/TCGA-A2-A1G1-01/necrosis_feature_wsi_summary.csv,TCGA-A2-A1G1,Alive,,,584.0,0.0,,,,matched
TCGA-A2-A1G4-01Z-00-DX1.0274DF5B-5920-419A-B778-2F04D9C602F2,TCGA-A2-A1G4-01,TCGA-A2-A1G4,93,18237.84,2364.73,0.0012,focal,/data1/deasy/Himangi/breast_feature_extraction/Ductal_outputs/TCGA-A2-A1G4-01/necrosis_feature_wsi_summary.csv,TCGA-A2-A1G4,Alive,,,595.0,0.0,,,,matched
TCGA-A2-A1G6-01Z-00-DX1.BCC3EC46-CEBF-4B37-BCF0-266D18170B54,TCGA-A2-A1G6-01,TCGA-A2-A1G6,22,11553.66,2153.41,0.0037,focal,/data1/deasy/Himangi/breast_feature_extraction/Ductal_outputs/TCGA-A2-A1G6-01/necrosis_feature_wsi_summary.csv,TCGA-A2-A1G6,Alive,,,501.0,0.0,,,,matched
TCGA-A2-A259-01Z-00-DX1.7289CD72-CB74-41D4-B4AC-4EA5FDFEC666,TCGA-A2-A259-01,TCGA-A2-A259,21,15495.09,1358.19,0.0055,focal,/data1/deasy/Himangi/breast_feature_extraction/Ductal_outputs/TCGA-A2-A259-01/necrosis_feature_wsi_summary.csv,TCGA-A2-A259,Alive,,,1596.0,0.0,,,,matched
TCGA-A2-A25B-01Z-00-DX1.58D7BEDE-5558-4A9E-A95E-DDF24C9267EF,TCGA-A2-A25B-01,TCGA-A2-A25B,26,0.0,0.0,0.0,absent,/data1/deasy/Himangi/breast_feature_extraction/Ductal_outputs/TCGA-A2-A25B-01/necrosis_feature_wsi_summary.csv,TCGA-A2-A25B,Alive,,,1291.0,0.0,,,,matched
TCGA-A2-A25C-01Z-00-DX1.F8E6044A-435E-42D5-94FF-C0F572F1ED99,TCGA-A2-A25C-01,TCGA-A2-A25C,28,0.0,0.0,0.0,absent,/data1/deasy/Himangi/breast_feature_extraction/Ductal_outputs/TCGA-A2-A25C-01/necrosis_feature_wsi_summary.csv,TCGA-A2-A25C,Alive,,,523.0,0.0,,,,matched
TCGA-A2-A25E-01Z-00-DX1.46D1950B-0BAF-4A44-B58F-CD738E74CB27,TCGA-A2-A25E-01,TCGA-A2-A25E,20,27645.0,4973.89,0.0093,focal,/data1/deasy/Himangi/breast_feature_extraction/Ductal_outputs/TCGA-A2-A25E-01/necrosis_feature_wsi_summary.csv,TCGA-A2-A25E,Alive,,,3204.0,0.0,,,,matched
TCGA-A2-A25F-01Z-00-DX1.87499CD4-E41C-46B1-AAF3-5CE881F2B8BC,TCGA-A2-A25F-01,TCGA-A2-A25F,32,6227.63,2070.8,0.0016,focal,/data1/deasy/Himangi/breast_feature_extraction/Ductal_outputs/TCGA-A2-A25F-01/necrosis_feature_wsi_summary.csv,TCGA-A2-A25F,Alive,,,322.0,0.0,,,,matched
TCGA-A2-A3XS-01Z-00-DX1.867925C0-91D8-40A0-9FEA-25A635AC31E7,TCGA-A2-A3XS-01,TCGA-A2-A3XS,40,1776.35,557.2,0.0003,focal,/data1/deasy/Himangi/breast_feature_extraction/Ductal_outputs/TCGA-A2-A3XS-01/necrosis_feature_wsi_summary.csv,TCGA-A2-A3XS,Dead,1032.0,,1032.0,1.0,1032.0,33.90554414784394,2.8254620123203287,matched
TCGA-A2-A3XT-01Z-00-DX1.336D6C78-576A-481B-8C83-F3A0FC4B182C,TCGA-A2-A3XT-01,TCGA-A2-A3XT,34,0.0,0.0,0.0,absent,/data1/deasy/Himangi/breast_feature_extraction/Ductal_outputs/TCGA-A2-A3XT-01/necrosis_feature_wsi_summary.csv,TCGA-A2-A3XT,Alive,,,2770.0,0.0,,,,matched
TCGA-A2-A3XU-01Z-00-DX1.174A92D4-50B2-4A59-AD31-D5EC5BBF2F65,TCGA-A2-A3XU-01,TCGA-A2-A3XU,11,33644.4,7312.87,0.021,focal,/data1/deasy/Himangi/breast_feature_extraction/Ductal_outputs/TCGA-A2-A3XU-01/necrosis_feature_wsi_summary.csv,TCGA-A2-A3XU,Dead,912.0,,912.0,1.0,912.0,29.963039014373717,2.4969199178644765,matched
TCGA-A2-A3XV-01Z-00-DX1.4B58B7CD-B3F6-4C31-863F-924D291EF17C,TCGA-A2-A3XV-01,TCGA-A2-A3XV,8,1211.03,422.88,0.0014,focal,/data1/deasy/Himangi/breast_feature_extraction/Ductal_outputs/TCGA-A2-A3XV-01/necrosis_feature_wsi_summary.csv,TCGA-A2-A3XV,Alive,,,996.0,0.0,,,,matched
TCGA-A2-A3XW-01Z-00-DX1.45F5F36F-5503-4A38-AF37-E526915A8DBE,TCGA-A2-A3XW-01,TCGA-A2-A3XW,24,1326.53,608.19,0.0004,focal,/data1/deasy/Himangi/breast_feature_extraction/Ductal_outputs/TCGA-A2-A3XW-01/necrosis_feature_wsi_summary.csv,TCGA-A2-A3XW,Alive,,,1712.0,0.0,,,,matched
TCGA-A2-A3XX-01Z-00-DX1.03C6D70F-2833-4E97-91B7-DE70CD083D92,TCGA-A2-A3XX-01,TCGA-A2-A3XX,10,0.0,0.0,0.0,absent,/data1/deasy/Himangi/breast_feature_extraction/Ductal_outputs/TCGA-A2-A3XX-01/necrosis_feature_wsi_summary.csv,TCGA-A2-A3XX,Dead,1439.0,,1439.0,1.0,1439.0,47.27720739219713,3.9397672826830936,matched
TCGA-A2-A3XY-01Z-00-DX1.E57FC9BF-411E-4028-AC10-8BCA5D0C8472,TCGA-A2-A3XY-01,TCGA-A2-A3XY,19,431793.3,16800.53,0.1869,present,/data1/deasy/Himangi/breast_feature_extraction/Ductal_outputs/TCGA-A2-A3XY-01/necrosis_feature_wsi_summary.csv,TCGA-A2-A3XY,Dead,1093.0,,1093.0,1.0,1093.0,35.90965092402464,2.9924709103353866,matched
TCGA-A2-A3XZ-01Z-00-DX1.B7A1344E-7015-4A21-B3D4-EB760161BE7C,TCGA-A2-A3XZ-01,TCGA-A2-A3XZ,12,59223.93,3411.8,0.0291,focal,/data1/deasy/Himangi/breast_feature_extraction/Ductal_outputs/TCGA-A2-A3XZ-01/necrosis_feature_wsi_summary.csv,TCGA-A2-A3XZ,Alive,,,1532.0,0.0,,,,matched
TCGA-A2-A3Y0-01Z-00-DX1.A1EDDF82-FFAA-44A4-A749-7FB6F8133CC0,TCGA-A2-A3Y0-01,TCGA-A2-A3Y0,20,7086.94,1243.86,0.0031,focal,/data1/deasy/Himangi/breast_feature_extraction/Ductal_outputs/TCGA-A2-A3Y0-01/necrosis_feature_wsi_summary.csv,TCGA-A2-A3Y0,Alive,,,1546.0,0.0,,,,matched
TCGA-A2-A4S3-01Z-00-DX1.50699E65-E536-4C9B-93A7-4C9894624A29,TCGA-A2-A4S3-01,TCGA-A2-A4S3,44,0.0,0.0,0.0,absent,/data1/deasy/Himangi/breast_feature_extraction/Ductal_outputs/TCGA-A2-A4S3-01/necrosis_feature_wsi_summary.csv,TCGA-A2-A4S3,Alive,,,666.0,0.0,,,,matched
TCGA-A7-A0CD-01Z-00-DX1.F045B9C8-049C-41BF-8432-EF89F236D34D,TCGA-A7-A0CD-01,TCGA-A7-A0CD,3,0.0,0.0,0.0,absent,/data1/deasy/Himangi/breast_feature_extraction/Ductal_outputs/TCGA-A7-A0CD-01/necrosis_feature_wsi_summary.csv,TCGA-A7-A0CD,Alive,,,1165.0,0.0,,,,matched
TCGA-A7-A0CE-01Z-00-DX2.5AD1DB65-10E7-4996-AB5E-13D7851EC5FA,TCGA-A7-A0CE-01,TCGA-A7-A0CE,11,71448.73,4752.11,0.0734,present,/data1/deasy/Himangi/breast_feature_extraction/Ductal_outputs/TCGA-A7-A0CE-01/necrosis_feature_wsi_summary.csv,TCGA-A7-A0CE,Alive,,,1074.0,0.0,,,,matched
TCGA-A7-A0CJ-01Z-00-DX1.E26F2F62-D688-4373-BB7B-790A06734E49,TCGA-A7-A0CJ-01,TCGA-A7-A0CJ,10,19679.12,4636.96,0.0142,focal,/data1/deasy/Himangi/breast_feature_extraction/Ductal_outputs/TCGA-A7-A0CJ-01/TCGA-A7-A0CJ-01Z-00-DX1.E26F2F62-D688-4373-BB7B-790A06734E49__necrosis_feature_wsi_summary.csv,TCGA-A7-A0CJ,Alive,,,931.0,0.0,,,,matched
TCGA-A7-A0CJ-01Z-00-DX2.4B591117-5FC9-4B43-8A45-444CCCABC666,TCGA-A7-A0CJ-01,TCGA-A7-A0CJ,6,59040.48,3911.45,0.0836,present,/data1/deasy/Himangi/breast_feature_extraction/Ductal_outputs/TCGA-A7-A0CJ-01/TCGA-A7-A0CJ-01Z-00-DX2.4B591117-5FC9-4B43-8A45-444CCCABC666__necrosis_feature_wsi_summary.csv,TCGA-A7-A0CJ,Alive,,,931.0,0.0,,,,matched
TCGA-A7-A0D9-01Z-00-DX1.FBC3B90F-C58B-4476-8354-0AF9248324E3,TCGA-A7-A0D9-01,TCGA-A7-A0D9,14,0.0,0.0,0.0,absent,/data1/deasy/Himangi/breast_feature_extraction/Ductal_outputs/TCGA-A7-A0D9-01/TCGA-A7-A0D9-01Z-00-DX1.FBC3B90F-C58B-4476-8354-0AF9248324E3__necrosis_feature_wsi_summary.csv,TCGA-A7-A0D9,Alive,,,1139.0,0.0,,,,matched
TCGA-A7-A0D9-01Z-00-DX2.66CD9ED8-223B-4AC8-AA1A-2481FB0C47B3,TCGA-A7-A0D9-01,TCGA-A7-A0D9,9,600.56,160.36,0.0004,focal,/data1/deasy/Himangi/breast_feature_extraction/Ductal_outputs/TCGA-A7-A0D9-01/TCGA-A7-A0D9-01Z-00-DX2.66CD9ED8-223B-4AC8-AA1A-2481FB0C47B3__necrosis_feature_wsi_summary.csv,TCGA-A7-A0D9,Alive,,,1139.0,0.0,,,,matched
TCGA-A7-A0DB-01Z-00-DX2.6C6A5F9C-294F-4A86-A0F1-B68D4729B535,TCGA-A7-A0DB-01,TCGA-A7-A0DB,28,0.0,0.0,0.0,absent,/data1/deasy/Himangi/breast_feature_extraction/Ductal_outputs/TCGA-A7-A0DB-01/necrosis_feature_wsi_summary.csv,TCGA-A7-A0DB,Alive,,,1007.0,0.0,,,,matched
TCGA-A7-A13F-01Z-00-DX1.AB4ADDD3-8E1C-4AB9-813E-D137A2CFB950,TCGA-A7-A13F-01,TCGA-A7-A13F,43,0.0,0.0,0.0,absent,/data1/deasy/Himangi/breast_feature_extraction/Ductal_outputs/TCGA-A7-A13F-01/TCGA-A7-A13F-01Z-00-DX1.AB4ADDD3-8E1C-4AB9-813E-D137A2CFB950__necrosis_feature_wsi_summary.csv,TCGA-A7-A13F,Alive,,,765.0,0.0,,,,matched
TCGA-A7-A13F-01Z-00-DX2.8CC23BAD-B3CC-4BBC-832A-A3879D6EF62D,TCGA-A7-A13F-01,TCGA-A7-A13F,24,0.0,0.0,0.0,absent,/data1/deasy/Himangi/breast_feature_extraction/Ductal_outputs/TCGA-A7-A13F-01/TCGA-A7-A13F-01Z-00-DX2.8CC23BAD-B3CC-4BBC-832A-A3879D6EF62D__necrosis_feature_wsi_summary.csv,TCGA-A7-A13F,Alive,,,765.0,0.0,,,,matched
TCGA-A7-A13G-01Z-00-DX1.C258C545-8C1F-41D4-846F-962A746CBDFB,TCGA-A7-A13G-01,TCGA-A7-A13G,2,0.0,0.0,0.0,absent,/data1/deasy/Himangi/breast_feature_extraction/Ductal_outputs/TCGA-A7-A13G-01/necrosis_feature_wsi_summary.csv,TCGA-A7-A13G,Alive,,,718.0,0.0,,,,matched
TCGA-A7-A26H-01Z-00-DX1.3344CFD3-5A19-4B01-BEB2-AB89F83FD53A,TCGA-A7-A26H-01,TCGA-A7-A26H,23,177756.05,19625.4,0.0661,present,/data1/deasy/Himangi/breast_feature_extraction/Ductal_outputs/TCGA-A7-A26H-01/necrosis_feature_wsi_summary.csv,TCGA-A7-A26H,Alive,,,724.0,0.0,,,,matched
TCGA-A7-A2KD-01Z-00-DX1.BFF2DFC8-1D95-4DC2-98FC-5BD7D7C6CDF5,TCGA-A7-A2KD-01,TCGA-A7-A2KD,49,78955.85,18304.51,0.0123,focal,/data1/deasy/Himangi/breast_feature_extraction/Ductal_outputs/TCGA-A7-A2KD-01/necrosis_feature_wsi_summary.csv,TCGA-A7-A2KD,Alive,,,679.0,0.0,,,,matched
TCGA-A7-A4SD-01Z-00-DX1.677152B3-17B2-42DB-AEEC-C9509ACCE831,TCGA-A7-A4SD-01,TCGA-A7-A4SD,4,460.82,186.24,0.0012,focal,/data1/deasy/Himangi/breast_feature_extraction/Ductal_outputs/TCGA-A7-A4SD-01/necrosis_feature_wsi_summary.csv,TCGA-A7-A4SD,Alive,,,441.0,0.0,,,,matched
TCGA-A7-A4SF-01Z-00-DX1.CDCFD4BC-4363-4CF2-95F5-4922E04C3B9D,TCGA-A7-A4SF-01,TCGA-A7-A4SF,3,0.0,0.0,0.0,absent,/data1/deasy/Himangi/breast_feature_extraction/Ductal_outputs/TCGA-A7-A4SF-01/necrosis_feature_wsi_summary.csv,TCGA-A7-A4SF,Alive,,,545.0,0.0,,,,matched
TCGA-A7-A56D-01Z-00-DX1.87D9CCF4-04EE-46D2-B7FC-A83561D7752C,TCGA-A7-A56D-01,TCGA-A7-A56D,17,0.0,0.0,0.0,absent,/data1/deasy/Himangi/breast_feature_extraction/Ductal_outputs/TCGA-A7-A56D-01/necrosis_feature_wsi_summary.csv,TCGA-A7-A56D,Alive,,,448.0,0.0,,,,matched
TCGA-A7-A6VV-01Z-00-DX1.07AE0E16-A883-4C86-BC74-4E13081175F2,TCGA-A7-A6VV-01,TCGA-A7-A6VV,14,10327.12,1664.71,0.0053,focal,/data1/deasy/Himangi/breast_feature_extraction/Ductal_outputs/TCGA-A7-A6VV-01/TCGA-A7-A6VV-01Z-00-DX1.07AE0E16-A883-4C86-BC74-4E13081175F2__necrosis_feature_wsi_summary.csv,TCGA-A7-A6VV,Alive,,,313.0,0.0,,,,matched
TCGA-A7-A6VW-01Z-00-DX1.1BC4790C-DB45-4A3D-9C97-92C92C03FF60,TCGA-A7-A6VW-01,TCGA-A7-A6VW,5,0.0,0.0,0.0,absent,/data1/deasy/Himangi/breast_feature_extraction/Ductal_outputs/TCGA-A7-A6VW-01/necrosis_feature_wsi_summary.csv,TCGA-A7-A6VW,Alive,,,285.0,0.0,,,,matched
TCGA-A7-A6VX-01Z-00-DX1.F74DA243-C65A-4997-BCA0-F1C89675978C,TCGA-A7-A6VX-01,TCGA-A7-A6VX,6,0.0,0.0,0.0,absent,/data1/deasy/Himangi/breast_feature_extraction/Ductal_outputs/TCGA-A7-A6VX-01/TCGA-A7-A6VX-01Z-00-DX1.F74DA243-C65A-4997-BCA0-F1C89675978C__necrosis_feature_wsi_summary.csv,TCGA-A7-A6VX,Alive,,,317.0,0.0,,,,matched
TCGA-A7-A6VY-01Z-00-DX1.38D4EBD7-40B0-4EE3-960A-1F00E8F83ADB,TCGA-A7-A6VY-01,TCGA-A7-A6VY,4,2429.5,533.44,0.0072,focal,/data1/deasy/Himangi/breast_feature_extraction/Ductal_outputs/TCGA-A7-A6VY-01/necrosis_feature_wsi_summary.csv,TCGA-A7-A6VY,Alive,,,266.0,0.0,,,,matched
TCGA-A8-A06O-01Z-00-DX1.FA4495B2-5B13-4448-ADCB-EF5316E0955B,TCGA-A8-A06O-01,TCGA-A8-A06O,12,691.41,273.63,0.0005,focal,/data1/deasy/Himangi/breast_feature_extraction/Ductal_outputs/TCGA-A8-A06O-01/necrosis_feature_wsi_summary.csv,TCGA-A8-A06O,Alive,,,396.0,0.0,,,,matched
TCGA-A8-A06P-01Z-00-DX1.37660D0F-1595-43C5-9D30-58D6CB93B52C,TCGA-A8-A06P-01,TCGA-A8-A06P,12,0.0,0.0,0.0,absent,/data1/deasy/Himangi/breast_feature_extraction/Ductal_outputs/TCGA-A8-A06P-01/necrosis_feature_wsi_summary.csv,TCGA-A8-A06P,Alive,,,396.0,0.0,,,,matched
TCGA-A8-A06Q-01Z-00-DX1.622AC6E4-DB1A-4C8D-8185-52D4FD1F30B4,TCGA-A8-A06Q-01,TCGA-A8-A06Q,2,9075.56,2872.97,0.0394,focal,/data1/deasy/Himangi/breast_feature_extraction/Ductal_outputs/TCGA-A8-A06Q-01/necrosis_feature_wsi_summary.csv,TCGA-A8-A06Q,Alive,,,31.0,0.0,,,,matched
TCGA-A8-A06R-01Z-00-DX1.41476D0D-BA72-4FB8-B143-9EB679F26D28,TCGA-A8-A06R-01,TCGA-A8-A06R,2,0.0,0.0,0.0,absent,/data1/deasy/Himangi/breast_feature_extraction/Ductal_outputs/TCGA-A8-A06R-01/necrosis_feature_wsi_summary.csv,TCGA-A8-A06R,Alive,,,547.0,0.0,,,,matched
TCGA-A8-A06T-01Z-00-DX1.BA8B8FC3-6169-48C1-BE1F-37F140CB4D3B,TCGA-A8-A06T-01,TCGA-A8-A06T,1,0.0,0.0,0.0,absent,/data1/deasy/Himangi/breast_feature_extraction/Ductal_outputs/TCGA-A8-A06T-01/necrosis_feature_wsi_summary.csv,TCGA-A8-A06T,Alive,,,1614.0,0.0,,,,matched
TCGA-A8-A06U-01Z-00-DX1.56070AB9-A73E-44B8-8051-D93E8F881BBE,TCGA-A8-A06U-01,TCGA-A8-A06U,7,8913.46,1585.8,0.011,focal,/data1/deasy/Himangi/breast_feature_extraction/Ductal_outputs/TCGA-A8-A06U-01/necrosis_feature_wsi_summary.csv,TCGA-A8-A06U,Dead,883.0,,883.0,1.0,883.0,29.010266940451746,2.4175222450376452,matched
TCGA-A8-A06X-01Z-00-DX1.21F19EDD-ABCB-4398-B210-D795BB7A34E3,TCGA-A8-A06X-01,TCGA-A8-A06X,4,0.0,0.0,0.0,absent,/data1/deasy/Himangi/breast_feature_extraction/Ductal_outputs/TCGA-A8-A06X-01/necrosis_feature_wsi_summary.csv,TCGA-A8-A06X,Dead,943.0,,943.0,1.0,943.0,30.981519507186857,2.5817932922655715,matched
TCGA-A8-A06Z-01Z-00-DX1.2BC8B71D-E01B-4CC1-B5E7-09BB54A5E1F8,TCGA-A8-A06Z-01,TCGA-A8-A06Z,3,0.0,0.0,0.0,absent,/data1/deasy/Himangi/breast_feature_extraction/Ductal_outputs/TCGA-A8-A06Z-01/necrosis_feature_wsi_summary.csv,TCGA-A8-A06Z,Alive,,,31.0,0.0,,,,matched
TCGA-A8-A075-01Z-00-DX1.8E06AF51-951F-48E8-934E-42A455F65E5F,TCGA-A8-A075-01,TCGA-A8-A075,3,0.0,0.0,0.0,absent,/data1/deasy/Himangi/breast_feature_extraction/Ductal_outputs/TCGA-A8-A075-01/necrosis_feature_wsi_summary.csv,TCGA-A8-A075,Alive,,,518.0,0.0,,,,matched
TCGA-A8-A076-01Z-00-DX1.BAAC4F9C-0C04-42FB-95F4-D765305089B8,TCGA-A8-A076-01,TCGA-A8-A076,4,0.0,0.0,0.0,absent,/data1/deasy/Himangi/breast_feature_extraction/Ductal_outputs/TCGA-A8-A076-01/necrosis_feature_wsi_summary.csv,TCGA-A8-A076,Alive,,,1642.0,0.0,,,,matched
TCGA-A8-A079-01Z-00-DX1.DC32BC20-A3BC-43B3-B69F-1E71E289EA34,TCGA-A8-A079-01,TCGA-A8-A079,4,2090.09,908.59,0.0043,focal,/data1/deasy/Himangi/breast_feature_extraction/Ductal_outputs/TCGA-A8-A079-01/necrosis_feature_wsi_summary.csv,TCGA-A8-A079,Alive,,,274.0,0.0,,,,matched
TCGA-A8-A07E-01Z-00-DX1.AC684481-979A-46F9-91D7-C56CE85992F2,TCGA-A8-A07E-01,TCGA-A8-A07E,27,11145.07,3405.55,0.004,focal,/data1/deasy/Himangi/breast_feature_extraction/Ductal_outputs/TCGA-A8-A07E-01/necrosis_feature_wsi_summary.csv,TCGA-A8-A07E,Alive,,,608.0,0.0,,,,matched
TCGA-A8-A07F-01Z-00-DX1.E6FE5B3A-A412-4E7B-A710-7DFD3596F4E3,TCGA-A8-A07F-01,TCGA-A8-A07F,11,650.09,210.66,0.0008,focal,/data1/deasy/Himangi/breast_feature_extraction/Ductal_outputs/TCGA-A8-A07F-01/necrosis_feature_wsi_summary.csv,TCGA-A8-A07F,Alive,,,577.0,0.0,,,,matched
TCGA-A8-A07G-01Z-00-DX1.37E8A762-8141-4BE6-935A-B3DCB712BB4A,TCGA-A8-A07G-01,TCGA-A8-A07G,14,0.0,0.0,0.0,absent,/data1/deasy/Himangi/breast_feature_extraction/Ductal_outputs/TCGA-A8-A07G-01/necrosis_feature_wsi_summary.csv,TCGA-A8-A07G,Alive,,,577.0,0.0,,,,matched
TCGA-A8-A07J-01Z-00-DX1.FE16248C-D890-4750-A9FC-5F72BE8D8B85,TCGA-A8-A07J-01,TCGA-A8-A07J,9,0.0,0.0,0.0,absent,/data1/deasy/Himangi/breast_feature_extraction/Ductal_outputs/TCGA-A8-A07J-01/necrosis_feature_wsi_summary.csv,TCGA-A8-A07J,Alive,,,365.0,0.0,,,,matched
TCGA-A8-A07O-01Z-00-DX1.3D657129-F2A7-4BC1-A910-805FBDCE2212,TCGA-A8-A07O-01,TCGA-A8-A07O,5,391.5,92.14,0.001,focal,/data1/deasy/Himangi/breast_feature_extraction/Ductal_outputs/TCGA-A8-A07O-01/necrosis_feature_wsi_summary.csv,TCGA-A8-A07O,Alive,,,304.0,0.0,,,,matched
TCGA-A8-A07P-01Z-00-DX1.2C7C75EF-EEE2-4A42-994C-A1A40850C87A,TCGA-A8-A07P-01,TCGA-A8-A07P,1,0.0,0.0,0.0,absent,/data1/deasy/Himangi/breast_feature_extraction/Ductal_outputs/TCGA-A8-A07P-01/necrosis_feature_wsi_summary.csv,TCGA-A8-A07P,Alive,,,334.0,0.0,,,,matched
TCGA-A8-A07R-01Z-00-DX1.D716752E-86AF-468B-A905-A7894B978F22,TCGA-A8-A07R-01,TCGA-A8-A07R,1,0.0,0.0,0.0,absent,/data1/deasy/Himangi/breast_feature_extraction/Ductal_outputs/TCGA-A8-A07R-01/necrosis_feature_wsi_summary.csv,TCGA-A8-A07R,Alive,,,273.0,0.0,,,,matched
TCGA-A8-A07W-01Z-00-DX1.5970CF33-D675-4AF4-800F-7182AA1A44A6,TCGA-A8-A07W-01,TCGA-A8-A07W,3,0.0,0.0,0.0,absent,/data1/deasy/Himangi/breast_feature_extraction/Ductal_outputs/TCGA-A8-A07W-01/necrosis_feature_wsi_summary.csv,TCGA-A8-A07W,Alive,,,304.0,0.0,,,,matched
TCGA-A8-A07Z-01Z-00-DX1.713945D9-6855-456D-87FB-EF8AF8980F51,TCGA-A8-A07Z-01,TCGA-A8-A07Z,1,0.0,0.0,0.0,absent,/data1/deasy/Himangi/breast_feature_extraction/Ductal_outputs/TCGA-A8-A07Z-01/necrosis_feature_wsi_summary.csv,TCGA-A8-A07Z,Alive,,,1371.0,0.0,,,,matched
TCGA-A8-A081-01Z-00-DX1.06D727F7-4B41-419B-A251-3D804235ACE5,TCGA-A8-A081-01,TCGA-A8-A081,4,0.0,0.0,0.0,absent,/data1/deasy/Himangi/breast_feature_extraction/Ductal_outputs/TCGA-A8-A081-01/necrosis_feature_wsi_summary.csv,TCGA-A8-A081,Alive,,,0.0,0.0,,,,matched
TCGA-A8-A082-01Z-00-DX1.5F82E38D-0DFD-4C2C-BC05-8F0EFEFC507C,TCGA-A8-A082-01,TCGA-A8-A082,1,0.0,0.0,0.0,absent,/data1/deasy/Himangi/breast_feature_extraction/Ductal_outputs/TCGA-A8-A082-01/necrosis_feature_wsi_summary.csv,TCGA-A8-A082,Alive,,,549.0,0.0,,,,matched
TCGA-A8-A083-01Z-00-DX1.AD121BA9-B5FA-4A03-869B-8FE2C5014CE0,TCGA-A8-A083-01,TCGA-A8-A083,5,692.19,236.17,0.0019,focal,/data1/deasy/Himangi/breast_feature_extraction/Ductal_outputs/TCGA-A8-A083-01/necrosis_feature_wsi_summary.csv,TCGA-A8-A083,Alive,,,0.0,0.0,,,,matched
TCGA-A8-A085-01Z-00-DX1.0DA29016-AEA4-4E5F-B679-83095A79F5B3,TCGA-A8-A085-01,TCGA-A8-A085,4,0.0,0.0,0.0,absent,/data1/deasy/Himangi/breast_feature_extraction/Ductal_outputs/TCGA-A8-A085-01/necrosis_feature_wsi_summary.csv,TCGA-A8-A085,Alive,,,1124.0,0.0,,,,matched
TCGA-A8-A08A-01Z-00-DX1.3BB777A0-8652-4483-8DD6-8EB88AB0A8EF,TCGA-A8-A08A-01,TCGA-A8-A08A,5,0.0,0.0,0.0,absent,/data1/deasy/Himangi/breast_feature_extraction/Ductal_outputs/TCGA-A8-A08A-01/necrosis_feature_wsi_summary.csv,TCGA-A8-A08A,Alive,,,30.0,0.0,,,,matched
TCGA-A8-A08B-01Z-00-DX1.416316FD-E8BF-402C-939A-08920F08A181,TCGA-A8-A08B-01,TCGA-A8-A08B,3,0.0,0.0,0.0,absent,/data1/deasy/Himangi/breast_feature_extraction/Ductal_outputs/TCGA-A8-A08B-01/necrosis_feature_wsi_summary.csv,TCGA-A8-A08B,Alive,,,1156.0,0.0,,,,matched
TCGA-A8-A08C-01Z-00-DX1.0602211C-1098-4711-AA41-8F56B11DB36F,TCGA-A8-A08C-01,TCGA-A8-A08C,6,0.0,0.0,0.0,absent,/data1/deasy/Himangi/breast_feature_extraction/Ductal_outputs/TCGA-A8-A08C-01/necrosis_feature_wsi_summary.csv,TCGA-A8-A08C,Alive,,,881.0,0.0,,,,matched
TCGA-A8-A08F-01Z-00-DX1.9D2222F6-1425-46FD-BC94-728EF835FAC2,TCGA-A8-A08F-01,TCGA-A8-A08F,18,6845.22,1936.28,0.0033,focal,/data1/deasy/Himangi/breast_feature_extraction/Ductal_outputs/TCGA-A8-A08F-01/necrosis_feature_wsi_summary.csv,TCGA-A8-A08F,Alive,,,1004.0,0.0,,,,matched
TCGA-A8-A08G-01Z-00-DX1.C3BB7FEC-91B7-4B45-8DFC-36CABCC0FD57,TCGA-A8-A08G-01,TCGA-A8-A08G,7,0.0,0.0,0.0,absent,/data1/deasy/Himangi/breast_feature_extraction/Ductal_outputs/TCGA-A8-A08G-01/necrosis_feature_wsi_summary.csv,TCGA-A8-A08G,Alive,,,607.0,0.0,,,,matched
TCGA-A8-A08H-01Z-00-DX1.6AA6A530-3BD3-4582-9D6B-8AE3B4A73948,TCGA-A8-A08H-01,TCGA-A8-A08H,1,0.0,0.0,0.0,absent,/data1/deasy/Himangi/breast_feature_extraction/Ductal_outputs/TCGA-A8-A08H-01/necrosis_feature_wsi_summary.csv,TCGA-A8-A08H,Alive,,,0.0,0.0,,,,matched
TCGA-A8-A08I-01Z-00-DX1.96A0065E-5430-40F6-835E-1A7238A79DDA,TCGA-A8-A08I-01,TCGA-A8-A08I,12,4695.18,1264.75,0.0027,focal,/data1/deasy/Himangi/breast_feature_extraction/Ductal_outputs/TCGA-A8-A08I-01/necrosis_feature_wsi_summary.csv,TCGA-A8-A08I,Alive,,,365.0,0.0,,,,matched
TCGA-A8-A08L-01Z-00-DX1.0FC652B1-336D-4198-93FE-58D2214866D3,TCGA-A8-A08L-01,TCGA-A8-A08L,7,0.0,0.0,0.0,absent,/data1/deasy/Himangi/breast_feature_extraction/Ductal_outputs/TCGA-A8-A08L-01/necrosis_feature_wsi_summary.csv,TCGA-A8-A08L,Dead,30.0,,30.0,1.0,30.0,0.9856262833675564,0.08213552361396304,matched
TCGA-A8-A08O-01Z-00-DX1.BC87C01D-F081-41CA-939A-875C61588E88,TCGA-A8-A08O-01,TCGA-A8-A08O,1,0.0,0.0,0.0,absent,/data1/deasy/Himangi/breast_feature_extraction/Ductal_outputs/TCGA-A8-A08O-01/necrosis_feature_wsi_summary.csv,TCGA-A8-A08O,Alive,,,943.0,0.0,,,,matched
TCGA-A8-A08P-01Z-00-DX1.431A1290-9CF4-4CE7-A9F0-13F9ADA46ADA,TCGA-A8-A08P-01,TCGA-A8-A08P,27,23869.98,3210.65,0.0065,focal,/data1/deasy/Himangi/breast_feature_extraction/Ductal_outputs/TCGA-A8-A08P-01/necrosis_feature_wsi_summary.csv,TCGA-A8-A08P,Alive,,,943.0,0.0,,,,matched
TCGA-A8-A08R-01Z-00-DX1.72FBD9A3-5EB9-4855-89EB-697883C2EA9B,TCGA-A8-A08R-01,TCGA-A8-A08R,2,0.0,0.0,0.0,absent,/data1/deasy/Himangi/breast_feature_extraction/Ductal_outputs/TCGA-A8-A08R-01/necrosis_feature_wsi_summary.csv,TCGA-A8-A08R,Alive,,,30.0,0.0,,,,matched
TCGA-A8-A08S-01Z-00-DX1.C0E044C2-FC3F-4E3D-A779-A725FF375F21,TCGA-A8-A08S-01,TCGA-A8-A08S,2,0.0,0.0,0.0,absent,/data1/deasy/Himangi/breast_feature_extraction/Ductal_outputs/TCGA-A8-A08S-01/necrosis_feature_wsi_summary.csv,TCGA-A8-A08S,Alive,,,1004.0,0.0,,,,matched
TCGA-A8-A08T-01Z-00-DX1.ABA1ABF2-DDB1-4E31-89DC-0F7821311D11,TCGA-A8-A08T-01,TCGA-A8-A08T,9,0.0,0.0,0.0,absent,/data1/deasy/Himangi/breast_feature_extraction/Ductal_outputs/TCGA-A8-A08T-01/necrosis_feature_wsi_summary.csv,TCGA-A8-A08T,Dead,3409.0,,3409.0,1.0,3409.0,112.0,9.333333333333334,matched
TCGA-A8-A08X-01Z-00-DX1.01FB49CC-6B8E-4317-8C42-6B6D81187A40,TCGA-A8-A08X-01,TCGA-A8-A08X,11,2466.28,563.6,0.0018,focal,/data1/deasy/Himangi/breast_feature_extraction/Ductal_outputs/TCGA-A8-A08X-01/necrosis_feature_wsi_summary.csv,TCGA-A8-A08X,Alive,,,1308.0,0.0,,,,matched
TCGA-A8-A08Z-01Z-00-DX1.D0AADCA6-C27C-4FB8-89C1-94B5901146E7,TCGA-A8-A08Z-01,TCGA-A8-A08Z,5,0.0,0.0,0.0,absent,/data1/deasy/Himangi/breast_feature_extraction/Ductal_outputs/TCGA-A8-A08Z-01/necrosis_feature_wsi_summary.csv,TCGA-A8-A08Z,Alive,,,1217.0,0.0,,,,matched
TCGA-A8-A090-01Z-00-DX1.01574070-D65E-486F-B69D-0F8E3816D057,TCGA-A8-A090-01,TCGA-A8-A090,1,0.0,0.0,0.0,absent,/data1/deasy/Himangi/breast_feature_extraction/Ductal_outputs/TCGA-A8-A090-01/necrosis_feature_wsi_summary.csv,TCGA-A8-A090,Alive,,,0.0,0.0,,,,matched
TCGA-A8-A091-01Z-00-DX1.1F38CADB-A093-416E-A8A8-31E61CD730BA,TCGA-A8-A091-01,TCGA-A8-A091,3,0.0,0.0,0.0,absent,/data1/deasy/Himangi/breast_feature_extraction/Ductal_outputs/TCGA-A8-A091-01/necrosis_feature_wsi_summary.csv,TCGA-A8-A091,Alive,,,1004.0,0.0,,,,matched
TCGA-A8-A092-01Z-00-DX1.2A55EA0C-47CD-426B-9697-F2B761730585,TCGA-A8-A092-01,TCGA-A8-A092,16,8268.66,1516.26,0.0042,focal,/data1/deasy/Himangi/breast_feature_extraction/Ductal_outputs/TCGA-A8-A092-01/necrosis_feature_wsi_summary.csv,TCGA-A8-A092,Alive,,,942.0,0.0,,,,matched
TCGA-A8-A093-01Z-00-DX1.1C8056D1-11CD-482D-9A23-3A9D1B4E63F0,TCGA-A8-A093-01,TCGA-A8-A093,7,0.0,0.0,0.0,absent,/data1/deasy/Himangi/breast_feature_extraction/Ductal_outputs/TCGA-A8-A093-01/necrosis_feature_wsi_summary.csv,TCGA-A8-A093,Alive,,,546.0,0.0,,,,matched
TCGA-A8-A095-01Z-00-DX1.97072E53-7323-4836-9D58-22B7C346A7CE,TCGA-A8-A095-01,TCGA-A8-A095,5,962.81,269.62,0.0017,focal,/data1/deasy/Himangi/breast_feature_extraction/Ductal_outputs/TCGA-A8-A095-01/necrosis_feature_wsi_summary.csv,TCGA-A8-A095,Alive,,,1277.0,0.0,,,,matched
TCGA-A8-A099-01Z-00-DX1.B19C28B5-FEBC-49B4-A60E-E6B85BB00DD7,TCGA-A8-A099-01,TCGA-A8-A099,6,0.0,0.0,0.0,absent,/data1/deasy/Himangi/breast_feature_extraction/Ductal_outputs/TCGA-A8-A099-01/necrosis_feature_wsi_summary.csv,TCGA-A8-A099,Alive,,,304.0,0.0,,,,matched
TCGA-A8-A09A-01Z-00-DX1.78773A6C-BA8A-46BE-AC2A-9C6FDAB45622,TCGA-A8-A09A-01,TCGA-A8-A09A,7,0.0,0.0,0.0,absent,/data1/deasy/Himangi/breast_feature_extraction/Ductal_outputs/TCGA-A8-A09A-01/necrosis_feature_wsi_summary.csv,TCGA-A8-A09A,Alive,,,304.0,0.0,,,,matched
TCGA-A8-A09B-01Z-00-DX1.97CCDA89-AB73-4F05-A900-668160227B78,TCGA-A8-A09B-01,TCGA-A8-A09B,7,0.0,0.0,0.0,absent,/data1/deasy/Himangi/breast_feature_extraction/Ductal_outputs/TCGA-A8-A09B-01/necrosis_feature_wsi_summary.csv,TCGA-A8-A09B,Alive,,,365.0,0.0,,,,matched
TCGA-A8-A09C-01Z-00-DX1.19E0C0E9-0ED6-4E3A-95FE-A5778F5DDBCD,TCGA-A8-A09C-01,TCGA-A8-A09C,7,0.0,0.0,0.0,absent,/data1/deasy/Himangi/breast_feature_extraction/Ductal_outputs/TCGA-A8-A09C-01/necrosis_feature_wsi_summary.csv,TCGA-A8-A09C,Alive,,,31.0,0.0,,,,matched
TCGA-A8-A09D-01Z-00-DX1.66312A8A-88BA-4B58-96DF-1A7AC39F9E4A,TCGA-A8-A09D-01,TCGA-A8-A09D,11,0.0,0.0,0.0,absent,/data1/deasy/Himangi/breast_feature_extraction/Ductal_outputs/TCGA-A8-A09D-01/necrosis_feature_wsi_summary.csv,TCGA-A8-A09D,Alive,,,1522.0,0.0,,,,matched
TCGA-A8-A09E-01Z-00-DX1.239A8E03-49EA-4C29-AF86-FC1BD8A9DB20,TCGA-A8-A09E-01,TCGA-A8-A09E,1,0.0,0.0,0.0,absent,/data1/deasy/Himangi/breast_feature_extraction/Ductal_outputs/TCGA-A8-A09E-01/necrosis_feature_wsi_summary.csv,TCGA-A8-A09E,Alive,,,1492.0,0.0,,,,matched
TCGA-A8-A09G-01Z-00-DX1.B834728C-DAC5-4463-961D-7E3B220905C1,TCGA-A8-A09G-01,TCGA-A8-A09G,34,0.0,0.0,0.0,absent,/data1/deasy/Himangi/breast_feature_extraction/Ductal_outputs/TCGA-A8-A09G-01/necrosis_feature_wsi_summary.csv,TCGA-A8-A09G,Alive,,,0.0,0.0,,,,matched
TCGA-A8-A09N-01Z-00-DX1.A0E4EF10-5BFF-46A0-94C7-578EA3A88599,TCGA-A8-A09N-01,TCGA-A8-A09N,2,0.0,0.0,0.0,absent,/data1/deasy/Himangi/breast_feature_extraction/Ductal_outputs/TCGA-A8-A09N-01/necrosis_feature_wsi_summary.csv,TCGA-A8-A09N,Alive,,,31.0,0.0,,,,matched
TCGA-A8-A09Q-01Z-00-DX1.C7240AFB-5971-4577-812C-A255C249001A,TCGA-A8-A09Q-01,TCGA-A8-A09Q,1,0.0,0.0,0.0,absent,/data1/deasy/Himangi/breast_feature_extraction/Ductal_outputs/TCGA-A8-A09Q-01/necrosis_feature_wsi_summary.csv,TCGA-A8-A09Q,Alive,,,761.0,0.0,,,,matched
TCGA-A8-A09R-01Z-00-DX1.392580F3-0CE5-4EDB-91CF-814AAD0DB649,TCGA-A8-A09R-01,TCGA-A8-A09R,7,0.0,0.0,0.0,absent,/data1/deasy/Himangi/breast_feature_extraction/Ductal_outputs/TCGA-A8-A09R-01/necrosis_feature_wsi_summary.csv,TCGA-A8-A09R,Alive,,,273.0,0.0,,,,matched
TCGA-A8-A0A9-01Z-00-DX1.16524DDD-539D-4E47-9A8F-1B910D4FEC2D,TCGA-A8-A0A9-01,TCGA-A8-A0A9,1,0.0,0.0,0.0,absent,/data1/deasy/Himangi/breast_feature_extraction/Ductal_outputs/TCGA-A8-A0A9-01/necrosis_feature_wsi_summary.csv,TCGA-A8-A0A9,Alive,,,822.0,0.0,,,,matched
TCGA-AC-A23C-01Z-00-DX1.0E67C785-83D3-49AF-B600-FB5B909AE6ED,TCGA-AC-A23C-01,TCGA-AC-A23C,6,0.0,0.0,0.0,absent,/data1/deasy/Himangi/breast_feature_extraction/Ductal_outputs/TCGA-AC-A23C-01/necrosis_feature_wsi_summary.csv,TCGA-AC-A23C,Alive,,,585.0,0.0,,,,matched
TCGA-AC-A23E-01Z-00-DX1.F12A5A87-72CF-42F8-A6EC-8E7FAD80B1F7,TCGA-AC-A23E-01,TCGA-AC-A23E,33,1741.88,628.95,0.0004,focal,/data1/deasy/Himangi/breast_feature_extraction/Ductal_outputs/TCGA-AC-A23E-01/necrosis_feature_wsi_summary.csv,TCGA-AC-A23E,Alive,,,698.0,0.0,,,,matched
TCGA-AC-A23H-01Z-00-DX1.8E0AE339-1047-4CA5-BFC5-37A3B10FD8B5,TCGA-AC-A23H-01,TCGA-AC-A23H,7,37503.62,4776.95,0.0527,present,/data1/deasy/Himangi/breast_feature_extraction/Ductal_outputs/TCGA-AC-A23H-01/necrosis_feature_wsi_summary.csv,TCGA-AC-A23H,Dead,0.0,,0.0,1.0,0.0,0.0,0.0,matched
TCGA-AC-A2BM-01Z-00-DX1.162A9FA9-6E61-48BF-B0A5-C6C7640ABD9B,TCGA-AC-A2BM-01,TCGA-AC-A2BM,13,5767.72,596.18,0.0025,focal,/data1/deasy/Himangi/breast_feature_extraction/Ductal_outputs/TCGA-AC-A2BM-01/necrosis_feature_wsi_summary.csv,TCGA-AC-A2BM,Alive,,,3022.0,0.0,,,,matched
TCGA-AC-A5EH-01Z-00-DX1.DF59B26B-379F-4047-B7AE-4493810D30A0,TCGA-AC-A5EH-01,TCGA-AC-A5EH,15,0.0,0.0,0.0,absent,/data1/deasy/Himangi/breast_feature_extraction/Ductal_outputs/TCGA-AC-A5EH-01/necrosis_feature_wsi_summary.csv,TCGA-AC-A5EH,Alive,,,511.0,0.0,,,,matched
TCGA-AC-A5XU-01Z-00-DX1.1AEEFAAF-0906-4086-8022-13B689FAB9F5,TCGA-AC-A5XU-01,TCGA-AC-A5XU,28,18333.81,2295.51,0.0046,focal,/data1/deasy/Himangi/breast_feature_extraction/Ductal_outputs/TCGA-AC-A5XU-01/necrosis_feature_wsi_summary.csv,TCGA-AC-A5XU,Alive,,,455.0,0.0,,,,matched
TCGA-AC-A62V-01Z-00-DX1.2D8994FD-58B8-43C1-B99D-AA964E7DFD60,TCGA-AC-A62V-01,TCGA-AC-A62V,1,0.0,0.0,0.0,absent,/data1/deasy/Himangi/breast_feature_extraction/Ductal_outputs/TCGA-AC-A62V-01/necrosis_feature_wsi_summary.csv,TCGA-AC-A62V,Dead,348.0,,348.0,1.0,348.0,11.433264887063656,0.9527720739219713,matched
TCGA-AC-A6IW-01Z-00-DX1.C4514189-E64F-4603-8970-230FA2BB77FC,TCGA-AC-A6IW-01,TCGA-AC-A6IW,2,0.0,0.0,0.0,absent,/data1/deasy/Himangi/breast_feature_extraction/Ductal_outputs/TCGA-AC-A6IW-01/necrosis_feature_wsi_summary.csv,TCGA-AC-A6IW,Alive,,,413.0,0.0,,,,matched
TCGA-AC-A6NO-01Z-00-DX1.61B7F48C-6D6E-4C1B-B236-DD130ECBDA9D,TCGA-AC-A6NO-01,TCGA-AC-A6NO,2,0.0,0.0,0.0,absent,/data1/deasy/Himangi/breast_feature_extraction/Ductal_outputs/TCGA-AC-A6NO-01/necrosis_feature_wsi_summary.csv,TCGA-AC-A6NO,Alive,,,51.0,0.0,,,,matched
TCGA-AC-A7VB-01Z-00-DX1.62D7FDB3-280D-43B2-92EA-AB810384B0B7,TCGA-AC-A7VB-01,TCGA-AC-A7VB,9,0.0,0.0,0.0,absent,/data1/deasy/Himangi/breast_feature_extraction/Ductal_outputs/TCGA-AC-A7VB-01/necrosis_feature_wsi_summary.csv,TCGA-AC-A7VB,Alive,,,250.0,0.0,,,,matched
TCGA-AN-A03Y-01Z-00-DX1.074C48E5-ED69-40AE-8709-444898122BF4,TCGA-AN-A03Y-01,TCGA-AN-A03Y,19,56516.82,11582.22,0.0197,focal,/data1/deasy/Himangi/breast_feature_extraction/Ductal_outputs/TCGA-AN-A03Y-01/necrosis_feature_wsi_summary.csv,TCGA-AN-A03Y,Alive,,,10.0,0.0,,,,matched
TCGA-AN-A041-01Z-00-DX1.96D3628B-FB6E-4A41-A5E8-8896B0657F1C,TCGA-AN-A041-01,TCGA-AN-A041,13,3643.69,823.84,0.0025,focal,/data1/deasy/Himangi/breast_feature_extraction/Ductal_outputs/TCGA-AN-A041-01/necrosis_feature_wsi_summary.csv,TCGA-AN-A041,Alive,,,7.0,0.0,,,,matched
TCGA-AN-A046-01Z-00-DX1.C529B94F-AFE3-4701-BC98-5D6EDF7B82C0,TCGA-AN-A046-01,TCGA-AN-A046,10,0.0,0.0,0.0,absent,/data1/deasy/Himangi/breast_feature_extraction/Ductal_outputs/TCGA-AN-A046-01/necrosis_feature_wsi_summary.csv,TCGA-AN-A046,Alive,,,10.0,0.0,,,,matched
TCGA-AN-A0AK-01Z-00-DX1.4B410152-8588-4000-870A-B31B21161015,TCGA-AN-A0AK-01,TCGA-AN-A0AK,23,0.0,0.0,0.0,absent,/data1/deasy/Himangi/breast_feature_extraction/Ductal_outputs/TCGA-AN-A0AK-01/necrosis_feature_wsi_summary.csv,TCGA-AN-A0AK,Alive,,,224.0,0.0,,,,matched
TCGA-AN-A0AM-01Z-00-DX1.169CE39A-DD54-46D8-8D03-60B69A473CDB,TCGA-AN-A0AM-01,TCGA-AN-A0AM,2,0.0,0.0,0.0,absent,/data1/deasy/Himangi/breast_feature_extraction/Ductal_outputs/TCGA-AN-A0AM-01/necrosis_feature_wsi_summary.csv,TCGA-AN-A0AM,Alive,,,5.0,0.0,,,,matched
TCGA-AN-A0AR-01Z-00-DX1.0CF1267E-C61B-4928-875E-59032F838F07,TCGA-AN-A0AR-01,TCGA-AN-A0AR,37,46286.8,7526.05,0.0094,focal,/data1/deasy/Himangi/breast_feature_extraction/Ductal_outputs/TCGA-AN-A0AR-01/necrosis_feature_wsi_summary.csv,TCGA-AN-A0AR,Alive,,,10.0,0.0,,,,matched
TCGA-AN-A0AT-01Z-00-DX1.DFD68CD2-C25E-47BE-BC06-8CE3C657B9FD,TCGA-AN-A0AT-01,TCGA-AN-A0AT,30,233477.13,15807.93,0.0707,present,/data1/deasy/Himangi/breast_feature_extraction/Ductal_outputs/TCGA-AN-A0AT-01/necrosis_feature_wsi_summary.csv,TCGA-AN-A0AT,Alive,,,10.0,0.0,,,,matched
TCGA-AN-A0FF-01Z-00-DX1.A23982C3-E0EB-4DB2-84EE-26E0005E3F66,TCGA-AN-A0FF-01,TCGA-AN-A0FF,20,0.0,0.0,0.0,absent,/data1/deasy/Himangi/breast_feature_extraction/Ductal_outputs/TCGA-AN-A0FF-01/necrosis_feature_wsi_summary.csv,TCGA-AN-A0FF,Alive,,,172.0,0.0,,,,matched
TCGA-AN-A0FK-01Z-00-DX1.8966A1D5-CE3A-4B08-A1F6-E613BEB1ABD1,TCGA-AN-A0FK-01,TCGA-AN-A0FK,13,0.0,0.0,0.0,absent,/data1/deasy/Himangi/breast_feature_extraction/Ductal_outputs/TCGA-AN-A0FK-01/necrosis_feature_wsi_summary.csv,TCGA-AN-A0FK,Alive,,,213.0,0.0,,,,matched
TCGA-AN-A0FL-01Z-00-DX1.20A041C6-A306-4599-A7D1-65032A252AA9,TCGA-AN-A0FL-01,TCGA-AN-A0FL,3,0.0,0.0,0.0,absent,/data1/deasy/Himangi/breast_feature_extraction/Ductal_outputs/TCGA-AN-A0FL-01/necrosis_feature_wsi_summary.csv,TCGA-AN-A0FL,Alive,,,231.0,0.0,,,,matched
TCGA-AN-A0FT-01Z-00-DX1.6F263AB3-FB1D-4056-AEC2-4F163017324F,TCGA-AN-A0FT-01,TCGA-AN-A0FT,6,335.56,110.13,0.0004,focal,/data1/deasy/Himangi/breast_feature_extraction/Ductal_outputs/TCGA-AN-A0FT-01/necrosis_feature_wsi_summary.csv,TCGA-AN-A0FT,Alive,,,214.0,0.0,,,,matched
TCGA-AN-A0FW-01Z-00-DX1.5EEDFC71-6ABE-4189-8C45-2127403A8F04,TCGA-AN-A0FW-01,TCGA-AN-A0FW,53,0.0,0.0,0.0,absent,/data1/deasy/Himangi/breast_feature_extraction/Ductal_outputs/TCGA-AN-A0FW-01/necrosis_feature_wsi_summary.csv,TCGA-AN-A0FW,Alive,,,11.0,0.0,,,,matched
TCGA-AN-A0FX-01Z-00-DX1.C9656600-F823-4044-972B-7059B39FC539,TCGA-AN-A0FX-01,TCGA-AN-A0FX,14,4124.25,1683.9,0.0024,focal,/data1/deasy/Himangi/breast_feature_extraction/Ductal_outputs/TCGA-AN-A0FX-01/necrosis_feature_wsi_summary.csv,TCGA-AN-A0FX,Alive,,,10.0,0.0,,,,matched
TCGA-AN-A0FY-01Z-00-DX1.25F5E2A1-F92C-4FE1-BD90-0CDDE50DC066,TCGA-AN-A0FY-01,TCGA-AN-A0FY,12,0.0,0.0,0.0,absent,/data1/deasy/Himangi/breast_feature_extraction/Ductal_outputs/TCGA-AN-A0FY-01/necrosis_feature_wsi_summary.csv,TCGA-AN-A0FY,Alive,,,10.0,0.0,,,,matched
TCGA-AN-A0FZ-01Z-00-DX1.9555AF11-3A0D-4FE3-AE91-09DA77B175CA,TCGA-AN-A0FZ-01,TCGA-AN-A0FZ,3,1162.88,338.39,0.0029,focal,/data1/deasy/Himangi/breast_feature_extraction/Ductal_outputs/TCGA-AN-A0FZ-01/necrosis_feature_wsi_summary.csv,TCGA-AN-A0FZ,Alive,,,10.0,0.0,,,,matched
TCGA-AN-A0G0-01Z-00-DX1.BE0BB5DF-DEDA-48D8-B5D8-2735C767F28F,TCGA-AN-A0G0-01,TCGA-AN-A0G0,1,0.0,0.0,0.0,absent,/data1/deasy/Himangi/breast_feature_extraction/Ductal_outputs/TCGA-AN-A0G0-01/necrosis_feature_wsi_summary.csv,TCGA-AN-A0G0,Alive,,,16.0,0.0,,,,matched
TCGA-AN-A0XN-01Z-00-DX1.A8EB9F62-236E-4C59-A206-DF0C7654AC30,TCGA-AN-A0XN-01,TCGA-AN-A0XN,30,1127.97,449.53,0.0003,focal,/data1/deasy/Himangi/breast_feature_extraction/Ductal_outputs/TCGA-AN-A0XN-01/necrosis_feature_wsi_summary.csv,TCGA-AN-A0XN,Alive,,,10.0,0.0,,,,matched
TCGA-AN-A0XO-01Z-00-DX1.204E554E-B1A8-41AD-8E39-62484DF4E3CD,TCGA-AN-A0XO-01,TCGA-AN-A0XO,24,58438.18,4528.73,0.0207,focal,/data1/deasy/Himangi/breast_feature_extraction/Ductal_outputs/TCGA-AN-A0XO-01/necrosis_feature_wsi_summary.csv,TCGA-AN-A0XO,Alive,,,375.0,0.0,,,,matched
TCGA-AN-A0XS-01Z-00-DX1.B4D4B73E-2912-4B2E-B18A-FBC35F8160D3,TCGA-AN-A0XS-01,TCGA-AN-A0XS,10,4314.09,839.12,0.0054,focal,/data1/deasy/Himangi/breast_feature_extraction/Ductal_outputs/TCGA-AN-A0XS-01/necrosis_feature_wsi_summary.csv,TCGA-AN-A0XS,Alive,,,10.0,0.0,,,,matched
TCGA-AN-A0XT-01Z-00-DX1.882AF4CE-62A1-4808-9B4B-780066E5E602,TCGA-AN-A0XT-01,TCGA-AN-A0XT,14,0.0,0.0,0.0,absent,/data1/deasy/Himangi/breast_feature_extraction/Ductal_outputs/TCGA-AN-A0XT-01/necrosis_feature_wsi_summary.csv,TCGA-AN-A0XT,Alive,,,10.0,0.0,,,,matched
TCGA-AO-A03L-01Z-00-DX1.DE6561A9-E6B8-4BF0-AAA8-F91C87A66037,TCGA-AO-A03L-01,TCGA-AO-A03L,15,16842.38,3814.46,0.0078,focal,/data1/deasy/Himangi/breast_feature_extraction/Ductal_outputs/TCGA-AO-A03L-01/necrosis_feature_wsi_summary.csv,TCGA-AO-A03L,Alive,,,2442.0,0.0,,,,matched
TCGA-AO-A03M-01Z-00-DX1.9998A9A0-D0A6-48FC-80FB-AE597CB9E8AA,TCGA-AO-A03M-01,TCGA-AO-A03M,11,2141.31,651.39,0.0011,focal,/data1/deasy/Himangi/breast_feature_extraction/Ductal_outputs/TCGA-AO-A03M-01/necrosis_feature_wsi_summary.csv,TCGA-AO-A03M,Alive,,,1866.0,0.0,,,,matched
TCGA-AO-A03O-01Z-00-DX1.054BBC89-69F4-4311-814D-E343472CD2C0,TCGA-AO-A03O-01,TCGA-AO-A03O,12,2527.22,320.32,0.0019,focal,/data1/deasy/Himangi/breast_feature_extraction/Ductal_outputs/TCGA-AO-A03O-01/necrosis_feature_wsi_summary.csv,TCGA-AO-A03O,Dead,2483.0,,2483.0,1.0,2483.0,81.57700205338809,6.798083504449007,matched
TCGA-AO-A03P-01Z-00-DX1.D34DA321-D8E3-4D68-BCE2-4A8B72B3D0AE,TCGA-AO-A03P-01,TCGA-AO-A03P,2,586.06,142.91,0.0029,focal,/data1/deasy/Himangi/breast_feature_extraction/Ductal_outputs/TCGA-AO-A03P-01/necrosis_feature_wsi_summary.csv,TCGA-AO-A03P,Dead,2911.0,,2911.0,1.0,2911.0,95.63860369609856,7.969883641341547,matched
TCGA-AO-A03R-01Z-00-DX1.DC317201-7F22-4C4A-86A5-ED82C37757C8,TCGA-AO-A03R-01,TCGA-AO-A03R,11,493.22,198.65,0.0003,focal,/data1/deasy/Himangi/breast_feature_extraction/Ductal_outputs/TCGA-AO-A03R-01/necrosis_feature_wsi_summary.csv,TCGA-AO-A03R,Alive,,,2091.0,0.0,,,,matched
TCGA-AO-A03V-01Z-00-DX1.52EBCB72-0C65-4E67-B9BB-DA15494327DE,TCGA-AO-A03V-01,TCGA-AO-A03V,6,0.0,0.0,0.0,absent,/data1/deasy/Himangi/breast_feature_extraction/Ductal_outputs/TCGA-AO-A03V-01/necrosis_feature_wsi_summary.csv,TCGA-AO-A03V,Alive,,,1351.0,0.0,,,,matched
TCGA-AO-A0J2-01Z-00-DX1.7C9FEC7B-6040-4C58-9563-D10C0D7AC72E,TCGA-AO-A0J2-01,TCGA-AO-A0J2,1,0.0,0.0,0.0,absent,/data1/deasy/Himangi/breast_feature_extraction/Ductal_outputs/TCGA-AO-A0J2-01/necrosis_feature_wsi_summary.csv,TCGA-AO-A0J2,Alive,,,997.0,0.0,,,,matched
TCGA-AO-A0J4-01Z-00-DX1.2EFC978E-8DF5-4254-9598-C0910B17C5C8,TCGA-AO-A0J4-01,TCGA-AO-A0J4,3,764.59,239.42,0.0019,focal,/data1/deasy/Himangi/breast_feature_extraction/Ductal_outputs/TCGA-AO-A0J4-01/necrosis_feature_wsi_summary.csv,TCGA-AO-A0J4,Alive,,,1587.0,0.0,,,,matched
TCGA-AO-A0J6-01Z-00-DX1.D0C003CE-E112-4375-953D-78404C9D62DA,TCGA-AO-A0J6-01,TCGA-AO-A0J6,1,0.0,0.0,0.0,absent,/data1/deasy/Himangi/breast_feature_extraction/Ductal_outputs/TCGA-AO-A0J6-01/necrosis_feature_wsi_summary.csv,TCGA-AO-A0J6,Alive,,,1140.0,0.0,,,,matched
TCGA-AO-A0JA-01Z-00-DX1.E3DDBAAF-6FFA-40BE-83FF-942857CFED5D,TCGA-AO-A0JA-01,TCGA-AO-A0JA,19,0.0,0.0,0.0,absent,/data1/deasy/Himangi/breast_feature_extraction/Ductal_outputs/TCGA-AO-A0JA-01/necrosis_feature_wsi_summary.csv,TCGA-AO-A0JA,Alive,,,655.0,0.0,,,,matched
TCGA-AO-A0JB-01Z-00-DX1.250FE098-345B-4981-9236-0519E1C9058E,TCGA-AO-A0JB-01,TCGA-AO-A0JB,16,13052.66,1114.22,0.0067,focal,/data1/deasy/Himangi/breast_feature_extraction/Ductal_outputs/TCGA-AO-A0JB-01/necrosis_feature_wsi_summary.csv,TCGA-AO-A0JB,Alive,,,1542.0,0.0,,,,matched
TCGA-AO-A0JD-01Z-00-DX1.52E3DCE8-32E3-45C0-AB54-7FA0A2F3F722,TCGA-AO-A0JD-01,TCGA-AO-A0JD,17,4524.31,923.93,0.0022,focal,/data1/deasy/Himangi/breast_feature_extraction/Ductal_outputs/TCGA-AO-A0JD-01/necrosis_feature_wsi_summary.csv,TCGA-AO-A0JD,Alive,,,2190.0,0.0,,,,matched
TCGA-AO-A0JE-01Z-00-DX1.82D33053-E305-47D8-9B02-B55511EBB06D,TCGA-AO-A0JE-01,TCGA-AO-A0JE,14,2085.75,659.83,0.0008,focal,/data1/deasy/Himangi/breast_feature_extraction/Ductal_outputs/TCGA-AO-A0JE-01/necrosis_feature_wsi_summary.csv,TCGA-AO-A0JE,Alive,,,2335.0,0.0,,,,matched
TCGA-AO-A0JI-01Z-00-DX1.4DCDA545-B7E3-49DF-AB10-963E84BEB105,TCGA-AO-A0JI-01,TCGA-AO-A0JI,1,0.0,0.0,0.0,absent,/data1/deasy/Himangi/breast_feature_extraction/Ductal_outputs/TCGA-AO-A0JI-01/necrosis_feature_wsi_summary.csv,TCGA-AO-A0JI,Alive,,,1528.0,0.0,,,,matched
TCGA-AO-A0JL-01Z-00-DX1.473CC200-221A-4777-B19E-ADC41D10FC94,TCGA-AO-A0JL-01,TCGA-AO-A0JL,15,72165.94,8559.86,0.0356,focal,/data1/deasy/Himangi/breast_feature_extraction/Ductal_outputs/TCGA-AO-A0JL-01/necrosis_feature_wsi_summary.csv,TCGA-AO-A0JL,Alive,,,1683.0,0.0,,,,matched
TCGA-AO-A0JM-01Z-00-DX1.94E75EFD-E5F5-4DF8-93A0-ED94CB4D203A,TCGA-AO-A0JM-01,TCGA-AO-A0JM,5,13370.13,2367.91,0.023,focal,/data1/deasy/Himangi/breast_feature_extraction/Ductal_outputs/TCGA-AO-A0JM-01/necrosis_feature_wsi_summary.csv,TCGA-AO-A0JM,Alive,,,2184.0,0.0,,,,matched
TCGA-AO-A126-01Z-00-DX1.D9D6AA15-32F0-44BD-AF30-36191784FFA2,TCGA-AO-A126-01,TCGA-AO-A126,8,0.0,0.0,0.0,absent,/data1/deasy/Himangi/breast_feature_extraction/Ductal_outputs/TCGA-AO-A126-01/necrosis_feature_wsi_summary.csv,TCGA-AO-A126,Alive,,,3307.0,0.0,,,,matched
TCGA-AO-A129-01Z-00-DX1.BF485416-BF57-4F39-866B-4B1E201876FA,TCGA-AO-A129-01,TCGA-AO-A129,1,0.0,0.0,0.0,absent,/data1/deasy/Himangi/breast_feature_extraction/Ductal_outputs/TCGA-AO-A129-01/necrosis_feature_wsi_summary.csv,TCGA-AO-A129,Alive,,,3286.0,0.0,,,,matched
TCGA-AO-A12A-01Z-00-DX1.4E9609A7-9AAD-40A8-8344-8369DF998006,TCGA-AO-A12A-01,TCGA-AO-A12A,33,17230.44,4777.73,0.0045,focal,/data1/deasy/Himangi/breast_feature_extraction/Ductal_outputs/TCGA-AO-A12A-01/necrosis_feature_wsi_summary.csv,TCGA-AO-A12A,Alive,,,3112.0,0.0,,,,matched
TCGA-AO-A12C-01Z-00-DX1.F4105027-FA10-48AF-BA8F-C7A0181C4A1D,TCGA-AO-A12C-01,TCGA-AO-A12C,8,0.0,0.0,0.0,absent,/data1/deasy/Himangi/breast_feature_extraction/Ductal_outputs/TCGA-AO-A12C-01/necrosis_feature_wsi_summary.csv,TCGA-AO-A12C,Alive,,,2372.0,0.0,,,,matched
TCGA-AO-A12D-01Z-00-DX1.BA006BAD-5C6E-4099-BC99-3888E69F506E,TCGA-AO-A12D-01,TCGA-AO-A12D,26,11464.19,2646.77,0.0032,focal,/data1/deasy/Himangi/breast_feature_extraction/Ductal_outputs/TCGA-AO-A12D-01/necrosis_feature_wsi_summary.csv,TCGA-AO-A12D,Alive,,,2515.0,0.0,,,,matched
TCGA-AO-A12F-01Z-00-DX1.847C8E4F-3F37-4B1D-8E6E-ACD14391AD89,TCGA-AO-A12F-01,TCGA-AO-A12F,21,133707.93,28867.39,0.0634,present,/data1/deasy/Himangi/breast_feature_extraction/Ductal_outputs/TCGA-AO-A12F-01/necrosis_feature_wsi_summary.csv,TCGA-AO-A12F,Alive,,,1842.0,0.0,,,,matched
TCGA-AO-A1KP-01Z-00-DX1.612442AB-24E2-489B-9838-7CEE82BCD605,TCGA-AO-A1KP-01,TCGA-AO-A1KP,6,0.0,0.0,0.0,absent,/data1/deasy/Himangi/breast_feature_extraction/Ductal_outputs/TCGA-AO-A1KP-01/necrosis_feature_wsi_summary.csv,TCGA-AO-A1KP,Alive,,,2953.0,0.0,,,,matched
TCGA-AO-A1KQ-01Z-00-DX1.CAB7D9A5-7030-4A33-BE51-9B04D67A7676,TCGA-AO-A1KQ-01,TCGA-AO-A1KQ,7,0.0,0.0,0.0,absent,/data1/deasy/Himangi/breast_feature_extraction/Ductal_outputs/TCGA-AO-A1KQ-01/necrosis_feature_wsi_summary.csv,TCGA-AO-A1KQ,Alive,,,1882.0,0.0,,,,matched
TCGA-AO-A1KR-01Z-00-DX1.BFB2E69B-E23C-4542-9CBF-EDD040B985AC,TCGA-AO-A1KR-01,TCGA-AO-A1KR,25,179975.28,9990.65,0.0811,present,/data1/deasy/Himangi/breast_feature_extraction/Ductal_outputs/TCGA-AO-A1KR-01/necrosis_feature_wsi_summary.csv,TCGA-AO-A1KR,Alive,,,2513.0,0.0,,,,matched
TCGA-AO-A1KT-01Z-00-DX1.47878910-4359-4795-B0BB-FAC147C8D932,TCGA-AO-A1KT-01,TCGA-AO-A1KT,26,0.0,0.0,0.0,absent,/data1/deasy/Himangi/breast_feature_extraction/Ductal_outputs/TCGA-AO-A1KT-01/necrosis_feature_wsi_summary.csv,TCGA-AO-A1KT,Alive,,,541.0,0.0,,,,matched
TCGA-AQ-A04H-01Z-00-DX1.5AC1E459-EF27-401D-98FD-0AC16559AF17,TCGA-AQ-A04H-01,TCGA-AQ-A04H,3,0.0,0.0,0.0,absent,/data1/deasy/Himangi/breast_feature_extraction/Ductal_outputs/TCGA-AQ-A04H-01/necrosis_feature_wsi_summary.csv,TCGA-AQ-A04H,Alive,,,754.0,0.0,,,,matched
TCGA-AQ-A04J-01Z-00-DX1.6A4E16D4-2696-4E5F-BCA8-708556FC3A8C,TCGA-AQ-A04J-01,TCGA-AQ-A04J,38,53753.31,6067.72,0.0097,focal,/data1/deasy/Himangi/breast_feature_extraction/Ductal_outputs/TCGA-AQ-A04J-01/necrosis_feature_wsi_summary.csv,TCGA-AQ-A04J,Alive,,,819.0,0.0,,,,matched
TCGA-AQ-A04L-01Z-00-DX1.F35BF4DD-896A-43C2-8DA6-C67945C003BE,TCGA-AQ-A04L-01,TCGA-AQ-A04L,6,308.66,109.82,0.0004,focal,/data1/deasy/Himangi/breast_feature_extraction/Ductal_outputs/TCGA-AQ-A04L-01/necrosis_feature_wsi_summary.csv,TCGA-AQ-A04L,Alive,,,3957.0,0.0,,,,matched
TCGA-AQ-A0Y5-01Z-00-DX1.f68f5b49-30fa-4fb6-bec6-5da9f6809d02,TCGA-AQ-A0Y5-01,TCGA-AQ-A0Y5,23,6538.78,835.16,0.0018,focal,/data1/deasy/Himangi/breast_feature_extraction/Ductal_outputs/TCGA-AQ-A0Y5-01/necrosis_feature_wsi_summary.csv,TCGA-AQ-A0Y5,Dead,172.0,,172.0,1.0,172.0,5.650924024640657,0.47091033538672145,matched
TCGA-AR-A0TP-01Z-00-DX1.58E6A3A6-D1D7-4AE5-87A5-E823F04CBB2F,TCGA-AR-A0TP-01,TCGA-AR-A0TP,7,13568.96,2284.64,0.0165,focal,/data1/deasy/Himangi/breast_feature_extraction/Ductal_outputs/TCGA-AR-A0TP-01/necrosis_feature_wsi_summary.csv,TCGA-AR-A0TP,Alive,,,4275.0,0.0,,,,matched
TCGA-AR-A0TQ-01Z-00-DX1.2BEA298C-6B3D-4133-ADBC-769E62CEFFA0,TCGA-AR-A0TQ-01,TCGA-AR-A0TQ,19,45392.97,6113.07,0.0151,focal,/data1/deasy/Himangi/breast_feature_extraction/Ductal_outputs/TCGA-AR-A0TQ-01/necrosis_feature_wsi_summary.csv,TCGA-AR-A0TQ,Alive,,,2991.0,0.0,,,,matched
TCGA-AR-A0TR-01Z-00-DX1.BBCE653F-7DD0-4830-BAD3-C06207A93853,TCGA-AR-A0TR-01,TCGA-AR-A0TR,27,34197.57,6354.74,0.0111,focal,/data1/deasy/Himangi/breast_feature_extraction/Ductal_outputs/TCGA-AR-A0TR-01/necrosis_feature_wsi_summary.csv,TCGA-AR-A0TR,Dead,160.0,,160.0,1.0,160.0,5.256673511293634,0.4380561259411362,matched
TCGA-AR-A0TS-01Z-00-DX1.2DB81A2E-16C1-4EE0-8175-65FA46768277,TCGA-AR-A0TS-01,TCGA-AR-A0TS,130,49807.12,11245.31,0.0031,focal,/data1/deasy/Himangi/breast_feature_extraction/Ductal_outputs/TCGA-AR-A0TS-01/necrosis_feature_wsi_summary.csv,TCGA-AR-A0TS,Alive,,,2558.0,0.0,,,,matched
TCGA-AR-A0TT-01Z-00-DX1.127C2A4F-62AC-4E83-99DB-13519BD2949D,TCGA-AR-A0TT-01,TCGA-AR-A0TT,6,0.0,0.0,0.0,absent,/data1/deasy/Himangi/breast_feature_extraction/Ductal_outputs/TCGA-AR-A0TT-01/necrosis_feature_wsi_summary.csv,TCGA-AR-A0TT,Alive,,,3316.0,0.0,,,,matched
TCGA-AR-A0TU-01Z-00-DX1.2CBBDDAB-C1DD-4205-A555-431542F9C069,TCGA-AR-A0TU-01,TCGA-AR-A0TU,11,85945.94,7182.88,0.0706,present,/data1/deasy/Himangi/breast_feature_extraction/Ductal_outputs/TCGA-AR-A0TU-01/necrosis_feature_wsi_summary.csv,TCGA-AR-A0TU,Alive,,,709.0,0.0,,,,matched
TCGA-AR-A0TW-01Z-00-DX1.0C1EAE07-6BA6-4908-89E1-0133F3640174,TCGA-AR-A0TW-01,TCGA-AR-A0TW,49,61522.01,12449.87,0.0102,focal,/data1/deasy/Himangi/breast_feature_extraction/Ductal_outputs/TCGA-AR-A0TW-01/necrosis_feature_wsi_summary.csv,TCGA-AR-A0TW,Alive,,,3009.0,0.0,,,,matched
TCGA-AR-A0TX-01Z-00-DX1.5BEA4E65-8CEC-49B2-9F29-DBE53E8ED46E,TCGA-AR-A0TX-01,TCGA-AR-A0TX,3,7548.28,627.46,0.0137,focal,/data1/deasy/Himangi/breast_feature_extraction/Ductal_outputs/TCGA-AR-A0TX-01/necrosis_feature_wsi_summary.csv,TCGA-AR-A0TX,Alive,,,1972.0,0.0,,,,matched
TCGA-AR-A0TY-01Z-00-DX1.089EB6B4-9921-441D-84F3-C64C97AFC3B4,TCGA-AR-A0TY-01,TCGA-AR-A0TY,34,152280.4,15260.03,0.0357,focal,/data1/deasy/Himangi/breast_feature_extraction/Ductal_outputs/TCGA-AR-A0TY-01/necrosis_feature_wsi_summary.csv,TCGA-AR-A0TY,Dead,1699.0,,1699.0,1.0,1699.0,55.81930184804928,4.65160848733744,matched
TCGA-AR-A0TZ-01Z-00-DX1.2D58BE38-03F6-4310-8E06-F1A523FB0904,TCGA-AR-A0TZ-01,TCGA-AR-A0TZ,22,22464.88,3182.81,0.0081,focal,/data1/deasy/Himangi/breast_feature_extraction/Ductal_outputs/TCGA-AR-A0TZ-01/necrosis_feature_wsi_summary.csv,TCGA-AR-A0TZ,Dead,3262.0,,3262.0,1.0,3262.0,107.17043121149898,8.930869267624914,matched
TCGA-AR-A0U0-01Z-00-DX1.C8BECD9F-68D9-47B1-B31E-C1C6CAE456B6,TCGA-AR-A0U0-01,TCGA-AR-A0U0,6,41369.82,3900.43,0.0692,present,/data1/deasy/Himangi/breast_feature_extraction/Ductal_outputs/TCGA-AR-A0U0-01/necrosis_feature_wsi_summary.csv,TCGA-AR-A0U0,Alive,,,1988.0,0.0,,,,matched
TCGA-AR-A0U1-01Z-00-DX1.276433E7-E841-42D2-AF21-762F2FEA3B9B,TCGA-AR-A0U1-01,TCGA-AR-A0U1,16,25.44,35.04,0.0,focal,/data1/deasy/Himangi/breast_feature_extraction/Ductal_outputs/TCGA-AR-A0U1-01/necrosis_feature_wsi_summary.csv,TCGA-AR-A0U1,Alive,,,4052.0,0.0,,,,matched
TCGA-AR-A0U2-01Z-00-DX1.03E2ADD9-F20F-44DA-93D1-D10BBD3844A5,TCGA-AR-A0U2-01,TCGA-AR-A0U2,16,19214.94,3581.24,0.0077,focal,/data1/deasy/Himangi/breast_feature_extraction/Ductal_outputs/TCGA-AR-A0U2-01/necrosis_feature_wsi_summary.csv,TCGA-AR-A0U2,Dead,2551.0,,2551.0,1.0,2551.0,83.81108829568788,6.98425735797399,matched
TCGA-AR-A0U3-01Z-00-DX1.9BB87F9D-459F-4A18-B591-29822EA5AE18,TCGA-AR-A0U3-01,TCGA-AR-A0U3,54,138617.13,28933.31,0.0221,focal,/data1/deasy/Himangi/breast_feature_extraction/Ductal_outputs/TCGA-AR-A0U3-01/necrosis_feature_wsi_summary.csv,TCGA-AR-A0U3,Alive,,,4080.0,0.0,,,,matched
TCGA-AR-A0U4-01Z-00-DX1.DE722DC5-859D-4866-ADCC-ED98EDBFB588,TCGA-AR-A0U4-01,TCGA-AR-A0U4,14,240848.1,10555.37,0.1311,present,/data1/deasy/Himangi/breast_feature_extraction/Ductal_outputs/TCGA-AR-A0U4-01/necrosis_feature_wsi_summary.csv,TCGA-AR-A0U4,Alive,,,3261.0,0.0,,,,matched
TCGA-AR-A1AJ-01Z-00-DX1.34B9FCF0-74D8-4328-9B5A-698AD57EDA85,TCGA-AR-A1AJ-01,TCGA-AR-A1AJ,24,474.75,145.81,0.0001,focal,/data1/deasy/Himangi/breast_feature_extraction/Ductal_outputs/TCGA-AR-A1AJ-01/necrosis_feature_wsi_summary.csv,TCGA-AR-A1AJ,Alive,,,2383.0,0.0,,,,matched
TCGA-AR-A1AP-01Z-00-DX1.F163EED5-0385-41AA-BA35-54E4910CD99E,TCGA-AR-A1AP-01,TCGA-AR-A1AP,32,142764.56,17622.38,0.0368,focal,/data1/deasy/Himangi/breast_feature_extraction/Ductal_outputs/TCGA-AR-A1AP-01/necrosis_feature_wsi_summary.csv,TCGA-AR-A1AP,Alive,,,2856.0,0.0,,,,matched
TCGA-AR-A1AQ-01Z-00-DX1.09D5D7FC-0FA8-4176-94B2-995F44D8ED4C,TCGA-AR-A1AQ-01,TCGA-AR-A1AQ,13,8094.38,1191.08,0.0051,focal,/data1/deasy/Himangi/breast_feature_extraction/Ductal_outputs/TCGA-AR-A1AQ-01/necrosis_feature_wsi_summary.csv,TCGA-AR-A1AQ,Alive,,,3021.0,0.0,,,,matched
TCGA-AR-A1AR-01Z-00-DX1.E7B7F6F0-9CC0-4D4F-8C9F-443A74D2BE40,TCGA-AR-A1AR-01,TCGA-AR-A1AR,10,15893.28,1861.71,0.0128,focal,/data1/deasy/Himangi/breast_feature_extraction/Ductal_outputs/TCGA-AR-A1AR-01/necrosis_feature_wsi_summary.csv,TCGA-AR-A1AR,Dead,524.0,,524.0,1.0,524.0,17.215605749486652,1.434633812457221,matched
TCGA-AR-A1AS-01Z-00-DX1.72979519-0A90-42AD-9F23-1991F75C8CE7,TCGA-AR-A1AS-01,TCGA-AR-A1AS,37,681.38,357.22,0.0001,focal,/data1/deasy/Himangi/breast_feature_extraction/Ductal_outputs/TCGA-AR-A1AS-01/necrosis_feature_wsi_summary.csv,TCGA-AR-A1AS,Alive,,,1150.0,0.0,,,,matched
TCGA-AR-A1AU-01Z-00-DX1.F06647D1-E5A3-46FE-8537-01A10A08A4EC,TCGA-AR-A1AU-01,TCGA-AR-A1AU,28,31770.21,6700.5,0.0079,focal,/data1/deasy/Himangi/breast_feature_extraction/Ductal_outputs/TCGA-AR-A1AU-01/necrosis_feature_wsi_summary.csv,TCGA-AR-A1AU,Alive,,,2868.0,0.0,,,,matched
TCGA-AR-A1AV-01Z-00-DX1.93698893-7C5C-44C1-A488-ED358D523693,TCGA-AR-A1AV-01,TCGA-AR-A1AV,15,8080.59,2748.24,0.0051,focal,/data1/deasy/Himangi/breast_feature_extraction/Ductal_outputs/TCGA-AR-A1AV-01/necrosis_feature_wsi_summary.csv,TCGA-AR-A1AV,Alive,,,1864.0,0.0,,,,matched
TCGA-AR-A1AW-01Z-00-DX1.E527CA46-D83F-4055-8C7E-AEFEF13C1E29,TCGA-AR-A1AW-01,TCGA-AR-A1AW,72,938.72,202.44,0.0001,focal,/data1/deasy/Himangi/breast_feature_extraction/Ductal_outputs/TCGA-AR-A1AW-01/necrosis_feature_wsi_summary.csv,TCGA-AR-A1AW,Alive,,,2632.0,0.0,,,,matched
TCGA-AR-A1AX-01Z-00-DX1.2389D54F-545E-499E-B392-DD731834460A,TCGA-AR-A1AX-01,TCGA-AR-A1AX,44,15683.42,4266.11,0.0026,focal,/data1/deasy/Himangi/breast_feature_extraction/Ductal_outputs/TCGA-AR-A1AX-01/necrosis_feature_wsi_summary.csv,TCGA-AR-A1AX,Alive,,,2629.0,0.0,,,,matched
TCGA-AR-A1AY-01Z-00-DX1.6AC0BE3B-FFC5-4EDA-9E40-B18CAAC52B81,TCGA-AR-A1AY-01,TCGA-AR-A1AY,11,2196.0,721.96,0.0018,focal,/data1/deasy/Himangi/breast_feature_extraction/Ductal_outputs/TCGA-AR-A1AY-01/necrosis_feature_wsi_summary.csv,TCGA-AR-A1AY,Alive,,,1026.0,0.0,,,,matched
TCGA-AR-A24L-01Z-00-DX1.218A0AE1-D070-4A16-A277-31185F10724D,TCGA-AR-A24L-01,TCGA-AR-A24L,24,654.34,340.01,0.0002,focal,/data1/deasy/Himangi/breast_feature_extraction/Ductal_outputs/TCGA-AR-A24L-01/necrosis_feature_wsi_summary.csv,TCGA-AR-A24L,Dead,2866.0,,2866.0,1.0,2866.0,94.16016427104722,7.846680355920602,matched
TCGA-AR-A24N-01Z-00-DX1.563E9160-9E09-4E3F-8CE9-FFED0AA52927,TCGA-AR-A24N-01,TCGA-AR-A24N,57,2642.16,726.04,0.0003,focal,/data1/deasy/Himangi/breast_feature_extraction/Ductal_outputs/TCGA-AR-A24N-01/necrosis_feature_wsi_summary.csv,TCGA-AR-A24N,Alive,,,3035.0,0.0,,,,matched
TCGA-AR-A24P-01Z-00-DX1.08BE8830-C55E-4E2B-9378-371A670C75FD,TCGA-AR-A24P-01,TCGA-AR-A24P,47,4810.47,1167.24,0.0008,focal,/data1/deasy/Himangi/breast_feature_extraction/Ductal_outputs/TCGA-AR-A24P-01/necrosis_feature_wsi_summary.csv,TCGA-AR-A24P,Alive,,,84.0,0.0,,,,matched
TCGA-AR-A24R-01Z-00-DX1.47D79205-63E7-43E6-A513-2CD10DFA53C9,TCGA-AR-A24R-01,TCGA-AR-A24R,19,4664.75,862.64,0.0019,focal,/data1/deasy/Himangi/breast_feature_extraction/Ductal_outputs/TCGA-AR-A24R-01/necrosis_feature_wsi_summary.csv,TCGA-AR-A24R,Alive,,,3430.0,0.0,,,,matched
TCGA-AR-A24U-01Z-00-DX1.220FD0D0-0DB6-4E3C-92A0-66CD6509F0AD,TCGA-AR-A24U-01,TCGA-AR-A24U,13,694.12,133.13,0.0004,focal,/data1/deasy/Himangi/breast_feature_extraction/Ductal_outputs/TCGA-AR-A24U-01/necrosis_feature_wsi_summary.csv,TCGA-AR-A24U,Alive,,,3128.0,0.0,,,,matched
TCGA-AR-A24V-01Z-00-DX1.E749C2FE-E26B-4306-80B4-8269EEB23270,TCGA-AR-A24V-01,TCGA-AR-A24V,22,0.0,0.0,0.0,absent,/data1/deasy/Himangi/breast_feature_extraction/Ductal_outputs/TCGA-AR-A24V-01/necrosis_feature_wsi_summary.csv,TCGA-AR-A24V,Alive,,,3203.0,0.0,,,,matched
TCGA-AR-A24Z-01Z-00-DX1.C88AFF18-A8E4-426A-BEA3-70566DE39C46,TCGA-AR-A24Z-01,TCGA-AR-A24Z,8,0.0,0.0,0.0,absent,/data1/deasy/Himangi/breast_feature_extraction/Ductal_outputs/TCGA-AR-A24Z-01/necrosis_feature_wsi_summary.csv,TCGA-AR-A24Z,Alive,,,3001.0,0.0,,,,matched
TCGA-AR-A250-01Z-00-DX1.572A2F73-6BF5-4932-BFEF-4B8904755ACF,TCGA-AR-A250-01,TCGA-AR-A250,40,16890.9,2550.17,0.0027,focal,/data1/deasy/Himangi/breast_feature_extraction/Ductal_outputs/TCGA-AR-A250-01/necrosis_feature_wsi_summary.csv,TCGA-AR-A250,Alive,,,2707.0,0.0,,,,matched
TCGA-AR-A251-01Z-00-DX1.E91E357A-3AD4-4F79-A698-05F0B21A37EC,TCGA-AR-A251-01,TCGA-AR-A251,16,0.0,0.0,0.0,absent,/data1/deasy/Himangi/breast_feature_extraction/Ductal_outputs/TCGA-AR-A251-01/necrosis_feature_wsi_summary.csv,TCGA-AR-A251,Alive,,,3030.0,0.0,,,,matched
TCGA-AR-A254-01Z-00-DX1.EA5CD008-1106-41EC-998A-04EF08EEEC9D,TCGA-AR-A254-01,TCGA-AR-A254,6,1574.16,433.11,0.0024,focal,/data1/deasy/Himangi/breast_feature_extraction/Ductal_outputs/TCGA-AR-A254-01/necrosis_feature_wsi_summary.csv,TCGA-AR-A254,Alive,,,2605.0,0.0,,,,matched
TCGA-AR-A255-01Z-00-DX1.E67C081D-50C9-451C-814B-F097B2671300,TCGA-AR-A255-01,TCGA-AR-A255,9,20.44,34.2,0.0,focal,/data1/deasy/Himangi/breast_feature_extraction/Ductal_outputs/TCGA-AR-A255-01/necrosis_feature_wsi_summary.csv,TCGA-AR-A255,Alive,,,2161.0,0.0,,,,matched
TCGA-AR-A256-01Z-00-DX1.950D4546-4BF4-4380-9877-51D86A93D755,TCGA-AR-A256-01,TCGA-AR-A256,16,27287.46,3413.42,0.0115,focal,/data1/deasy/Himangi/breast_feature_extraction/Ductal_outputs/TCGA-AR-A256-01/necrosis_feature_wsi_summary.csv,TCGA-AR-A256,Dead,2854.0,,2854.0,1.0,2854.0,93.7659137577002,7.813826146475017,matched
TCGA-B6-A0I1-01Z-00-DX1.86BEC5E4-A2D1-4039-8D08-0598FA8BCC2B,TCGA-B6-A0I1-01,TCGA-B6-A0I1,11,5016.57,1834.37,0.0028,focal,/data1/deasy/Himangi/breast_feature_extraction/Ductal_outputs/TCGA-B6-A0I1-01/necrosis_feature_wsi_summary.csv,TCGA-B6-A0I1,Dead,2361.0,,2361.0,1.0,2361.0,77.56878850102669,6.464065708418891,matched
TCGA-B6-A0I5-01Z-00-DX1.47A30509-4BA0-4BA5-AD9B-F2C2DB701159,TCGA-B6-A0I5-01,TCGA-B6-A0I5,32,57340.2,7105.07,0.0108,focal,/data1/deasy/Himangi/breast_feature_extraction/Ductal_outputs/TCGA-B6-A0I5-01/necrosis_feature_wsi_summary.csv,TCGA-B6-A0I5,Alive,,,8556.0,0.0,,,,matched
TCGA-B6-A0I8-01Z-00-DX1.E576652B-C3F6-4A01-83BC-6DD154C75605,TCGA-B6-A0I8-01,TCGA-B6-A0I8,162,10846.91,2103.04,0.0004,focal,/data1/deasy/Himangi/breast_feature_extraction/Ductal_outputs/TCGA-B6-A0I8-01/necrosis_feature_wsi_summary.csv,TCGA-B6-A0I8,Dead,749.0,,749.0,1.0,749.0,24.607802874743328,2.0506502395619437,matched
TCGA-B6-A0I9-01Z-00-DX1.78E1D43A-507E-482E-B988-AF13B12B4497,TCGA-B6-A0I9-01,TCGA-B6-A0I9,37,64525.18,8536.04,0.0121,focal,/data1/deasy/Himangi/breast_feature_extraction/Ductal_outputs/TCGA-B6-A0I9-01/necrosis_feature_wsi_summary.csv,TCGA-B6-A0I9,Dead,362.0,,362.0,1.0,362.0,11.893223819301848,0.9911019849418207,matched
TCGA-B6-A0IB-01Z-00-DX1.BAA1D655-1B80-49E2-B1EB-2ECC83DED989,TCGA-B6-A0IB-01,TCGA-B6-A0IB,10,0.0,0.0,0.0,absent,/data1/deasy/Himangi/breast_feature_extraction/Ductal_outputs/TCGA-B6-A0IB-01/necrosis_feature_wsi_summary.csv,TCGA-B6-A0IB,Dead,3941.0,,3941.0,1.0,3941.0,129.47843942505133,10.789869952087612,matched
TCGA-B6-A0IG-01Z-00-DX1.4238CB6E-0561-49FD-9C49-9B8AEAFC4618,TCGA-B6-A0IG-01,TCGA-B6-A0IG,88,110286.18,11545.86,0.0085,focal,/data1/deasy/Himangi/breast_feature_extraction/Ductal_outputs/TCGA-B6-A0IG-01/necrosis_feature_wsi_summary.csv,TCGA-B6-A0IG,Dead,4456.0,,4456.0,1.0,4456.0,146.39835728952772,12.199863107460644,matched
TCGA-B6-A0IJ-01Z-00-DX1.BF2E062F-06DA-4CA8-86C4-36674C035CAA,TCGA-B6-A0IJ-01,TCGA-B6-A0IJ,10,22763.31,4521.77,0.0212,focal,/data1/deasy/Himangi/breast_feature_extraction/Ductal_outputs/TCGA-B6-A0IJ-01/necrosis_feature_wsi_summary.csv,TCGA-B6-A0IJ,Alive,,,7106.0,0.0,,,,matched
TCGA-B6-A0IK-01Z-00-DX1.1640DB44-4AC0-4A34-9E21-4673C4289A99,TCGA-B6-A0IK-01,TCGA-B6-A0IK,26,108433.95,19798.81,0.0312,focal,/data1/deasy/Himangi/breast_feature_extraction/Ductal_outputs/TCGA-B6-A0IK-01/necrosis_feature_wsi_summary.csv,TCGA-B6-A0IK,Dead,571.0,,571.0,1.0,571.0,18.759753593429156,1.5633127994524298,matched
TCGA-B6-A0IO-01Z-00-DX1.D8898C30-4016-4983-9359-5C1507C01715,TCGA-B6-A0IO-01,TCGA-B6-A0IO,23,9854.48,3104.39,0.0031,focal,/data1/deasy/Himangi/breast_feature_extraction/Ductal_outputs/TCGA-B6-A0IO-01/necrosis_feature_wsi_summary.csv,TCGA-B6-A0IO,Alive,,,5042.0,0.0,,,,matched
TCGA-B6-A0IQ-01Z-00-DX1.662EA039-825E-41FF-91D6-021EB0E099BD,TCGA-B6-A0IQ-01,TCGA-B6-A0IQ,18,72501.28,8389.78,0.0279,focal,/data1/deasy/Himangi/breast_feature_extraction/Ductal_outputs/TCGA-B6-A0IQ-01/necrosis_feature_wsi_summary.csv,TCGA-B6-A0IQ,Alive,,,4285.0,0.0,,,,matched
TCGA-B6-A0RE-01Z-00-DX1.8933BDB4-EF8D-41FA-9A50-05BB3AB976E5,TCGA-B6-A0RE-01,TCGA-B6-A0RE,20,15680.41,4568.38,0.0068,focal,/data1/deasy/Himangi/breast_feature_extraction/Ductal_outputs/TCGA-B6-A0RE-01/necrosis_feature_wsi_summary.csv,TCGA-B6-A0RE,Alive,,,7777.0,0.0,,,,matched
TCGA-B6-A0RG-01Z-00-DX1.C83D21A0-EC61-459C-9776-EA3D91469E72,TCGA-B6-A0RG-01,TCGA-B6-A0RG,40,22330.69,2891.98,0.0041,focal,/data1/deasy/Himangi/breast_feature_extraction/Ductal_outputs/TCGA-B6-A0RG-01/necrosis_feature_wsi_summary.csv,TCGA-B6-A0RG,Alive,,,2082.0,0.0,,,,matched
TCGA-B6-A0RL-01Z-00-DX1.B5B6709B-5F38-4561-A0E7-C78F97B33F22,TCGA-B6-A0RL-01,TCGA-B6-A0RL,52,12899.24,1811.16,0.0018,focal,/data1/deasy/Himangi/breast_feature_extraction/Ductal_outputs/TCGA-B6-A0RL-01/necrosis_feature_wsi_summary.csv,TCGA-B6-A0RL,Dead,2469.0,,2469.0,1.0,2469.0,81.11704312114989,6.759753593429158,matched
TCGA-B6-A0RM-01Z-00-DX1.31DE3E32-7996-4D30-BB5F-72C94409C940,TCGA-B6-A0RM-01,TCGA-B6-A0RM,23,47245.75,7829.8,0.0132,focal,/data1/deasy/Himangi/breast_feature_extraction/Ductal_outputs/TCGA-B6-A0RM-01/necrosis_feature_wsi_summary.csv,TCGA-B6-A0RM,Dead,2373.0,,2373.0,1.0,2373.0,77.96303901437372,6.496919917864476,matched
TCGA-B6-A0RN-01Z-00-DX1.0D02A3FB-D694-4A5B-80C1-CF1469E29BFD,TCGA-B6-A0RN-01,TCGA-B6-A0RN,12,0.0,0.0,0.0,absent,/data1/deasy/Himangi/breast_feature_extraction/Ductal_outputs/TCGA-B6-A0RN-01/necrosis_feature_wsi_summary.csv,TCGA-B6-A0RN,Alive,,,8008.0,0.0,,,,matched
TCGA-B6-A0RS-01Z-00-DX1.F72B766D-FC49-4876-A93D-D88B05702267,TCGA-B6-A0RS-01,TCGA-B6-A0RS,37,6261.5,1680.1,0.0013,focal,/data1/deasy/Himangi/breast_feature_extraction/Ductal_outputs/TCGA-B6-A0RS-01/necrosis_feature_wsi_summary.csv,TCGA-B6-A0RS,Dead,3063.0,,3063.0,1.0,3063.0,100.63244353182752,8.386036960985626,matched
TCGA-B6-A0RT-01Z-00-DX1.6C2BA663-D61B-404B-B62C-B81747B6A3AC,TCGA-B6-A0RT-01,TCGA-B6-A0RT,36,13291.1,2252.07,0.003,focal,/data1/deasy/Himangi/breast_feature_extraction/Ductal_outputs/TCGA-B6-A0RT-01/necrosis_feature_wsi_summary.csv,TCGA-B6-A0RT,Alive,,,2721.0,0.0,,,,matched
TCGA-B6-A0WS-01Z-00-DX1.020ED7BF-9497-4F13-AA07-FE0E839F9A06,TCGA-B6-A0WS-01,TCGA-B6-A0WS,53,0.0,0.0,0.0,absent,/data1/deasy/Himangi/breast_feature_extraction/Ductal_outputs/TCGA-B6-A0WS-01/necrosis_feature_wsi_summary.csv,TCGA-B6-A0WS,Dead,2965.0,,2965.0,1.0,2965.0,97.41273100616016,8.11772758384668,matched
TCGA-B6-A0WT-01Z-00-DX1.7ED21DA2-A3D8-4DCA-9742-963879A658D8,TCGA-B6-A0WT-01,TCGA-B6-A0WT,22,2961.78,654.45,0.001,focal,/data1/deasy/Himangi/breast_feature_extraction/Ductal_outputs/TCGA-B6-A0WT-01/necrosis_feature_wsi_summary.csv,TCGA-B6-A0WT,Alive,,,5739.0,0.0,,,,matched
TCGA-B6-A0WW-01Z-00-DX1.64048633-1D1A-4074-8C50-7641159355DB,TCGA-B6-A0WW-01,TCGA-B6-A0WW,75,21273.37,1514.94,0.0022,focal,/data1/deasy/Himangi/breast_feature_extraction/Ductal_outputs/TCGA-B6-A0WW-01/necrosis_feature_wsi_summary.csv,TCGA-B6-A0WW,Dead,558.0,,558.0,1.0,558.0,18.33264887063655,1.5277207392197125,matched
TCGA-B6-A0WZ-01Z-00-DX1.6CFB236E-36F5-43D6-8DE3-C4ECBD3C14C6,TCGA-B6-A0WZ-01,TCGA-B6-A0WZ,20,0.0,0.0,0.0,absent,/data1/deasy/Himangi/breast_feature_extraction/Ductal_outputs/TCGA-B6-A0WZ-01/necrosis_feature_wsi_summary.csv,TCGA-B6-A0WZ,Alive,,,6292.0,0.0,,,,matched
TCGA-B6-A0X1-01Z-00-DX1.2A41630E-A8BF-4966-99F5-D5D8036B1759,TCGA-B6-A0X1-01,TCGA-B6-A0X1,93,1514710.11,40366.42,0.0965,present,/data1/deasy/Himangi/breast_feature_extraction/Ductal_outputs/TCGA-B6-A0X1-01/necrosis_feature_wsi_summary.csv,TCGA-B6-A0X1,Dead,7455.0,,7455.0,1.0,7455.0,244.92813141683777,20.410677618069816,matched
TCGA-B6-A0X4-01Z-00-DX1.4B7914DE-3436-4D69-9BC6-F6419D3CC518,TCGA-B6-A0X4-01,TCGA-B6-A0X4,32,52646.46,13582.51,0.0119,focal,/data1/deasy/Himangi/breast_feature_extraction/Ductal_outputs/TCGA-B6-A0X4-01/necrosis_feature_wsi_summary.csv,TCGA-B6-A0X4,Dead,860.0,,860.0,1.0,860.0,28.254620123203285,2.3545516769336072,matched
TCGA-B6-A0X5-01Z-00-DX1.02A9FF1E-EA20-4F2D-A2BB-427A287DE3FD,TCGA-B6-A0X5-01,TCGA-B6-A0X5,32,459016.9,40156.97,0.103,present,/data1/deasy/Himangi/breast_feature_extraction/Ductal_outputs/TCGA-B6-A0X5-01/necrosis_feature_wsi_summary.csv,TCGA-B6-A0X5,Dead,2097.0,,2097.0,1.0,2097.0,68.8952772073922,5.7412731006160165,matched
TCGA-B6-A1KC-01Z-00-DX1.4DD3E48B-F434-499F-9FF1-0FFD2883A375,TCGA-B6-A1KC-01,TCGA-B6-A1KC,17,3117.29,1193.74,0.0014,focal,/data1/deasy/Himangi/breast_feature_extraction/Ductal_outputs/TCGA-B6-A1KC-01/necrosis_feature_wsi_summary.csv,TCGA-B6-A1KC,Alive,,,1326.0,0.0,,,,matched
TCGA-B6-A1KF-01Z-00-DX1.2E08E830-4216-4CD0-9646-1F489300E11D,TCGA-B6-A1KF-01,TCGA-B6-A1KF,10,590.38,249.33,0.0006,focal,/data1/deasy/Himangi/breast_feature_extraction/Ductal_outputs/TCGA-B6-A1KF-01/necrosis_feature_wsi_summary.csv,TCGA-B6-A1KF,Alive,,,3088.0,0.0,,,,matched
TCGA-B6-A1KI-01Z-00-DX1.EFAA08A8-02EC-4A9B-AC6B-79BF2DC5A2AA,TCGA-B6-A1KI-01,TCGA-B6-A1KI,33,8529.76,1869.64,0.0021,focal,/data1/deasy/Himangi/breast_feature_extraction/Ductal_outputs/TCGA-B6-A1KI-01/necrosis_feature_wsi_summary.csv,TCGA-B6-A1KI,Alive,,,2236.0,0.0,,,,matched
TCGA-B6-A1KN-01Z-00-DX1.E769FD65-E5CE-4CA4-8BBE-6FC54A2ED870,TCGA-B6-A1KN-01,TCGA-B6-A1KN,56,61303.15,10985.6,0.0087,focal,/data1/deasy/Himangi/breast_feature_extraction/Ductal_outputs/TCGA-B6-A1KN-01/necrosis_feature_wsi_summary.csv,TCGA-B6-A1KN,Alive,,,4233.0,0.0,,,,matched
TCGA-BH-A0AU-01Z-00-DX1.E852F218-B15C-4CF8-8FD0-F284043834C4,TCGA-BH-A0AU-01,TCGA-BH-A0AU,3,0.0,0.0,0.0,absent,/data1/deasy/Himangi/breast_feature_extraction/Ductal_outputs/TCGA-BH-A0AU-01/necrosis_feature_wsi_summary.csv,TCGA-BH-A0AU,Alive,,,1914.0,0.0,,,,matched
TCGA-BH-A0AV-01Z-00-DX1.5A686DA4-A29D-4BA7-9BCA-B707F8755E83,TCGA-BH-A0AV-01,TCGA-BH-A0AV,16,4593.56,906.8,0.0024,focal,/data1/deasy/Himangi/breast_feature_extraction/Ductal_outputs/TCGA-BH-A0AV-01/necrosis_feature_wsi_summary.csv,TCGA-BH-A0AV,Alive,,,1820.0,0.0,,,,matched
TCGA-BH-A0AW-01Z-00-DX1.9D50A0D2-B103-411C-831E-8520C3D50173,TCGA-BH-A0AW-01,TCGA-BH-A0AW,59,50344.35,10510.36,0.006,focal,/data1/deasy/Himangi/breast_feature_extraction/Ductal_outputs/TCGA-BH-A0AW-01/necrosis_feature_wsi_summary.csv,TCGA-BH-A0AW,Alive,,,622.0,0.0,,,,matched
TCGA-BH-A0AY-01Z-00-DX1.A1153465-D9B3-4D83-BE85-F2524B071EE5,TCGA-BH-A0AY-01,TCGA-BH-A0AY,15,59108.28,3761.77,0.0302,focal,/data1/deasy/Himangi/breast_feature_extraction/Ductal_outputs/TCGA-BH-A0AY-01/necrosis_feature_wsi_summary.csv,TCGA-BH-A0AY,Alive,,,777.0,0.0,,,,matched
TCGA-BH-A0B0-01Z-00-DX1.316D35DB-7F13-4AE5-82A7-5716D2519669,TCGA-BH-A0B0-01,TCGA-BH-A0B0,17,0.0,0.0,0.0,absent,/data1/deasy/Himangi/breast_feature_extraction/Ductal_outputs/TCGA-BH-A0B0-01/necrosis_feature_wsi_summary.csv,TCGA-BH-A0B0,Alive,,,2477.0,0.0,,,,matched
TCGA-BH-A0B1-01Z-00-DX1.CC60D284-04FB-4B73-90AA-FCE9185DADB6,TCGA-BH-A0B1-01,TCGA-BH-A0B1,1,0.0,0.0,0.0,absent,/data1/deasy/Himangi/breast_feature_extraction/Ductal_outputs/TCGA-BH-A0B1-01/necrosis_feature_wsi_summary.csv,TCGA-BH-A0B1,Alive,,,1148.0,0.0,,,,matched
TCGA-BH-A0B4-01Z-00-DX1.A2CB0BF4-32F9-48FD-9B96-A744013BADDB,TCGA-BH-A0B4-01,TCGA-BH-A0B4,44,27997.13,4399.31,0.005,focal,/data1/deasy/Himangi/breast_feature_extraction/Ductal_outputs/TCGA-BH-A0B4-01/necrosis_feature_wsi_summary.csv,TCGA-BH-A0B4,Alive,,,1191.0,0.0,,,,matched
TCGA-BH-A0B6-01Z-00-DX1.4D982935-F600-4F37-ABB5-13AF74F4FDC4,TCGA-BH-A0B6-01,TCGA-BH-A0B6,6,0.0,0.0,0.0,absent,/data1/deasy/Himangi/breast_feature_extraction/Ductal_outputs/TCGA-BH-A0B6-01/necrosis_feature_wsi_summary.csv,TCGA-BH-A0B6,Alive,,,2483.0,0.0,,,,matched
TCGA-BH-A0B7-01Z-00-DX1.6950CDDF-8A81-4B10-BFFF-BE0E33A2C6CC,TCGA-BH-A0B7-01,TCGA-BH-A0B7,34,165613.09,5773.45,0.0313,focal,/data1/deasy/Himangi/breast_feature_extraction/Ductal_outputs/TCGA-BH-A0B7-01/necrosis_feature_wsi_summary.csv,TCGA-BH-A0B7,Alive,,,2559.0,0.0,,,,matched
TCGA-BH-A0B9-01Z-00-DX1.C23ADB4C-52D4-4DFD-B8E3-156E43F0E645,TCGA-BH-A0B9-01,TCGA-BH-A0B9,18,5164.28,1601.27,0.0028,focal,/data1/deasy/Himangi/breast_feature_extraction/Ductal_outputs/TCGA-BH-A0B9-01/necrosis_feature_wsi_summary.csv,TCGA-BH-A0B9,Alive,,,1572.0,0.0,,,,matched
TCGA-BH-A0BC-01Z-00-DX1.7A91831D-9625-49FC-B783-C633F80F898C,TCGA-BH-A0BC-01,TCGA-BH-A0BC,43,7588.87,2029.84,0.0014,focal,/data1/deasy/Himangi/breast_feature_extraction/Ductal_outputs/TCGA-BH-A0BC-01/necrosis_feature_wsi_summary.csv,TCGA-BH-A0BC,Alive,,,974.0,0.0,,,,matched
TCGA-BH-A0BD-01Z-00-DX1.CD4A6FC2-BA8C-4E30-972A-E6CD1BEAD8AD,TCGA-BH-A0BD-01,TCGA-BH-A0BD,19,0.0,0.0,0.0,absent,/data1/deasy/Himangi/breast_feature_extraction/Ductal_outputs/TCGA-BH-A0BD-01/necrosis_feature_wsi_summary.csv,TCGA-BH-A0BD,Alive,,,554.0,0.0,,,,matched
TCGA-BH-A0BG-01Z-00-DX1.0838FB7F-8C85-4687-9F70-D136A1063383,TCGA-BH-A0BG-01,TCGA-BH-A0BG,11,0.0,0.0,0.0,absent,/data1/deasy/Himangi/breast_feature_extraction/Ductal_outputs/TCGA-BH-A0BG-01/necrosis_feature_wsi_summary.csv,TCGA-BH-A0BG,Alive,,,1871.0,0.0,,,,matched
TCGA-BH-A0BP-01Z-00-DX1.63A87C1D-87FA-494D-9836-74290B5DC30D,TCGA-BH-A0BP-01,TCGA-BH-A0BP,32,2702.53,605.58,0.0008,focal,/data1/deasy/Himangi/breast_feature_extraction/Ductal_outputs/TCGA-BH-A0BP-01/necrosis_feature_wsi_summary.csv,TCGA-BH-A0BP,Dead,2296.0,,2296.0,1.0,2296.0,75.43326488706366,6.286105407255304,matched
TCGA-BH-A0BR-01Z-00-DX1.F7912887-8AE9-4391-9B83-9AC7B4FF38EF,TCGA-BH-A0BR-01,TCGA-BH-A0BR,16,0.0,0.0,0.0,absent,/data1/deasy/Himangi/breast_feature_extraction/Ductal_outputs/TCGA-BH-A0BR-01/necrosis_feature_wsi_summary.csv,TCGA-BH-A0BR,Alive,,,2330.0,0.0,,,,matched
TCGA-BH-A0BS-01Z-00-DX1.FEE32127-4D0B-4560-A39C-4EAA5B189B70,TCGA-BH-A0BS-01,TCGA-BH-A0BS,44,120766.84,24849.34,0.0176,focal,/data1/deasy/Himangi/breast_feature_extraction/Ductal_outputs/TCGA-BH-A0BS-01/necrosis_feature_wsi_summary.csv,TCGA-BH-A0BS,Alive,,,2612.0,0.0,,,,matched
TCGA-BH-A0BT-01Z-00-DX1.9087B9E7-C0CD-4179-AF57-AD9255785169,TCGA-BH-A0BT-01,TCGA-BH-A0BT,18,0.0,0.0,0.0,absent,/data1/deasy/Himangi/breast_feature_extraction/Ductal_outputs/TCGA-BH-A0BT-01/necrosis_feature_wsi_summary.csv,TCGA-BH-A0BT,Alive,,,2365.0,0.0,,,,matched
TCGA-BH-A0BV-01Z-00-DX1.3C9CD4F7-A001-430D-AA8D-80CAD61C344E,TCGA-BH-A0BV-01,TCGA-BH-A0BV,50,0.0,0.0,0.0,absent,/data1/deasy/Himangi/breast_feature_extraction/Ductal_outputs/TCGA-BH-A0BV-01/necrosis_feature_wsi_summary.csv,TCGA-BH-A0BV,Alive,,,1519.0,0.0,,,,matched
TCGA-BH-A0BZ-01Z-00-DX1.45EB3E93-A871-49C6-9EAE-90D98AE01913,TCGA-BH-A0BZ-01,TCGA-BH-A0BZ,72,15708.19,1944.43,0.0017,focal,/data1/deasy/Himangi/breast_feature_extraction/Ductal_outputs/TCGA-BH-A0BZ-01/necrosis_feature_wsi_summary.csv,TCGA-BH-A0BZ,Alive,,,2255.0,0.0,,,,matched
TCGA-BH-A0DE-01Z-00-DX1.64A0340A-8146-48E8-AAF7-4035988B9152,TCGA-BH-A0DE-01,TCGA-BH-A0DE,30,1296.03,167.2,0.0004,focal,/data1/deasy/Himangi/breast_feature_extraction/Ductal_outputs/TCGA-BH-A0DE-01/necrosis_feature_wsi_summary.csv,TCGA-BH-A0DE,Alive,,,2372.0,0.0,,,,matched
TCGA-BH-A0DK-01Z-00-DX1.0CFED53C-BAD9-4E35-B12F-57E64F3FEF1C,TCGA-BH-A0DK-01,TCGA-BH-A0DK,28,1388.22,799.78,0.0004,focal,/data1/deasy/Himangi/breast_feature_extraction/Ductal_outputs/TCGA-BH-A0DK-01/necrosis_feature_wsi_summary.csv,TCGA-BH-A0DK,Alive,,,423.0,0.0,,,,matched
TCGA-BH-A0DO-01Z-00-DX1.1684557E-A5D4-4828-B2D5-FA899993A019,TCGA-BH-A0DO-01,TCGA-BH-A0DO,25,0.0,0.0,0.0,absent,/data1/deasy/Himangi/breast_feature_extraction/Ductal_outputs/TCGA-BH-A0DO-01/necrosis_feature_wsi_summary.csv,TCGA-BH-A0DO,Alive,,,1644.0,0.0,,,,matched
TCGA-BH-A0DQ-01Z-00-DX1.5A98747C-52D9-45AD-BC84-934A96F069EB,TCGA-BH-A0DQ-01,TCGA-BH-A0DQ,69,83785.65,20885.15,0.0095,focal,/data1/deasy/Himangi/breast_feature_extraction/Ductal_outputs/TCGA-BH-A0DQ-01/necrosis_feature_wsi_summary.csv,TCGA-BH-A0DQ,Alive,,,98.0,0.0,,,,matched
TCGA-BH-A0DS-01Z-00-DX1.38E82A1F-21B9-4B97-A304-15B886EA68A0,TCGA-BH-A0DS-01,TCGA-BH-A0DS,20,6623.19,1153.29,0.0026,focal,/data1/deasy/Himangi/breast_feature_extraction/Ductal_outputs/TCGA-BH-A0DS-01/necrosis_feature_wsi_summary.csv,TCGA-BH-A0DS,Alive,,,78.0,0.0,,,,matched
TCGA-BH-A0DT-01Z-00-DX1.73AFCEBB-06B1-4870-ADA2-881511B1BE2D,TCGA-BH-A0DT-01,TCGA-BH-A0DT,13,2331.41,968.36,0.0011,focal,/data1/deasy/Himangi/breast_feature_extraction/Ductal_outputs/TCGA-BH-A0DT-01/necrosis_feature_wsi_summary.csv,TCGA-BH-A0DT,Alive,,,2403.0,0.0,,,,matched
TCGA-BH-A0DV-01Z-00-DX1.2F0B5FB3-40F0-4D27-BFAC-390FB9A42B39,TCGA-BH-A0DV-01,TCGA-BH-A0DV,33,2197.53,723.69,0.0007,focal,/data1/deasy/Himangi/breast_feature_extraction/Ductal_outputs/TCGA-BH-A0DV-01/necrosis_feature_wsi_summary.csv,TCGA-BH-A0DV,Alive,,,2064.0,0.0,,,,matched
TCGA-BH-A0DX-01Z-00-DX1.45C27E71-9A0A-400E-93A9-5CE7780F3C5E,TCGA-BH-A0DX-01,TCGA-BH-A0DX,8,243.09,148.74,0.0004,focal,/data1/deasy/Himangi/breast_feature_extraction/Ductal_outputs/TCGA-BH-A0DX-01/necrosis_feature_wsi_summary.csv,TCGA-BH-A0DX,Alive,,,2156.0,0.0,,,,matched
TCGA-BH-A0DZ-01Z-00-DX1.138BAEC2-589E-4960-B94E-DF48DDAA5490,TCGA-BH-A0DZ-01,TCGA-BH-A0DZ,18,1136.19,443.02,0.0005,focal,/data1/deasy/Himangi/breast_feature_extraction/Ductal_outputs/TCGA-BH-A0DZ-01/necrosis_feature_wsi_summary.csv,TCGA-BH-A0DZ,Alive,,,495.0,0.0,,,,matched
TCGA-BH-A0E1-01Z-00-DX1.257EB36A-1008-4890-927B-204EF05DBE90,TCGA-BH-A0E1-01,TCGA-BH-A0E1,14,8005.06,1831.11,0.0043,focal,/data1/deasy/Himangi/breast_feature_extraction/Ductal_outputs/TCGA-BH-A0E1-01/necrosis_feature_wsi_summary.csv,TCGA-BH-A0E1,Alive,,,477.0,0.0,,,,matched
TCGA-BH-A0E2-01Z-00-DX1.5F6FA19C-D59F-45BE-80CE-F738CAB1EF0B,TCGA-BH-A0E2-01,TCGA-BH-A0E2,35,28652.16,7750.36,0.0063,focal,/data1/deasy/Himangi/breast_feature_extraction/Ductal_outputs/TCGA-BH-A0E2-01/necrosis_feature_wsi_summary.csv,TCGA-BH-A0E2,Alive,,,435.0,0.0,,,,matched
TCGA-BH-A0E7-01Z-00-DX1.7FEE54C4-3795-403C-85B9-FF932BE56788,TCGA-BH-A0E7-01,TCGA-BH-A0E7,6,0.0,0.0,0.0,absent,/data1/deasy/Himangi/breast_feature_extraction/Ductal_outputs/TCGA-BH-A0E7-01/necrosis_feature_wsi_summary.csv,TCGA-BH-A0E7,Alive,,,1363.0,0.0,,,,matched
TCGA-BH-A0EA-01Z-00-DX1.85FF2B48-2AF7-4C15-A7E6-FCA68CAB76C7,TCGA-BH-A0EA-01,TCGA-BH-A0EA,50,49822.96,5040.96,0.0068,focal,/data1/deasy/Himangi/breast_feature_extraction/Ductal_outputs/TCGA-BH-A0EA-01/necrosis_feature_wsi_summary.csv,TCGA-BH-A0EA,Dead,991.0,,991.0,1.0,991.0,32.558521560574945,2.7132101300479126,matched
TCGA-BH-A0EE-01Z-00-DX1.872EA586-25C8-4835-A138-152DFA1EBF30,TCGA-BH-A0EE-01,TCGA-BH-A0EE,12,80680.43,11530.71,0.0749,present,/data1/deasy/Himangi/breast_feature_extraction/Ductal_outputs/TCGA-BH-A0EE-01/necrosis_feature_wsi_summary.csv,TCGA-BH-A0EE,Alive,,,943.0,0.0,,,,matched
TCGA-BH-A0EI-01Z-00-DX1.929E126A-C9F8-4240-BF00-B6C4A57B7FF6,TCGA-BH-A0EI-01,TCGA-BH-A0EI,33,16375.38,2600.71,0.0039,focal,/data1/deasy/Himangi/breast_feature_extraction/Ductal_outputs/TCGA-BH-A0EI-01/necrosis_feature_wsi_summary.csv,TCGA-BH-A0EI,Alive,,,1926.0,0.0,,,,matched
TCGA-BH-A0GY-01Z-00-DX1.E1AEAA36-94FA-41ED-851F-7BB11DD3C06D,TCGA-BH-A0GY-01,TCGA-BH-A0GY,56,21080.53,5163.8,0.0028,focal,/data1/deasy/Himangi/breast_feature_extraction/Ductal_outputs/TCGA-BH-A0GY-01/necrosis_feature_wsi_summary.csv,TCGA-BH-A0GY,Alive,,,923.0,0.0,,,,matched
TCGA-BH-A0GZ-01Z-00-DX1.9AD4F493-A0A9-499D-B667-B33333FC1A51,TCGA-BH-A0GZ-01,TCGA-BH-A0GZ,21,20858.96,4481.87,0.0082,focal,/data1/deasy/Himangi/breast_feature_extraction/Ductal_outputs/TCGA-BH-A0GZ-01/necrosis_feature_wsi_summary.csv,TCGA-BH-A0GZ,Alive,,,328.0,0.0,,,,matched
TCGA-BH-A0H0-01Z-00-DX1.B3B394DD-1F4E-42CA-BB51-C002E423B3D0,TCGA-BH-A0H0-01,TCGA-BH-A0H0,5,985.12,179.78,0.0018,focal,/data1/deasy/Himangi/breast_feature_extraction/Ductal_outputs/TCGA-BH-A0H0-01/necrosis_feature_wsi_summary.csv,TCGA-BH-A0H0,Alive,,,461.0,0.0,,,,matched
TCGA-BH-A0H3-01Z-00-DX1.C6D4DFB9-A4FA-40B2-90EF-75294CBC4523,TCGA-BH-A0H3-01,TCGA-BH-A0H3,34,17950.63,4592.86,0.004,focal,/data1/deasy/Himangi/breast_feature_extraction/Ductal_outputs/TCGA-BH-A0H3-01/necrosis_feature_wsi_summary.csv,TCGA-BH-A0H3,Alive,,,1928.0,0.0,,,,matched
TCGA-BH-A0H7-01Z-00-DX1.21502FEA-DB37-4630-BA42-778DDF3A6D17,TCGA-BH-A0H7-01,TCGA-BH-A0H7,11,10380.28,741.38,0.0061,focal,/data1/deasy/Himangi/breast_feature_extraction/Ductal_outputs/TCGA-BH-A0H7-01/necrosis_feature_wsi_summary.csv,TCGA-BH-A0H7,Alive,,,702.0,0.0,,,,matched
TCGA-BH-A0H9-01Z-00-DX1.8AE869C6-5C78-4D52-AC8B-5B6FD5FD91AA,TCGA-BH-A0H9-01,TCGA-BH-A0H9,16,0.0,0.0,0.0,absent,/data1/deasy/Himangi/breast_feature_extraction/Ductal_outputs/TCGA-BH-A0H9-01/necrosis_feature_wsi_summary.csv,TCGA-BH-A0H9,Alive,,,1247.0,0.0,,,,matched
TCGA-BH-A0HB-01Z-00-DX1.F90F7139-B804-4548-9FAF-9B475BF225EB,TCGA-BH-A0HB-01,TCGA-BH-A0HB,23,2043.68,548.95,0.0006,focal,/data1/deasy/Himangi/breast_feature_extraction/Ductal_outputs/TCGA-BH-A0HB-01/necrosis_feature_wsi_summary.csv,TCGA-BH-A0HB,Alive,,,806.0,0.0,,,,matched
TCGA-BH-A0HF-01Z-00-DX1.1EB2F7CE-54F4-4E41-A3CF-78209770B7CE,TCGA-BH-A0HF-01,TCGA-BH-A0HF,15,0.0,0.0,0.0,absent,/data1/deasy/Himangi/breast_feature_extraction/Ductal_outputs/TCGA-BH-A0HF-01/necrosis_feature_wsi_summary.csv,TCGA-BH-A0HF,Alive,,,727.0,0.0,,,,matched
TCGA-BH-A0HI-01Z-00-DX1.89DB9F79-0DCC-4C65-831E-96AE026C2C4E,TCGA-BH-A0HI-01,TCGA-BH-A0HI,24,44079.84,7651.47,0.014,focal,/data1/deasy/Himangi/breast_feature_extraction/Ductal_outputs/TCGA-BH-A0HI-01/necrosis_feature_wsi_summary.csv,TCGA-BH-A0HI,Alive,,,620.0,0.0,,,,matched
TCGA-BH-A0HL-01Z-00-DX1.972DE96D-51F4-4A2D-B074-8D965023DC01,TCGA-BH-A0HL-01,TCGA-BH-A0HL,33,36298.57,11203.8,0.0095,focal,/data1/deasy/Himangi/breast_feature_extraction/Ductal_outputs/TCGA-BH-A0HL-01/necrosis_feature_wsi_summary.csv,TCGA-BH-A0HL,Alive,,,72.0,0.0,,,,matched
TCGA-BH-A0HO-01Z-00-DX1.D3D66547-F5D4-40F5-B737-2FECEEB35ACB,TCGA-BH-A0HO-01,TCGA-BH-A0HO,50,14525.5,2034.79,0.0024,focal,/data1/deasy/Himangi/breast_feature_extraction/Ductal_outputs/TCGA-BH-A0HO-01/necrosis_feature_wsi_summary.csv,TCGA-BH-A0HO,Alive,,,76.0,0.0,,,,matched
TCGA-BH-A0HU-01Z-00-DX1.73B38904-E4F8-4F45-BD75-A27EC833B6DE,TCGA-BH-A0HU-01,TCGA-BH-A0HU,19,94963.44,15807.17,0.0337,focal,/data1/deasy/Himangi/breast_feature_extraction/Ductal_outputs/TCGA-BH-A0HU-01/necrosis_feature_wsi_summary.csv,TCGA-BH-A0HU,Alive,,,392.0,0.0,,,,matched
TCGA-BH-A0HW-01Z-00-DX1.44DCCE00-133F-4469-A4DA-5057C011B4AC,TCGA-BH-A0HW-01,TCGA-BH-A0HW,2,0.0,0.0,0.0,absent,/data1/deasy/Himangi/breast_feature_extraction/Ductal_outputs/TCGA-BH-A0HW-01/necrosis_feature_wsi_summary.csv,TCGA-BH-A0HW,Alive,,,1561.0,0.0,,,,matched
TCGA-BH-A0HX-01Z-00-DX1.44EBA39E-383D-4820-915E-4E5FDA1D43DA,TCGA-BH-A0HX-01,TCGA-BH-A0HX,16,42074.5,2686.98,0.0236,focal,/data1/deasy/Himangi/breast_feature_extraction/Ductal_outputs/TCGA-BH-A0HX-01/necrosis_feature_wsi_summary.csv,TCGA-BH-A0HX,Alive,,,829.0,0.0,,,,matched
TCGA-BH-A0HY-01Z-00-DX1.D7A1BF42-F268-4220-B71B-354CE2AF32D8,TCGA-BH-A0HY-01,TCGA-BH-A0HY,29,20692.22,3770.82,0.0038,focal,/data1/deasy/Himangi/breast_feature_extraction/Ductal_outputs/TCGA-BH-A0HY-01/necrosis_feature_wsi_summary.csv,TCGA-BH-A0HY,Alive,,,1545.0,0.0,,,,matched
TCGA-BH-A0RX-01Z-00-DX1.B4ABAFB9-6696-4F22-9468-DA56E1AD32D3,TCGA-BH-A0RX-01,TCGA-BH-A0RX,10,129575.5,5029.49,0.1116,present,/data1/deasy/Himangi/breast_feature_extraction/Ductal_outputs/TCGA-BH-A0RX-01/necrosis_feature_wsi_summary.csv,TCGA-BH-A0RX,Alive,,,170.0,0.0,,,,matched
TCGA-BH-A0W3-01Z-00-DX1.38DCA2B7-1A54-4FFA-BABA-29F80974BB17,TCGA-BH-A0W3-01,TCGA-BH-A0W3,26,9123.53,3180.98,0.0025,focal,/data1/deasy/Himangi/breast_feature_extraction/Ductal_outputs/TCGA-BH-A0W3-01/necrosis_feature_wsi_summary.csv,TCGA-BH-A0W3,Alive,,,728.0,0.0,,,,matched
TCGA-BH-A0W4-01Z-00-DX1.23E017DC-15CB-4838-AC91-CFB11B932AB0,TCGA-BH-A0W4-01,TCGA-BH-A0W4,19,13586.72,3182.1,0.0053,focal,/data1/deasy/Himangi/breast_feature_extraction/Ductal_outputs/TCGA-BH-A0W4-01/necrosis_feature_wsi_summary.csv,TCGA-BH-A0W4,Alive,,,759.0,0.0,,,,matched
TCGA-BH-A0W5-01Z-00-DX1.84EA3913-667B-4694-A0F0-E629CAC615C8,TCGA-BH-A0W5-01,TCGA-BH-A0W5,37,6370.28,1631.9,0.0014,focal,/data1/deasy/Himangi/breast_feature_extraction/Ductal_outputs/TCGA-BH-A0W5-01/necrosis_feature_wsi_summary.csv,TCGA-BH-A0W5,Alive,,,1288.0,0.0,,,,matched
TCGA-BH-A0W7-01Z-00-DX1.93F11232-A1FB-4682-B744-3531D4DF11AF,TCGA-BH-A0W7-01,TCGA-BH-A0W7,17,0.0,0.0,0.0,absent,/data1/deasy/Himangi/breast_feature_extraction/Ductal_outputs/TCGA-BH-A0W7-01/necrosis_feature_wsi_summary.csv,TCGA-BH-A0W7,Alive,,,1363.0,0.0,,,,matched
TCGA-BH-A18F-01Z-00-DX1.81A81589-2D77-4CD6-BD34-76E292AA031D,TCGA-BH-A18F-01,TCGA-BH-A18F,17,0.0,0.0,0.0,absent,/data1/deasy/Himangi/breast_feature_extraction/Ductal_outputs/TCGA-BH-A18F-01/necrosis_feature_wsi_summary.csv,TCGA-BH-A18F,Alive,,,1001.0,0.0,,,,matched
TCGA-BH-A18G-01Z-00-DX1.DB2B5819-CE83-4E07-BD03-2CD9CF2E246C,TCGA-BH-A18G-01,TCGA-BH-A18G,1,0.0,0.0,0.0,absent,/data1/deasy/Himangi/breast_feature_extraction/Ductal_outputs/TCGA-BH-A18G-01/necrosis_feature_wsi_summary.csv,TCGA-BH-A18G,Alive,,,149.0,0.0,,,,matched
TCGA-BH-A18H-01Z-00-DX1.4EC9108F-04C2-4B28-BD74-97A414C9A536,TCGA-BH-A18H-01,TCGA-BH-A18H,6,3061.72,744.81,0.0022,focal,/data1/deasy/Himangi/breast_feature_extraction/Ductal_outputs/TCGA-BH-A18H-01/necrosis_feature_wsi_summary.csv,TCGA-BH-A18H,Alive,,,652.0,0.0,,,,matched
TCGA-BH-A18I-01Z-00-DX1.EE699DE3-EBF4-4AB4-8319-9911F027FA18,TCGA-BH-A18I-01,TCGA-BH-A18I,22,0.0,0.0,0.0,absent,/data1/deasy/Himangi/breast_feature_extraction/Ductal_outputs/TCGA-BH-A18I-01/necrosis_feature_wsi_summary.csv,TCGA-BH-A18I,Alive,,,1093.0,0.0,,,,matched
TCGA-BH-A18J-01Z-00-DX1.AE20ADB6-050C-405D-BF17-1EE4A1A4979A,TCGA-BH-A18J-01,TCGA-BH-A18J,61,7917.72,1204.49,0.0009,focal,/data1/deasy/Himangi/breast_feature_extraction/Ductal_outputs/TCGA-BH-A18J-01/necrosis_feature_wsi_summary.csv,TCGA-BH-A18J,Dead,612.0,,612.0,1.0,612.0,20.10677618069815,1.675564681724846,matched
TCGA-BH-A18M-01Z-00-DX1.56E6935A-62CB-4CBE-BDCA-60DA56422CE0,TCGA-BH-A18M-01,TCGA-BH-A18M,29,110544.07,9720.84,0.0288,focal,/data1/deasy/Himangi/breast_feature_extraction/Ductal_outputs/TCGA-BH-A18M-01/necrosis_feature_wsi_summary.csv,TCGA-BH-A18M,Dead,2207.0,,2207.0,1.0,2207.0,72.50924024640658,6.0424366872005475,matched
TCGA-BH-A18P-01Z-00-DX1.C66642D3-BE44-4D65-B4AE-C1C3D959D22C,TCGA-BH-A18P-01,TCGA-BH-A18P,8,669.5,241.17,0.0009,focal,/data1/deasy/Himangi/breast_feature_extraction/Ductal_outputs/TCGA-BH-A18P-01/necrosis_feature_wsi_summary.csv,TCGA-BH-A18P,Dead,921.0,,921.0,1.0,921.0,30.258726899383984,2.521560574948665,matched
TCGA-BH-A18Q-01Z-00-DX1.E89E49C7-D62A-4408-A3D9-19E79FCB249E,TCGA-BH-A18Q-01,TCGA-BH-A18Q,18,2953.53,831.96,0.0013,focal,/data1/deasy/Himangi/breast_feature_extraction/Ductal_outputs/TCGA-BH-A18Q-01/necrosis_feature_wsi_summary.csv,TCGA-BH-A18Q,Dead,1692.0,,1692.0,1.0,1692.0,55.58932238193019,4.632443531827516,matched
TCGA-BH-A18T-01Z-00-DX1.90123A74-F631-4538-AB2E-4076486ADF88,TCGA-BH-A18T-01,TCGA-BH-A18T,14,664534.78,20210.29,0.3389,present,/data1/deasy/Himangi/breast_feature_extraction/Ductal_outputs/TCGA-BH-A18T-01/necrosis_feature_wsi_summary.csv,TCGA-BH-A18T,Dead,224.0,,224.0,1.0,224.0,7.359342915811088,0.6132785763175906,matched
TCGA-BH-A18U-01Z-00-DX1.63940315-59BC-462B-87A8-2BBB33C9503E,TCGA-BH-A18U-01,TCGA-BH-A18U,62,19182.99,1862.97,0.0025,focal,/data1/deasy/Himangi/breast_feature_extraction/Ductal_outputs/TCGA-BH-A18U-01/necrosis_feature_wsi_summary.csv,TCGA-BH-A18U,Dead,1563.0,,1563.0,1.0,1563.0,51.351129363449694,4.2792607802874745,matched
TCGA-BH-A18V-01Z-00-DX1.7797760A-05CD-436E-97DA-31D6201F943B,TCGA-BH-A18V-01,TCGA-BH-A18V,43,11532.88,2527.27,0.0017,focal,/data1/deasy/Himangi/breast_feature_extraction/Ductal_outputs/TCGA-BH-A18V-01/necrosis_feature_wsi_summary.csv,TCGA-BH-A18V,Dead,1556.0,,1556.0,1.0,1556.0,51.121149897330596,4.26009582477755,matched
TCGA-BH-A1EN-01Z-00-DX1.F535657F-E2FA-4283-87AE-7DAB663B196B,TCGA-BH-A1EN-01,TCGA-BH-A1EN,13,22856.16,3742.21,0.0153,focal,/data1/deasy/Himangi/breast_feature_extraction/Ductal_outputs/TCGA-BH-A1EN-01/necrosis_feature_wsi_summary.csv,TCGA-BH-A1EN,Dead,2127.0,,2127.0,1.0,2127.0,69.88090349075975,5.823408624229979,matched
TCGA-BH-A1EV-01Z-00-DX1.106CF220-1D7D-40DD-88B2-A7F00B758F8F,TCGA-BH-A1EV-01,TCGA-BH-A1EV,28,19804.5,5350.61,0.0049,focal,/data1/deasy/Himangi/breast_feature_extraction/Ductal_outputs/TCGA-BH-A1EV-01/necrosis_feature_wsi_summary.csv,TCGA-BH-A1EV,Dead,365.0,,365.0,1.0,365.0,11.991786447638603,0.999315537303217,matched
TCGA-BH-A1EW-01Z-00-DX1.A6A5F9C5-FB97-4DA3-A1EA-1F84BC006681,TCGA-BH-A1EW-01,TCGA-BH-A1EW,16,9095.23,3863.68,0.0043,focal,/data1/deasy/Himangi/breast_feature_extraction/Ductal_outputs/TCGA-BH-A1EW-01/necrosis_feature_wsi_summary.csv,TCGA-BH-A1EW,Dead,1694.0,,1694.0,1.0,1694.0,55.65503080082136,4.63791923340178,matched
TCGA-BH-A1EX-01Z-00-DX1.16B6A817-6729-446E-9FCF-A4A333C5295D,TCGA-BH-A1EX-01,TCGA-BH-A1EX,17,0.0,0.0,0.0,absent,/data1/deasy/Himangi/breast_feature_extraction/Ductal_outputs/TCGA-BH-A1EX-01/necrosis_feature_wsi_summary.csv,TCGA-BH-A1EX,Dead,1508.0,,1508.0,1.0,1508.0,49.544147843942504,4.128678986995209,matched
TCGA-BH-A1EY-01Z-00-DX1.25C3DE1F-C702-4959-8DFA-69EF78AD9307,TCGA-BH-A1EY-01,TCGA-BH-A1EY,56,7811.71,1695.45,0.0011,focal,/data1/deasy/Himangi/breast_feature_extraction/Ductal_outputs/TCGA-BH-A1EY-01/necrosis_feature_wsi_summary.csv,TCGA-BH-A1EY,Dead,538.0,,538.0,1.0,538.0,17.675564681724847,1.4729637234770705,matched
TCGA-BH-A1F5-01Z-00-DX1.9A1AA3BB-80B1-473D-B075-8D65A94C4E0B,TCGA-BH-A1F5-01,TCGA-BH-A1F5,8,0.0,0.0,0.0,absent,/data1/deasy/Himangi/breast_feature_extraction/Ductal_outputs/TCGA-BH-A1F5-01/necrosis_feature_wsi_summary.csv,TCGA-BH-A1F5,Dead,2712.0,,2712.0,1.0,2712.0,89.10061601642711,7.425051334702259,matched
TCGA-BH-A1FB-01Z-00-DX1.9D778D1A-07F6-450D-B7AA-0E17B4D0A88C,TCGA-BH-A1FB-01,TCGA-BH-A1FB,51,2426.6,494.45,0.0004,focal,/data1/deasy/Himangi/breast_feature_extraction/Ductal_outputs/TCGA-BH-A1FB-01/necrosis_feature_wsi_summary.csv,TCGA-BH-A1FB,Dead,3669.0,,3669.0,1.0,3669.0,120.54209445585215,10.04517453798768,matched
TCGA-BH-A1FE-01Z-00-DX1.8FB57ECF-350B-44E4-8612-63E8374D3C4B,TCGA-BH-A1FE-01,TCGA-BH-A1FE,33,56770.57,8211.95,0.0108,focal,/data1/deasy/Himangi/breast_feature_extraction/Ductal_outputs/TCGA-BH-A1FE-01/necrosis_feature_wsi_summary.csv,TCGA-BH-A1FE,Dead,2273.0,,2273.0,1.0,2273.0,74.6776180698152,6.223134839151267,matched
TCGA-BH-A1FG-01Z-00-DX1.DA665FB6-9DD9-4B18-A925-2EFD9BC4C43B,TCGA-BH-A1FG-01,TCGA-BH-A1FG,19,5146.65,894.37,0.0021,focal,/data1/deasy/Himangi/breast_feature_extraction/Ductal_outputs/TCGA-BH-A1FG-01/necrosis_feature_wsi_summary.csv,TCGA-BH-A1FG,Dead,577.0,,577.0,1.0,577.0,18.95687885010267,1.5797399041752225,matched
TCGA-BH-A1FJ-01Z-00-DX1.BCED4CEF-2B33-45BA-ABC7-29BEE818F4A3,TCGA-BH-A1FJ-01,TCGA-BH-A1FJ,97,85963.59,18776.17,0.0062,focal,/data1/deasy/Himangi/breast_feature_extraction/Ductal_outputs/TCGA-BH-A1FJ-01/necrosis_feature_wsi_summary.csv,TCGA-BH-A1FJ,Dead,1927.0,,1927.0,1.0,1927.0,63.31006160164271,5.27583846680356,matched
TCGA-BH-A1FM-01Z-00-DX1.860C5169-FE2B-43A6-A13D-E736374303DD,TCGA-BH-A1FM-01,TCGA-BH-A1FM,26,217666.34,38894.95,0.0557,present,/data1/deasy/Himangi/breast_feature_extraction/Ductal_outputs/TCGA-BH-A1FM-01/necrosis_feature_wsi_summary.csv,TCGA-BH-A1FM,Dead,1388.0,,1388.0,1.0,1388.0,45.60164271047228,3.800136892539357,matched
TCGA-BH-A1FU-01Z-00-DX1.3D195750-8C9E-48C6-92EC-44AC6AB56267,TCGA-BH-A1FU-01,TCGA-BH-A1FU,43,158592.79,20022.13,0.0278,focal,/data1/deasy/Himangi/breast_feature_extraction/Ductal_outputs/TCGA-BH-A1FU-01/necrosis_feature_wsi_summary.csv,TCGA-BH-A1FU,Dead,1688.0,,1688.0,1.0,1688.0,55.45790554414784,4.621492128678987,matched
TCGA-BH-A201-01Z-00-DX1.6D6E3224-50A0-45A2-B231-EEF27CA7EFD2,TCGA-BH-A201-01,TCGA-BH-A201,27,0.0,0.0,0.0,absent,/data1/deasy/Himangi/breast_feature_extraction/Ductal_outputs/TCGA-BH-A201-01/necrosis_feature_wsi_summary.csv,TCGA-BH-A201,Alive,,,856.0,0.0,,,,matched
TCGA-BH-A202-01Z-00-DX1.8CECDB74-5E6F-4CE8-B52C-A89E574F38FB,TCGA-BH-A202-01,TCGA-BH-A202,19,34389.66,3769.14,0.0119,focal,/data1/deasy/Himangi/breast_feature_extraction/Ductal_outputs/TCGA-BH-A202-01/necrosis_feature_wsi_summary.csv,TCGA-BH-A202,Alive,,,795.0,0.0,,,,matched
TCGA-BH-A203-01Z-00-DX1.FAE40A13-0C4A-415F-9396-01041FF6B855,TCGA-BH-A203-01,TCGA-BH-A203,53,19960.65,2570.06,0.0028,focal,/data1/deasy/Himangi/breast_feature_extraction/Ductal_outputs/TCGA-BH-A203-01/necrosis_feature_wsi_summary.csv,TCGA-BH-A203,Dead,1174.0,,1174.0,1.0,1174.0,38.57084188911704,3.2142368240930868,matched
TCGA-BH-A42V-01Z-00-DX1.B6D78256-05D1-45FA-826A-1B8554D60B7D,TCGA-BH-A42V-01,TCGA-BH-A42V,6,29427.0,1651.86,0.0409,focal,/data1/deasy/Himangi/breast_feature_extraction/Ductal_outputs/TCGA-BH-A42V-01/necrosis_feature_wsi_summary.csv,TCGA-BH-A42V,Alive,,,635.0,0.0,,,,matched
TCGA-BH-A5J0-01Z-00-DX1.73CFBC85-8449-48FF-86F8-D4D49A90498B,TCGA-BH-A5J0-01,TCGA-BH-A5J0,6,2512.44,300.96,0.0036,focal,/data1/deasy/Himangi/breast_feature_extraction/Ductal_outputs/TCGA-BH-A5J0-01/necrosis_feature_wsi_summary.csv,TCGA-BH-A5J0,Alive,,,715.0,0.0,,,,matched
TCGA-C8-A12K-01Z-00-DX1.D71C7974-65F7-4EF0-8FFB-9F27CEC85242,TCGA-C8-A12K-01,TCGA-C8-A12K,1,0.0,0.0,0.0,absent,/data1/deasy/Himangi/breast_feature_extraction/Ductal_outputs/TCGA-C8-A12K-01/necrosis_feature_wsi_summary.csv,TCGA-C8-A12K,Alive,,,0.0,0.0,,,,matched
TCGA-C8-A12L-01Z-00-DX1.01863BE4-F4AB-45DE-894A-46544777C519,TCGA-C8-A12L-01,TCGA-C8-A12L,7,2521.16,578.38,0.0031,focal,/data1/deasy/Himangi/breast_feature_extraction/Ductal_outputs/TCGA-C8-A12L-01/necrosis_feature_wsi_summary.csv,TCGA-C8-A12L,Alive,,,363.0,0.0,,,,matched
TCGA-C8-A12M-01Z-00-DX1.0C5F2DED-873F-4C86-97A2-2AA76A6236DF,TCGA-C8-A12M-01,TCGA-C8-A12M,1,0.0,0.0,0.0,absent,/data1/deasy/Himangi/breast_feature_extraction/Ductal_outputs/TCGA-C8-A12M-01/necrosis_feature_wsi_summary.csv,TCGA-C8-A12M,Alive,,,358.0,0.0,,,,matched
TCGA-C8-A12O-01Z-00-DX1.A77E552B-7B69-45B7-B341-A03571F2A06C,TCGA-C8-A12O-01,TCGA-C8-A12O,22,8037.13,2002.9,0.0028,focal,/data1/deasy/Himangi/breast_feature_extraction/Ductal_outputs/TCGA-C8-A12O-01/necrosis_feature_wsi_summary.csv,TCGA-C8-A12O,Alive,,,385.0,0.0,,,,matched
TCGA-C8-A12P-01Z-00-DX1.670B5DE8-07B0-4E4C-93FA-FA3DFFCCE50D,TCGA-C8-A12P-01,TCGA-C8-A12P,25,706.91,161.15,0.0002,focal,/data1/deasy/Himangi/breast_feature_extraction/Ductal_outputs/TCGA-C8-A12P-01/necrosis_feature_wsi_summary.csv,TCGA-C8-A12P,Alive,,,358.0,0.0,,,,matched
TCGA-C8-A12Q-01Z-00-DX1.CE74E5B7-FD30-4CBE-8716-ECCF2213AAC3,TCGA-C8-A12Q-01,TCGA-C8-A12Q,22,0.0,0.0,0.0,absent,/data1/deasy/Himangi/breast_feature_extraction/Ductal_outputs/TCGA-C8-A12Q-01/necrosis_feature_wsi_summary.csv,TCGA-C8-A12Q,Dead,385.0,,385.0,1.0,385.0,12.648870636550308,1.054072553045859,matched
TCGA-C8-A12W-01Z-00-DX1.3727E7BB-831E-42DB-B5CB-F2D7C649290F,TCGA-C8-A12W-01,TCGA-C8-A12W,80,0.0,0.0,0.0,absent,/data1/deasy/Himangi/breast_feature_extraction/Ductal_outputs/TCGA-C8-A12W-01/necrosis_feature_wsi_summary.csv,TCGA-C8-A12W,Alive,,,385.0,0.0,,,,matched
TCGA-C8-A12Y-01Z-00-DX1.A15CB3E2-E145-4C75-8FEA-1DD503CD7C20,TCGA-C8-A12Y-01,TCGA-C8-A12Y,35,1655.31,393.49,0.0003,focal,/data1/deasy/Himangi/breast_feature_extraction/Ductal_outputs/TCGA-C8-A12Y-01/necrosis_feature_wsi_summary.csv,TCGA-C8-A12Y,Alive,,,1476.0,0.0,,,,matched
TCGA-C8-A12Z-01Z-00-DX1.22616420-7C80-42DE-9C44-0F00327681C6,TCGA-C8-A12Z-01,TCGA-C8-A12Z,20,42310.09,6949.54,0.0151,focal,/data1/deasy/Himangi/breast_feature_extraction/Ductal_outputs/TCGA-C8-A12Z-01/necrosis_feature_wsi_summary.csv,TCGA-C8-A12Z,Alive,,,382.0,0.0,,,,matched
TCGA-C8-A130-01Z-00-DX1.F6810204-C35A-4461-A18A-0A117739B988,TCGA-C8-A130-01,TCGA-C8-A130,7,4650.12,650.72,0.0064,focal,/data1/deasy/Himangi/breast_feature_extraction/Ductal_outputs/TCGA-C8-A130-01/necrosis_feature_wsi_summary.csv,TCGA-C8-A130,Alive,,,370.0,0.0,,,,matched
TCGA-C8-A131-01Z-00-DX1.5CB27A29-9951-40B9-B4DB-26A4D2EA89B8,TCGA-C8-A131-01,TCGA-C8-A131,4,4614.13,635.9,0.0106,focal,/data1/deasy/Himangi/breast_feature_extraction/Ductal_outputs/TCGA-C8-A131-01/necrosis_feature_wsi_summary.csv,TCGA-C8-A131,Alive,,,411.0,0.0,,,,matched
TCGA-C8-A135-01Z-00-DX1.B69A605E-B577-4F43-9471-2C95312B05D9,TCGA-C8-A135-01,TCGA-C8-A135,34,0.0,0.0,0.0,absent,/data1/deasy/Himangi/breast_feature_extraction/Ductal_outputs/TCGA-C8-A135-01/necrosis_feature_wsi_summary.csv,TCGA-C8-A135,Alive,,,393.0,0.0,,,,matched
TCGA-C8-A137-01Z-00-DX1.87F3775D-A401-4D5E-843F-8FB1D4BE97F8,TCGA-C8-A137-01,TCGA-C8-A137,49,23323.4,5108.5,0.0037,focal,/data1/deasy/Himangi/breast_feature_extraction/Ductal_outputs/TCGA-C8-A137-01/necrosis_feature_wsi_summary.csv,TCGA-C8-A137,Alive,,,379.0,0.0,,,,matched
TCGA-C8-A138-01Z-00-DX1.845A0680-23A4-4A58-A9C4-2EE17BDBD371,TCGA-C8-A138-01,TCGA-C8-A138,29,35329.18,8808.9,0.0092,focal,/data1/deasy/Himangi/breast_feature_extraction/Ductal_outputs/TCGA-C8-A138-01/necrosis_feature_wsi_summary.csv,TCGA-C8-A138,Alive,,,380.0,0.0,,,,matched
TCGA-C8-A1HF-01Z-00-DX1.81EF9A57-54E1-4750-9816-5571FD18A297,TCGA-C8-A1HF-01,TCGA-C8-A1HF,43,2577.94,842.19,0.0004,focal,/data1/deasy/Himangi/breast_feature_extraction/Ductal_outputs/TCGA-C8-A1HF-01/necrosis_feature_wsi_summary.csv,TCGA-C8-A1HF,Alive,,,332.0,0.0,,,,matched
TCGA-C8-A1HG-01Z-00-DX1.F2AB6D0F-4D6B-491F-915B-92E838E79D67,TCGA-C8-A1HG-01,TCGA-C8-A1HG,48,0.0,0.0,0.0,absent,/data1/deasy/Himangi/breast_feature_extraction/Ductal_outputs/TCGA-C8-A1HG-01/necrosis_feature_wsi_summary.csv,TCGA-C8-A1HG,Alive,,,345.0,0.0,,,,matched
TCGA-C8-A1HI-01Z-00-DX1.C6D0F8B8-55ED-477F-BAF7-AA05D0449CC8,TCGA-C8-A1HI-01,TCGA-C8-A1HI,27,496.66,198.38,0.0002,focal,/data1/deasy/Himangi/breast_feature_extraction/Ductal_outputs/TCGA-C8-A1HI-01/necrosis_feature_wsi_summary.csv,TCGA-C8-A1HI,Alive,,,343.0,0.0,,,,matched
TCGA-C8-A1HJ-01Z-00-DX1.745159F1-85E7-4CC0-B088-E1CA91916FB8,TCGA-C8-A1HJ-01,TCGA-C8-A1HJ,10,4152.31,571.73,0.0044,focal,/data1/deasy/Himangi/breast_feature_extraction/Ductal_outputs/TCGA-C8-A1HJ-01/necrosis_feature_wsi_summary.csv,TCGA-C8-A1HJ,Alive,,,5.0,0.0,,,,matched
TCGA-C8-A1HM-01Z-00-DX1.F93C3F56-3AA6-4D38-B51E-4694CBEA3830,TCGA-C8-A1HM-01,TCGA-C8-A1HM,5,0.0,0.0,0.0,absent,/data1/deasy/Himangi/breast_feature_extraction/Ductal_outputs/TCGA-C8-A1HM-01/necrosis_feature_wsi_summary.csv,TCGA-C8-A1HM,Alive,,,375.0,0.0,,,,matched
TCGA-C8-A1HN-01Z-00-DX1.7EBBEAB1-EBB7-456F-8848-AFE2263242B7,TCGA-C8-A1HN-01,TCGA-C8-A1HN,8,0.0,0.0,0.0,absent,/data1/deasy/Himangi/breast_feature_extraction/Ductal_outputs/TCGA-C8-A1HN-01/necrosis_feature_wsi_summary.csv,TCGA-C8-A1HN,Alive,,,394.0,0.0,,,,matched
TCGA-C8-A1HO-01Z-00-DX1.0C702CEE-C373-4D00-A706-32206D41AC17,TCGA-C8-A1HO-01,TCGA-C8-A1HO,21,15398.13,1991.57,0.0049,focal,/data1/deasy/Himangi/breast_feature_extraction/Ductal_outputs/TCGA-C8-A1HO-01/necrosis_feature_wsi_summary.csv,TCGA-C8-A1HO,Alive,,,375.0,0.0,,,,matched
TCGA-C8-A26W-01Z-00-DX1.CFF07941-6CD1-4CF9-BE5F-387DA67B66CC,TCGA-C8-A26W-01,TCGA-C8-A26W,19,0.0,0.0,0.0,absent,/data1/deasy/Himangi/breast_feature_extraction/Ductal_outputs/TCGA-C8-A26W-01/necrosis_feature_wsi_summary.csv,TCGA-C8-A26W,Alive,,,381.0,0.0,,,,matched
TCGA-C8-A26X-01Z-00-DX1.FBD86F91-BAD7-4484-8D50-202340FBF242,TCGA-C8-A26X-01,TCGA-C8-A26X,4,8416.41,951.97,0.0131,focal,/data1/deasy/Himangi/breast_feature_extraction/Ductal_outputs/TCGA-C8-A26X-01/necrosis_feature_wsi_summary.csv,TCGA-C8-A26X,Alive,,,376.0,0.0,,,,matched
TCGA-C8-A26Z-01Z-00-DX1.1A15D951-F3BD-4024-91DD-E7633C09A837,TCGA-C8-A26Z-01,TCGA-C8-A26Z,9,0.0,0.0,0.0,absent,/data1/deasy/Himangi/breast_feature_extraction/Ductal_outputs/TCGA-C8-A26Z-01/necrosis_feature_wsi_summary.csv,TCGA-C8-A26Z,Alive,,,470.0,0.0,,,,matched
TCGA-C8-A273-01Z-00-DX1.6E5D581F-DF80-478D-82D1-6D6525EED1B5,TCGA-C8-A273-01,TCGA-C8-A273,8,22491.69,5421.51,0.0284,focal,/data1/deasy/Himangi/breast_feature_extraction/Ductal_outputs/TCGA-C8-A273-01/necrosis_feature_wsi_summary.csv,TCGA-C8-A273,Alive,,,513.0,0.0,,,,matched
TCGA-C8-A274-01Z-00-DX1.B667DAB1-C944-4285-A312-5E4DDAE0EE78,TCGA-C8-A274-01,TCGA-C8-A274,14,795.59,278.35,0.0005,focal,/data1/deasy/Himangi/breast_feature_extraction/Ductal_outputs/TCGA-C8-A274-01/necrosis_feature_wsi_summary.csv,TCGA-C8-A274,Alive,,,508.0,0.0,,,,matched
TCGA-C8-A275-01Z-00-DX1.44D27E67-4DD6-4893-B38A-01E48F5A358A,TCGA-C8-A275-01,TCGA-C8-A275,18,104008.65,11266.23,0.0554,present,/data1/deasy/Himangi/breast_feature_extraction/Ductal_outputs/TCGA-C8-A275-01/necrosis_feature_wsi_summary.csv,TCGA-C8-A275,Alive,,,1.0,0.0,,,,matched
TCGA-C8-A27A-01Z-00-DX1.0E26C46D-CD65-40F3-8976-EB4415582934,TCGA-C8-A27A-01,TCGA-C8-A27A,10,182.97,75.8,0.0001,focal,/data1/deasy/Himangi/breast_feature_extraction/Ductal_outputs/TCGA-C8-A27A-01/necrosis_feature_wsi_summary.csv,TCGA-C8-A27A,Alive,,,747.0,0.0,,,,matched
TCGA-C8-A27B-01Z-00-DX1.5A8A14E8-6430-4147-9C71-805024E098CB,TCGA-C8-A27B-01,TCGA-C8-A27B,5,70108.63,3908.42,0.1285,present,/data1/deasy/Himangi/breast_feature_extraction/Ductal_outputs/TCGA-C8-A27B-01/necrosis_feature_wsi_summary.csv,TCGA-C8-A27B,Alive,,,439.0,0.0,,,,matched
TCGA-D8-A13Y-01Z-00-DX1.02321E77-A11E-41A5-95FE-BB897EA5CE58,TCGA-D8-A13Y-01,TCGA-D8-A13Y,34,24036.75,1640.22,0.0052,focal,/data1/deasy/Himangi/breast_feature_extraction/Ductal_outputs/TCGA-D8-A13Y-01/TCGA-D8-A13Y-01Z-00-DX1.02321E77-A11E-41A5-95FE-BB897EA5CE58__necrosis_feature_wsi_summary.csv,TCGA-D8-A13Y,Alive,,,1728.0,0.0,,,,matched
TCGA-D8-A13Y-01Z-00-DX2.0043D2BB-B04D-4A44-AAB1-1CAAD97AC246,TCGA-D8-A13Y-01,TCGA-D8-A13Y,3,0.0,0.0,0.0,absent,/data1/deasy/Himangi/breast_feature_extraction/Ductal_outputs/TCGA-D8-A13Y-01/TCGA-D8-A13Y-01Z-00-DX2.0043D2BB-B04D-4A44-AAB1-1CAAD97AC246__necrosis_feature_wsi_summary.csv,TCGA-D8-A13Y,Alive,,,1728.0,0.0,,,,matched
TCGA-D8-A140-01Z-00-DX1.5B9382C0-332C-4FBF-82CD-B9453D02B815,TCGA-D8-A140-01,TCGA-D8-A140,6,0.0,0.0,0.0,absent,/data1/deasy/Himangi/breast_feature_extraction/Ductal_outputs/TCGA-D8-A140-01/TCGA-D8-A140-01Z-00-DX1.5B9382C0-332C-4FBF-82CD-B9453D02B815__necrosis_feature_wsi_summary.csv,TCGA-D8-A140,Alive,,,403.0,0.0,,,,matched
TCGA-D8-A140-01Z-00-DX2.0C0A62BB-1FB8-47D8-8FAF-112D221F18BE,TCGA-D8-A140-01,TCGA-D8-A140,7,0.0,0.0,0.0,absent,/data1/deasy/Himangi/breast_feature_extraction/Ductal_outputs/TCGA-D8-A140-01/TCGA-D8-A140-01Z-00-DX2.0C0A62BB-1FB8-47D8-8FAF-112D221F18BE__necrosis_feature_wsi_summary.csv,TCGA-D8-A140,Alive,,,403.0,0.0,,,,matched
TCGA-D8-A141-01Z-00-DX1.10F6EEB2-C920-43FF-B5A7-B5A651CBDBE3,TCGA-D8-A141-01,TCGA-D8-A141,43,0.0,0.0,0.0,absent,/data1/deasy/Himangi/breast_feature_extraction/Ductal_outputs/TCGA-D8-A141-01/TCGA-D8-A141-01Z-00-DX1.10F6EEB2-C920-43FF-B5A7-B5A651CBDBE3__necrosis_feature_wsi_summary.csv,TCGA-D8-A141,Alive,,,626.0,0.0,,,,matched
TCGA-D8-A141-01Z-00-DX2.DBD0D81E-28FC-4466-BDE3-94753BD6CBEB,TCGA-D8-A141-01,TCGA-D8-A141,22,8507.0,1766.26,0.0031,focal,/data1/deasy/Himangi/breast_feature_extraction/Ductal_outputs/TCGA-D8-A141-01/TCGA-D8-A141-01Z-00-DX2.DBD0D81E-28FC-4466-BDE3-94753BD6CBEB__necrosis_feature_wsi_summary.csv,TCGA-D8-A141,Alive,,,626.0,0.0,,,,matched
TCGA-D8-A142-01Z-00-DX1.F6D58989-9120-40C9-918D-6B1650C1A8E8,TCGA-D8-A142-01,TCGA-D8-A142,24,87568.7,5439.76,0.0262,focal,/data1/deasy/Himangi/breast_feature_extraction/Ductal_outputs/TCGA-D8-A142-01/necrosis_feature_wsi_summary.csv,TCGA-D8-A142,Alive,,,425.0,0.0,,,,matched
TCGA-D8-A143-01Z-00-DX1.4697FB2F-91D5-4506-AF23-7DE304D44A3F,TCGA-D8-A143-01,TCGA-D8-A143,28,127770.38,11822.91,0.0359,focal,/data1/deasy/Himangi/breast_feature_extraction/Ductal_outputs/TCGA-D8-A143-01/necrosis_feature_wsi_summary.csv,TCGA-D8-A143,Alive,,,431.0,0.0,,,,matched
TCGA-D8-A145-01Z-00-DX1.34D4EC27-7FD7-4BE2-95A4-CA521CB5590E,TCGA-D8-A145-01,TCGA-D8-A145,29,1295.91,427.09,0.0004,focal,/data1/deasy/Himangi/breast_feature_extraction/Ductal_outputs/TCGA-D8-A145-01/TCGA-D8-A145-01Z-00-DX1.34D4EC27-7FD7-4BE2-95A4-CA521CB5590E__necrosis_feature_wsi_summary.csv,TCGA-D8-A145,Alive,,,410.0,0.0,,,,matched
TCGA-D8-A145-01Z-00-DX2.B834BF47-1CD6-45EA-BB88-D8ECE1FDDC6A,TCGA-D8-A145-01,TCGA-D8-A145,10,0.0,0.0,0.0,absent,/data1/deasy/Himangi/breast_feature_extraction/Ductal_outputs/TCGA-D8-A145-01/TCGA-D8-A145-01Z-00-DX2.B834BF47-1CD6-45EA-BB88-D8ECE1FDDC6A__necrosis_feature_wsi_summary.csv,TCGA-D8-A145,Alive,,,410.0,0.0,,,,matched
TCGA-D8-A146-01Z-00-DX1.D93FB315-E5D7-49BA-8380-38B16B70361B,TCGA-D8-A146-01,TCGA-D8-A146,30,4472.47,2163.92,0.0012,focal,/data1/deasy/Himangi/breast_feature_extraction/Ductal_outputs/TCGA-D8-A146-01/necrosis_feature_wsi_summary.csv,TCGA-D8-A146,Alive,,,643.0,0.0,,,,matched
TCGA-D8-A147-01Z-00-DX1.159094F2-BB78-4910-B7AE-3D7CAAB1DAD9,TCGA-D8-A147-01,TCGA-D8-A147,9,42696.56,4481.58,0.0506,present,/data1/deasy/Himangi/breast_feature_extraction/Ductal_outputs/TCGA-D8-A147-01/necrosis_feature_wsi_summary.csv,TCGA-D8-A147,Alive,,,584.0,0.0,,,,matched
TCGA-D8-A1J8-01Z-00-DX1.EADAB43A-87C6-47FA-9120-25B69E23366D,TCGA-D8-A1J8-01,TCGA-D8-A1J8,6,34000.21,6311.66,0.0454,focal,/data1/deasy/Himangi/breast_feature_extraction/Ductal_outputs/TCGA-D8-A1J8-01/TCGA-D8-A1J8-01Z-00-DX1.EADAB43A-87C6-47FA-9120-25B69E23366D__necrosis_feature_wsi_summary.csv,TCGA-D8-A1J8,Alive,,,431.0,0.0,,,,matched
TCGA-D8-A1J8-01Z-00-DX2.5DCB3447-548D-442C-86B1-CEF79B8689DF,TCGA-D8-A1J8-01,TCGA-D8-A1J8,57,24532.97,1880.23,0.0029,focal,/data1/deasy/Himangi/breast_feature_extraction/Ductal_outputs/TCGA-D8-A1J8-01/TCGA-D8-A1J8-01Z-00-DX2.5DCB3447-548D-442C-86B1-CEF79B8689DF__necrosis_feature_wsi_summary.csv,TCGA-D8-A1J8,Alive,,,431.0,0.0,,,,matched
TCGA-D8-A1J9-01Z-00-DX1.F81FA9EF-8129-4E17-A9AD-2B850782CC18,TCGA-D8-A1J9-01,TCGA-D8-A1J9,58,5469.41,2205.07,0.0007,focal,/data1/deasy/Himangi/breast_feature_extraction/Ductal_outputs/TCGA-D8-A1J9-01/TCGA-D8-A1J9-01Z-00-DX1.F81FA9EF-8129-4E17-A9AD-2B850782CC18__necrosis_feature_wsi_summary.csv,TCGA-D8-A1J9,Alive,,,532.0,0.0,,,,matched
TCGA-D8-A1J9-01Z-00-DX2.E1C59487-9563-4501-845F-2067A0C5C59B,TCGA-D8-A1J9-01,TCGA-D8-A1J9,7,0.0,0.0,0.0,absent,/data1/deasy/Himangi/breast_feature_extraction/Ductal_outputs/TCGA-D8-A1J9-01/TCGA-D8-A1J9-01Z-00-DX2.E1C59487-9563-4501-845F-2067A0C5C59B__necrosis_feature_wsi_summary.csv,TCGA-D8-A1J9,Alive,,,532.0,0.0,,,,matched
TCGA-D8-A1JA-01Z-00-DX1.BD43F94A-D5A8-490E-AED4-5F3AB24080FA,TCGA-D8-A1JA-01,TCGA-D8-A1JA,10,13767.97,4972.3,0.0129,focal,/data1/deasy/Himangi/breast_feature_extraction/Ductal_outputs/TCGA-D8-A1JA-01/necrosis_feature_wsi_summary.csv,TCGA-D8-A1JA,Alive,,,502.0,0.0,,,,matched
TCGA-D8-A1JC-01Z-00-DX2.854ABF5D-40F1-48AE-802F-97D75497F1FD,TCGA-D8-A1JC-01,TCGA-D8-A1JC,25,7278.88,610.62,0.0022,focal,/data1/deasy/Himangi/breast_feature_extraction/Ductal_outputs/TCGA-D8-A1JC-01/TCGA-D8-A1JC-01Z-00-DX2.854ABF5D-40F1-48AE-802F-97D75497F1FD__necrosis_feature_wsi_summary.csv,TCGA-D8-A1JC,Alive,,,480.0,0.0,,,,matched
TCGA-D8-A1JD-01Z-00-DX1.6D215B14-DD90-4635-8645-AF06EBD9BA3F,TCGA-D8-A1JD-01,TCGA-D8-A1JD,60,37726.76,5539.42,0.005,focal,/data1/deasy/Himangi/breast_feature_extraction/Ductal_outputs/TCGA-D8-A1JD-01/TCGA-D8-A1JD-01Z-00-DX1.6D215B14-DD90-4635-8645-AF06EBD9BA3F__necrosis_feature_wsi_summary.csv,TCGA-D8-A1JD,Alive,,,552.0,0.0,,,,matched
TCGA-D8-A1JD-01Z-00-DX2.C6A7667E-25C9-48BD-A4E7-F4BB740FE589,TCGA-D8-A1JD-01,TCGA-D8-A1JD,63,21607.34,3298.87,0.0027,focal,/data1/deasy/Himangi/breast_feature_extraction/Ductal_outputs/TCGA-D8-A1JD-01/TCGA-D8-A1JD-01Z-00-DX2.C6A7667E-25C9-48BD-A4E7-F4BB740FE589__necrosis_feature_wsi_summary.csv,TCGA-D8-A1JD,Alive,,,552.0,0.0,,,,matched
TCGA-D8-A1JE-01Z-00-DX1.714805A1-E337-46DA-88D9-6CE4B4E3C2D0,TCGA-D8-A1JE-01,TCGA-D8-A1JE,64,15353.78,2697.9,0.002,focal,/data1/deasy/Himangi/breast_feature_extraction/Ductal_outputs/TCGA-D8-A1JE-01/TCGA-D8-A1JE-01Z-00-DX1.714805A1-E337-46DA-88D9-6CE4B4E3C2D0__necrosis_feature_wsi_summary.csv,TCGA-D8-A1JE,Alive,,,575.0,0.0,,,,matched
TCGA-D8-A1JE-01Z-00-DX2.CCF3DFEF-E851-425A-BCD0-0F7B377A00BC,TCGA-D8-A1JE-01,TCGA-D8-A1JE,22,877.12,407.78,0.0004,focal,/data1/deasy/Himangi/breast_feature_extraction/Ductal_outputs/TCGA-D8-A1JE-01/TCGA-D8-A1JE-01Z-00-DX2.CCF3DFEF-E851-425A-BCD0-0F7B377A00BC__necrosis_feature_wsi_summary.csv,TCGA-D8-A1JE,Alive,,,575.0,0.0,,,,matched
TCGA-D8-A1JF-01Z-00-DX1.224EDA43-F822-4A88-814A-BA7D4C60F8CC,TCGA-D8-A1JF-01,TCGA-D8-A1JF,29,24806.85,4436.44,0.007,focal,/data1/deasy/Himangi/breast_feature_extraction/Ductal_outputs/TCGA-D8-A1JF-01/necrosis_feature_wsi_summary.csv,TCGA-D8-A1JF,Alive,,,366.0,0.0,,,,matched
TCGA-D8-A1JG-01Z-00-DX1.BA6D5CC7-3A9B-4D17-A86A-B159D345A216,TCGA-D8-A1JG-01,TCGA-D8-A1JG,75,239118.47,19646.24,0.02,focal,/data1/deasy/Himangi/breast_feature_extraction/Ductal_outputs/TCGA-D8-A1JG-01/necrosis_feature_wsi_summary.csv,TCGA-D8-A1JG,Alive,,,1612.0,0.0,,,,matched
TCGA-D8-A1JH-01Z-00-DX1.4A4F2502-612C-421D-9F64-444BF2C85620,TCGA-D8-A1JH-01,TCGA-D8-A1JH,44,0.0,0.0,0.0,absent,/data1/deasy/Himangi/breast_feature_extraction/Ductal_outputs/TCGA-D8-A1JH-01/necrosis_feature_wsi_summary.csv,TCGA-D8-A1JH,Alive,,,426.0,0.0,,,,matched
TCGA-D8-A1JI-01Z-00-DX1.9BDB647F-EEAB-4235-BE44-A3815A48CCE0,TCGA-D8-A1JI-01,TCGA-D8-A1JI,30,18861.31,3981.72,0.0054,focal,/data1/deasy/Himangi/breast_feature_extraction/Ductal_outputs/TCGA-D8-A1JI-01/TCGA-D8-A1JI-01Z-00-DX1.9BDB647F-EEAB-4235-BE44-A3815A48CCE0__necrosis_feature_wsi_summary.csv,TCGA-D8-A1JI,Alive,,,577.0,0.0,,,,matched
TCGA-D8-A1JI-01Z-00-DX2.E688E270-26C9-43EC-BC26-86BF8B74A31D,TCGA-D8-A1JI-01,TCGA-D8-A1JI,27,0.0,0.0,0.0,absent,/data1/deasy/Himangi/breast_feature_extraction/Ductal_outputs/TCGA-D8-A1JI-01/TCGA-D8-A1JI-01Z-00-DX2.E688E270-26C9-43EC-BC26-86BF8B74A31D__necrosis_feature_wsi_summary.csv,TCGA-D8-A1JI,Alive,,,577.0,0.0,,,,matched
TCGA-D8-A1JJ-01Z-00-DX1.a986b48f-b295-4d7a-b778-ce829cdf9c38,TCGA-D8-A1JJ-01,TCGA-D8-A1JJ,87,2487.09,738.64,0.0003,focal,/data1/deasy/Himangi/breast_feature_extraction/Ductal_outputs/TCGA-D8-A1JJ-01/TCGA-D8-A1JJ-01Z-00-DX1.a986b48f-b295-4d7a-b778-ce829cdf9c38__necrosis_feature_wsi_summary.csv,TCGA-D8-A1JJ,Alive,,,611.0,0.0,,,,matched
TCGA-D8-A1JJ-01Z-00-DX2.7D20F308-7DC6-4367-9459-3AC4C654E7F7,TCGA-D8-A1JJ-01,TCGA-D8-A1JJ,83,918.47,233.9,0.0001,focal,/data1/deasy/Himangi/breast_feature_extraction/Ductal_outputs/TCGA-D8-A1JJ-01/TCGA-D8-A1JJ-01Z-00-DX2.7D20F308-7DC6-4367-9459-3AC4C654E7F7__necrosis_feature_wsi_summary.csv,TCGA-D8-A1JJ,Alive,,,611.0,0.0,,,,matched
TCGA-D8-A1JK-01Z-00-DX1.3190C919-A403-460D-9F6C-D2AB5FD3FD05,TCGA-D8-A1JK-01,TCGA-D8-A1JK,66,608115.12,40794.36,0.077,present,/data1/deasy/Himangi/breast_feature_extraction/Ductal_outputs/TCGA-D8-A1JK-01/necrosis_feature_wsi_summary.csv,TCGA-D8-A1JK,Alive,,,0.0,0.0,,,,matched
TCGA-D8-A1JL-01Z-00-DX1.FE3F0C6B-F98A-4036-BF9A-25A8CC66B1FD,TCGA-D8-A1JL-01,TCGA-D8-A1JL,12,1453.16,315.5,0.0013,focal,/data1/deasy/Himangi/breast_feature_extraction/Ductal_outputs/TCGA-D8-A1JL-01/necrosis_feature_wsi_summary.csv,TCGA-D8-A1JL,Alive,,,611.0,0.0,,,,matched
TCGA-D8-A1JM-01Z-00-DX1.3CD15BC8-08B3-4BEE-9FD7-A8BEED33268E,TCGA-D8-A1JM-01,TCGA-D8-A1JM,5,1855.03,417.19,0.0023,focal,/data1/deasy/Himangi/breast_feature_extraction/Ductal_outputs/TCGA-D8-A1JM-01/necrosis_feature_wsi_summary.csv,TCGA-D8-A1JM,Alive,,,590.0,0.0,,,,matched
TCGA-D8-A1JP-01Z-00-DX1.B02959C4-6AAD-4ACA-9838-61D224D838E4,TCGA-D8-A1JP-01,TCGA-D8-A1JP,55,10493.91,3149.56,0.0014,focal,/data1/deasy/Himangi/breast_feature_extraction/Ductal_outputs/TCGA-D8-A1JP-01/necrosis_feature_wsi_summary.csv,TCGA-D8-A1JP,Alive,,,639.0,0.0,,,,matched
TCGA-D8-A1JU-01Z-00-DX1.355D93B4-E69E-417C-B3D1-3E1AAF1E02FE,TCGA-D8-A1JU-01,TCGA-D8-A1JU,43,18314.62,3160.19,0.0033,focal,/data1/deasy/Himangi/breast_feature_extraction/Ductal_outputs/TCGA-D8-A1JU-01/necrosis_feature_wsi_summary.csv,TCGA-D8-A1JU,Alive,,,447.0,0.0,,,,matched
TCGA-D8-A1X6-01Z-00-DX1.ABF237D4-708C-46A5-AEF8-58712E5DCC04,TCGA-D8-A1X6-01,TCGA-D8-A1X6,33,1309.19,407.82,0.0003,focal,/data1/deasy/Himangi/breast_feature_extraction/Ductal_outputs/TCGA-D8-A1X6-01/TCGA-D8-A1X6-01Z-00-DX1.ABF237D4-708C-46A5-AEF8-58712E5DCC04__necrosis_feature_wsi_summary.csv,TCGA-D8-A1X6,Alive,,,541.0,0.0,,,,matched
TCGA-D8-A1X6-01Z-00-DX2.F36D68F2-70C3-4E0E-ABE6-6969170BA6DC,TCGA-D8-A1X6-01,TCGA-D8-A1X6,4,0.0,0.0,0.0,absent,/data1/deasy/Himangi/breast_feature_extraction/Ductal_outputs/TCGA-D8-A1X6-01/TCGA-D8-A1X6-01Z-00-DX2.F36D68F2-70C3-4E0E-ABE6-6969170BA6DC__necrosis_feature_wsi_summary.csv,TCGA-D8-A1X6,Alive,,,541.0,0.0,,,,matched
TCGA-D8-A1X9-01Z-00-DX1.28CE7849-EEC5-4ABB-A319-A977A1FD3CD1,TCGA-D8-A1X9-01,TCGA-D8-A1X9,17,7642.38,1310.46,0.0036,focal,/data1/deasy/Himangi/breast_feature_extraction/Ductal_outputs/TCGA-D8-A1X9-01/necrosis_feature_wsi_summary.csv,TCGA-D8-A1X9,Alive,,,727.0,0.0,,,,matched
TCGA-D8-A1XA-01Z-00-DX1.36A807F0-2D35-4CE3-8A27-CC59181B1A3D,TCGA-D8-A1XA-01,TCGA-D8-A1XA,18,0.0,0.0,0.0,absent,/data1/deasy/Himangi/breast_feature_extraction/Ductal_outputs/TCGA-D8-A1XA-01/necrosis_feature_wsi_summary.csv,TCGA-D8-A1XA,Alive,,,839.0,0.0,,,,matched
TCGA-D8-A1XB-01Z-00-DX1.DA8E2FA4-DBBA-4157-8052-B90FB3BB58F1,TCGA-D8-A1XB-01,TCGA-D8-A1XB,65,31678.22,5822.88,0.0041,focal,/data1/deasy/Himangi/breast_feature_extraction/Ductal_outputs/TCGA-D8-A1XB-01/TCGA-D8-A1XB-01Z-00-DX1.DA8E2FA4-DBBA-4157-8052-B90FB3BB58F1__necrosis_feature_wsi_summary.csv,TCGA-D8-A1XB,Alive,,,552.0,0.0,,,,matched
TCGA-D8-A1XB-01Z-00-DX2.B262C269-F22B-4306-8195-079C0874EF8E,TCGA-D8-A1XB-01,TCGA-D8-A1XB,43,41971.59,4973.74,0.0078,focal,/data1/deasy/Himangi/breast_feature_extraction/Ductal_outputs/TCGA-D8-A1XB-01/TCGA-D8-A1XB-01Z-00-DX2.B262C269-F22B-4306-8195-079C0874EF8E__necrosis_feature_wsi_summary.csv,TCGA-D8-A1XB,Alive,,,552.0,0.0,,,,matched
TCGA-D8-A1XD-01Z-00-DX1.E500D561-1F49-4F08-99AE-E8345F21B406,TCGA-D8-A1XD-01,TCGA-D8-A1XD,20,728.22,440.79,0.0003,focal,/data1/deasy/Himangi/breast_feature_extraction/Ductal_outputs/TCGA-D8-A1XD-01/necrosis_feature_wsi_summary.csv,TCGA-D8-A1XD,Alive,,,522.0,0.0,,,,matched
TCGA-D8-A1XF-01Z-00-DX1.8B9AB4A1-DEC5-4587-B022-3077CCD220F9,TCGA-D8-A1XF-01,TCGA-D8-A1XF,30,1133.87,325.95,0.0003,focal,/data1/deasy/Himangi/breast_feature_extraction/Ductal_outputs/TCGA-D8-A1XF-01/TCGA-D8-A1XF-01Z-00-DX1.8B9AB4A1-DEC5-4587-B022-3077CCD220F9__necrosis_feature_wsi_summary.csv,TCGA-D8-A1XF,Alive,,,463.0,0.0,,,,matched
TCGA-D8-A1XF-01Z-00-DX2.1460E522-5B87-4690-8B6B-3183C5D282D6,TCGA-D8-A1XF-01,TCGA-D8-A1XF,67,24270.09,6569.58,0.0021,focal,/data1/deasy/Himangi/breast_feature_extraction/Ductal_outputs/TCGA-D8-A1XF-01/TCGA-D8-A1XF-01Z-00-DX2.1460E522-5B87-4690-8B6B-3183C5D282D6__necrosis_feature_wsi_summary.csv,TCGA-D8-A1XF,Alive,,,463.0,0.0,,,,matched
TCGA-D8-A1XG-01Z-00-DX1.0A58EF43-B97E-4111-8DC3-2F8D9BDBE7D6,TCGA-D8-A1XG-01,TCGA-D8-A1XG,35,3401.81,821.21,0.0007,focal,/data1/deasy/Himangi/breast_feature_extraction/Ductal_outputs/TCGA-D8-A1XG-01/necrosis_feature_wsi_summary.csv,TCGA-D8-A1XG,Alive,,,448.0,0.0,,,,matched
TCGA-D8-A1XK-01Z-00-DX1.41EB1BBC-F230-4E3F-8C4E-CE331CAF1935,TCGA-D8-A1XK-01,TCGA-D8-A1XK,17,921766.37,29350.32,0.3997,present,/data1/deasy/Himangi/breast_feature_extraction/Ductal_outputs/TCGA-D8-A1XK-01/necrosis_feature_wsi_summary.csv,TCGA-D8-A1XK,Alive,,,441.0,0.0,,,,matched
TCGA-D8-A1XM-01Z-00-DX1.5F6A140E-5D20-45F6-B76F-0F98AB27AD08,TCGA-D8-A1XM-01,TCGA-D8-A1XM,12,2058.34,325.29,0.0011,focal,/data1/deasy/Himangi/breast_feature_extraction/Ductal_outputs/TCGA-D8-A1XM-01/necrosis_feature_wsi_summary.csv,TCGA-D8-A1XM,Alive,,,538.0,0.0,,,,matched
TCGA-D8-A1XQ-01Z-00-DX1.1A17A5C7-F14B-4AD2-AD5F-D3400D86A366,TCGA-D8-A1XQ-01,TCGA-D8-A1XQ,30,22053.13,2116.72,0.0051,focal,/data1/deasy/Himangi/breast_feature_extraction/Ductal_outputs/TCGA-D8-A1XQ-01/necrosis_feature_wsi_summary.csv,TCGA-D8-A1XQ,Alive,,,499.0,0.0,,,,matched
TCGA-D8-A1XR-01Z-00-DX1.7F443346-C564-47B6-9736-6944230CAF46,TCGA-D8-A1XR-01,TCGA-D8-A1XR,75,24819.34,7935.27,0.0027,focal,/data1/deasy/Himangi/breast_feature_extraction/Ductal_outputs/TCGA-D8-A1XR-01/TCGA-D8-A1XR-01Z-00-DX1.7F443346-C564-47B6-9736-6944230CAF46__necrosis_feature_wsi_summary.csv,TCGA-D8-A1XR,Alive,,,482.0,0.0,,,,matched
TCGA-D8-A1XR-01Z-00-DX2.A103FB8B-4397-4DD4-8587-90A736407484,TCGA-D8-A1XR-01,TCGA-D8-A1XR,25,9577.38,1394.69,0.0032,focal,/data1/deasy/Himangi/breast_feature_extraction/Ductal_outputs/TCGA-D8-A1XR-01/TCGA-D8-A1XR-01Z-00-DX2.A103FB8B-4397-4DD4-8587-90A736407484__necrosis_feature_wsi_summary.csv,TCGA-D8-A1XR,Alive,,,482.0,0.0,,,,matched
TCGA-D8-A1XT-01Z-00-DX1.9E4DEEEB-AB0A-45F6-A69B-65B3E6F22D46,TCGA-D8-A1XT-01,TCGA-D8-A1XT,47,14627.9,3540.58,0.0023,focal,/data1/deasy/Himangi/breast_feature_extraction/Ductal_outputs/TCGA-D8-A1XT-01/necrosis_feature_wsi_summary.csv,TCGA-D8-A1XT,Alive,,,506.0,0.0,,,,matched
TCGA-D8-A1XU-01Z-00-DX1.769DBC38-6F0D-425B-A904-79EBA1C119EF,TCGA-D8-A1XU-01,TCGA-D8-A1XU,32,658.94,185.89,0.0002,focal,/data1/deasy/Himangi/breast_feature_extraction/Ductal_outputs/TCGA-D8-A1XU-01/necrosis_feature_wsi_summary.csv,TCGA-D8-A1XU,Alive,,,395.0,0.0,,,,matched
TCGA-D8-A1XY-01Z-00-DX1.AC051FB4-1D51-449B-BF2D-9DDB4382414C,TCGA-D8-A1XY-01,TCGA-D8-A1XY,34,6434.97,1113.61,0.0015,focal,/data1/deasy/Himangi/breast_feature_extraction/Ductal_outputs/TCGA-D8-A1XY-01/TCGA-D8-A1XY-01Z-00-DX1.AC051FB4-1D51-449B-BF2D-9DDB4382414C__necrosis_feature_wsi_summary.csv,TCGA-D8-A1XY,Alive,,,503.0,0.0,,,,matched
TCGA-D8-A1XY-01Z-00-DX2.33D96E5C-5291-4864-B282-8BACA2043586,TCGA-D8-A1XY-01,TCGA-D8-A1XY,4,21208.69,2705.98,0.0709,present,/data1/deasy/Himangi/breast_feature_extraction/Ductal_outputs/TCGA-D8-A1XY-01/TCGA-D8-A1XY-01Z-00-DX2.33D96E5C-5291-4864-B282-8BACA2043586__necrosis_feature_wsi_summary.csv,TCGA-D8-A1XY,Alive,,,503.0,0.0,,,,matched
TCGA-D8-A1XZ-01Z-00-DX1.8E51A61D-B01C-4A52-8F5D-44D2ABCA46FC,TCGA-D8-A1XZ-01,TCGA-D8-A1XZ,20,555.09,238.82,0.0002,focal,/data1/deasy/Himangi/breast_feature_extraction/Ductal_outputs/TCGA-D8-A1XZ-01/TCGA-D8-A1XZ-01Z-00-DX1.8E51A61D-B01C-4A52-8F5D-44D2ABCA46FC__necrosis_feature_wsi_summary.csv,TCGA-D8-A1XZ,Alive,,,466.0,0.0,,,,matched
TCGA-D8-A1XZ-01Z-00-DX2.73D59546-C003-4DED-80D5-866E7055EC79,TCGA-D8-A1XZ-01,TCGA-D8-A1XZ,13,0.0,0.0,0.0,absent,/data1/deasy/Himangi/breast_feature_extraction/Ductal_outputs/TCGA-D8-A1XZ-01/TCGA-D8-A1XZ-01Z-00-DX2.73D59546-C003-4DED-80D5-866E7055EC79__necrosis_feature_wsi_summary.csv,TCGA-D8-A1XZ,Alive,,,466.0,0.0,,,,matched
TCGA-D8-A1Y0-01Z-00-DX1.10F40197-4174-43CC-AAD3-8CB85154FB2D,TCGA-D8-A1Y0-01,TCGA-D8-A1Y0,11,23342.72,2030.6,0.0136,focal,/data1/deasy/Himangi/breast_feature_extraction/Ductal_outputs/TCGA-D8-A1Y0-01/TCGA-D8-A1Y0-01Z-00-DX1.10F40197-4174-43CC-AAD3-8CB85154FB2D__necrosis_feature_wsi_summary.csv,TCGA-D8-A1Y0,Alive,,,472.0,0.0,,,,matched
TCGA-D8-A1Y0-01Z-00-DX2.7C25E941-12A6-46CE-B1A5-488D08E35684,TCGA-D8-A1Y0-01,TCGA-D8-A1Y0,19,0.0,0.0,0.0,absent,/data1/deasy/Himangi/breast_feature_extraction/Ductal_outputs/TCGA-D8-A1Y0-01/TCGA-D8-A1Y0-01Z-00-DX2.7C25E941-12A6-46CE-B1A5-488D08E35684__necrosis_feature_wsi_summary.csv,TCGA-D8-A1Y0,Alive,,,472.0,0.0,,,,matched
TCGA-D8-A1Y1-01Z-00-DX1.477390C8-2141-4ADD-813E-25220D2A71FC,TCGA-D8-A1Y1-01,TCGA-D8-A1Y1,69,9094.7,1937.05,0.0009,focal,/data1/deasy/Himangi/breast_feature_extraction/Ductal_outputs/TCGA-D8-A1Y1-01/TCGA-D8-A1Y1-01Z-00-DX1.477390C8-2141-4ADD-813E-25220D2A71FC__necrosis_feature_wsi_summary.csv,TCGA-D8-A1Y1,Dead,302.0,,302.0,1.0,302.0,9.921971252566735,0.8268309377138946,matched
TCGA-D8-A1Y1-01Z-00-DX2.B58DC955-F864-4E78-8B1A-8156E2F7D554,TCGA-D8-A1Y1-01,TCGA-D8-A1Y1,41,63715.11,8122.0,0.0112,focal,/data1/deasy/Himangi/breast_feature_extraction/Ductal_outputs/TCGA-D8-A1Y1-01/TCGA-D8-A1Y1-01Z-00-DX2.B58DC955-F864-4E78-8B1A-8156E2F7D554__necrosis_feature_wsi_summary.csv,TCGA-D8-A1Y1,Dead,302.0,,302.0,1.0,302.0,9.921971252566735,0.8268309377138946,matched
TCGA-D8-A1Y2-01Z-00-DX1.77451A0F-00FD-44A9-A0D0-CB7A39CE74CC,TCGA-D8-A1Y2-01,TCGA-D8-A1Y2,84,25898.41,2781.84,0.0026,focal,/data1/deasy/Himangi/breast_feature_extraction/Ductal_outputs/TCGA-D8-A1Y2-01/TCGA-D8-A1Y2-01Z-00-DX1.77451A0F-00FD-44A9-A0D0-CB7A39CE74CC__necrosis_feature_wsi_summary.csv,TCGA-D8-A1Y2,Alive,,,433.0,0.0,,,,matched
TCGA-D8-A1Y2-01Z-00-DX2.A563ABFE-18DE-4D78-BB66-9CD18D3CBE3A,TCGA-D8-A1Y2-01,TCGA-D8-A1Y2,68,24021.39,2410.45,0.0032,focal,/data1/deasy/Himangi/breast_feature_extraction/Ductal_outputs/TCGA-D8-A1Y2-01/TCGA-D8-A1Y2-01Z-00-DX2.A563ABFE-18DE-4D78-BB66-9CD18D3CBE3A__necrosis_feature_wsi_summary.csv,TCGA-D8-A1Y2,Alive,,,433.0,0.0,,,,matched
TCGA-D8-A1Y3-01Z-00-DX1.8AA5F695-A06C-4DEA-AD71-16254A48B218,TCGA-D8-A1Y3-01,TCGA-D8-A1Y3,10,0.0,0.0,0.0,absent,/data1/deasy/Himangi/breast_feature_extraction/Ductal_outputs/TCGA-D8-A1Y3-01/TCGA-D8-A1Y3-01Z-00-DX1.8AA5F695-A06C-4DEA-AD71-16254A48B218__necrosis_feature_wsi_summary.csv,TCGA-D8-A1Y3,Alive,,,430.0,0.0,,,,matched
TCGA-D8-A1Y3-01Z-00-DX2.B9BD14AF-52A6-4241-B3B3-03F8F5DFC8DA,TCGA-D8-A1Y3-01,TCGA-D8-A1Y3,32,36537.45,6713.63,0.0074,focal,/data1/deasy/Himangi/breast_feature_extraction/Ductal_outputs/TCGA-D8-A1Y3-01/TCGA-D8-A1Y3-01Z-00-DX2.B9BD14AF-52A6-4241-B3B3-03F8F5DFC8DA__necrosis_feature_wsi_summary.csv,TCGA-D8-A1Y3,Alive,,,430.0,0.0,,,,matched
TCGA-D8-A27F-01Z-00-DX1.C1A87F27-49F1-46BA-B2E2-A89293F7FD0C,TCGA-D8-A27F-01,TCGA-D8-A27F,16,236424.48,17109.08,0.1096,present,/data1/deasy/Himangi/breast_feature_extraction/Ductal_outputs/TCGA-D8-A27F-01/necrosis_feature_wsi_summary.csv,TCGA-D8-A27F,Alive,,,488.0,0.0,,,,matched
TCGA-D8-A27H-01Z-00-DX1.BE9DFDD4-97C5-4327-B1DA-4B34A6F267C5,TCGA-D8-A27H-01,TCGA-D8-A27H,24,25293.56,5552.23,0.0076,focal,/data1/deasy/Himangi/breast_feature_extraction/Ductal_outputs/TCGA-D8-A27H-01/necrosis_feature_wsi_summary.csv,TCGA-D8-A27H,Alive,,,397.0,0.0,,,,matched
TCGA-D8-A27K-01Z-00-DX1.25AF7928-046B-45BF-BAD6-F34156203F5A,TCGA-D8-A27K-01,TCGA-D8-A27K,26,0.0,0.0,0.0,absent,/data1/deasy/Himangi/breast_feature_extraction/Ductal_outputs/TCGA-D8-A27K-01/necrosis_feature_wsi_summary.csv,TCGA-D8-A27K,Alive,,,1461.0,0.0,,,,matched
TCGA-D8-A27L-01Z-00-DX1.6572593C-B015-4F9A-8C9B-B634CAA0D3B4,TCGA-D8-A27L-01,TCGA-D8-A27L,39,17920.5,4829.84,0.0032,focal,/data1/deasy/Himangi/breast_feature_extraction/Ductal_outputs/TCGA-D8-A27L-01/necrosis_feature_wsi_summary.csv,TCGA-D8-A27L,Alive,,,499.0,0.0,,,,matched
TCGA-D8-A27M-01Z-00-DX1.3020D223-2400-4A2D-8BFE-08A5B78FE13B,TCGA-D8-A27M-01,TCGA-D8-A27M,14,509.25,164.53,0.0003,focal,/data1/deasy/Himangi/breast_feature_extraction/Ductal_outputs/TCGA-D8-A27M-01/necrosis_feature_wsi_summary.csv,TCGA-D8-A27M,Alive,,,410.0,0.0,,,,matched
TCGA-D8-A27N-01Z-00-DX1.85613A4F-1FFB-4091-B925-8E8A7C7A6D95,TCGA-D8-A27N-01,TCGA-D8-A27N,49,69619.48,8249.1,0.0115,focal,/data1/deasy/Himangi/breast_feature_extraction/Ductal_outputs/TCGA-D8-A27N-01/TCGA-D8-A27N-01Z-00-DX1.85613A4F-1FFB-4091-B925-8E8A7C7A6D95__necrosis_feature_wsi_summary.csv,TCGA-D8-A27N,Alive,,,519.0,0.0,,,,matched
TCGA-D8-A27N-01Z-00-DX2.EB803DEC-438B-43A9-B906-FD7C3B9A0138,TCGA-D8-A27N-01,TCGA-D8-A27N,18,17631.47,4726.45,0.008,focal,/data1/deasy/Himangi/breast_feature_extraction/Ductal_outputs/TCGA-D8-A27N-01/TCGA-D8-A27N-01Z-00-DX2.EB803DEC-438B-43A9-B906-FD7C3B9A0138__necrosis_feature_wsi_summary.csv,TCGA-D8-A27N,Alive,,,519.0,0.0,,,,matched
TCGA-D8-A27P-01Z-00-DX1.EF426996-D0DC-4418-BEC4-F7CE3C82C869,TCGA-D8-A27P-01,TCGA-D8-A27P,41,62915.6,12294.8,0.0104,focal,/data1/deasy/Himangi/breast_feature_extraction/Ductal_outputs/TCGA-D8-A27P-01/necrosis_feature_wsi_summary.csv,TCGA-D8-A27P,Alive,,,49.0,0.0,,,,matched
TCGA-D8-A27R-01Z-00-DX1.F6E2FD1C-0666-4788-8D95-A76D15907270,TCGA-D8-A27R-01,TCGA-D8-A27R,47,1178.78,320.53,0.0002,focal,/data1/deasy/Himangi/breast_feature_extraction/Ductal_outputs/TCGA-D8-A27R-01/TCGA-D8-A27R-01Z-00-DX1.F6E2FD1C-0666-4788-8D95-A76D15907270__necrosis_feature_wsi_summary.csv,TCGA-D8-A27R,Alive,,,307.0,0.0,,,,matched
TCGA-D8-A27R-01Z-00-DX2.31F47D8F-DFD7-42AE-BBBA-7DBBA12FA97D,TCGA-D8-A27R-01,TCGA-D8-A27R,43,0.0,0.0,0.0,absent,/data1/deasy/Himangi/breast_feature_extraction/Ductal_outputs/TCGA-D8-A27R-01/TCGA-D8-A27R-01Z-00-DX2.31F47D8F-DFD7-42AE-BBBA-7DBBA12FA97D__necrosis_feature_wsi_summary.csv,TCGA-D8-A27R,Alive,,,307.0,0.0,,,,matched
TCGA-E2-A109-01Z-00-DX1.FCF5E9FC-F9FE-4F5F-96DD-5628E2609BEF,TCGA-E2-A109-01,TCGA-E2-A109,12,8558.31,2576.88,0.0047,focal,/data1/deasy/Himangi/breast_feature_extraction/Ductal_outputs/TCGA-E2-A109-01/necrosis_feature_wsi_summary.csv,TCGA-E2-A109,Alive,,,1417.0,0.0,,,,matched
TCGA-E2-A10C-01Z-00-DX1.29A2B20B-29C6-4491-ADAB-0584C772EF25,TCGA-E2-A10C-01,TCGA-E2-A10C,17,2405.62,363.54,0.0011,focal,/data1/deasy/Himangi/breast_feature_extraction/Ductal_outputs/TCGA-E2-A10C-01/necrosis_feature_wsi_summary.csv,TCGA-E2-A10C,Alive,,,1220.0,0.0,,,,matched
TCGA-E2-A10E-01Z-00-DX1.C45030A9-CC1A-4BA7-8F62-872619C5AD5E,TCGA-E2-A10E-01,TCGA-E2-A10E,18,0.0,0.0,0.0,absent,/data1/deasy/Himangi/breast_feature_extraction/Ductal_outputs/TCGA-E2-A10E-01/necrosis_feature_wsi_summary.csv,TCGA-E2-A10E,Alive,,,865.0,0.0,,,,matched
TCGA-E2-A14N-01Z-00-DX1.15F5644F-CA9F-4688-B56E-BCC00CA4769B,TCGA-E2-A14N-01,TCGA-E2-A14N,11,200000.0,4000.0,0.1422,present,/data1/deasy/Himangi/breast_feature_extraction/Ductal_outputs/TCGA-E2-A14N-01/necrosis_feature_wsi_summary.csv,TCGA-E2-A14N,Alive,,,1434.0,0.0,,,,matched
TCGA-E2-A14O-01Z-00-DX1.432DB252-35D4-4B02-B0A7-39BF85A38F89,TCGA-E2-A14O-01,TCGA-E2-A14O,13,0.0,0.0,0.0,absent,/data1/deasy/Himangi/breast_feature_extraction/Ductal_outputs/TCGA-E2-A14O-01/necrosis_feature_wsi_summary.csv,TCGA-E2-A14O,Alive,,,1359.0,0.0,,,,matched
TCGA-E2-A14P-01Z-00-DX1.663B02FF-C64B-41A6-8685-FD61CD76F9C6,TCGA-E2-A14P-01,TCGA-E2-A14P,45,16779.5,2028.04,0.0025,focal,/data1/deasy/Himangi/breast_feature_extraction/Ductal_outputs/TCGA-E2-A14P-01/necrosis_feature_wsi_summary.csv,TCGA-E2-A14P,Alive,,,1246.0,0.0,,,,matched
TCGA-E2-A14Q-01Z-00-DX1.C19BA7FD-D986-4E3B-9A79-F3531A78F05D,TCGA-E2-A14Q-01,TCGA-E2-A14Q,46,46139.5,6018.51,0.0072,focal,/data1/deasy/Himangi/breast_feature_extraction/Ductal_outputs/TCGA-E2-A14Q-01/necrosis_feature_wsi_summary.csv,TCGA-E2-A14Q,Alive,,,1163.0,0.0,,,,matched
TCGA-E2-A14R-01Z-00-DX1.DDE62ED5-1FC0-4B3B-A874-95C08B33AB20,TCGA-E2-A14R-01,TCGA-E2-A14R,18,39324.81,1576.57,0.0168,focal,/data1/deasy/Himangi/breast_feature_extraction/Ductal_outputs/TCGA-E2-A14R-01/necrosis_feature_wsi_summary.csv,TCGA-E2-A14R,Alive,,,1174.0,0.0,,,,matched
TCGA-E2-A14S-01Z-00-DX1.5C332E99-7296-473A-9917-7EFC38A8251D,TCGA-E2-A14S-01,TCGA-E2-A14S,10,6280.81,1214.55,0.0065,focal,/data1/deasy/Himangi/breast_feature_extraction/Ductal_outputs/TCGA-E2-A14S-01/necrosis_feature_wsi_summary.csv,TCGA-E2-A14S,Alive,,,1009.0,0.0,,,,matched
TCGA-E2-A14T-01Z-00-DX1.61B4C988-6D75-447B-A5F4-9DE92CEACC9F,TCGA-E2-A14T-01,TCGA-E2-A14T,25,683.59,294.07,0.0003,focal,/data1/deasy/Himangi/breast_feature_extraction/Ductal_outputs/TCGA-E2-A14T-01/necrosis_feature_wsi_summary.csv,TCGA-E2-A14T,Alive,,,2311.0,0.0,,,,matched
TCGA-E2-A14W-01Z-00-DX1.2AF665A9-F582-4C41-B2B8-1982648CDEC7,TCGA-E2-A14W-01,TCGA-E2-A14W,4,0.0,0.0,0.0,absent,/data1/deasy/Himangi/breast_feature_extraction/Ductal_outputs/TCGA-E2-A14W-01/necrosis_feature_wsi_summary.csv,TCGA-E2-A14W,Alive,,,974.0,0.0,,,,matched
TCGA-E2-A14X-01Z-00-DX1.24ADDA43-F127-4A6B-9AAD-2FAD982A853D,TCGA-E2-A14X-01,TCGA-E2-A14X,41,21144.12,1968.34,0.0034,focal,/data1/deasy/Himangi/breast_feature_extraction/Ductal_outputs/TCGA-E2-A14X-01/necrosis_feature_wsi_summary.csv,TCGA-E2-A14X,Alive,,,972.0,0.0,,,,matched
TCGA-E2-A14Y-01Z-00-DX1.804A22A3-FD8D-4C8A-A766-48D28434DE22,TCGA-E2-A14Y-01,TCGA-E2-A14Y,11,33080.03,2824.51,0.0317,focal,/data1/deasy/Himangi/breast_feature_extraction/Ductal_outputs/TCGA-E2-A14Y-01/necrosis_feature_wsi_summary.csv,TCGA-E2-A14Y,Alive,,,2109.0,0.0,,,,matched
TCGA-E2-A14Z-01Z-00-DX1.A1344A78-1842-4578-8CDE-921E50656891,TCGA-E2-A14Z-01,TCGA-E2-A14Z,16,0.0,0.0,0.0,absent,/data1/deasy/Himangi/breast_feature_extraction/Ductal_outputs/TCGA-E2-A14Z-01/necrosis_feature_wsi_summary.csv,TCGA-E2-A14Z,Dead,563.0,,563.0,1.0,563.0,18.496919917864478,1.541409993155373,matched
TCGA-E2-A150-01Z-00-DX1.55643D23-83E6-4058-8EA5-18AAA8547839,TCGA-E2-A150-01,TCGA-E2-A150,18,25335.15,4912.0,0.0088,focal,/data1/deasy/Himangi/breast_feature_extraction/Ductal_outputs/TCGA-E2-A150-01/necrosis_feature_wsi_summary.csv,TCGA-E2-A150,Alive,,,1935.0,0.0,,,,matched
TCGA-E2-A152-01Z-00-DX1.B0860DEB-D34B-4C5D-97F5-C1C646437424,TCGA-E2-A152-01,TCGA-E2-A152,72,153447.04,25657.01,0.0157,focal,/data1/deasy/Himangi/breast_feature_extraction/Ductal_outputs/TCGA-E2-A152-01/necrosis_feature_wsi_summary.csv,TCGA-E2-A152,Alive,,,2128.0,0.0,,,,matched
TCGA-E2-A155-01Z-00-DX1.A5AF232A-61BB-4FDC-ABF9-2FE9BA461BDC,TCGA-E2-A155-01,TCGA-E2-A155,67,748.59,361.13,0.0001,focal,/data1/deasy/Himangi/breast_feature_extraction/Ductal_outputs/TCGA-E2-A155-01/necrosis_feature_wsi_summary.csv,TCGA-E2-A155,Alive,,,640.0,0.0,,,,matched
TCGA-E2-A156-01Z-00-DX1.CEF32B4D-A676-4230-992D-45A046E4043A,TCGA-E2-A156-01,TCGA-E2-A156,8,0.0,0.0,0.0,absent,/data1/deasy/Himangi/breast_feature_extraction/Ductal_outputs/TCGA-E2-A156-01/necrosis_feature_wsi_summary.csv,TCGA-E2-A156,Alive,,,726.0,0.0,,,,matched
TCGA-E2-A158-01Z-00-DX1.994C60FE-E651-4224-95E7-4669834F2338,TCGA-E2-A158-01,TCGA-E2-A158,4,0.0,0.0,0.0,absent,/data1/deasy/Himangi/breast_feature_extraction/Ductal_outputs/TCGA-E2-A158-01/necrosis_feature_wsi_summary.csv,TCGA-E2-A158,Alive,,,450.0,0.0,,,,matched
TCGA-E2-A159-01Z-00-DX1.C8DC3356-CAE9-4E7A-AEFF-ABB4BE38192B,TCGA-E2-A159-01,TCGA-E2-A159,10,29223.31,2957.09,0.0201,focal,/data1/deasy/Himangi/breast_feature_extraction/Ductal_outputs/TCGA-E2-A159-01/necrosis_feature_wsi_summary.csv,TCGA-E2-A159,Alive,,,762.0,0.0,,,,matched
TCGA-E2-A15A-01Z-00-DX1.B9D22735-FE9F-46D9-84E6-0C71A1BF84D6,TCGA-E2-A15A-01,TCGA-E2-A15A,112,67406.5,19664.72,0.0042,focal,/data1/deasy/Himangi/breast_feature_extraction/Ductal_outputs/TCGA-E2-A15A-01/necrosis_feature_wsi_summary.csv,TCGA-E2-A15A,Alive,,,710.0,0.0,,,,matched
TCGA-E2-A15C-01Z-00-DX1.26E13415-1D37-43C7-9EBB-4411BE7FCE10,TCGA-E2-A15C-01,TCGA-E2-A15C,67,6278.94,1225.69,0.0008,focal,/data1/deasy/Himangi/breast_feature_extraction/Ductal_outputs/TCGA-E2-A15C-01/necrosis_feature_wsi_summary.csv,TCGA-E2-A15C,Alive,,,694.0,0.0,,,,matched
TCGA-E2-A15D-01Z-00-DX1.AA5AF847-3635-4BAF-AAC3-BADB4A1B2CB1,TCGA-E2-A15D-01,TCGA-E2-A15D,37,50281.47,3002.95,0.0098,focal,/data1/deasy/Himangi/breast_feature_extraction/Ductal_outputs/TCGA-E2-A15D-01/necrosis_feature_wsi_summary.csv,TCGA-E2-A15D,Alive,,,526.0,0.0,,,,matched
TCGA-E2-A15F-01Z-00-DX1.F022214A-3F0C-4DA4-A0EE-735D27480A45,TCGA-E2-A15F-01,TCGA-E2-A15F,12,37611.57,7813.29,0.0278,focal,/data1/deasy/Himangi/breast_feature_extraction/Ductal_outputs/TCGA-E2-A15F-01/necrosis_feature_wsi_summary.csv,TCGA-E2-A15F,Alive,,,658.0,0.0,,,,matched
TCGA-E2-A15H-01Z-00-DX1.E3A9DFDC-204D-4F03-98D9-97BBBB74E840,TCGA-E2-A15H-01,TCGA-E2-A15H,28,62467.56,10211.93,0.0152,focal,/data1/deasy/Himangi/breast_feature_extraction/Ductal_outputs/TCGA-E2-A15H-01/necrosis_feature_wsi_summary.csv,TCGA-E2-A15H,Alive,,,393.0,0.0,,,,matched
TCGA-E2-A15I-01Z-00-DX1.DFF60A40-B03D-438F-A233-06132A213619,TCGA-E2-A15I-01,TCGA-E2-A15I,1,0.0,0.0,0.0,absent,/data1/deasy/Himangi/breast_feature_extraction/Ductal_outputs/TCGA-E2-A15I-01/necrosis_feature_wsi_summary.csv,TCGA-E2-A15I,Alive,,,1692.0,0.0,,,,matched
TCGA-E2-A15J-01Z-00-DX1.BF7901D1-30B1-4A76-B0A5-E9B8B36EF4C9,TCGA-E2-A15J-01,TCGA-E2-A15J,18,295.03,94.67,0.0002,focal,/data1/deasy/Himangi/breast_feature_extraction/Ductal_outputs/TCGA-E2-A15J-01/necrosis_feature_wsi_summary.csv,TCGA-E2-A15J,Alive,,,1640.0,0.0,,,,matched
TCGA-E2-A15K-01Z-00-DX1.9F424BE2-9BFE-4DFF-8CC9-10D2DADBBEA7,TCGA-E2-A15K-01,TCGA-E2-A15K,12,0.0,0.0,0.0,absent,/data1/deasy/Himangi/breast_feature_extraction/Ductal_outputs/TCGA-E2-A15K-01/necrosis_feature_wsi_summary.csv,TCGA-E2-A15K,Alive,,,275.0,0.0,,,,matched
TCGA-E2-A15O-01Z-00-DX1.4D0F3975-93EA-4DC2-AD0C-A76A24C3AE0C,TCGA-E2-A15O-01,TCGA-E2-A15O,34,4079.28,1690.31,0.0008,focal,/data1/deasy/Himangi/breast_feature_extraction/Ductal_outputs/TCGA-E2-A15O-01/necrosis_feature_wsi_summary.csv,TCGA-E2-A15O,Alive,,,289.0,0.0,,,,matched
TCGA-E2-A15P-01Z-00-DX1.4C7F95DC-B319-4A78-8F34-8CB9166EA6A8,TCGA-E2-A15P-01,TCGA-E2-A15P,16,2002.94,606.49,0.0013,focal,/data1/deasy/Himangi/breast_feature_extraction/Ductal_outputs/TCGA-E2-A15P-01/necrosis_feature_wsi_summary.csv,TCGA-E2-A15P,Alive,,,595.0,0.0,,,,matched
TCGA-E2-A15R-01Z-00-DX1.B58D2D9D-05EE-4D66-8DC0-9E5C6AD2E3D3,TCGA-E2-A15R-01,TCGA-E2-A15R,31,2387.87,779.18,0.0006,focal,/data1/deasy/Himangi/breast_feature_extraction/Ductal_outputs/TCGA-E2-A15R-01/necrosis_feature_wsi_summary.csv,TCGA-E2-A15R,Alive,,,1732.0,0.0,,,,matched
TCGA-E2-A15S-01Z-00-DX1.77CFA95F-F1AE-41BD-BAF8-BCA6F0DFA3A3,TCGA-E2-A15S-01,TCGA-E2-A15S,21,0.0,0.0,0.0,absent,/data1/deasy/Himangi/breast_feature_extraction/Ductal_outputs/TCGA-E2-A15S-01/necrosis_feature_wsi_summary.csv,TCGA-E2-A15S,Alive,,,428.0,0.0,,,,matched
TCGA-E2-A15T-01Z-00-DX1.23913E37-53A8-4E11-9B64-CDD016F6D87A,TCGA-E2-A15T-01,TCGA-E2-A15T,79,42332.75,12216.95,0.0037,focal,/data1/deasy/Himangi/breast_feature_extraction/Ductal_outputs/TCGA-E2-A15T-01/necrosis_feature_wsi_summary.csv,TCGA-E2-A15T,Alive,,,1563.0,0.0,,,,matched
TCGA-E2-A1B0-01Z-00-DX1.4C50EC91-A62A-450E-88C0-7DCAB8E9724C,TCGA-E2-A1B0-01,TCGA-E2-A1B0,57,83270.53,5350.29,0.0102,focal,/data1/deasy/Himangi/breast_feature_extraction/Ductal_outputs/TCGA-E2-A1B0-01/necrosis_feature_wsi_summary.csv,TCGA-E2-A1B0,Alive,,,1631.0,0.0,,,,matched
TCGA-E2-A1B1-01Z-00-DX1.7C8DF153-B09B-44C7-87B8-14591E319354,TCGA-E2-A1B1-01,TCGA-E2-A1B1,21,0.0,0.0,0.0,absent,/data1/deasy/Himangi/breast_feature_extraction/Ductal_outputs/TCGA-E2-A1B1-01/necrosis_feature_wsi_summary.csv,TCGA-E2-A1B1,Alive,,,2653.0,0.0,,,,matched
TCGA-E2-A1B4-01Z-00-DX1.E585C4FB-0D3E-4160-8192-53A329648F5C,TCGA-E2-A1B4-01,TCGA-E2-A1B4,41,1321.62,581.1,0.0003,focal,/data1/deasy/Himangi/breast_feature_extraction/Ductal_outputs/TCGA-E2-A1B4-01/necrosis_feature_wsi_summary.csv,TCGA-E2-A1B4,Dead,1004.0,,1004.0,1.0,1004.0,32.98562628336756,2.74880219028063,matched
TCGA-E2-A1B6-01Z-00-DX1.8CD458BE-C4F9-4AF3-A927-18C042E9B4B7,TCGA-E2-A1B6-01,TCGA-E2-A1B6,26,136234.08,10818.16,0.0368,focal,/data1/deasy/Himangi/breast_feature_extraction/Ductal_outputs/TCGA-E2-A1B6-01/necrosis_feature_wsi_summary.csv,TCGA-E2-A1B6,Alive,,,867.0,0.0,,,,matched
TCGA-E2-A1BD-01Z-00-DX1.A2AFF7AD-ED47-43E4-87FE-62882BAEB8DA,TCGA-E2-A1BD-01,TCGA-E2-A1BD,14,70079.07,7625.67,0.0412,focal,/data1/deasy/Himangi/breast_feature_extraction/Ductal_outputs/TCGA-E2-A1BD-01/necrosis_feature_wsi_summary.csv,TCGA-E2-A1BD,Alive,,,1133.0,0.0,,,,matched
TCGA-E2-A1IE-01Z-00-DX1.D6BF29A7-4FBD-4F7D-B093-991FA0F49FE8,TCGA-E2-A1IE-01,TCGA-E2-A1IE,25,13287.16,2453.55,0.0056,focal,/data1/deasy/Himangi/breast_feature_extraction/Ductal_outputs/TCGA-E2-A1IE-01/necrosis_feature_wsi_summary.csv,TCGA-E2-A1IE,Alive,,,2362.0,0.0,,,,matched
TCGA-E2-A1IF-01Z-00-DX1.51F5B0AC-E4D6-439D-8168-34934471FA06,TCGA-E2-A1IF-01,TCGA-E2-A1IF,14,0.0,0.0,0.0,absent,/data1/deasy/Himangi/breast_feature_extraction/Ductal_outputs/TCGA-E2-A1IF-01/necrosis_feature_wsi_summary.csv,TCGA-E2-A1IF,Alive,,,1138.0,0.0,,,,matched
TCGA-E2-A1IG-01Z-00-DX1.C894EEA1-708A-4043-8C60-3BCA98AA751E,TCGA-E2-A1IG-01,TCGA-E2-A1IG,66,36619.66,6021.65,0.005,focal,/data1/deasy/Himangi/breast_feature_extraction/Ductal_outputs/TCGA-E2-A1IG-01/necrosis_feature_wsi_summary.csv,TCGA-E2-A1IG,Alive,,,2140.0,0.0,,,,matched
TCGA-E2-A1II-01Z-00-DX1.7F782477-0F92-4C57-8735-A1E3F95A6B94,TCGA-E2-A1II-01,TCGA-E2-A1II,4,0.0,0.0,0.0,absent,/data1/deasy/Himangi/breast_feature_extraction/Ductal_outputs/TCGA-E2-A1II-01/necrosis_feature_wsi_summary.csv,TCGA-E2-A1II,Alive,,,1025.0,0.0,,,,matched
TCGA-E2-A1IK-01Z-00-DX1.25C554BB-AA90-4FF4-9D68-EEC899B8A27D,TCGA-E2-A1IK-01,TCGA-E2-A1IK,61,10253.37,1279.75,0.0013,focal,/data1/deasy/Himangi/breast_feature_extraction/Ductal_outputs/TCGA-E2-A1IK-01/necrosis_feature_wsi_summary.csv,TCGA-E2-A1IK,Alive,,,1800.0,0.0,,,,matched
TCGA-E2-A1IN-01Z-00-DX1.F63F004F-847D-41B0-BAEF-3189D4965838,TCGA-E2-A1IN-01,TCGA-E2-A1IN,9,733.47,323.03,0.0006,focal,/data1/deasy/Himangi/breast_feature_extraction/Ductal_outputs/TCGA-E2-A1IN-01/necrosis_feature_wsi_summary.csv,TCGA-E2-A1IN,Alive,,,675.0,0.0,,,,matched
TCGA-E2-A1IU-01Z-00-DX1.E2F24814-24BA-4158-8841-F27A8E100589,TCGA-E2-A1IU-01,TCGA-E2-A1IU,60,5953.35,1761.61,0.0008,focal,/data1/deasy/Himangi/breast_feature_extraction/Ductal_outputs/TCGA-E2-A1IU-01/necrosis_feature_wsi_summary.csv,TCGA-E2-A1IU,Alive,,,337.0,0.0,,,,matched
TCGA-E2-A1L9-01Z-00-DX1.F2CC1036-8EEE-4664-962E-541B8ACB10DE,TCGA-E2-A1L9-01,TCGA-E2-A1L9,10,1215.47,283.22,0.0009,focal,/data1/deasy/Himangi/breast_feature_extraction/Ductal_outputs/TCGA-E2-A1L9-01/necrosis_feature_wsi_summary.csv,TCGA-E2-A1L9,Alive,,,598.0,0.0,,,,matched
TCGA-E2-A1LA-01Z-00-DX1.AE49E943-B830-4ED9-B09E-E499441BC2EC,TCGA-E2-A1LA-01,TCGA-E2-A1LA,30,19722.25,4382.17,0.0048,focal,/data1/deasy/Himangi/breast_feature_extraction/Ductal_outputs/TCGA-E2-A1LA-01/necrosis_feature_wsi_summary.csv,TCGA-E2-A1LA,Alive,,,748.0,0.0,,,,matched
TCGA-E2-A1LB-01Z-00-DX1.B4AFDB08-BA09-4F6E-806E-4054B790AB8E,TCGA-E2-A1LB-01,TCGA-E2-A1LB,13,0.0,0.0,0.0,absent,/data1/deasy/Himangi/breast_feature_extraction/Ductal_outputs/TCGA-E2-A1LB-01/necrosis_feature_wsi_summary.csv,TCGA-E2-A1LB,Alive,,,2306.0,0.0,,,,matched
TCGA-E2-A1LE-01Z-00-DX1.22856B2A-FBAA-4530-AEEC-E8F77BDA7F7F,TCGA-E2-A1LE-01,TCGA-E2-A1LE,41,0.0,0.0,0.0,absent,/data1/deasy/Himangi/breast_feature_extraction/Ductal_outputs/TCGA-E2-A1LE-01/necrosis_feature_wsi_summary.csv,TCGA-E2-A1LE,Dead,879.0,,879.0,1.0,879.0,28.878850102669404,2.406570841889117,matched
TCGA-E2-A1LH-01Z-00-DX1.F85384B7-1EBF-4F57-A45B-4A668B68E535,TCGA-E2-A1LH-01,TCGA-E2-A1LH,11,0.0,0.0,0.0,absent,/data1/deasy/Himangi/breast_feature_extraction/Ductal_outputs/TCGA-E2-A1LH-01/necrosis_feature_wsi_summary.csv,TCGA-E2-A1LH,Alive,,,3247.0,0.0,,,,matched
TCGA-E2-A1LK-01Z-00-DX1.5EBAA1F4-F1B4-4938-A51F-0246621BB0ED,TCGA-E2-A1LK-01,TCGA-E2-A1LK,26,30346.38,5458.67,0.0088,focal,/data1/deasy/Himangi/breast_feature_extraction/Ductal_outputs/TCGA-E2-A1LK-01/necrosis_feature_wsi_summary.csv,TCGA-E2-A1LK,Dead,266.0,,266.0,1.0,266.0,8.739219712525667,0.7282683093771389,matched
TCGA-E2-A1LL-01Z-00-DX1.D1AA1613-902C-4579-9612-48A76042B0AE,TCGA-E2-A1LL-01,TCGA-E2-A1LL,8,40000.0,800.0,0.0407,focal,/data1/deasy/Himangi/breast_feature_extraction/Ductal_outputs/TCGA-E2-A1LL-01/necrosis_feature_wsi_summary.csv,TCGA-E2-A1LL,Alive,,,1309.0,0.0,,,,matched
TCGA-E2-A1LS-01Z-00-DX1.9a43a58a-df40-4375-8456-ef0071bc9eb9,TCGA-E2-A1LS-01,TCGA-E2-A1LS,6,508.06,307.52,0.0007,focal,/data1/deasy/Himangi/breast_feature_extraction/Ductal_outputs/TCGA-E2-A1LS-01/necrosis_feature_wsi_summary.csv,TCGA-E2-A1LS,Alive,,,1604.0,0.0,,,,matched
TCGA-E2-A56Z-01Z-00-DX1.EC28E279-B869-4485-A19F-C732D4CCD374,TCGA-E2-A56Z-01,TCGA-E2-A56Z,17,3868.12,1199.22,0.0018,focal,/data1/deasy/Himangi/breast_feature_extraction/Ductal_outputs/TCGA-E2-A56Z-01/necrosis_feature_wsi_summary.csv,TCGA-E2-A56Z,Alive,,,252.0,0.0,,,,matched
TCGA-E2-A570-01Z-00-DX1.64E5F2CA-9396-40DC-A300-04A54657BDE6,TCGA-E2-A570-01,TCGA-E2-A570,76,99445.28,19892.13,0.0086,focal,/data1/deasy/Himangi/breast_feature_extraction/Ductal_outputs/TCGA-E2-A570-01/necrosis_feature_wsi_summary.csv,TCGA-E2-A570,Alive,,,931.0,0.0,,,,matched
TCGA-E2-A572-01Z-00-DX1.7DDF1C25-58E2-4AF9-B831-598222A4E85D,TCGA-E2-A572-01,TCGA-E2-A572,85,28104.06,4429.09,0.0025,focal,/data1/deasy/Himangi/breast_feature_extraction/Ductal_outputs/TCGA-E2-A572-01/necrosis_feature_wsi_summary.csv,TCGA-E2-A572,Alive,,,1208.0,0.0,,,,matched
TCGA-E2-A9RU-01Z-00-DX1.A06BE284-B9DC-4B45-A202-A9D027AEEDD9,TCGA-E2-A9RU-01,TCGA-E2-A9RU,47,14679.69,3122.28,0.0025,focal,/data1/deasy/Himangi/breast_feature_extraction/Ductal_outputs/TCGA-E2-A9RU-01/necrosis_feature_wsi_summary.csv,TCGA-E2-A9RU,Alive,,,0.0,0.0,,,,matched
TCGA-E9-A1NH-01Z-00-DX1.20FF11B7-DAF0-41C2-B7C5-449BA5268EC0,TCGA-E9-A1NH-01,TCGA-E9-A1NH,45,14376.75,2910.8,0.0028,focal,/data1/deasy/Himangi/breast_feature_extraction/Ductal_outputs/TCGA-E9-A1NH-01/necrosis_feature_wsi_summary.csv,TCGA-E9-A1NH,Alive,,,576.0,0.0,,,,matched
TCGA-E9-A1QZ-01Z-00-DX1.CDAECCA9-4F09-491F-A975-B775D47E46F0,TCGA-E9-A1QZ-01,TCGA-E9-A1QZ,30,14522.67,3177.18,0.0038,focal,/data1/deasy/Himangi/breast_feature_extraction/Ductal_outputs/TCGA-E9-A1QZ-01/necrosis_feature_wsi_summary.csv,TCGA-E9-A1QZ,Alive,,,755.0,0.0,,,,matched
TCGA-E9-A1R0-01Z-00-DX1.187C58EA-132E-4B3C-BAD0-7F59101D5C4D,TCGA-E9-A1R0-01,TCGA-E9-A1R0,17,8248.38,2129.73,0.0037,focal,/data1/deasy/Himangi/breast_feature_extraction/Ductal_outputs/TCGA-E9-A1R0-01/necrosis_feature_wsi_summary.csv,TCGA-E9-A1R0,Alive,,,860.0,0.0,,,,matched
TCGA-E9-A1R2-01Z-00-DX1.5529C856-4F4F-4F17-94A2-5CEF94A940EB,TCGA-E9-A1R2-01,TCGA-E9-A1R2,17,5211.56,1057.45,0.0022,focal,/data1/deasy/Himangi/breast_feature_extraction/Ductal_outputs/TCGA-E9-A1R2-01/necrosis_feature_wsi_summary.csv,TCGA-E9-A1R2,Alive,,,1063.0,0.0,,,,matched
TCGA-E9-A1R3-01Z-00-DX1.779642c7-b3b0-4ff2-af97-201d4bcfc197,TCGA-E9-A1R3-01,TCGA-E9-A1R3,8,0.0,0.0,0.0,absent,/data1/deasy/Himangi/breast_feature_extraction/Ductal_outputs/TCGA-E9-A1R3-01/necrosis_feature_wsi_summary.csv,TCGA-E9-A1R3,Alive,,,78.0,0.0,,,,matched
TCGA-E9-A1R4-01Z-00-DX1.B04D5A22-8CE5-49FD-8510-14444F46894D,TCGA-E9-A1R4-01,TCGA-E9-A1R4,13,7461.59,1061.6,0.0064,focal,/data1/deasy/Himangi/breast_feature_extraction/Ductal_outputs/TCGA-E9-A1R4-01/necrosis_feature_wsi_summary.csv,TCGA-E9-A1R4,Alive,,,186.0,0.0,,,,matched
TCGA-E9-A1R5-01Z-00-DX1.b870d5eb-6259-4b49-86e4-569a9e32ecd5,TCGA-E9-A1R5-01,TCGA-E9-A1R5,17,591.47,151.55,0.0004,focal,/data1/deasy/Himangi/breast_feature_extraction/Ductal_outputs/TCGA-E9-A1R5-01/necrosis_feature_wsi_summary.csv,TCGA-E9-A1R5,Alive,,,92.0,0.0,,,,matched
TCGA-E9-A1R6-01Z-00-DX1.59770592-498A-47EA-AE32-42AC1D8E99BE,TCGA-E9-A1R6-01,TCGA-E9-A1R6,55,7539.06,1276.57,0.0012,focal,/data1/deasy/Himangi/breast_feature_extraction/Ductal_outputs/TCGA-E9-A1R6-01/necrosis_feature_wsi_summary.csv,TCGA-E9-A1R6,Alive,,,339.0,0.0,,,,matched
TCGA-E9-A1R7-01Z-00-DX1.af9ff432-440e-44ac-bc33-298f5db9a706,TCGA-E9-A1R7-01,TCGA-E9-A1R7,6,859.94,201.4,0.0013,focal,/data1/deasy/Himangi/breast_feature_extraction/Ductal_outputs/TCGA-E9-A1R7-01/necrosis_feature_wsi_summary.csv,TCGA-E9-A1R7,Alive,,,1467.0,0.0,,,,matched
TCGA-E9-A1RA-01Z-00-DX1.E1C527C3-EDF2-442A-80FE-3E3AFBC5EF5A,TCGA-E9-A1RA-01,TCGA-E9-A1RA,18,5601.78,759.79,0.0037,focal,/data1/deasy/Himangi/breast_feature_extraction/Ductal_outputs/TCGA-E9-A1RA-01/necrosis_feature_wsi_summary.csv,TCGA-E9-A1RA,Alive,,,1369.0,0.0,,,,matched
TCGA-E9-A1RB-01Z-00-DX1.845074ea-43bc-4752-9dc0-fca72d2ab5de,TCGA-E9-A1RB-01,TCGA-E9-A1RB,7,11067.09,1249.36,0.0126,focal,/data1/deasy/Himangi/breast_feature_extraction/Ductal_outputs/TCGA-E9-A1RB-01/necrosis_feature_wsi_summary.csv,TCGA-E9-A1RB,Dead,976.0,,976.0,1.0,976.0,32.06570841889117,2.6721423682409307,matched
TCGA-E9-A1RD-01Z-00-DX1.34083668-cbd2-4610-b857-d50ee9f3e5bd,TCGA-E9-A1RD-01,TCGA-E9-A1RD,10,0.0,0.0,0.0,absent,/data1/deasy/Himangi/breast_feature_extraction/Ductal_outputs/TCGA-E9-A1RD-01/necrosis_feature_wsi_summary.csv,TCGA-E9-A1RD,Alive,,,34.0,0.0,,,,matched
TCGA-E9-A1RE-01Z-00-DX1.fd100503-ba95-4af8-8e59-689b2cea145c,TCGA-E9-A1RE-01,TCGA-E9-A1RE,19,0.0,0.0,0.0,absent,/data1/deasy/Himangi/breast_feature_extraction/Ductal_outputs/TCGA-E9-A1RE-01/necrosis_feature_wsi_summary.csv,TCGA-E9-A1RE,Alive,,,1419.0,0.0,,,,matched
TCGA-E9-A1RG-01Z-00-DX1.044C235A-75AE-4C7D-AC7F-56C8E64354AA,TCGA-E9-A1RG-01,TCGA-E9-A1RG,26,7590.78,1492.69,0.003,focal,/data1/deasy/Himangi/breast_feature_extraction/Ductal_outputs/TCGA-E9-A1RG-01/necrosis_feature_wsi_summary.csv,TCGA-E9-A1RG,Alive,,,647.0,0.0,,,,matched
TCGA-E9-A228-01Z-00-DX1.adbeed20-3b14-44fe-a98a-3bf7cecea30a,TCGA-E9-A228-01,TCGA-E9-A228,27,56111.31,5612.72,0.0135,focal,/data1/deasy/Himangi/breast_feature_extraction/Ductal_outputs/TCGA-E9-A228-01/necrosis_feature_wsi_summary.csv,TCGA-E9-A228,Alive,,,1285.0,0.0,,,,matched
TCGA-E9-A229-01Z-00-DX1.5B448B88-DA0C-44FF-87B3-20649A4A26FE,TCGA-E9-A229-01,TCGA-E9-A229,37,0.0,0.0,0.0,absent,/data1/deasy/Himangi/breast_feature_extraction/Ductal_outputs/TCGA-E9-A229-01/necrosis_feature_wsi_summary.csv,TCGA-E9-A229,Alive,,,1148.0,0.0,,,,matched
TCGA-E9-A22A-01Z-00-DX1.d986c9eb-2c54-4663-a54b-04c0756db6db,TCGA-E9-A22A-01,TCGA-E9-A22A,43,3817.13,1276.28,0.0007,focal,/data1/deasy/Himangi/breast_feature_extraction/Ductal_outputs/TCGA-E9-A22A-01/necrosis_feature_wsi_summary.csv,TCGA-E9-A22A,Alive,,,1189.0,0.0,,,,matched
TCGA-E9-A22D-01Z-00-DX1.b2867437-0add-4b7d-8002-fb09ed961942,TCGA-E9-A22D-01,TCGA-E9-A22D,9,813.78,395.5,0.0007,focal,/data1/deasy/Himangi/breast_feature_extraction/Ductal_outputs/TCGA-E9-A22D-01/necrosis_feature_wsi_summary.csv,TCGA-E9-A22D,Alive,,,1248.0,0.0,,,,matched
TCGA-E9-A22E-01Z-00-DX1.3d5b1ba6-466f-4852-b1fc-bc29ef3be9a2,TCGA-E9-A22E-01,TCGA-E9-A22E,75,6111.5,1523.39,0.0006,focal,/data1/deasy/Himangi/breast_feature_extraction/Ductal_outputs/TCGA-E9-A22E-01/necrosis_feature_wsi_summary.csv,TCGA-E9-A22E,Alive,,,1269.0,0.0,,,,matched
TCGA-E9-A22G-01Z-00-DX1.2b47e321-7910-40ec-ad1c-c4e08ed26334,TCGA-E9-A22G-01,TCGA-E9-A22G,8,2974.1,459.9,0.0025,focal,/data1/deasy/Himangi/breast_feature_extraction/Ductal_outputs/TCGA-E9-A22G-01/necrosis_feature_wsi_summary.csv,TCGA-E9-A22G,Alive,,,1239.0,0.0,,,,matched
TCGA-E9-A22H-01Z-00-DX1.0ee39fd1-b077-40ea-bd0d-8a3db474fdd5,TCGA-E9-A22H-01,TCGA-E9-A22H,44,1708.12,482.67,0.0003,focal,/data1/deasy/Himangi/breast_feature_extraction/Ductal_outputs/TCGA-E9-A22H-01/necrosis_feature_wsi_summary.csv,TCGA-E9-A22H,Alive,,,1232.0,0.0,,,,matched
TCGA-E9-A243-01Z-00-DX1.9A3B34E5-25EF-4243-8680-FABF2F1CCDA9,TCGA-E9-A243-01,TCGA-E9-A243,25,1360.91,221.4,0.0003,focal,/data1/deasy/Himangi/breast_feature_extraction/Ductal_outputs/TCGA-E9-A243-01/necrosis_feature_wsi_summary.csv,TCGA-E9-A243,Alive,,,612.0,0.0,,,,matched
TCGA-E9-A244-01Z-00-DX1.4FDAA892-9DBF-4E5D-89F3-2A84C8AC8F0A,TCGA-E9-A244-01,TCGA-E9-A244,77,80538.94,10011.29,0.0068,focal,/data1/deasy/Himangi/breast_feature_extraction/Ductal_outputs/TCGA-E9-A244-01/necrosis_feature_wsi_summary.csv,TCGA-E9-A244,Alive,,,21.0,0.0,,,,matched
TCGA-E9-A245-01Z-00-DX1.648850D5-EB80-4FBE-8507-32313FAD1060,TCGA-E9-A245-01,TCGA-E9-A245,20,9751.34,1607.26,0.0038,focal,/data1/deasy/Himangi/breast_feature_extraction/Ductal_outputs/TCGA-E9-A245-01/necrosis_feature_wsi_summary.csv,TCGA-E9-A245,Dead,,,26.0,,,,,matched
TCGA-E9-A248-01Z-00-DX1.C991932F-39D4-4F2C-91C3-CE12B5BAEDB1,TCGA-E9-A248-01,TCGA-E9-A248,27,20947.28,5078.31,0.006,focal,/data1/deasy/Himangi/breast_feature_extraction/Ductal_outputs/TCGA-E9-A248-01/necrosis_feature_wsi_summary.csv,TCGA-E9-A248,Alive,,,59.0,0.0,,,,matched
TCGA-E9-A249-01Z-00-DX1.CA244384-FD89-44F6-8F94-A060A4C241CA,TCGA-E9-A249-01,TCGA-E9-A249,12,0.0,0.0,0.0,absent,/data1/deasy/Himangi/breast_feature_extraction/Ductal_outputs/TCGA-E9-A249-01/necrosis_feature_wsi_summary.csv,TCGA-E9-A249,Alive,,,217.0,0.0,,,,matched
TCGA-E9-A24A-01Z-00-DX1.F0342837-5750-4172-B60D-5F902E2A02FD,TCGA-E9-A24A-01,TCGA-E9-A24A,3,0.0,0.0,0.0,absent,/data1/deasy/Himangi/breast_feature_extraction/Ductal_outputs/TCGA-E9-A24A-01/necrosis_feature_wsi_summary.csv,TCGA-E9-A24A,Alive,,,747.0,0.0,,,,matched
TCGA-EW-A1IY-01Z-00-DX1.3FD00274-C2CD-491A-915B-23FD535A4723,TCGA-EW-A1IY-01,TCGA-EW-A1IY,11,0.0,0.0,0.0,absent,/data1/deasy/Himangi/breast_feature_extraction/Ductal_outputs/TCGA-EW-A1IY-01/necrosis_feature_wsi_summary.csv,TCGA-EW-A1IY,Alive,,,258.0,0.0,,,,matched
TCGA-EW-A1IZ-01Z-00-DX1.81D5544E-0A7D-4A92-A3B0-4F22CFB8BBB2,TCGA-EW-A1IZ-01,TCGA-EW-A1IZ,40,1469.19,360.31,0.0003,focal,/data1/deasy/Himangi/breast_feature_extraction/Ductal_outputs/TCGA-EW-A1IZ-01/necrosis_feature_wsi_summary.csv,TCGA-EW-A1IZ,Alive,,,554.0,0.0,,,,matched
TCGA-EW-A1J1-01Z-00-DX1.FFC2D5DB-E6D0-4143-A1E7-0A2027846C8C,TCGA-EW-A1J1-01,TCGA-EW-A1J1,35,683.75,429.28,0.0002,focal,/data1/deasy/Himangi/breast_feature_extraction/Ductal_outputs/TCGA-EW-A1J1-01/necrosis_feature_wsi_summary.csv,TCGA-EW-A1J1,Alive,,,575.0,0.0,,,,matched
TCGA-EW-A1J6-01Z-00-DX1.F668E978-13B6-4284-9522-37C65C57A21A,TCGA-EW-A1J6-01,TCGA-EW-A1J6,10,0.0,0.0,0.0,absent,/data1/deasy/Himangi/breast_feature_extraction/Ductal_outputs/TCGA-EW-A1J6-01/necrosis_feature_wsi_summary.csv,TCGA-EW-A1J6,Alive,,,875.0,0.0,,,,matched
TCGA-EW-A1OV-01Z-00-DX1.93698123-5B34-4163-848B-2D75A5F7B001,TCGA-EW-A1OV-01,TCGA-EW-A1OV,63,0.0,0.0,0.0,absent,/data1/deasy/Himangi/breast_feature_extraction/Ductal_outputs/TCGA-EW-A1OV-01/necrosis_feature_wsi_summary.csv,TCGA-EW-A1OV,Alive,,,789.0,0.0,,,,matched
TCGA-EW-A1OY-01Z-00-DX1.42AF5C9A-A90F-4A58-B5D4-B615F8CD4333,TCGA-EW-A1OY-01,TCGA-EW-A1OY,2,0.0,0.0,0.0,absent,/data1/deasy/Himangi/breast_feature_extraction/Ductal_outputs/TCGA-EW-A1OY-01/necrosis_feature_wsi_summary.csv,TCGA-EW-A1OY,Alive,,,908.0,0.0,,,,matched
TCGA-EW-A1OZ-01Z-00-DX1.9639BB06-FF02-475F-A89D-773BE12721CC,TCGA-EW-A1OZ-01,TCGA-EW-A1OZ,86,211537.65,30901.17,0.0219,focal,/data1/deasy/Himangi/breast_feature_extraction/Ductal_outputs/TCGA-EW-A1OZ-01/necrosis_feature_wsi_summary.csv,TCGA-EW-A1OZ,Alive,,,1229.0,0.0,,,,matched
TCGA-EW-A1P1-01Z-00-DX1.4B670029-4B3B-4D76-8EA4-F4F29EEF9E37,TCGA-EW-A1P1-01,TCGA-EW-A1P1,56,101904.18,18062.53,0.0131,focal,/data1/deasy/Himangi/breast_feature_extraction/Ductal_outputs/TCGA-EW-A1P1-01/necrosis_feature_wsi_summary.csv,TCGA-EW-A1P1,Alive,,,1210.0,0.0,,,,matched
TCGA-EW-A1P5-01Z-00-DX1.B0D59A56-116E-48B3-BC90-237EA4B3F95B,TCGA-EW-A1P5-01,TCGA-EW-A1P5,11,0.0,0.0,0.0,absent,/data1/deasy/Himangi/breast_feature_extraction/Ductal_outputs/TCGA-EW-A1P5-01/necrosis_feature_wsi_summary.csv,TCGA-EW-A1P5,Alive,,,703.0,0.0,,,,matched
TCGA-EW-A1P6-01Z-00-DX1.A8024C26-6336-4858-88FD-5679795899BA,TCGA-EW-A1P6-01,TCGA-EW-A1P6,26,0.0,0.0,0.0,absent,/data1/deasy/Himangi/breast_feature_extraction/Ductal_outputs/TCGA-EW-A1P6-01/necrosis_feature_wsi_summary.csv,TCGA-EW-A1P6,Alive,,,562.0,0.0,,,,matched
TCGA-EW-A1P7-01Z-00-DX1.97575C9F-C318-45A5-A4B7-1A902B93FA3F,TCGA-EW-A1P7-01,TCGA-EW-A1P7,64,22619.11,6200.66,0.0025,focal,/data1/deasy/Himangi/breast_feature_extraction/Ductal_outputs/TCGA-EW-A1P7-01/necrosis_feature_wsi_summary.csv,TCGA-EW-A1P7,Alive,,,915.0,0.0,,,,matched
TCGA-EW-A1P8-01Z-00-DX1.E9852193-8CDD-49EF-B49B-DA6931198F0D,TCGA-EW-A1P8-01,TCGA-EW-A1P8,15,0.0,0.0,0.0,absent,/data1/deasy/Himangi/breast_feature_extraction/Ductal_outputs/TCGA-EW-A1P8-01/necrosis_feature_wsi_summary.csv,TCGA-EW-A1P8,Dead,239.0,,239.0,1.0,239.0,7.852156057494867,0.6543463381245722,matched
TCGA-EW-A1PA-01Z-00-DX1.03B033F8-62C0-49E1-BDEA-C5217AB3460A,TCGA-EW-A1PA-01,TCGA-EW-A1PA,87,48392.62,12421.76,0.0042,focal,/data1/deasy/Himangi/breast_feature_extraction/Ductal_outputs/TCGA-EW-A1PA-01/necrosis_feature_wsi_summary.csv,TCGA-EW-A1PA,Alive,,,575.0,0.0,,,,matched
TCGA-EW-A1PB-01Z-00-DX1.B2E9B88F-C371-4821-9B7B-8A63BB120D95,TCGA-EW-A1PB-01,TCGA-EW-A1PB,23,55212.53,11887.65,0.0202,focal,/data1/deasy/Himangi/breast_feature_extraction/Ductal_outputs/TCGA-EW-A1PB-01/necrosis_feature_wsi_summary.csv,TCGA-EW-A1PB,Alive,,,608.0,0.0,,,,matched
TCGA-EW-A1PC-01Z-00-DX1.45369705-AD49-419F-A0F0-EC51473BBAB9,TCGA-EW-A1PC-01,TCGA-EW-A1PC,91,77722.34,11090.08,0.007,focal,/data1/deasy/Himangi/breast_feature_extraction/Ductal_outputs/TCGA-EW-A1PC-01/necrosis_feature_wsi_summary.csv,TCGA-EW-A1PC,Alive,,,187.0,0.0,,,,matched
TCGA-EW-A1PD-01Z-00-DX1.6F6A0122-A50B-4D00-9A3F-7A2502D44E38,TCGA-EW-A1PD-01,TCGA-EW-A1PD,52,36132.34,7633.06,0.0052,focal,/data1/deasy/Himangi/breast_feature_extraction/Ductal_outputs/TCGA-EW-A1PD-01/necrosis_feature_wsi_summary.csv,TCGA-EW-A1PD,Alive,,,424.0,0.0,,,,matched
TCGA-EW-A1PF-01Z-00-DX1.9420D058-65CE-4DF8-815F-EB407003096E,TCGA-EW-A1PF-01,TCGA-EW-A1PF,13,0.0,0.0,0.0,absent,/data1/deasy/Himangi/breast_feature_extraction/Ductal_outputs/TCGA-EW-A1PF-01/necrosis_feature_wsi_summary.csv,TCGA-EW-A1PF,Alive,,,439.0,0.0,,,,matched
TCGA-EW-A1PH-01Z-00-DX1.77e0f907-fe59-4dc2-b582-6f10330a9c01,TCGA-EW-A1PH-01,TCGA-EW-A1PH,14,271077.28,7502.16,0.1581,present,/data1/deasy/Himangi/breast_feature_extraction/Ductal_outputs/TCGA-EW-A1PH-01/necrosis_feature_wsi_summary.csv,TCGA-EW-A1PH,Alive,,,607.0,0.0,,,,matched
TCGA-EW-A2FR-01Z-00-DX1.FF521BBF-F5BA-4B03-9CA1-101A337F4B45,TCGA-EW-A2FR-01,TCGA-EW-A2FR,24,42076.06,2761.45,0.0123,focal,/data1/deasy/Himangi/breast_feature_extraction/Ductal_outputs/TCGA-EW-A2FR-01/necrosis_feature_wsi_summary.csv,TCGA-EW-A2FR,Alive,,,1673.0,0.0,,,,matched
TCGA-EW-A2FS-01Z-00-DX1.A01C9183-2AC8-456A-B5A6-85C5BB0361D8,TCGA-EW-A2FS-01,TCGA-EW-A2FS,40,4987.44,1499.73,0.0009,focal,/data1/deasy/Himangi/breast_feature_extraction/Ductal_outputs/TCGA-EW-A2FS-01/necrosis_feature_wsi_summary.csv,TCGA-EW-A2FS,Alive,,,1604.0,0.0,,,,matched
TCGA-EW-A3U0-01Z-00-DX1.526F60F9-D1EB-4613-B428-18A1FC0BAAE2,TCGA-EW-A3U0-01,TCGA-EW-A3U0,77,29362.83,3268.06,0.0028,focal,/data1/deasy/Himangi/breast_feature_extraction/Ductal_outputs/TCGA-EW-A3U0-01/necrosis_feature_wsi_summary.csv,TCGA-EW-A3U0,Alive,,,532.0,0.0,,,,matched
TCGA-EW-A6S9-01Z-00-DX1.4A8CD2D4-D528-465C-82DC-9CAE35DD424B,TCGA-EW-A6S9-01,TCGA-EW-A6S9,30,685.38,188.16,0.0002,focal,/data1/deasy/Himangi/breast_feature_extraction/Ductal_outputs/TCGA-EW-A6S9-01/necrosis_feature_wsi_summary.csv,TCGA-EW-A6S9,Alive,,,463.0,0.0,,,,matched
TCGA-EW-A6SA-01Z-00-DX1.DE032DD7-169D-4AA2-A4E0-1EFC158431FA,TCGA-EW-A6SA-01,TCGA-EW-A6SA,26,11245.57,1516.92,0.0034,focal,/data1/deasy/Himangi/breast_feature_extraction/Ductal_outputs/TCGA-EW-A6SA-01/necrosis_feature_wsi_summary.csv,TCGA-EW-A6SA,Alive,,,510.0,0.0,,,,matched
TCGA-EW-A6SD-01Z-00-DX1.32D8240E-2076-492B-BB95-300A9FCA96E7,TCGA-EW-A6SD-01,TCGA-EW-A6SD,38,11404.94,3350.8,0.0023,focal,/data1/deasy/Himangi/breast_feature_extraction/Ductal_outputs/TCGA-EW-A6SD-01/necrosis_feature_wsi_summary.csv,TCGA-EW-A6SD,Alive,,,1010.0,0.0,,,,matched
TCGA-GI-A2C8-01Z-00-DX1.09BD8AC9-645A-4C8B-9B36-77D833BDBA09,TCGA-GI-A2C8-01,TCGA-GI-A2C8,21,0.0,0.0,0.0,absent,/data1/deasy/Himangi/breast_feature_extraction/Ductal_outputs/TCGA-GI-A2C8-01/necrosis_feature_wsi_summary.csv,TCGA-GI-A2C8,Alive,,,225.0,0.0,,,,matched
TCGA-GM-A2D9-01Z-00-DX1.AF4BF2DD-05FB-400B-A1BC-6E7C9B9DDF05,TCGA-GM-A2D9-01,TCGA-GM-A2D9,31,0.0,0.0,0.0,absent,/data1/deasy/Himangi/breast_feature_extraction/Ductal_outputs/TCGA-GM-A2D9-01/necrosis_feature_wsi_summary.csv,TCGA-GM-A2D9,Dead,1812.0,,1812.0,1.0,1812.0,59.53182751540041,4.960985626283367,matched
TCGA-GM-A2DA-01Z-00-DX1.6E409F88-F654-48C8-A753-BB054037BE16,TCGA-GM-A2DA-01,TCGA-GM-A2DA,17,0.0,0.0,0.0,absent,/data1/deasy/Himangi/breast_feature_extraction/Ductal_outputs/TCGA-GM-A2DA-01/necrosis_feature_wsi_summary.csv,TCGA-GM-A2DA,Dead,6593.0,,6593.0,1.0,6593.0,216.60780287474333,18.050650239561943,matched
TCGA-GM-A2DB-01Z-00-DX1.9EE36AA6-2594-44C7-B05C-91A0AEC7E511,TCGA-GM-A2DB-01,TCGA-GM-A2DB,16,14410.53,606.56,0.0056,focal,/data1/deasy/Himangi/breast_feature_extraction/Ductal_outputs/TCGA-GM-A2DB-01/necrosis_feature_wsi_summary.csv,TCGA-GM-A2DB,Alive,,,2406.0,0.0,,,,matched
TCGA-GM-A2DC-01Z-00-DX1.39F956BB-52D0-4385-9923-4D7D36D78862,TCGA-GM-A2DC-01,TCGA-GM-A2DC,8,24008.56,3253.06,0.0178,focal,/data1/deasy/Himangi/breast_feature_extraction/Ductal_outputs/TCGA-GM-A2DC-01/necrosis_feature_wsi_summary.csv,TCGA-GM-A2DC,Alive,,,2535.0,0.0,,,,matched
TCGA-GM-A2DD-01Z-00-DX1.01332FF3-7488-41B7-A515-7841715DE92B,TCGA-GM-A2DD-01,TCGA-GM-A2DD,22,15274.18,2267.94,0.0049,focal,/data1/deasy/Himangi/breast_feature_extraction/Ductal_outputs/TCGA-GM-A2DD-01/necrosis_feature_wsi_summary.csv,TCGA-GM-A2DD,Alive,,,2282.0,0.0,,,,matched
TCGA-GM-A2DF-01Z-00-DX1.CD0BE6D7-2DB3-4193-84CC-F9BE7BF18CC2,TCGA-GM-A2DF-01,TCGA-GM-A2DF,25,0.0,0.0,0.0,absent,/data1/deasy/Himangi/breast_feature_extraction/Ductal_outputs/TCGA-GM-A2DF-01/necrosis_feature_wsi_summary.csv,TCGA-GM-A2DF,Alive,,,2155.0,0.0,,,,matched
TCGA-GM-A2DH-01Z-00-DX1.5790F15F-2A0F-4929-8FE4-18A557007989,TCGA-GM-A2DH-01,TCGA-GM-A2DH,18,19707.37,5070.8,0.0069,focal,/data1/deasy/Himangi/breast_feature_extraction/Ductal_outputs/TCGA-GM-A2DH-01/necrosis_feature_wsi_summary.csv,TCGA-GM-A2DH,Alive,,,2193.0,0.0,,,,matched
TCGA-GM-A2DI-01Z-00-DX1.5E9715EA-9D2B-49D0-8F1D-972CF24B1960,TCGA-GM-A2DI-01,TCGA-GM-A2DI,6,0.0,0.0,0.0,absent,/data1/deasy/Himangi/breast_feature_extraction/Ductal_outputs/TCGA-GM-A2DI-01/necrosis_feature_wsi_summary.csv,TCGA-GM-A2DI,Alive,,,2590.0,0.0,,,,matched
TCGA-GM-A2DK-01Z-00-DX1.4F81A585-9549-454C-8E15-2E4545795460,TCGA-GM-A2DK-01,TCGA-GM-A2DK,15,3729.19,572.25,0.0022,focal,/data1/deasy/Himangi/breast_feature_extraction/Ductal_outputs/TCGA-GM-A2DK-01/necrosis_feature_wsi_summary.csv,TCGA-GM-A2DK,Alive,,,2645.0,0.0,,,,matched
TCGA-GM-A2DL-01Z-00-DX1.1CE6992E-B1CE-45AB-B2EB-75338B6FEE9D,TCGA-GM-A2DL-01,TCGA-GM-A2DL,23,35304.6,7141.82,0.0107,focal,/data1/deasy/Himangi/breast_feature_extraction/Ductal_outputs/TCGA-GM-A2DL-01/necrosis_feature_wsi_summary.csv,TCGA-GM-A2DL,Alive,,,3519.0,0.0,,,,matched
TCGA-GM-A2DM-01Z-00-DX1.652038F4-C370-40EB-A545-51062783C74C,TCGA-GM-A2DM-01,TCGA-GM-A2DM,20,4657.9,1064.47,0.0015,focal,/data1/deasy/Himangi/breast_feature_extraction/Ductal_outputs/TCGA-GM-A2DM-01/necrosis_feature_wsi_summary.csv,TCGA-GM-A2DM,Alive,,,3226.0,0.0,,,,matched
TCGA-GM-A2DN-01Z-00-DX1.593003B0-BA87-486B-B472-D6B85867D54D,TCGA-GM-A2DN-01,TCGA-GM-A2DN,51,14559.17,3198.44,0.0018,focal,/data1/deasy/Himangi/breast_feature_extraction/Ductal_outputs/TCGA-GM-A2DN-01/necrosis_feature_wsi_summary.csv,TCGA-GM-A2DN,Alive,,,3091.0,0.0,,,,matched
TCGA-LD-A7W5-01Z-00-DX1.C9920081-C2FE-461E-AEF8-625D4A95BE2F,TCGA-LD-A7W5-01,TCGA-LD-A7W5,75,527.25,286.24,0.0001,focal,/data1/deasy/Himangi/breast_feature_extraction/Ductal_outputs/TCGA-LD-A7W5-01/necrosis_feature_wsi_summary.csv,TCGA-LD-A7W5,Alive,,,216.0,0.0,,,,matched
TCGA-LD-A9QF-01Z-00-DX1.092108DF-1A60-459E-ACE6-5A71826A98D1,TCGA-LD-A9QF-01,TCGA-LD-A9QF,9,0.0,0.0,0.0,absent,/data1/deasy/Himangi/breast_feature_extraction/Ductal_outputs/TCGA-LD-A9QF-01/necrosis_feature_wsi_summary.csv,TCGA-LD-A9QF,Alive,,,323.0,0.0,,,,matched
TCGA-LL-A441-01Z-00-DX1.33B13078-BB14-4C42-88A6-7460AD2BCD00,TCGA-LL-A441-01,TCGA-LL-A441,26,11137.09,1179.72,0.0031,focal,/data1/deasy/Himangi/breast_feature_extraction/Ductal_outputs/TCGA-LL-A441-01/necrosis_feature_wsi_summary.csv,TCGA-LL-A441,Alive,,,996.0,0.0,,,,matched
TCGA-LL-A442-01Z-00-DX1.9275EDBD-1C89-4AF3-B02B-19F613A4E083,TCGA-LL-A442-01,TCGA-LL-A442,20,5571.38,1057.78,0.0025,focal,/data1/deasy/Himangi/breast_feature_extraction/Ductal_outputs/TCGA-LL-A442-01/necrosis_feature_wsi_summary.csv,TCGA-LL-A442,Alive,,,889.0,0.0,,,,matched
TCGA-LL-A5YN-01Z-00-DX1.F221939B-3680-4B95-93A9-BE8599550E87,TCGA-LL-A5YN-01,TCGA-LL-A5YN,21,1363.53,227.22,0.0005,focal,/data1/deasy/Himangi/breast_feature_extraction/Ductal_outputs/TCGA-LL-A5YN-01/necrosis_feature_wsi_summary.csv,TCGA-LL-A5YN,Alive,,,447.0,0.0,,,,matched
TCGA-LL-A5YO-01Z-00-DX1.B5B6DFDB-1020-41FF-AA50-9C633E17DE5F,TCGA-LL-A5YO-01,TCGA-LL-A5YO,34,5830.28,1082.38,0.0013,focal,/data1/deasy/Himangi/breast_feature_extraction/Ductal_outputs/TCGA-LL-A5YO-01/necrosis_feature_wsi_summary.csv,TCGA-LL-A5YO,Alive,,,440.0,0.0,,,,matched
TCGA-LL-A5YP-01Z-00-DX1.ADA978DF-6625-4C4D-AE0C-F589B2BA4897,TCGA-LL-A5YP-01,TCGA-LL-A5YP,14,27390.66,3522.46,0.0131,focal,/data1/deasy/Himangi/breast_feature_extraction/Ductal_outputs/TCGA-LL-A5YP-01/necrosis_feature_wsi_summary.csv,TCGA-LL-A5YP,Alive,,,450.0,0.0,,,,matched
TCGA-LL-A6FQ-01Z-00-DX1.D4FEEC16-FC67-4C4A-A4B1-F8BA34ECBCBD,TCGA-LL-A6FQ-01,TCGA-LL-A6FQ,6,0.0,0.0,0.0,absent,/data1/deasy/Himangi/breast_feature_extraction/Ductal_outputs/TCGA-LL-A6FQ-01/necrosis_feature_wsi_summary.csv,TCGA-LL-A6FQ,Alive,,,80.0,0.0,,,,matched
TCGA-LL-A6FR-01Z-00-DX1.107010FD-8EDD-406D-B4DE-DEC9E85576FF,TCGA-LL-A6FR-01,TCGA-LL-A6FR,27,14142.25,1702.32,0.0039,focal,/data1/deasy/Himangi/breast_feature_extraction/Ductal_outputs/TCGA-LL-A6FR-01/necrosis_feature_wsi_summary.csv,TCGA-LL-A6FR,Alive,,,489.0,0.0,,,,matched
TCGA-LL-A73Y-01Z-00-DX1.50C20931-3AA9-40B4-8A73-56B1976423A8,TCGA-LL-A73Y-01,TCGA-LL-A73Y,15,0.0,0.0,0.0,absent,/data1/deasy/Himangi/breast_feature_extraction/Ductal_outputs/TCGA-LL-A73Y-01/necrosis_feature_wsi_summary.csv,TCGA-LL-A73Y,Alive,,,477.0,0.0,,,,matched
TCGA-LL-A73Z-01Z-00-DX1.C010142E-29C0-411D-9E0E-4B7D8A4C09BF,TCGA-LL-A73Z-01,TCGA-LL-A73Z,13,2173.66,715.08,0.0014,focal,/data1/deasy/Himangi/breast_feature_extraction/Ductal_outputs/TCGA-LL-A73Z-01/necrosis_feature_wsi_summary.csv,TCGA-LL-A73Z,Dead,227.0,,227.0,1.0,227.0,7.457905544147844,0.621492128678987,matched
TCGA-LL-A740-01Z-00-DX1.757D94A5-EF0F-4A0E-99A9-8809B66438DA,TCGA-LL-A740-01,TCGA-LL-A740,43,3779.18,1235.37,0.0007,focal,/data1/deasy/Himangi/breast_feature_extraction/Ductal_outputs/TCGA-LL-A740-01/necrosis_feature_wsi_summary.csv,TCGA-LL-A740,Alive,,,441.0,0.0,,,,matched
TCGA-LL-A7SZ-01Z-00-DX1.4DAF6421-6A1D-41C8-BFD6-859FE10CB8CC,TCGA-LL-A7SZ-01,TCGA-LL-A7SZ,18,0.0,0.0,0.0,absent,/data1/deasy/Himangi/breast_feature_extraction/Ductal_outputs/TCGA-LL-A7SZ-01/necrosis_feature_wsi_summary.csv,TCGA-LL-A7SZ,Alive,,,594.0,0.0,,,,matched
TCGA-LL-A7T0-01Z-00-DX1.B03BBA63-ACF4-4BCA-9F2B-F631F0C6A25C,TCGA-LL-A7T0-01,TCGA-LL-A7T0,17,38131.93,4809.94,0.0179,focal,/data1/deasy/Himangi/breast_feature_extraction/Ductal_outputs/TCGA-LL-A7T0-01/necrosis_feature_wsi_summary.csv,TCGA-LL-A7T0,Alive,,,376.0,0.0,,,,matched
TCGA-OL-A5D6-01Z-00-DX1.6B11331B-4A0D-4E13-B054-A5C7A6FC3AAC,TCGA-OL-A5D6-01,TCGA-OL-A5D6,11,43609.72,3828.85,0.0217,focal,/data1/deasy/Himangi/breast_feature_extraction/Ductal_outputs/TCGA-OL-A5D6-01/necrosis_feature_wsi_summary.csv,TCGA-OL-A5D6,Dead,1104.0,,1104.0,1.0,1104.0,36.271047227926076,3.02258726899384,matched
TCGA-OL-A5D7-01Z-00-DX1.A4A45393-9AE1-4370-8B92-CB85CDB04934,TCGA-OL-A5D7-01,TCGA-OL-A5D7,2,0.0,0.0,0.0,absent,/data1/deasy/Himangi/breast_feature_extraction/Ductal_outputs/TCGA-OL-A5D7-01/necrosis_feature_wsi_summary.csv,TCGA-OL-A5D7,Alive,,,1780.0,0.0,,,,matched
TCGA-OL-A5D8-01Z-00-DX1.C0A75731-1DDC-4FAF-A2C5-2E2ECB23DC13,TCGA-OL-A5D8-01,TCGA-OL-A5D8,30,0.0,0.0,0.0,absent,/data1/deasy/Himangi/breast_feature_extraction/Ductal_outputs/TCGA-OL-A5D8-01/necrosis_feature_wsi_summary.csv,TCGA-OL-A5D8,Alive,,,973.0,0.0,,,,matched
TCGA-OL-A5RU-01Z-00-DX1.A48CAF2D-9310-4611-B27D-400F3A324607,TCGA-OL-A5RU-01,TCGA-OL-A5RU,7,17746.81,1878.44,0.0154,focal,/data1/deasy/Himangi/breast_feature_extraction/Ductal_outputs/TCGA-OL-A5RU-01/necrosis_feature_wsi_summary.csv,TCGA-OL-A5RU,Alive,,,1219.0,0.0,,,,matched
TCGA-OL-A5RV-01Z-00-DX1.920AC243-1DAC-4854-BEB6-1CBCC950F26B,TCGA-OL-A5RV-01,TCGA-OL-A5RV,4,490.62,246.75,0.001,focal,/data1/deasy/Himangi/breast_feature_extraction/Ductal_outputs/TCGA-OL-A5RV-01/necrosis_feature_wsi_summary.csv,TCGA-OL-A5RV,Alive,,,1062.0,0.0,,,,matched
TCGA-OL-A5RY-01Z-00-DX1.AE4E9D74-FC1C-4C1E-AE6D-5DF38899BBA6,TCGA-OL-A5RY-01,TCGA-OL-A5RY,4,13477.72,639.59,0.0229,focal,/data1/deasy/Himangi/breast_feature_extraction/Ductal_outputs/TCGA-OL-A5RY-01/necrosis_feature_wsi_summary.csv,TCGA-OL-A5RY,Alive,,,752.0,0.0,,,,matched
TCGA-OL-A5S0-01Z-00-DX1.49A7AC9D-C186-406C-BA67-2D73DE82E13B,TCGA-OL-A5S0-01,TCGA-OL-A5S0,4,31299.19,3080.27,0.0706,present,/data1/deasy/Himangi/breast_feature_extraction/Ductal_outputs/TCGA-OL-A5S0-01/necrosis_feature_wsi_summary.csv,TCGA-OL-A5S0,Alive,,,620.0,0.0,,,,matched
TCGA-OL-A66I-01Z-00-DX1.8CE9DCAB-98D3-4163-94AC-1557D86C1E25,TCGA-OL-A66I-01,TCGA-OL-A66I,28,0.0,0.0,0.0,absent,/data1/deasy/Himangi/breast_feature_extraction/Ductal_outputs/TCGA-OL-A66I-01/necrosis_feature_wsi_summary.csv,TCGA-OL-A66I,Alive,,,714.0,0.0,,,,matched
TCGA-OL-A66O-01Z-00-DX1.5F1E4C60-5CE8-41B4-A94D-4AA80D9253F9,TCGA-OL-A66O-01,TCGA-OL-A66O,20,0.0,0.0,0.0,absent,/data1/deasy/Himangi/breast_feature_extraction/Ductal_outputs/TCGA-OL-A66O-01/necrosis_feature_wsi_summary.csv,TCGA-OL-A66O,Alive,,,528.0,0.0,,,,matched
TCGA-OL-A66P-01Z-00-DX1.5ADD0D6D-37C6-4BC9-8C2B-64DB18BE99B3,TCGA-OL-A66P-01,TCGA-OL-A66P,28,13772.87,3838.59,0.0047,focal,/data1/deasy/Himangi/breast_feature_extraction/Ductal_outputs/TCGA-OL-A66P-01/necrosis_feature_wsi_summary.csv,TCGA-OL-A66P,Alive,,,428.0,0.0,,,,matched
TCGA-OL-A6VO-01Z-00-DX1.291D54D6-EBAF-4622-BD42-97AA5997F014,TCGA-OL-A6VO-01,TCGA-OL-A6VO,8,10798.31,2286.56,0.0179,focal,/data1/deasy/Himangi/breast_feature_extraction/Ductal_outputs/TCGA-OL-A6VO-01/necrosis_feature_wsi_summary.csv,TCGA-OL-A6VO,Alive,,,858.0,0.0,,,,matched
TCGA-PL-A8LX-01A-01-DX1.9646D69F-A764-4246-9243-67A63006DE96,TCGA-PL-A8LX-01,TCGA-PL-A8LX,4,1025.4,453.19,0.0027,focal,/data1/deasy/Himangi/breast_feature_extraction/Ductal_outputs/TCGA-PL-A8LX-01/TCGA-PL-A8LX-01A-01-DX1.9646D69F-A764-4246-9243-67A63006DE96__necrosis_feature_wsi_summary.csv,TCGA-PL-A8LX,Alive,,,5.0,0.0,,,,matched
TCGA-PL-A8LX-01A-02-DX2.84DA8B75-1196-4704-B6B2-C5E7BF645E95,TCGA-PL-A8LX-01,TCGA-PL-A8LX,16,29633.16,11461.33,0.0226,focal,/data1/deasy/Himangi/breast_feature_extraction/Ductal_outputs/TCGA-PL-A8LX-01/TCGA-PL-A8LX-01A-02-DX2.84DA8B75-1196-4704-B6B2-C5E7BF645E95__necrosis_feature_wsi_summary.csv,TCGA-PL-A8LX,Alive,,,5.0,0.0,,,,matched
TCGA-PL-A8LY-01A-01-DX1.32047D5E-8A42-480A-B2B8-A56B47B949FD,TCGA-PL-A8LY-01,TCGA-PL-A8LY,1,0.0,0.0,0.0,absent,/data1/deasy/Himangi/breast_feature_extraction/Ductal_outputs/TCGA-PL-A8LY-01/TCGA-PL-A8LY-01A-01-DX1.32047D5E-8A42-480A-B2B8-A56B47B949FD__necrosis_feature_wsi_summary.csv,TCGA-PL-A8LY,Alive,,,8.0,0.0,,,,matched
TCGA-PL-A8LY-01A-02-DX2.6F9520F1-3210-4A96-81C2-A14424F650D1,TCGA-PL-A8LY-01,TCGA-PL-A8LY,7,8379.0,2826.51,0.0152,focal,/data1/deasy/Himangi/breast_feature_extraction/Ductal_outputs/TCGA-PL-A8LY-01/TCGA-PL-A8LY-01A-02-DX2.6F9520F1-3210-4A96-81C2-A14424F650D1__necrosis_feature_wsi_summary.csv,TCGA-PL-A8LY,Alive,,,8.0,0.0,,,,matched
TCGA-PL-A8LZ-01A-03-DX3.E5D16DBF-CABD-4C96-A794-5F27BC305055,TCGA-PL-A8LZ-01,TCGA-PL-A8LZ,8,3611.9,1385.02,0.0049,focal,/data1/deasy/Himangi/breast_feature_extraction/Ductal_outputs/TCGA-PL-A8LZ-01/necrosis_feature_wsi_summary.csv,TCGA-PL-A8LZ,Alive,,,302.0,0.0,,,,matched
TCGA-S3-A6ZF-01Z-00-DX1.E50205A0-63CA-49DE-8831-2A8916DEF403,TCGA-S3-A6ZF-01,TCGA-S3-A6ZF,27,2133.66,410.27,0.0006,focal,/data1/deasy/Himangi/breast_feature_extraction/Ductal_outputs/TCGA-S3-A6ZF-01/necrosis_feature_wsi_summary.csv,TCGA-S3-A6ZF,Alive,,,572.0,0.0,,,,matched
TCGA-S3-AA0Z-01Z-00-DX1.4D96156A-4067-41F2-90B8-41EF7ED794CF,TCGA-S3-AA0Z-01,TCGA-S3-AA0Z,54,7576.93,2079.56,0.0012,focal,/data1/deasy/Himangi/breast_feature_extraction/Ductal_outputs/TCGA-S3-AA0Z-01/necrosis_feature_wsi_summary.csv,TCGA-S3-AA0Z,Alive,,,629.0,0.0,,,,matched
TCGA-S3-AA10-01Z-00-DX1.C0468882-0DD8-4FC5-8C2F-E18BE8000F69,TCGA-S3-AA10-01,TCGA-S3-AA10,15,17927.28,3249.97,0.01,focal,/data1/deasy/Himangi/breast_feature_extraction/Ductal_outputs/TCGA-S3-AA10-01/necrosis_feature_wsi_summary.csv,TCGA-S3-AA10,Alive,,,586.0,0.0,,,,matched
TCGA-S3-AA11-01Z-00-DX1.36B83B37-2928-4DB7-A04A-8D511F1183FD,TCGA-S3-AA11-01,TCGA-S3-AA11,20,86780.88,12947.16,0.0331,focal,/data1/deasy/Himangi/breast_feature_extraction/Ductal_outputs/TCGA-S3-AA11-01/necrosis_feature_wsi_summary.csv,TCGA-S3-AA11,Alive,,,421.0,0.0,,,,matched
TCGA-S3-AA14-01Z-00-DX1.000A865F-19E6-4018-9352-BFA54EF0CE31,TCGA-S3-AA14-01,TCGA-S3-AA14,54,13588.38,3503.71,0.0019,focal,/data1/deasy/Himangi/breast_feature_extraction/Ductal_outputs/TCGA-S3-AA14-01/necrosis_feature_wsi_summary.csv,TCGA-S3-AA14,Alive,,,529.0,0.0,,,,matched
TCGA-S3-AA15-01Z-00-DX1.A2456A4A-E6E8-4429-8F09-B997AA497BB0,TCGA-S3-AA15-01,TCGA-S3-AA15,2,0.0,0.0,0.0,absent,/data1/deasy/Himangi/breast_feature_extraction/Ductal_outputs/TCGA-S3-AA15-01/TCGA-S3-AA15-01Z-00-DX1.A2456A4A-E6E8-4429-8F09-B997AA497BB0__necrosis_feature_wsi_summary.csv,TCGA-S3-AA15,Alive,,,525.0,0.0,,,,matched
TCGA-S3-AA15-01Z-00-DX2.915A4F90-25CB-4535-99C7-D0D0CFC90412,TCGA-S3-AA15-01,TCGA-S3-AA15,7,5547.56,738.79,0.0087,focal,/data1/deasy/Himangi/breast_feature_extraction/Ductal_outputs/TCGA-S3-AA15-01/TCGA-S3-AA15-01Z-00-DX2.915A4F90-25CB-4535-99C7-D0D0CFC90412__necrosis_feature_wsi_summary.csv,TCGA-S3-AA15,Alive,,,525.0,0.0,,,,matched
TCGA-S3-AA17-01Z-00-DX1.9B7DC02E-ECB2-4403-A894-F418AD452E49,TCGA-S3-AA17-01,TCGA-S3-AA17,25,8483.03,1695.88,0.0031,focal,/data1/deasy/Himangi/breast_feature_extraction/Ductal_outputs/TCGA-S3-AA17-01/necrosis_feature_wsi_summary.csv,TCGA-S3-AA17,Alive,,,424.0,0.0,,,,matched
TCGA-UL-AAZ6-01Z-00-DX1.0488628B-C06B-4A1D-9198-EC29D0BACF6E,TCGA-UL-AAZ6-01,TCGA-UL-AAZ6,37,26327.03,2751.36,0.0047,focal,/data1/deasy/Himangi/breast_feature_extraction/Ductal_outputs/TCGA-UL-AAZ6-01/necrosis_feature_wsi_summary.csv,TCGA-UL-AAZ6,Alive,,,518.0,0.0,,,,matched
TCGA-UU-A93S-01Z-00-DX1.C4809779-DF5F-4F5D-A78C-B7F95F2D050F,TCGA-UU-A93S-01,TCGA-UU-A93S,32,130245.72,10474.42,0.0346,focal,/data1/deasy/Himangi/breast_feature_extraction/Ductal_outputs/TCGA-UU-A93S-01/necrosis_feature_wsi_summary.csv,TCGA-UU-A93S,Dead,116.0,,116.0,1.0,116.0,3.811088295687885,0.31759069130732376,matched
TCGA-WT-AB41-01Z-00-DX1.75BDFDF2-CD87-46D1-B32C-725741CB02BE,TCGA-WT-AB41-01,TCGA-WT-AB41,34,3997.6,834.51,0.0009,focal,/data1/deasy/Himangi/breast_feature_extraction/Ductal_outputs/TCGA-WT-AB41-01/necrosis_feature_wsi_summary.csv,TCGA-WT-AB41,Alive,,,1611.0,0.0,,,,matched
